Orthogroup	C_lanceolata_gene	P_abies_gene	C_lanceolata_orthofinder_id	P_abies_orthofinder_id
OG0000037	CULA08G28030	MA_6913331g0010	Cula__CULA08G28030	Pa__MA_6913331g0010
OG0000085	CULA09G08620	MA_5097395g0010	Cula__CULA09G08620	Pa__MA_5097395g0010
OG0000115	CULA09G23270	MA_10431774g0010	Cula__CULA09G23270	Pa__MA_10431774g0010
OG0000165	CULA01G52560	MA_106936g0010	Cula__CULA01G52560	Pa__MA_106936g0010
OG0000339	CULA06G16720	MA_50989g0010	Cula__CULA06G16720	Pa__MA_50989g0010
OG0000362	CULA03G67950	MA_6386331g0010	Cula__CULA03G67950	Pa__MA_6386331g0010
OG0000364	CULA04G39480	MA_67380g0010	Cula__CULA04G39480	Pa__MA_67380g0010
OG0000403	CULA03G02770	MA_9055473g0010	Cula__CULA03G02770	Pa__MA_9055473g0010
OG0000457	CULA06G31090	MA_10433816g0010	Cula__CULA06G31090	Pa__MA_10433816g0010
OG0000556	CULA01G69420	MA_9138447g0010	Cula__CULA01G69420	Pa__MA_9138447g0010
OG0000634	CULA07G47410	MA_81188g0010	Cula__CULA07G47410	Pa__MA_81188g0010
OG0000646	CULA01G79590	MA_130348g0010	Cula__CULA01G79590	Pa__MA_130348g0010
OG0000719	CULA03G46080	MA_206006g0010	Cula__CULA03G46080	Pa__MA_206006g0010
OG0000747	CULA04G09110	MA_1191g0010	Cula__CULA04G09110	Pa__MA_1191g0010
OG0000814	CULA06G16770	MA_10426168g0010	Cula__CULA06G16770	Pa__MA_10426168g0010
OG0000855	CULA06G18800	MA_210232g0010	Cula__CULA06G18800	Pa__MA_210232g0010
OG0000858	CULA04G02190	MA_88554g0010	Cula__CULA04G02190	Pa__MA_88554g0010
OG0000927	CULA06G53660	MA_13436g0010	Cula__CULA06G53660	Pa__MA_13436g0010
OG0000957	CULA09G21270	MA_10435174g0010	Cula__CULA09G21270	Pa__MA_10435174g0010
OG0000972	CULA11G12990	MA_128871g0010	Cula__CULA11G12990	Pa__MA_128871g0010
OG0000985	CULA01G51940	MA_10433481g0010	Cula__CULA01G51940	Pa__MA_10433481g0010
OG0000988	CULA01G63760	MA_10539g0020	Cula__CULA01G63760	Pa__MA_10539g0020
OG0000999	CULA07G08880	MA_10434793g0010	Cula__CULA07G08880	Pa__MA_10434793g0010
OG0001042	CULA08G25360	MA_10434292g0010	Cula__CULA08G25360	Pa__MA_10434292g0010
OG0001043	CULA01G27110	MA_66524g0010	Cula__CULA01G27110	Pa__MA_66524g0010
OG0001055	CULA06G42350	MA_829505g0010	Cula__CULA06G42350	Pa__MA_829505g0010
OG0001090	CULA07G32700	MA_133096g0010	Cula__CULA07G32700	Pa__MA_133096g0010
OG0001100	CULA10G09740	MA_12058g0010	Cula__CULA10G09740	Pa__MA_12058g0010
OG0001103	CULA05G24330	MA_112179g0010	Cula__CULA05G24330	Pa__MA_112179g0010
OG0001105	CULA02G71360	MA_76962g0010	Cula__CULA02G71360	Pa__MA_76962g0010
OG0001123	CULA02G30120	MA_31349g0010	Cula__CULA02G30120	Pa__MA_31349g0010
OG0001162	CULA07G16800	MA_58710g0010	Cula__CULA07G16800	Pa__MA_58710g0010
OG0001163	CULA06G50070	MA_16444g0020	Cula__CULA06G50070	Pa__MA_16444g0020
OG0001174	CULA09G42660	MA_393573g0010	Cula__CULA09G42660	Pa__MA_393573g0010
OG0001182	CULA11G12650	MA_48114g0010	Cula__CULA11G12650	Pa__MA_48114g0010
OG0001186	CULA02G62920	MA_128457g0010	Cula__CULA02G62920	Pa__MA_128457g0010
OG0001200	CULA03G38770	MA_2575g0010	Cula__CULA03G38770	Pa__MA_2575g0010
OG0001235	CULA04G01680	MA_46113g0010	Cula__CULA04G01680	Pa__MA_46113g0010
OG0001247	CULA05G37130	MA_10429375g0010	Cula__CULA05G37130	Pa__MA_10429375g0010
OG0001254	CULA01G51210	MA_608026g0010	Cula__CULA01G51210	Pa__MA_608026g0010
OG0001255	CULA10G35130	MA_897286g0010	Cula__CULA10G35130	Pa__MA_897286g0010
OG0001256	CULA06G29070	MA_3787g0010	Cula__CULA06G29070	Pa__MA_3787g0010
OG0001308	CULA10G01550	MA_10429328g0010	Cula__CULA10G01550	Pa__MA_10429328g0010
OG0001347	CULA04G43930	MA_16778g0010	Cula__CULA04G43930	Pa__MA_16778g0010
OG0001348	CULA06G32780	MA_79411g0010	Cula__CULA06G32780	Pa__MA_79411g0010
OG0001353	CULA03G11690	MA_10128792g0010	Cula__CULA03G11690	Pa__MA_10128792g0010
OG0001369	CULA09G01710	MA_8393784g0010	Cula__CULA09G01710	Pa__MA_8393784g0010
OG0001392	CULA06G25010	MA_94963g0010	Cula__CULA06G25010	Pa__MA_94963g0010
OG0001403	CULA06G37540	MA_9458g0010	Cula__CULA06G37540	Pa__MA_9458g0010
OG0001407	CULA10G17950	MA_111347g0010	Cula__CULA10G17950	Pa__MA_111347g0010
OG0001408	CULA01G61140	MA_54382g0010	Cula__CULA01G61140	Pa__MA_54382g0010
OG0001417	CULA05G02740	MA_10437056g0010	Cula__CULA05G02740	Pa__MA_10437056g0010
OG0001441	CULA07G21800	MA_123573g0010	Cula__CULA07G21800	Pa__MA_123573g0010
OG0001447	CULA07G22040	MA_10426663g0020	Cula__CULA07G22040	Pa__MA_10426663g0020
OG0001466	CULA06G09720	MA_10436630g0010	Cula__CULA06G09720	Pa__MA_10436630g0010
OG0001473	CULA05G47010	MA_20247g0030	Cula__CULA05G47010	Pa__MA_20247g0030
OG0001479	CULA10G02670	MA_12086g0010	Cula__CULA10G02670	Pa__MA_12086g0010
OG0001480	CULA10G09090	MA_10431049g0010	Cula__CULA10G09090	Pa__MA_10431049g0010
OG0001482	CULA07G13150	MA_10434986g0010	Cula__CULA07G13150	Pa__MA_10434986g0010
OG0001483	CULA10G28400	MA_99127g0010	Cula__CULA10G28400	Pa__MA_99127g0010
OG0001487	CULA09G31690	MA_17728g0010	Cula__CULA09G31690	Pa__MA_17728g0010
OG0001499	CULA10G32130	MA_4334518g0010	Cula__CULA10G32130	Pa__MA_4334518g0010
OG0001516	CULA06G30490	MA_92961g0010	Cula__CULA06G30490	Pa__MA_92961g0010
OG0001519	CULA05G22160	MA_10436749g0010	Cula__CULA05G22160	Pa__MA_10436749g0010
OG0001520	CULA02G71520	MA_10428209g0010	Cula__CULA02G71520	Pa__MA_10428209g0010
OG0001541	CULA11G11800	MA_105476g0010	Cula__CULA11G11800	Pa__MA_105476g0010
OG0001559	CULA06G06380	MA_56018g0010	Cula__CULA06G06380	Pa__MA_56018g0010
OG0001561	CULA01G68540	MA_7529g0010	Cula__CULA01G68540	Pa__MA_7529g0010
OG0001576	CULA02G68270	MA_10431766g0010	Cula__CULA02G68270	Pa__MA_10431766g0010
OG0001590	CULA10G22130	MA_96606g0010	Cula__CULA10G22130	Pa__MA_96606g0010
OG0001615	CULA03G24220	MA_56119g0010	Cula__CULA03G24220	Pa__MA_56119g0010
OG0001628	CULA04G23840	MA_70988g0010	Cula__CULA04G23840	Pa__MA_70988g0010
OG0001650	CULA07G01470	MA_1948g0010	Cula__CULA07G01470	Pa__MA_1948g0010
OG0001658	CULA11G25180	MA_72615g0010	Cula__CULA11G25180	Pa__MA_72615g0010
OG0001674	CULA04G26120	MA_10434655g0010	Cula__CULA04G26120	Pa__MA_10434655g0010
OG0001675	CULA02G04750	MA_381200g0010	Cula__CULA02G04750	Pa__MA_381200g0010
OG0001679	CULA09G26420	MA_35567g0010	Cula__CULA09G26420	Pa__MA_35567g0010
OG0001685	CULA11G22470	MA_18836g0010	Cula__CULA11G22470	Pa__MA_18836g0010
OG0001701	CULA07G50750	MA_78602g0010	Cula__CULA07G50750	Pa__MA_78602g0010
OG0001709	CULA11G17360	MA_10428871g0010	Cula__CULA11G17360	Pa__MA_10428871g0010
OG0001713	CULA09G35340	MA_38g0010	Cula__CULA09G35340	Pa__MA_38g0010
OG0001714	CULA02G38940	MA_109451g0010	Cula__CULA02G38940	Pa__MA_109451g0010
OG0001750	CULA03G77170	MA_10432514g0010	Cula__CULA03G77170	Pa__MA_10432514g0010
OG0001751	CULA04G42340	MA_8990177g0010	Cula__CULA04G42340	Pa__MA_8990177g0010
OG0001759	CULA11G11821	MA_10428532g0010	Cula__CULA11G11821	Pa__MA_10428532g0010
OG0001824	CULA04G43170	MA_93765g0010	Cula__CULA04G43170	Pa__MA_93765g0010
OG0001827	CULA10G31740	MA_10143671g0010	Cula__CULA10G31740	Pa__MA_10143671g0010
OG0001846	CULA05G54500	MA_20446g0010	Cula__CULA05G54500	Pa__MA_20446g0010
OG0001866	CULA10G14170	MA_3745g0010	Cula__CULA10G14170	Pa__MA_3745g0010
OG0001869	CULA02G27600	MA_7066810g0010	Cula__CULA02G27600	Pa__MA_7066810g0010
OG0001881	CULA03G05640	MA_137810g0010	Cula__CULA03G05640	Pa__MA_137810g0010
OG0001882	CULA09G41980	MA_827642g0010	Cula__CULA09G41980	Pa__MA_827642g0010
OG0001926	CULA01G59850	MA_114242g0010	Cula__CULA01G59850	Pa__MA_114242g0010
OG0001966	CULA02G07090	MA_99276g0010	Cula__CULA02G07090	Pa__MA_99276g0010
OG0001976	CULA05G24160	MA_3940g0010	Cula__CULA05G24160	Pa__MA_3940g0010
OG0001978	CULASca56960.1	MA_8565427g0010	Cula__CULASca56960.1	Pa__MA_8565427g0010
OG0001982	CULA05G53090	MA_1542g0010	Cula__CULA05G53090	Pa__MA_1542g0010
OG0001983	CULA05G48160	MA_119926g0010	Cula__CULA05G48160	Pa__MA_119926g0010
OG0001985	CULA06G41360	MA_103907g0010	Cula__CULA06G41360	Pa__MA_103907g0010
OG0001993	CULA07G25210	MA_102570g0010	Cula__CULA07G25210	Pa__MA_102570g0010
OG0001996	CULA05G17760	MA_91807g0010	Cula__CULA05G17760	Pa__MA_91807g0010
OG0001999	CULA02G33130	MA_10427859g0010	Cula__CULA02G33130	Pa__MA_10427859g0010
OG0002011	CULA08G48550	MA_138296g0010	Cula__CULA08G48550	Pa__MA_138296g0010
OG0002040	CULA07G35140	MA_10428032g0010	Cula__CULA07G35140	Pa__MA_10428032g0010
OG0002041	CULA09G26610	MA_10235390g0010	Cula__CULA09G26610	Pa__MA_10235390g0010
OG0002046	CULA05G55720	MA_75962g0010	Cula__CULA05G55720	Pa__MA_75962g0010
OG0002097	CULA05G03290	MA_10196428g0010	Cula__CULA05G03290	Pa__MA_10196428g0010
OG0002122	CULA03G02940	MA_115613g0010	Cula__CULA03G02940	Pa__MA_115613g0010
OG0002128	CULA09G18980	MA_11753g0010	Cula__CULA09G18980	Pa__MA_11753g0010
OG0002143	CULA10G12420	MA_88944g0010	Cula__CULA10G12420	Pa__MA_88944g0010
OG0002146	CULA10G46600	MA_10427500g0020	Cula__CULA10G46600	Pa__MA_10427500g0020
OG0002149	CULA08G03550	MA_10430510g0010	Cula__CULA08G03550	Pa__MA_10430510g0010
OG0002150	CULA06G49550	MA_130776g0010	Cula__CULA06G49550	Pa__MA_130776g0010
OG0002157	CULA08G17460	MA_17729g0030	Cula__CULA08G17460	Pa__MA_17729g0030
OG0002159	CULA01G83010	MA_318998g0010	Cula__CULA01G83010	Pa__MA_318998g0010
OG0002187	CULA09G30830	MA_649817g0010	Cula__CULA09G30830	Pa__MA_649817g0010
OG0002193	CULA03G46480	MA_166792g0010	Cula__CULA03G46480	Pa__MA_166792g0010
OG0002196	CULA04G52810	MA_728187g0010	Cula__CULA04G52810	Pa__MA_728187g0010
OG0002201	CULA01G52640	MA_10433171g0010	Cula__CULA01G52640	Pa__MA_10433171g0010
OG0002203	CULA08G42760	MA_10143614g0010	Cula__CULA08G42760	Pa__MA_10143614g0010
OG0002205	CULA01G60930	MA_10430890g0010	Cula__CULA01G60930	Pa__MA_10430890g0010
OG0002206	CULA08G26480	MA_118589g0010	Cula__CULA08G26480	Pa__MA_118589g0010
OG0002207	CULA02G24640	MA_10436068g0010	Cula__CULA02G24640	Pa__MA_10436068g0010
OG0002229	CULA08G14630	MA_170713g0010	Cula__CULA08G14630	Pa__MA_170713g0010
OG0002232	CULA08G03910	MA_474303g0010	Cula__CULA08G03910	Pa__MA_474303g0010
OG0002233	CULA01G29610	MA_8416538g0010	Cula__CULA01G29610	Pa__MA_8416538g0010
OG0002237	CULA06G06200	MA_10291382g0010	Cula__CULA06G06200	Pa__MA_10291382g0010
OG0002248	CULA01G70120	MA_10436800g0010	Cula__CULA01G70120	Pa__MA_10436800g0010
OG0002292	CULA11G25680	MA_31797g0010	Cula__CULA11G25680	Pa__MA_31797g0010
OG0002307	CULA03G29030	MA_10431625g0010	Cula__CULA03G29030	Pa__MA_10431625g0010
OG0002311	CULA10G00250	MA_16896g0010	Cula__CULA10G00250	Pa__MA_16896g0010
OG0002318	CULA07G30320	MA_7320190g0010	Cula__CULA07G30320	Pa__MA_7320190g0010
OG0002332	CULA05G31670	MA_174294g0010	Cula__CULA05G31670	Pa__MA_174294g0010
OG0002345	CULA09G31700	MA_136671g0010	Cula__CULA09G31700	Pa__MA_136671g0010
OG0002347	CULA05G47030	MA_109115g0010	Cula__CULA05G47030	Pa__MA_109115g0010
OG0002349	CULA02G67140	MA_10431043g0010	Cula__CULA02G67140	Pa__MA_10431043g0010
OG0002380	CULA01G48430	MA_10166571g0010	Cula__CULA01G48430	Pa__MA_10166571g0010
OG0002383	CULA08G14800	MA_9435705g0010	Cula__CULA08G14800	Pa__MA_9435705g0010
OG0002386	CULA10G10140	MA_10426119g0010	Cula__CULA10G10140	Pa__MA_10426119g0010
OG0002396	CULA05G21150	MA_10435665g0010	Cula__CULA05G21150	Pa__MA_10435665g0010
OG0002404	CULA08G39270	MA_28961g0010	Cula__CULA08G39270	Pa__MA_28961g0010
OG0002406	CULA05G02730	MA_10429869g0010	Cula__CULA05G02730	Pa__MA_10429869g0010
OG0002412	CULA01G51770	MA_10431763g0010	Cula__CULA01G51770	Pa__MA_10431763g0010
OG0002424	CULA03G51920	MA_6175g0020	Cula__CULA03G51920	Pa__MA_6175g0020
OG0002425	CULA09G01860	MA_10431346g0010	Cula__CULA09G01860	Pa__MA_10431346g0010
OG0002438	CULA06G21160	MA_10430074g0010	Cula__CULA06G21160	Pa__MA_10430074g0010
OG0002441	CULA01G44700	MA_12796g0010	Cula__CULA01G44700	Pa__MA_12796g0010
OG0002442	CULA01G80970	MA_24468g0010	Cula__CULA01G80970	Pa__MA_24468g0010
OG0002454	CULA07G54910	MA_61272g0010	Cula__CULA07G54910	Pa__MA_61272g0010
OG0002455	CULA03G07900	MA_10434130g0010	Cula__CULA03G07900	Pa__MA_10434130g0010
OG0002461	CULA06G02340	MA_10434536g0010	Cula__CULA06G02340	Pa__MA_10434536g0010
OG0002465	CULA01G53930	MA_9851g0010	Cula__CULA01G53930	Pa__MA_9851g0010
OG0002474	CULA01G33490	MA_1141871g0010	Cula__CULA01G33490	Pa__MA_1141871g0010
OG0002476	CULA02G17960	MA_940284g0010	Cula__CULA02G17960	Pa__MA_940284g0010
OG0002480	CULA10G45360	MA_134472g0010	Cula__CULA10G45360	Pa__MA_134472g0010
OG0002481	CULA06G28760	MA_72198g0010	Cula__CULA06G28760	Pa__MA_72198g0010
OG0002494	CULA04G29470	MA_10436227g0010	Cula__CULA04G29470	Pa__MA_10436227g0010
OG0002495	CULA08G03670	MA_84015g0030	Cula__CULA08G03670	Pa__MA_84015g0030
OG0002499	CULA10G09210	MA_10432402g0010	Cula__CULA10G09210	Pa__MA_10432402g0010
OG0002506	CULA01G43920	MA_10024388g0010	Cula__CULA01G43920	Pa__MA_10024388g0010
OG0002559	CULA08G47580	MA_10429527g0010	Cula__CULA08G47580	Pa__MA_10429527g0010
OG0002563	CULA06G25080	MA_33970g0010	Cula__CULA06G25080	Pa__MA_33970g0010
OG0002567	CULA07G04850	MA_13968g0020	Cula__CULA07G04850	Pa__MA_13968g0020
OG0002576	CULASca45220.1	MA_122415g0010	Cula__CULASca45220.1	Pa__MA_122415g0010
OG0002577	CULA08G21500	MA_10436725g0010	Cula__CULA08G21500	Pa__MA_10436725g0010
OG0002586	CULA05G01720	MA_20325g0010	Cula__CULA05G01720	Pa__MA_20325g0010
OG0002593	CULA10G12330	MA_10381g0010	Cula__CULA10G12330	Pa__MA_10381g0010
OG0002607	CULA05G01340	MA_10434453g0010	Cula__CULA05G01340	Pa__MA_10434453g0010
OG0002608	CULA05G07870	MA_10433321g0010	Cula__CULA05G07870	Pa__MA_10433321g0010
OG0002610	CULA07G05120	MA_16728g0010	Cula__CULA07G05120	Pa__MA_16728g0010
OG0002616	CULA11G23100	MA_10431217g0010	Cula__CULA11G23100	Pa__MA_10431217g0010
OG0002634	CULA01G52920	MA_10434580g0010	Cula__CULA01G52920	Pa__MA_10434580g0010
OG0002638	CULA08G46470	MA_10433749g0010	Cula__CULA08G46470	Pa__MA_10433749g0010
OG0002644	CULA11G03640	MA_7292g0010	Cula__CULA11G03640	Pa__MA_7292g0010
OG0002651	CULA02G08860	MA_643265g0010	Cula__CULA02G08860	Pa__MA_643265g0010
OG0002653	CULA04G40160	MA_41893g0010	Cula__CULA04G40160	Pa__MA_41893g0010
OG0002658	CULA11G27290	MA_891138g0010	Cula__CULA11G27290	Pa__MA_891138g0010
OG0002659	CULA05G01490	MA_19551g0010	Cula__CULA05G01490	Pa__MA_19551g0010
OG0002665	CULA03G58330	MA_10436930g0020	Cula__CULA03G58330	Pa__MA_10436930g0020
OG0002666	CULA01G05430	MA_10428490g0010	Cula__CULA01G05430	Pa__MA_10428490g0010
OG0002669	CULA04G37540	MA_27109g0020	Cula__CULA04G37540	Pa__MA_27109g0020
OG0002678	CULA03G80150	MA_10265574g0010	Cula__CULA03G80150	Pa__MA_10265574g0010
OG0002685	CULA05G43420	MA_15773g0010	Cula__CULA05G43420	Pa__MA_15773g0010
OG0002693	CULA02G04540	MA_7469g0010	Cula__CULA02G04540	Pa__MA_7469g0010
OG0002703	CULA09G07330	MA_10431120g0010	Cula__CULA09G07330	Pa__MA_10431120g0010
OG0002704	CULA09G27040	MA_8465789g0010	Cula__CULA09G27040	Pa__MA_8465789g0010
OG0002715	CULA05G53850	MA_95656g0010	Cula__CULA05G53850	Pa__MA_95656g0010
OG0002718	CULA01G56470	MA_20587g0010	Cula__CULA01G56470	Pa__MA_20587g0010
OG0002727	CULA05G01110	MA_10426683g0010	Cula__CULA05G01110	Pa__MA_10426683g0010
OG0002744	CULA01G10590	MA_130754g0010	Cula__CULA01G10590	Pa__MA_130754g0010
OG0002760	CULA02G63010	MA_80920g0010	Cula__CULA02G63010	Pa__MA_80920g0010
OG0002762	CULA03G08090	MA_393917g0010	Cula__CULA03G08090	Pa__MA_393917g0010
OG0002808	CULA01G72700	MA_110832g0010	Cula__CULA01G72700	Pa__MA_110832g0010
OG0002814	CULA01G48180	MA_10436820g0010	Cula__CULA01G48180	Pa__MA_10436820g0010
OG0002824	CULA09G26650	MA_212937g0010	Cula__CULA09G26650	Pa__MA_212937g0010
OG0002836	CULA09G29800	MA_109804g0010	Cula__CULA09G29800	Pa__MA_109804g0010
OG0002846	CULA11G16560	MA_594g0010	Cula__CULA11G16560	Pa__MA_594g0010
OG0002850	CULA09G02420	MA_10435945g0010	Cula__CULA09G02420	Pa__MA_10435945g0010
OG0002852	CULA02G23770	MA_12198g0010	Cula__CULA02G23770	Pa__MA_12198g0010
OG0002856	CULA05G38160	MA_10436080g0010	Cula__CULA05G38160	Pa__MA_10436080g0010
OG0002857	CULA09G25750	MA_30699g0010	Cula__CULA09G25750	Pa__MA_30699g0010
OG0002859	CULA10G19510	MA_9241891g0010	Cula__CULA10G19510	Pa__MA_9241891g0010
OG0002861	CULA09G36920	MA_430451g0010	Cula__CULA09G36920	Pa__MA_430451g0010
OG0002867	CULA03G37080	MA_41445g0010	Cula__CULA03G37080	Pa__MA_41445g0010
OG0002870	CULA02G23450	MA_128658g0010	Cula__CULA02G23450	Pa__MA_128658g0010
OG0002872	CULA07G06570	MA_131209g0010	Cula__CULA07G06570	Pa__MA_131209g0010
OG0002882	CULA07G31870	MA_10428244g0010	Cula__CULA07G31870	Pa__MA_10428244g0010
OG0002887	CULA02G27710	MA_10432666g0010	Cula__CULA02G27710	Pa__MA_10432666g0010
OG0002888	CULA09G40350	MA_70893g0010	Cula__CULA09G40350	Pa__MA_70893g0010
OG0002890	CULA09G44150	MA_10429315g0010	Cula__CULA09G44150	Pa__MA_10429315g0010
OG0002893	CULA06G57640	MA_127596g0010	Cula__CULA06G57640	Pa__MA_127596g0010
OG0002897	CULA02G37530	MA_9168g0010	Cula__CULA02G37530	Pa__MA_9168g0010
OG0002901	CULA02G34520	MA_434977g0010	Cula__CULA02G34520	Pa__MA_434977g0010
OG0002902	CULA10G34740	MA_82638g0010	Cula__CULA10G34740	Pa__MA_82638g0010
OG0002915	CULA01G12920	MA_128791g0010	Cula__CULA01G12920	Pa__MA_128791g0010
OG0002931	CULA04G39640	MA_10426100g0010	Cula__CULA04G39640	Pa__MA_10426100g0010
OG0002935	CULA06G51250	MA_92507g0010	Cula__CULA06G51250	Pa__MA_92507g0010
OG0002936	CULA05G03910	MA_13545g0020	Cula__CULA05G03910	Pa__MA_13545g0020
OG0002945	CULA04G36070	MA_175110g0010	Cula__CULA04G36070	Pa__MA_175110g0010
OG0002947	CULA03G16790	MA_445192g0010	Cula__CULA03G16790	Pa__MA_445192g0010
OG0002950	CULA11G33350	MA_45580g0010	Cula__CULA11G33350	Pa__MA_45580g0010
OG0002957	CULA06G23020	MA_10436965g0010	Cula__CULA06G23020	Pa__MA_10436965g0010
OG0002961	CULA09G38940	MA_10437078g0010	Cula__CULA09G38940	Pa__MA_10437078g0010
OG0002973	CULA09G25610	MA_87253g0010	Cula__CULA09G25610	Pa__MA_87253g0010
OG0002982	CULA11G28340	MA_10431583g0020	Cula__CULA11G28340	Pa__MA_10431583g0020
OG0002984	CULA01G00730	MA_10431770g0010	Cula__CULA01G00730	Pa__MA_10431770g0010
OG0002995	CULA04G45680	MA_10427880g0010	Cula__CULA04G45680	Pa__MA_10427880g0010
OG0003003	CULA10G16200	MA_10435785g0010	Cula__CULA10G16200	Pa__MA_10435785g0010
OG0003004	CULA01G43530	MA_10092308g0010	Cula__CULA01G43530	Pa__MA_10092308g0010
OG0003007	CULA05G24870	MA_174291g0010	Cula__CULA05G24870	Pa__MA_174291g0010
OG0003021	CULA06G30220	MA_93682g0010	Cula__CULA06G30220	Pa__MA_93682g0010
OG0003022	CULA02G15940	MA_10435270g0010	Cula__CULA02G15940	Pa__MA_10435270g0010
OG0003041	CULA01G16140	MA_10433604g0010	Cula__CULA01G16140	Pa__MA_10433604g0010
OG0003077	CULA08G15260	MA_9961451g0020	Cula__CULA08G15260	Pa__MA_9961451g0020
OG0003111	CULA09G00850	MA_8370g0020	Cula__CULA09G00850	Pa__MA_8370g0020
OG0003119	CULASca51620.1	MA_167779g0010	Cula__CULASca51620.1	Pa__MA_167779g0010
OG0003124	CULA05G24130	MA_10435098g0010	Cula__CULA05G24130	Pa__MA_10435098g0010
OG0003146	CULA04G30800	MA_30141g0010	Cula__CULA04G30800	Pa__MA_30141g0010
OG0003166	CULA01G03160	MA_184192g0010	Cula__CULA01G03160	Pa__MA_184192g0010
OG0003195	CULA03G51600	MA_17088g0010	Cula__CULA03G51600	Pa__MA_17088g0010
OG0003209	CULA02G67430	MA_46772g0010	Cula__CULA02G67430	Pa__MA_46772g0010
OG0003214	CULA10G08430	MA_19520g0020	Cula__CULA10G08430	Pa__MA_19520g0020
OG0003220	CULA10G45590	MA_63057g0020	Cula__CULA10G45590	Pa__MA_63057g0020
OG0003223	CULA02G38990	MA_5969116g0010	Cula__CULA02G38990	Pa__MA_5969116g0010
OG0003225	CULA09G13030	MA_14581g0010	Cula__CULA09G13030	Pa__MA_14581g0010
OG0003239	CULA02G39190	MA_10429345g0010	Cula__CULA02G39190	Pa__MA_10429345g0010
OG0003244	CULA03G08480	MA_15246g0010	Cula__CULA03G08480	Pa__MA_15246g0010
OG0003253	CULA05G25670	MA_98673g0010	Cula__CULA05G25670	Pa__MA_98673g0010
OG0003255	CULA11G28640	MA_10433288g0010	Cula__CULA11G28640	Pa__MA_10433288g0010
OG0003256	CULA06G06660	MA_912035g0010	Cula__CULA06G06660	Pa__MA_912035g0010
OG0003258	CULA07G19010	MA_353918g0010	Cula__CULA07G19010	Pa__MA_353918g0010
OG0003261	CULA05G32110	MA_283365g0010	Cula__CULA05G32110	Pa__MA_283365g0010
OG0003263	CULA06G51450	MA_64750g0010	Cula__CULA06G51450	Pa__MA_64750g0010
OG0003275	CULA09G24860	MA_99876g0010	Cula__CULA09G24860	Pa__MA_99876g0010
OG0003276	CULA03G39870	MA_83398g0010	Cula__CULA03G39870	Pa__MA_83398g0010
OG0003277	CULA09G30070	MA_40470g0010	Cula__CULA09G30070	Pa__MA_40470g0010
OG0003284	CULA02G38860	MA_89795g0010	Cula__CULA02G38860	Pa__MA_89795g0010
OG0003290	CULA05G41800	MA_18539g0020	Cula__CULA05G41800	Pa__MA_18539g0020
OG0003303	CULA03G69840	MA_117292g0010	Cula__CULA03G69840	Pa__MA_117292g0010
OG0003319	CULA09G13880	MA_10431163g0010	Cula__CULA09G13880	Pa__MA_10431163g0010
OG0003323	CULA01G54520	MA_383796g0010	Cula__CULA01G54520	Pa__MA_383796g0010
OG0003326	CULA04G57790	MA_10427317g0010	Cula__CULA04G57790	Pa__MA_10427317g0010
OG0003341	CULA11G03770	MA_97016g0010	Cula__CULA11G03770	Pa__MA_97016g0010
OG0003344	CULA02G16250	MA_10426496g0010	Cula__CULA02G16250	Pa__MA_10426496g0010
OG0003349	CULA01G09010	MA_20828g0010	Cula__CULA01G09010	Pa__MA_20828g0010
OG0003352	CULA03G32420	MA_20550g0010	Cula__CULA03G32420	Pa__MA_20550g0010
OG0003358	CULA11G30450	MA_305431g0010	Cula__CULA11G30450	Pa__MA_305431g0010
OG0003371	CULA05G43220	MA_10433720g0010	Cula__CULA05G43220	Pa__MA_10433720g0010
OG0003375	CULA11G05220	MA_39207g0010	Cula__CULA11G05220	Pa__MA_39207g0010
OG0003378	CULA09G02440	MA_125077g0010	Cula__CULA09G02440	Pa__MA_125077g0010
OG0003387	CULA02G50620	MA_250962g0010	Cula__CULA02G50620	Pa__MA_250962g0010
OG0003390	CULA01G12360	MA_54017g0010	Cula__CULA01G12360	Pa__MA_54017g0010
OG0003395	CULA05G48230	MA_10427147g0010	Cula__CULA05G48230	Pa__MA_10427147g0010
OG0003397	CULA02G27490	MA_10426277g0020	Cula__CULA02G27490	Pa__MA_10426277g0020
OG0003407	CULA06G26700	MA_10433089g0010	Cula__CULA06G26700	Pa__MA_10433089g0010
OG0003408	CULA05G10040	MA_10284429g0010	Cula__CULA05G10040	Pa__MA_10284429g0010
OG0003420	CULA07G46300	MA_19843g0010	Cula__CULA07G46300	Pa__MA_19843g0010
OG0003435	CULA09G06690	MA_35244g0010	Cula__CULA09G06690	Pa__MA_35244g0010
OG0003441	CULA04G59050	MA_10430946g0010	Cula__CULA04G59050	Pa__MA_10430946g0010
OG0003497	CULA10G10390	MA_10431498g0010	Cula__CULA10G10390	Pa__MA_10431498g0010
OG0003498	CULA07G08360	MA_10433033g0020	Cula__CULA07G08360	Pa__MA_10433033g0020
OG0003504	CULA01G10940	MA_10425932g0020	Cula__CULA01G10940	Pa__MA_10425932g0020
OG0003507	CULA04G43320	MA_94328g0020	Cula__CULA04G43320	Pa__MA_94328g0020
OG0003539	CULA09G29810	MA_19573g0010	Cula__CULA09G29810	Pa__MA_19573g0010
OG0003548	CULA02G08320	MA_17704g0010	Cula__CULA02G08320	Pa__MA_17704g0010
OG0003549	CULA11G33220	MA_36178g0010	Cula__CULA11G33220	Pa__MA_36178g0010
OG0003550	CULA02G18970	MA_84103g0010	Cula__CULA02G18970	Pa__MA_84103g0010
OG0003557	CULA05G39360	MA_6141133g0010	Cula__CULA05G39360	Pa__MA_6141133g0010
OG0003562	CULA05G53620	MA_4735g0010	Cula__CULA05G53620	Pa__MA_4735g0010
OG0003569	CULA09G41400	MA_10437136g0010	Cula__CULA09G41400	Pa__MA_10437136g0010
OG0003570	CULA11G08020	MA_802024g0010	Cula__CULA11G08020	Pa__MA_802024g0010
OG0003591	CULA04G46140	MA_13648g0010	Cula__CULA04G46140	Pa__MA_13648g0010
OG0003594	CULA08G47370	MA_10430964g0010	Cula__CULA08G47370	Pa__MA_10430964g0010
OG0003599	CULA09G29340	MA_39658g0010	Cula__CULA09G29340	Pa__MA_39658g0010
OG0003600	CULA01G29840	MA_72126g0010	Cula__CULA01G29840	Pa__MA_72126g0010
OG0003604	CULA08G18030	MA_39984g0010	Cula__CULA08G18030	Pa__MA_39984g0010
OG0003607	CULA07G20000	MA_102436g0010	Cula__CULA07G20000	Pa__MA_102436g0010
OG0003614	CULA11G07820	MA_10428590g0010	Cula__CULA11G07820	Pa__MA_10428590g0010
OG0003616	CULA02G01100	MA_136021g0010	Cula__CULA02G01100	Pa__MA_136021g0010
OG0003625	CULA04G03680	MA_10433905g0010	Cula__CULA04G03680	Pa__MA_10433905g0010
OG0003627	CULA06G27300	MA_9271584g0010	Cula__CULA06G27300	Pa__MA_9271584g0010
OG0003629	CULA11G32910	MA_10435526g0010	Cula__CULA11G32910	Pa__MA_10435526g0010
OG0003642	CULA07G07950	MA_10434593g0010	Cula__CULA07G07950	Pa__MA_10434593g0010
OG0003643	CULA01G46460	MA_10431096g0010	Cula__CULA01G46460	Pa__MA_10431096g0010
OG0003644	CULA03G38860	MA_588g0010	Cula__CULA03G38860	Pa__MA_588g0010
OG0003649	CULA02G23490	MA_175611g0010	Cula__CULA02G23490	Pa__MA_175611g0010
OG0003659	CULA08G32910	MA_10597g0010	Cula__CULA08G32910	Pa__MA_10597g0010
OG0003670	CULA01G00160	MA_13281g0010	Cula__CULA01G00160	Pa__MA_13281g0010
OG0003682	CULA07G34050	MA_85577g0010	Cula__CULA07G34050	Pa__MA_85577g0010
OG0003685	CULA11G11850	MA_111087g0010	Cula__CULA11G11850	Pa__MA_111087g0010
OG0003688	CULA01G34830	MA_102917g0010	Cula__CULA01G34830	Pa__MA_102917g0010
OG0003689	CULA01G16770	MA_10430318g0010	Cula__CULA01G16770	Pa__MA_10430318g0010
OG0003693	CULA05G05010	MA_10434388g0010	Cula__CULA05G05010	Pa__MA_10434388g0010
OG0003696	CULA07G52510	MA_10437264g0010	Cula__CULA07G52510	Pa__MA_10437264g0010
OG0003698	CULA07G34830	MA_4218g0010	Cula__CULA07G34830	Pa__MA_4218g0010
OG0003699	CULA08G26300	MA_101764g0010	Cula__CULA08G26300	Pa__MA_101764g0010
OG0003701	CULA03G52240	MA_10436464g0010	Cula__CULA03G52240	Pa__MA_10436464g0010
OG0003705	CULA06G46710	MA_105791g0010	Cula__CULA06G46710	Pa__MA_105791g0010
OG0003709	CULA10G03940	MA_10204826g0010	Cula__CULA10G03940	Pa__MA_10204826g0010
OG0003712	CULA06G38280	MA_91138g0020	Cula__CULA06G38280	Pa__MA_91138g0020
OG0003713	CULA08G00310	MA_15398g0010	Cula__CULA08G00310	Pa__MA_15398g0010
OG0003715	CULA02G33700	MA_12518g0010	Cula__CULA02G33700	Pa__MA_12518g0010
OG0003716	CULA02G31290	MA_10433513g0010	Cula__CULA02G31290	Pa__MA_10433513g0010
OG0003717	CULA09G38110	MA_10437120g0010	Cula__CULA09G38110	Pa__MA_10437120g0010
OG0003718	CULA11G08390	MA_10433297g0010	Cula__CULA11G08390	Pa__MA_10433297g0010
OG0003721	CULA09G07140	MA_10267018g0010	Cula__CULA09G07140	Pa__MA_10267018g0010
OG0003729	CULA01G03880	MA_107522g0010	Cula__CULA01G03880	Pa__MA_107522g0010
OG0003734	CULA03G41580	MA_138328g0010	Cula__CULA03G41580	Pa__MA_138328g0010
OG0003738	CULA01G85820	MA_335640g0010	Cula__CULA01G85820	Pa__MA_335640g0010
OG0003739	CULA06G36190	MA_127071g0010	Cula__CULA06G36190	Pa__MA_127071g0010
OG0003745	CULA03G56980	MA_885666g0010	Cula__CULA03G56980	Pa__MA_885666g0010
OG0003753	CULA09G07670	MA_10429836g0020	Cula__CULA09G07670	Pa__MA_10429836g0020
OG0003759	CULA02G35200	MA_10426227g0010	Cula__CULA02G35200	Pa__MA_10426227g0010
OG0003760	CULA05G43940	MA_10435137g0010	Cula__CULA05G43940	Pa__MA_10435137g0010
OG0003762	CULA10G33010	MA_8356859g0010	Cula__CULA10G33010	Pa__MA_8356859g0010
OG0003765	CULA03G29330	MA_67616g0010	Cula__CULA03G29330	Pa__MA_67616g0010
OG0003767	CULA01G15820	MA_762004g0010	Cula__CULA01G15820	Pa__MA_762004g0010
OG0003768	CULA03G03380	MA_3262g0010	Cula__CULA03G03380	Pa__MA_3262g0010
OG0003774	CULA02G08630	MA_723417g0010	Cula__CULA02G08630	Pa__MA_723417g0010
OG0003780	CULA09G25880	MA_10427190g0010	Cula__CULA09G25880	Pa__MA_10427190g0010
OG0003787	CULASca13620.1	MA_10426401g0010	Cula__CULASca13620.1	Pa__MA_10426401g0010
OG0003799	CULA03G13270	MA_817606g0010	Cula__CULA03G13270	Pa__MA_817606g0010
OG0003804	CULA07G08700	MA_211932g0010	Cula__CULA07G08700	Pa__MA_211932g0010
OG0003805	CULA03G24510	MA_8687g0010	Cula__CULA03G24510	Pa__MA_8687g0010
OG0003808	CULA08G11410	MA_693177g0010	Cula__CULA08G11410	Pa__MA_693177g0010
OG0003813	CULA03G11840	MA_479847g0010	Cula__CULA03G11840	Pa__MA_479847g0010
OG0003818	CULA06G49720	MA_10433177g0020	Cula__CULA06G49720	Pa__MA_10433177g0020
OG0003819	CULA02G08870	MA_10436232g0010	Cula__CULA02G08870	Pa__MA_10436232g0010
OG0003821	CULA05G28710	MA_9220399g0010	Cula__CULA05G28710	Pa__MA_9220399g0010
OG0003833	CULA06G15980	MA_89226g0010	Cula__CULA06G15980	Pa__MA_89226g0010
OG0003834	CULA11G23410	MA_97822g0010	Cula__CULA11G23410	Pa__MA_97822g0010
OG0003848	CULA09G04300	MA_9107031g0010	Cula__CULA09G04300	Pa__MA_9107031g0010
OG0003851	CULA07G48860	MA_10166825g0010	Cula__CULA07G48860	Pa__MA_10166825g0010
OG0003875	CULA09G22330	MA_10436476g0010	Cula__CULA09G22330	Pa__MA_10436476g0010
OG0003920	CULA10G24720	MA_10432047g0010	Cula__CULA10G24720	Pa__MA_10432047g0010
OG0003930	CULA04G64590	MA_10434967g0010	Cula__CULA04G64590	Pa__MA_10434967g0010
OG0003949	CULA01G74750	MA_449g0010	Cula__CULA01G74750	Pa__MA_449g0010
OG0003964	CULA03G36390	MA_10428975g0010	Cula__CULA03G36390	Pa__MA_10428975g0010
OG0003967	CULA09G22040	MA_10433660g0010	Cula__CULA09G22040	Pa__MA_10433660g0010
OG0003971	CULA04G60620	MA_10431300g0020	Cula__CULA04G60620	Pa__MA_10431300g0020
OG0003974	CULA06G00800	MA_88982g0010	Cula__CULA06G00800	Pa__MA_88982g0010
OG0003976	CULA09G36310	MA_18241g0010	Cula__CULA09G36310	Pa__MA_18241g0010
OG0003981	CULA02G61920	MA_94228g0010	Cula__CULA02G61920	Pa__MA_94228g0010
OG0003983	CULA03G70020	MA_9928402g0010	Cula__CULA03G70020	Pa__MA_9928402g0010
OG0003989	CULA08G46840	MA_115536g0010	Cula__CULA08G46840	Pa__MA_115536g0010
OG0003992	CULA07G09110	MA_10434013g0010	Cula__CULA07G09110	Pa__MA_10434013g0010
OG0003997	CULA07G22470	MA_116552g0010	Cula__CULA07G22470	Pa__MA_116552g0010
OG0003998	CULA05G55360	MA_10919g0010	Cula__CULA05G55360	Pa__MA_10919g0010
OG0004001	CULA07G54020	MA_430525g0010	Cula__CULA07G54020	Pa__MA_430525g0010
OG0004003	CULA07G00280	MA_10436589g0010	Cula__CULA07G00280	Pa__MA_10436589g0010
OG0004008	CULA11G18890	MA_954206g0010	Cula__CULA11G18890	Pa__MA_954206g0010
OG0004009	CULA03G17980	MA_7658g0020	Cula__CULA03G17980	Pa__MA_7658g0020
OG0004012	CULA02G17320	MA_9404139g0010	Cula__CULA02G17320	Pa__MA_9404139g0010
OG0004014	CULA07G09690	MA_10427502g0010	Cula__CULA07G09690	Pa__MA_10427502g0010
OG0004022	CULA05G05030	MA_24880g0010	Cula__CULA05G05030	Pa__MA_24880g0010
OG0004023	CULA08G41090	MA_63212g0020	Cula__CULA08G41090	Pa__MA_63212g0020
OG0004024	CULA06G30230	MA_11716g0010	Cula__CULA06G30230	Pa__MA_11716g0010
OG0004034	CULA03G68930	MA_171757g0010	Cula__CULA03G68930	Pa__MA_171757g0010
OG0004035	CULA09G20480	MA_10436521g0010	Cula__CULA09G20480	Pa__MA_10436521g0010
OG0004036	CULA01G72540	MA_10428353g0020	Cula__CULA01G72540	Pa__MA_10428353g0020
OG0004037	CULA11G31190	MA_12714g0010	Cula__CULA11G31190	Pa__MA_12714g0010
OG0004039	CULA03G76870	MA_581786g0010	Cula__CULA03G76870	Pa__MA_581786g0010
OG0004045	CULA01G59710	MA_274000g0010	Cula__CULA01G59710	Pa__MA_274000g0010
OG0004052	CULA09G45690	MA_139086g0010	Cula__CULA09G45690	Pa__MA_139086g0010
OG0004054	CULA11G27260	MA_10432680g0020	Cula__CULA11G27260	Pa__MA_10432680g0020
OG0004057	CULA03G79300	MA_10845g0010	Cula__CULA03G79300	Pa__MA_10845g0010
OG0004062	CULA02G61580	MA_10434618g0010	Cula__CULA02G61580	Pa__MA_10434618g0010
OG0004066	CULA09G25290	MA_175884g0010	Cula__CULA09G25290	Pa__MA_175884g0010
OG0004068	CULA07G10710	MA_6996g0010	Cula__CULA07G10710	Pa__MA_6996g0010
OG0004071	CULA01G31990	MA_10435887g0040	Cula__CULA01G31990	Pa__MA_10435887g0040
OG0004075	CULA07G03390	MA_18274g0010	Cula__CULA07G03390	Pa__MA_18274g0010
OG0004076	CULA05G07550	MA_9991417g0010	Cula__CULA05G07550	Pa__MA_9991417g0010
OG0004086	CULA11G26440	MA_10436551g0010	Cula__CULA11G26440	Pa__MA_10436551g0010
OG0004111	CULA05G04690	MA_27009g0010	Cula__CULA05G04690	Pa__MA_27009g0010
OG0004113	CULA07G34180	MA_18131g0010	Cula__CULA07G34180	Pa__MA_18131g0010
OG0004114	CULA10G18230	MA_10430718g0010	Cula__CULA10G18230	Pa__MA_10430718g0010
OG0004115	CULA08G06420	MA_8837420g0010	Cula__CULA08G06420	Pa__MA_8837420g0010
OG0004116	CULA04G49330	MA_9324983g0010	Cula__CULA04G49330	Pa__MA_9324983g0010
OG0004119	CULA06G06760	MA_329767g0010	Cula__CULA06G06760	Pa__MA_329767g0010
OG0004128	CULA05G55080	MA_10428223g0010	Cula__CULA05G55080	Pa__MA_10428223g0010
OG0004142	CULA10G24810	MA_10429460g0010	Cula__CULA10G24810	Pa__MA_10429460g0010
OG0004145	CULA04G39870	MA_10435344g0010	Cula__CULA04G39870	Pa__MA_10435344g0010
OG0004157	CULA11G33930	MA_10427524g0010	Cula__CULA11G33930	Pa__MA_10427524g0010
OG0004163	CULA02G10190	MA_10437212g0010	Cula__CULA02G10190	Pa__MA_10437212g0010
OG0004171	CULA07G34860	MA_7814449g0010	Cula__CULA07G34860	Pa__MA_7814449g0010
OG0004180	CULA07G27280	MA_7300864g0010	Cula__CULA07G27280	Pa__MA_7300864g0010
OG0004182	CULA01G04850	MA_10432646g0010	Cula__CULA01G04850	Pa__MA_10432646g0010
OG0004184	CULA02G16190	MA_10427752g0010	Cula__CULA02G16190	Pa__MA_10427752g0010
OG0004188	CULA08G27560	MA_10435238g0010	Cula__CULA08G27560	Pa__MA_10435238g0010
OG0004196	CULA01G48000	MA_132005g0010	Cula__CULA01G48000	Pa__MA_132005g0010
OG0004198	CULA08G06520	MA_10278871g0010	Cula__CULA08G06520	Pa__MA_10278871g0010
OG0004201	CULA11G19460	MA_39935g0010	Cula__CULA11G19460	Pa__MA_39935g0010
OG0004206	CULA06G26680	MA_48286g0010	Cula__CULA06G26680	Pa__MA_48286g0010
OG0004209	CULA08G10020	MA_47919g0010	Cula__CULA08G10020	Pa__MA_47919g0010
OG0004223	CULA01G03040	MA_349993g0010	Cula__CULA01G03040	Pa__MA_349993g0010
OG0004224	CULA06G07180	MA_10428008g0010	Cula__CULA06G07180	Pa__MA_10428008g0010
OG0004225	CULA11G30720	MA_20588g0010	Cula__CULA11G30720	Pa__MA_20588g0010
OG0004226	CULA06G31910	MA_10433225g0010	Cula__CULA06G31910	Pa__MA_10433225g0010
OG0004227	CULA06G33980	MA_10432217g0030	Cula__CULA06G33980	Pa__MA_10432217g0030
OG0004253	CULA01G36530	MA_27152g0010	Cula__CULA01G36530	Pa__MA_27152g0010
OG0004266	CULA09G00070	MA_10437271g0010	Cula__CULA09G00070	Pa__MA_10437271g0010
OG0004268	CULA07G51880	MA_18061g0010	Cula__CULA07G51880	Pa__MA_18061g0010
OG0004276	CULA03G74920	MA_953274g0010	Cula__CULA03G74920	Pa__MA_953274g0010
OG0004285	CULA08G31030	MA_102091g0010	Cula__CULA08G31030	Pa__MA_102091g0010
OG0004287	CULA06G26270	MA_102427g0010	Cula__CULA06G26270	Pa__MA_102427g0010
OG0004289	CULA06G42960	MA_10435542g0010	Cula__CULA06G42960	Pa__MA_10435542g0010
OG0004290	CULA04G15960	MA_183273g0010	Cula__CULA04G15960	Pa__MA_183273g0010
OG0004291	CULA06G40290	MA_10435144g0010	Cula__CULA06G40290	Pa__MA_10435144g0010
OG0004292	CULA09G19170	MA_947452g0010	Cula__CULA09G19170	Pa__MA_947452g0010
OG0004307	CULA08G39260	MA_10433809g0010	Cula__CULA08G39260	Pa__MA_10433809g0010
OG0004312	CULA01G66900	MA_10430053g0010	Cula__CULA01G66900	Pa__MA_10430053g0010
OG0004316	CULA05G29760	MA_183913g0010	Cula__CULA05G29760	Pa__MA_183913g0010
OG0004334	CULA06G39230	MA_10433894g0010	Cula__CULA06G39230	Pa__MA_10433894g0010
OG0004337	CULA03G23420	MA_865g0010	Cula__CULA03G23420	Pa__MA_865g0010
OG0004344	CULA10G31800	MA_10432729g0010	Cula__CULA10G31800	Pa__MA_10432729g0010
OG0004348	CULA06G26670	MA_82814g0010	Cula__CULA06G26670	Pa__MA_82814g0010
OG0004352	CULA01G60860	MA_2921g0010	Cula__CULA01G60860	Pa__MA_2921g0010
OG0004359	CULA03G03650	MA_94051g0010	Cula__CULA03G03650	Pa__MA_94051g0010
OG0004363	CULA06G36060	MA_10429955g0010	Cula__CULA06G36060	Pa__MA_10429955g0010
OG0004396	CULA07G02270	MA_523419g0010	Cula__CULA07G02270	Pa__MA_523419g0010
OG0004421	CULA11G22650	MA_100977g0010	Cula__CULA11G22650	Pa__MA_100977g0010
OG0004433	CULA09G16110	MA_724g0010	Cula__CULA09G16110	Pa__MA_724g0010
OG0004437	CULA06G15200	MA_76149g0010	Cula__CULA06G15200	Pa__MA_76149g0010
OG0004440	CULA11G22580	MA_338119g0010	Cula__CULA11G22580	Pa__MA_338119g0010
OG0004442	CULA08G04310	MA_5353g0010	Cula__CULA08G04310	Pa__MA_5353g0010
OG0004460	CULA10G45900	MA_14887g0010	Cula__CULA10G45900	Pa__MA_14887g0010
OG0004464	CULA07G17070	MA_103421g0030	Cula__CULA07G17070	Pa__MA_103421g0030
OG0004470	CULA03G79360	MA_904076g0010	Cula__CULA03G79360	Pa__MA_904076g0010
OG0004471	CULA01G83730	MA_10432603g0010	Cula__CULA01G83730	Pa__MA_10432603g0010
OG0004477	CULA07G14970	MA_1654g0020	Cula__CULA07G14970	Pa__MA_1654g0020
OG0004479	CULA11G19100	MA_10437205g0010	Cula__CULA11G19100	Pa__MA_10437205g0010
OG0004488	CULA07G18790	MA_6447g0010	Cula__CULA07G18790	Pa__MA_6447g0010
OG0004491	CULA10G40850	MA_10437127g0010	Cula__CULA10G40850	Pa__MA_10437127g0010
OG0004493	CULA01G04570	MA_9566834g0010	Cula__CULA01G04570	Pa__MA_9566834g0010
OG0004496	CULA10G18740	MA_10430069g0010	Cula__CULA10G18740	Pa__MA_10430069g0010
OG0004497	CULA10G00960	MA_3688g0010	Cula__CULA10G00960	Pa__MA_3688g0010
OG0004503	CULA04G39350	MA_90472g0010	Cula__CULA04G39350	Pa__MA_90472g0010
OG0004514	CULA03G23530	MA_10437148g0010	Cula__CULA03G23530	Pa__MA_10437148g0010
OG0004520	CULA11G18430	MA_637485g0010	Cula__CULA11G18430	Pa__MA_637485g0010
OG0004522	CULA08G31540	MA_74847g0010	Cula__CULA08G31540	Pa__MA_74847g0010
OG0004531	CULA08G32840	MA_856g0010	Cula__CULA08G32840	Pa__MA_856g0010
OG0004537	CULA05G47020	MA_53351g0010	Cula__CULA05G47020	Pa__MA_53351g0010
OG0004546	CULA05G41400	MA_48816g0010	Cula__CULA05G41400	Pa__MA_48816g0010
OG0004550	CULA03G19960	MA_53545g0010	Cula__CULA03G19960	Pa__MA_53545g0010
OG0004559	CULA04G39210	MA_42843g0010	Cula__CULA04G39210	Pa__MA_42843g0010
OG0004563	CULA08G24130	MA_1165309g0010	Cula__CULA08G24130	Pa__MA_1165309g0010
OG0004583	CULA07G32790	MA_177334g0010	Cula__CULA07G32790	Pa__MA_177334g0010
OG0004584	CULA11G29570	MA_41212g0010	Cula__CULA11G29570	Pa__MA_41212g0010
OG0004589	CULA11G09060	MA_121578g0010	Cula__CULA11G09060	Pa__MA_121578g0010
OG0004590	CULA01G78370	MA_10435498g0010	Cula__CULA01G78370	Pa__MA_10435498g0010
OG0004593	CULA07G53850	MA_41368g0010	Cula__CULA07G53850	Pa__MA_41368g0010
OG0004597	CULA01G87520	MA_10430817g0020	Cula__CULA01G87520	Pa__MA_10430817g0020
OG0004599	CULA04G38590	MA_395590g0010	Cula__CULA04G38590	Pa__MA_395590g0010
OG0004601	CULA10G45980	MA_98243g0010	Cula__CULA10G45980	Pa__MA_98243g0010
OG0004607	CULA08G11270	MA_2800g0010	Cula__CULA08G11270	Pa__MA_2800g0010
OG0004621	CULA08G31670	MA_159064g0010	Cula__CULA08G31670	Pa__MA_159064g0010
OG0004627	CULA04G38290	MA_893724g0010	Cula__CULA04G38290	Pa__MA_893724g0010
OG0004631	CULA10G15280	MA_10376188g0010	Cula__CULA10G15280	Pa__MA_10376188g0010
OG0004637	CULA01G41700	MA_10436787g0010	Cula__CULA01G41700	Pa__MA_10436787g0010
OG0004646	CULA03G48890	MA_10435448g0010	Cula__CULA03G48890	Pa__MA_10435448g0010
OG0004647	CULA09G40360	MA_10430555g0010	Cula__CULA09G40360	Pa__MA_10430555g0010
OG0004648	CULA08G22090	MA_10435089g0010	Cula__CULA08G22090	Pa__MA_10435089g0010
OG0004650	CULA05G34930	MA_10435367g0010	Cula__CULA05G34930	Pa__MA_10435367g0010
OG0004651	CULA05G36230	MA_123267g0010	Cula__CULA05G36230	Pa__MA_123267g0010
OG0004661	CULA01G54150	MA_50023g0010	Cula__CULA01G54150	Pa__MA_50023g0010
OG0004665	CULA07G33050	MA_132273g0020	Cula__CULA07G33050	Pa__MA_132273g0020
OG0004666	CULA05G30440	MA_212523g0010	Cula__CULA05G30440	Pa__MA_212523g0010
OG0004674	CULA09G17860	MA_959504g0010	Cula__CULA09G17860	Pa__MA_959504g0010
OG0004675	CULA10G46510	MA_8588927g0010	Cula__CULA10G46510	Pa__MA_8588927g0010
OG0004690	CULA11G28730	MA_261655g0010	Cula__CULA11G28730	Pa__MA_261655g0010
OG0004691	CULA11G15260	MA_10432727g0010	Cula__CULA11G15260	Pa__MA_10432727g0010
OG0004694	CULA02G51150	MA_24522g0020	Cula__CULA02G51150	Pa__MA_24522g0020
OG0004696	CULA04G18180	MA_50261g0010	Cula__CULA04G18180	Pa__MA_50261g0010
OG0004703	CULA09G22260	MA_10427915g0010	Cula__CULA09G22260	Pa__MA_10427915g0010
OG0004707	CULA11G02350	MA_4586g0010	Cula__CULA11G02350	Pa__MA_4586g0010
OG0004708	CULA02G46120	MA_210947g0010	Cula__CULA02G46120	Pa__MA_210947g0010
OG0004709	CULA03G33330	MA_10433849g0020	Cula__CULA03G33330	Pa__MA_10433849g0020
OG0004712	CULA10G42340	MA_10436424g0010	Cula__CULA10G42340	Pa__MA_10436424g0010
OG0004716	CULA05G37260	MA_106890g0010	Cula__CULA05G37260	Pa__MA_106890g0010
OG0004730	CULA10G20160	MA_10435407g0010	Cula__CULA10G20160	Pa__MA_10435407g0010
OG0004734	CULA07G38160	MA_699180g0010	Cula__CULA07G38160	Pa__MA_699180g0010
OG0004735	CULA11G08240	MA_139501g0010	Cula__CULA11G08240	Pa__MA_139501g0010
OG0004736	CULA01G49320	MA_76402g0010	Cula__CULA01G49320	Pa__MA_76402g0010
OG0004741	CULA05G29830	MA_47879g0010	Cula__CULA05G29830	Pa__MA_47879g0010
OG0004742	CULA01G17240	MA_97148g0010	Cula__CULA01G17240	Pa__MA_97148g0010
OG0004743	CULA03G12860	MA_134293g0010	Cula__CULA03G12860	Pa__MA_134293g0010
OG0004750	CULA09G28150	MA_178792g0010	Cula__CULA09G28150	Pa__MA_178792g0010
OG0004765	CULA06G37830	MA_5630845g0010	Cula__CULA06G37830	Pa__MA_5630845g0010
OG0004767	CULA01G69880	MA_10427468g0010	Cula__CULA01G69880	Pa__MA_10427468g0010
OG0004782	CULA07G48350	MA_55906g0010	Cula__CULA07G48350	Pa__MA_55906g0010
OG0004784	CULA07G03320	MA_10432100g0020	Cula__CULA07G03320	Pa__MA_10432100g0020
OG0004787	CULA06G54200	MA_10430150g0010	Cula__CULA06G54200	Pa__MA_10430150g0010
OG0004796	CULA01G48280	MA_40805g0010	Cula__CULA01G48280	Pa__MA_40805g0010
OG0004798	CULA01G01940	MA_9503281g0010	Cula__CULA01G01940	Pa__MA_9503281g0010
OG0004799	CULA01G44990	MA_10435687g0010	Cula__CULA01G44990	Pa__MA_10435687g0010
OG0004801	CULA02G36810	MA_10433802g0010	Cula__CULA02G36810	Pa__MA_10433802g0010
OG0004803	CULA09G01110	MA_10426262g0010	Cula__CULA09G01110	Pa__MA_10426262g0010
OG0004807	CULA08G49340	MA_10427640g0010	Cula__CULA08G49340	Pa__MA_10427640g0010
OG0004809	CULA03G11820	MA_71728g0010	Cula__CULA03G11820	Pa__MA_71728g0010
OG0004810	CULA03G24650	MA_10433715g0010	Cula__CULA03G24650	Pa__MA_10433715g0010
OG0004812	CULA11G32100	MA_10432509g0010	Cula__CULA11G32100	Pa__MA_10432509g0010
OG0004816	CULA03G03700	MA_6968453g0010	Cula__CULA03G03700	Pa__MA_6968453g0010
OG0004817	CULA06G41120	MA_100662g0010	Cula__CULA06G41120	Pa__MA_100662g0010
OG0004827	CULA08G20250	MA_10427275g0010	Cula__CULA08G20250	Pa__MA_10427275g0010
OG0004828	CULA05G40340	MA_19782g0010	Cula__CULA05G40340	Pa__MA_19782g0010
OG0004830	CULA05G12320	MA_10118613g0010	Cula__CULA05G12320	Pa__MA_10118613g0010
OG0004835	CULA09G25920	MA_27456g0030	Cula__CULA09G25920	Pa__MA_27456g0030
OG0004840	CULA01G43900	MA_5571g0010	Cula__CULA01G43900	Pa__MA_5571g0010
OG0004842	CULA06G50090	MA_10426539g0010	Cula__CULA06G50090	Pa__MA_10426539g0010
OG0004847	CULA10G34880	MA_102166g0020	Cula__CULA10G34880	Pa__MA_102166g0020
OG0004851	CULA03G24361	MA_10436861g0010	Cula__CULA03G24361	Pa__MA_10436861g0010
OG0004854	CULA08G24760	MA_14467g0010	Cula__CULA08G24760	Pa__MA_14467g0010
OG0004862	CULA10G07580	MA_47348g0010	Cula__CULA10G07580	Pa__MA_47348g0010
OG0004863	CULA08G03990	MA_90403g0010	Cula__CULA08G03990	Pa__MA_90403g0010
OG0004864	CULA04G29190	MA_74612g0010	Cula__CULA04G29190	Pa__MA_74612g0010
OG0004873	CULA01G44380	MA_10427823g0010	Cula__CULA01G44380	Pa__MA_10427823g0010
OG0004878	CULA05G27390	MA_10428935g0010	Cula__CULA05G27390	Pa__MA_10428935g0010
OG0004888	CULA11G07080	MA_388279g0010	Cula__CULA11G07080	Pa__MA_388279g0010
OG0004890	CULA08G44780	MA_10218559g0010	Cula__CULA08G44780	Pa__MA_10218559g0010
OG0004897	CULA08G12140	MA_22713g0010	Cula__CULA08G12140	Pa__MA_22713g0010
OG0004898	CULA04G62190	MA_271027g0010	Cula__CULA04G62190	Pa__MA_271027g0010
OG0004899	CULA08G18560	MA_957334g0010	Cula__CULA08G18560	Pa__MA_957334g0010
OG0004907	CULA06G35890	MA_129980g0010	Cula__CULA06G35890	Pa__MA_129980g0010
OG0004911	CULA06G44650	MA_757445g0010	Cula__CULA06G44650	Pa__MA_757445g0010
OG0004913	CULA08G01690	MA_10437126g0010	Cula__CULA08G01690	Pa__MA_10437126g0010
OG0004916	CULA05G55240	MA_556549g0010	Cula__CULA05G55240	Pa__MA_556549g0010
OG0004920	CULA09G10760	MA_20538g0020	Cula__CULA09G10760	Pa__MA_20538g0020
OG0004922	CULA02G68330	MA_10432320g0010	Cula__CULA02G68330	Pa__MA_10432320g0010
OG0004927	CULA03G75940	MA_10429116g0010	Cula__CULA03G75940	Pa__MA_10429116g0010
OG0004931	CULA01G27570	MA_187402g0010	Cula__CULA01G27570	Pa__MA_187402g0010
OG0004935	CULA06G23040	MA_185497g0010	Cula__CULA06G23040	Pa__MA_185497g0010
OG0004949	CULA11G33760	MA_711738g0010	Cula__CULA11G33760	Pa__MA_711738g0010
OG0004954	CULA06G39510	MA_50946g0010	Cula__CULA06G39510	Pa__MA_50946g0010
OG0004955	CULA10G02070	MA_65007g0010	Cula__CULA10G02070	Pa__MA_65007g0010
OG0004956	CULA06G43950	MA_10433768g0010	Cula__CULA06G43950	Pa__MA_10433768g0010
OG0005049	CULA10G27870	MA_12364g0010	Cula__CULA10G27870	Pa__MA_12364g0010
OG0005059	CULA11G18260	MA_10430013g0020	Cula__CULA11G18260	Pa__MA_10430013g0020
OG0005064	CULA02G23430	MA_5767g0010	Cula__CULA02G23430	Pa__MA_5767g0010
OG0005074	CULA07G51120	MA_3590g0010	Cula__CULA07G51120	Pa__MA_3590g0010
OG0005077	CULA01G01440	MA_10434977g0010	Cula__CULA01G01440	Pa__MA_10434977g0010
OG0005091	CULA11G11030	MA_10425818g0010	Cula__CULA11G11030	Pa__MA_10425818g0010
OG0005097	CULA02G16770	MA_10427348g0010	Cula__CULA02G16770	Pa__MA_10427348g0010
OG0005100	CULA09G40820	MA_8266620g0010	Cula__CULA09G40820	Pa__MA_8266620g0010
OG0005101	CULA04G47880	MA_448849g0010	Cula__CULA04G47880	Pa__MA_448849g0010
OG0005106	CULA04G50090	MA_11461g0010	Cula__CULA04G50090	Pa__MA_11461g0010
OG0005111	CULA08G17530	MA_83624g0010	Cula__CULA08G17530	Pa__MA_83624g0010
OG0005131	CULA06G36820	MA_10182874g0010	Cula__CULA06G36820	Pa__MA_10182874g0010
OG0005139	CULA10G12240	MA_954050g0010	Cula__CULA10G12240	Pa__MA_954050g0010
OG0005143	CULA08G32890	MA_58851g0010	Cula__CULA08G32890	Pa__MA_58851g0010
OG0005158	CULA06G04880	MA_11960g0010	Cula__CULA06G04880	Pa__MA_11960g0010
OG0005162	CULA06G03920	MA_34657g0010	Cula__CULA06G03920	Pa__MA_34657g0010
OG0005164	CULA07G27840	MA_914101g0010	Cula__CULA07G27840	Pa__MA_914101g0010
OG0005176	CULA09G39440	MA_206200g0010	Cula__CULA09G39440	Pa__MA_206200g0010
OG0005180	CULA05G01750	MA_100802g0020	Cula__CULA05G01750	Pa__MA_100802g0020
OG0005181	CULA08G29690	MA_66402g0010	Cula__CULA08G29690	Pa__MA_66402g0010
OG0005182	CULA05G51630	MA_110639g0010	Cula__CULA05G51630	Pa__MA_110639g0010
OG0005183	CULA11G27830	MA_10433087g0010	Cula__CULA11G27830	Pa__MA_10433087g0010
OG0005185	CULA09G32720	MA_902407g0010	Cula__CULA09G32720	Pa__MA_902407g0010
OG0005187	CULA07G36460	MA_14898g0010	Cula__CULA07G36460	Pa__MA_14898g0010
OG0005188	CULA04G38830	MA_111003g0010	Cula__CULA04G38830	Pa__MA_111003g0010
OG0005189	CULA05G07410	MA_8033g0010	Cula__CULA05G07410	Pa__MA_8033g0010
OG0005198	CULA01G42580	MA_95356g0010	Cula__CULA01G42580	Pa__MA_95356g0010
OG0005201	CULA08G33350	MA_371745g0010	Cula__CULA08G33350	Pa__MA_371745g0010
OG0005202	CULA03G75020	MA_10743g0010	Cula__CULA03G75020	Pa__MA_10743g0010
OG0005205	CULA02G39040	MA_10432974g0010	Cula__CULA02G39040	Pa__MA_10432974g0010
OG0005209	CULA05G55420	MA_10433381g0010	Cula__CULA05G55420	Pa__MA_10433381g0010
OG0005213	CULA01G47350	MA_104694g0010	Cula__CULA01G47350	Pa__MA_104694g0010
OG0005220	CULA02G54940	MA_121856g0010	Cula__CULA02G54940	Pa__MA_121856g0010
OG0005225	CULA02G41180	MA_7502g0010	Cula__CULA02G41180	Pa__MA_7502g0010
OG0005227	CULA01G70360	MA_10435716g0010	Cula__CULA01G70360	Pa__MA_10435716g0010
OG0005231	CULA02G38810	MA_881995g0010	Cula__CULA02G38810	Pa__MA_881995g0010
OG0005235	CULA11G20480	MA_18020g0010	Cula__CULA11G20480	Pa__MA_18020g0010
OG0005240	CULA10G44880	MA_10427055g0010	Cula__CULA10G44880	Pa__MA_10427055g0010
OG0005242	CULA07G34510	MA_91518g0010	Cula__CULA07G34510	Pa__MA_91518g0010
OG0005243	CULA01G77170	MA_118270g0010	Cula__CULA01G77170	Pa__MA_118270g0010
OG0005250	CULA06G53520	MA_9412393g0010	Cula__CULA06G53520	Pa__MA_9412393g0010
OG0005254	CULA02G59680	MA_3653g0010	Cula__CULA02G59680	Pa__MA_3653g0010
OG0005259	CULA07G09580	MA_10432072g0010	Cula__CULA07G09580	Pa__MA_10432072g0010
OG0005260	CULA06G19670	MA_13032g0010	Cula__CULA06G19670	Pa__MA_13032g0010
OG0005264	CULA03G44850	MA_83500g0010	Cula__CULA03G44850	Pa__MA_83500g0010
OG0005267	CULA09G09680	MA_87385g0010	Cula__CULA09G09680	Pa__MA_87385g0010
OG0005276	CULA03G67850	MA_6930g0010	Cula__CULA03G67850	Pa__MA_6930g0010
OG0005282	CULA08G42540	MA_63026g0010	Cula__CULA08G42540	Pa__MA_63026g0010
OG0005283	CULA03G63110	MA_10430820g0010	Cula__CULA03G63110	Pa__MA_10430820g0010
OG0005284	CULA08G25130	MA_10428330g0010	Cula__CULA08G25130	Pa__MA_10428330g0010
OG0005286	CULA01G01520	MA_9578080g0010	Cula__CULA01G01520	Pa__MA_9578080g0010
OG0005293	CULASca12000.1	MA_109678g0010	Cula__CULASca12000.1	Pa__MA_109678g0010
OG0005310	CULA06G51800	MA_6993g0010	Cula__CULA06G51800	Pa__MA_6993g0010
OG0005311	CULA01G45810	MA_204656g0010	Cula__CULA01G45810	Pa__MA_204656g0010
OG0005314	CULA02G25890	MA_10429085g0010	Cula__CULA02G25890	Pa__MA_10429085g0010
OG0005316	CULA09G05620	MA_9942387g0010	Cula__CULA09G05620	Pa__MA_9942387g0010
OG0005317	CULA05G48220	MA_10426218g0010	Cula__CULA05G48220	Pa__MA_10426218g0010
OG0005319	CULA07G54050	MA_10430738g0010	Cula__CULA07G54050	Pa__MA_10430738g0010
OG0005324	CULA08G30260	MA_103379g0010	Cula__CULA08G30260	Pa__MA_103379g0010
OG0005325	CULA03G44830	MA_10425759g0010	Cula__CULA03G44830	Pa__MA_10425759g0010
OG0005327	CULA01G51270	MA_10430687g0010	Cula__CULA01G51270	Pa__MA_10430687g0010
OG0005331	CULA04G40120	MA_10435670g0010	Cula__CULA04G40120	Pa__MA_10435670g0010
OG0005336	CULA10G10660	MA_140428g0010	Cula__CULA10G10660	Pa__MA_140428g0010
OG0005337	CULA09G17640	MA_66130g0010	Cula__CULA09G17640	Pa__MA_66130g0010
OG0005338	CULA04G17900	MA_134470g0010	Cula__CULA04G17900	Pa__MA_134470g0010
OG0005342	CULA04G59630	MA_10429879g0020	Cula__CULA04G59630	Pa__MA_10429879g0020
OG0005344	CULA10G01500	MA_27343g0010	Cula__CULA10G01500	Pa__MA_27343g0010
OG0005348	CULA05G24780	MA_2791g0010	Cula__CULA05G24780	Pa__MA_2791g0010
OG0005352	CULA01G64470	MA_52277g0010	Cula__CULA01G64470	Pa__MA_52277g0010
OG0005356	CULA08G29950	MA_10435894g0010	Cula__CULA08G29950	Pa__MA_10435894g0010
OG0005358	CULA11G19570	MA_31668g0010	Cula__CULA11G19570	Pa__MA_31668g0010
OG0005361	CULA05G36940	MA_14527g0010	Cula__CULA05G36940	Pa__MA_14527g0010
OG0005370	CULA10G41560	MA_101097g0010	Cula__CULA10G41560	Pa__MA_101097g0010
OG0005378	CULA01G45480	MA_508435g0010	Cula__CULA01G45480	Pa__MA_508435g0010
OG0005379	CULA02G64720	MA_10435921g0010	Cula__CULA02G64720	Pa__MA_10435921g0010
OG0005380	CULA02G35700	MA_158232g0010	Cula__CULA02G35700	Pa__MA_158232g0010
OG0005381	CULA08G04370	MA_10429237g0010	Cula__CULA08G04370	Pa__MA_10429237g0010
OG0005387	CULA02G64680	MA_70291g0010	Cula__CULA02G64680	Pa__MA_70291g0010
OG0005389	CULA08G21410	MA_87584g0010	Cula__CULA08G21410	Pa__MA_87584g0010
OG0005402	CULA08G26700	MA_16835g0010	Cula__CULA08G26700	Pa__MA_16835g0010
OG0005406	CULA08G47240	MA_10048g0010	Cula__CULA08G47240	Pa__MA_10048g0010
OG0005409	CULA03G12780	MA_232327g0010	Cula__CULA03G12780	Pa__MA_232327g0010
OG0005410	CULA04G55680	MA_915042g0010	Cula__CULA04G55680	Pa__MA_915042g0010
OG0005412	CULA02G01770	MA_9981156g0010	Cula__CULA02G01770	Pa__MA_9981156g0010
OG0005415	CULA02G69560	MA_10430689g0020	Cula__CULA02G69560	Pa__MA_10430689g0020
OG0005416	CULA01G10850	MA_101135g0010	Cula__CULA01G10850	Pa__MA_101135g0010
OG0005419	CULA01G50590	MA_112953g0010	Cula__CULA01G50590	Pa__MA_112953g0010
OG0005420	CULA09G35660	MA_10002g0020	Cula__CULA09G35660	Pa__MA_10002g0020
OG0005422	CULA02G71190	MA_10428311g0010	Cula__CULA02G71190	Pa__MA_10428311g0010
OG0005424	CULA01G88670	MA_10435915g0010	Cula__CULA01G88670	Pa__MA_10435915g0010
OG0005425	CULA02G45490	MA_94287g0010	Cula__CULA02G45490	Pa__MA_94287g0010
OG0005426	CULA09G43150	MA_831116g0010	Cula__CULA09G43150	Pa__MA_831116g0010
OG0005428	CULA01G12910	MA_844920g0010	Cula__CULA01G12910	Pa__MA_844920g0010
OG0005432	CULA03G54850	MA_10436167g0010	Cula__CULA03G54850	Pa__MA_10436167g0010
OG0005438	CULA01G86780	MA_348246g0010	Cula__CULA01G86780	Pa__MA_348246g0010
OG0005440	CULA08G49330	MA_10434138g0010	Cula__CULA08G49330	Pa__MA_10434138g0010
OG0005446	CULA04G08280	MA_510935g0010	Cula__CULA04G08280	Pa__MA_510935g0010
OG0005447	CULA09G01250	MA_10435204g0010	Cula__CULA09G01250	Pa__MA_10435204g0010
OG0005449	CULA05G31930	MA_18829g0010	Cula__CULA05G31930	Pa__MA_18829g0010
OG0005450	CULASca42910.1	MA_67650g0010	Cula__CULASca42910.1	Pa__MA_67650g0010
OG0005452	CULA05G26730	MA_10432820g0010	Cula__CULA05G26730	Pa__MA_10432820g0010
OG0005453	CULA05G34710	MA_10431503g0010	Cula__CULA05G34710	Pa__MA_10431503g0010
OG0005457	CULA01G80820	MA_10435225g0010	Cula__CULA01G80820	Pa__MA_10435225g0010
OG0005464	CULA08G36710	MA_203823g0010	Cula__CULA08G36710	Pa__MA_203823g0010
OG0005467	CULA10G30330	MA_23261g0010	Cula__CULA10G30330	Pa__MA_23261g0010
OG0005474	CULA02G53480	MA_10431516g0010	Cula__CULA02G53480	Pa__MA_10431516g0010
OG0005475	CULA07G35870	MA_7893999g0010	Cula__CULA07G35870	Pa__MA_7893999g0010
OG0005476	CULA05G05140	MA_10436831g0010	Cula__CULA05G05140	Pa__MA_10436831g0010
OG0005478	CULA02G30410	MA_72319g0010	Cula__CULA02G30410	Pa__MA_72319g0010
OG0005485	CULA11G16540	MA_6963649g0010	Cula__CULA11G16540	Pa__MA_6963649g0010
OG0005490	CULA08G15970	MA_10428327g0010	Cula__CULA08G15970	Pa__MA_10428327g0010
OG0005491	CULA02G32330	MA_173536g0010	Cula__CULA02G32330	Pa__MA_173536g0010
OG0005492	CULA02G46530	MA_94776g0010	Cula__CULA02G46530	Pa__MA_94776g0010
OG0005500	CULA02G72540	MA_10430790g0030	Cula__CULA02G72540	Pa__MA_10430790g0030
OG0005501	CULA01G04910	MA_776320g0010	Cula__CULA01G04910	Pa__MA_776320g0010
OG0005502	CULA08G44330	MA_10434152g0010	Cula__CULA08G44330	Pa__MA_10434152g0010
OG0005504	CULA11G19720	MA_72515g0010	Cula__CULA11G19720	Pa__MA_72515g0010
OG0005514	CULA03G47540	MA_69471g0010	Cula__CULA03G47540	Pa__MA_69471g0010
OG0005516	CULA11G05630	MA_10430208g0010	Cula__CULA11G05630	Pa__MA_10430208g0010
OG0005520	CULA01G05150	MA_10435277g0010	Cula__CULA01G05150	Pa__MA_10435277g0010
OG0005522	CULA06G46770	MA_212100g0010	Cula__CULA06G46770	Pa__MA_212100g0010
OG0005523	CULA02G39880	MA_306938g0010	Cula__CULA02G39880	Pa__MA_306938g0010
OG0005527	CULA01G87830	MA_10428134g0010	Cula__CULA01G87830	Pa__MA_10428134g0010
OG0005531	CULA05G33490	MA_312116g0010	Cula__CULA05G33490	Pa__MA_312116g0010
OG0005536	CULA01G59870	MA_9412105g0010	Cula__CULA01G59870	Pa__MA_9412105g0010
OG0005537	CULA05G22200	MA_10434355g0010	Cula__CULA05G22200	Pa__MA_10434355g0010
OG0005545	CULA07G53010	MA_255g0010	Cula__CULA07G53010	Pa__MA_255g0010
OG0005546	CULA11G23460	MA_250841g0010	Cula__CULA11G23460	Pa__MA_250841g0010
OG0005552	CULA08G42980	MA_10432639g0010	Cula__CULA08G42980	Pa__MA_10432639g0010
OG0005557	CULA05G13570	MA_625332g0010	Cula__CULA05G13570	Pa__MA_625332g0010
OG0005566	CULASca22550.1	MA_98574g0010	Cula__CULASca22550.1	Pa__MA_98574g0010
OG0005577	CULA04G66970	MA_10307017g0030	Cula__CULA04G66970	Pa__MA_10307017g0030
OG0005579	CULA04G31750	MA_474681g0010	Cula__CULA04G31750	Pa__MA_474681g0010
OG0005580	CULA05G33440	MA_10431190g0010	Cula__CULA05G33440	Pa__MA_10431190g0010
OG0005581	CULA05G24370	MA_10436714g0010	Cula__CULA05G24370	Pa__MA_10436714g0010
OG0005586	CULA01G70110	MA_1617g0010	Cula__CULA01G70110	Pa__MA_1617g0010
OG0005597	CULA04G38570	MA_10430007g0010	Cula__CULA04G38570	Pa__MA_10430007g0010
OG0005602	CULA08G33270	MA_445567g0010	Cula__CULA08G33270	Pa__MA_445567g0010
OG0005604	CULA06G54190	MA_10426900g0010	Cula__CULA06G54190	Pa__MA_10426900g0010
OG0005609	CULA11G25340	MA_29489g0010	Cula__CULA11G25340	Pa__MA_29489g0010
OG0005612	CULA01G66600	MA_10257038g0010	Cula__CULA01G66600	Pa__MA_10257038g0010
OG0005615	CULA02G56280	MA_10430633g0010	Cula__CULA02G56280	Pa__MA_10430633g0010
OG0005623	CULA06G33460	MA_10436102g0010	Cula__CULA06G33460	Pa__MA_10436102g0010
OG0005625	CULA08G30240	MA_374514g0010	Cula__CULA08G30240	Pa__MA_374514g0010
OG0005636	CULA11G02540	MA_10436726g0010	Cula__CULA11G02540	Pa__MA_10436726g0010
OG0005638	CULA08G24300	MA_83496g0010	Cula__CULA08G24300	Pa__MA_83496g0010
OG0005642	CULA08G30870	MA_14808g0010	Cula__CULA08G30870	Pa__MA_14808g0010
OG0005649	CULA04G39840	MA_70181g0010	Cula__CULA04G39840	Pa__MA_70181g0010
OG0005653	CULA03G76890	MA_10435433g0010	Cula__CULA03G76890	Pa__MA_10435433g0010
OG0005661	CULA06G35210	MA_10432428g0010	Cula__CULA06G35210	Pa__MA_10432428g0010
OG0005665	CULA06G01330	MA_3651g0010	Cula__CULA06G01330	Pa__MA_3651g0010
OG0005667	CULA03G69050	MA_908253g0010	Cula__CULA03G69050	Pa__MA_908253g0010
OG0005670	CULA10G42430	MA_607757g0020	Cula__CULA10G42430	Pa__MA_607757g0020
OG0005675	CULA02G39290	MA_10425855g0010	Cula__CULA02G39290	Pa__MA_10425855g0010
OG0005676	CULA06G03890	MA_202526g0010	Cula__CULA06G03890	Pa__MA_202526g0010
OG0005748	CULA05G00820	MA_37256g0010	Cula__CULA05G00820	Pa__MA_37256g0010
OG0005774	CULA05G14520	MA_85955g0020	Cula__CULA05G14520	Pa__MA_85955g0020
OG0005781	CULA01G47240	MA_24390g0010	Cula__CULA01G47240	Pa__MA_24390g0010
OG0005783	CULA06G19180	MA_1134g0010	Cula__CULA06G19180	Pa__MA_1134g0010
OG0005787	CULA02G46930	MA_140611g0010	Cula__CULA02G46930	Pa__MA_140611g0010
OG0005803	CULA08G05580	MA_129080g0010	Cula__CULA08G05580	Pa__MA_129080g0010
OG0005806	CULA02G41710	MA_10437037g0010	Cula__CULA02G41710	Pa__MA_10437037g0010
OG0005807	CULA05G43930	MA_275653g0010	Cula__CULA05G43930	Pa__MA_275653g0010
OG0005817	CULA06G35060	MA_47673g0010	Cula__CULA06G35060	Pa__MA_47673g0010
OG0005820	CULA01G64110	MA_103246g0010	Cula__CULA01G64110	Pa__MA_103246g0010
OG0005828	CULA02G13480	MA_44557g0010	Cula__CULA02G13480	Pa__MA_44557g0010
OG0005837	CULA02G38640	MA_8595455g0010	Cula__CULA02G38640	Pa__MA_8595455g0010
OG0005839	CULA03G66540	MA_21335g0010	Cula__CULA03G66540	Pa__MA_21335g0010
OG0005843	CULA09G27710	MA_28816g0010	Cula__CULA09G27710	Pa__MA_28816g0010
OG0005844	CULA07G53100	MA_42230g0010	Cula__CULA07G53100	Pa__MA_42230g0010
OG0005852	CULA09G40880	MA_10429895g0010	Cula__CULA09G40880	Pa__MA_10429895g0010
OG0005854	CULA04G20290	MA_351525g0010	Cula__CULA04G20290	Pa__MA_351525g0010
OG0005868	CULA09G15540	MA_217472g0010	Cula__CULA09G15540	Pa__MA_217472g0010
OG0005872	CULA04G64680	MA_103974g0010	Cula__CULA04G64680	Pa__MA_103974g0010
OG0005876	CULA03G04640	MA_10433346g0010	Cula__CULA03G04640	Pa__MA_10433346g0010
OG0005878	CULA01G38500	MA_10426904g0010	Cula__CULA01G38500	Pa__MA_10426904g0010
OG0005881	CULA02G21510	MA_10426894g0010	Cula__CULA02G21510	Pa__MA_10426894g0010
OG0005886	CULA09G40400	MA_130339g0010	Cula__CULA09G40400	Pa__MA_130339g0010
OG0005889	CULA03G54540	MA_9199701g0010	Cula__CULA03G54540	Pa__MA_9199701g0010
OG0005896	CULA09G26690	MA_82334g0010	Cula__CULA09G26690	Pa__MA_82334g0010
OG0005899	CULA05G02530	MA_61041g0010	Cula__CULA05G02530	Pa__MA_61041g0010
OG0005902	CULA11G14580	MA_9130g0020	Cula__CULA11G14580	Pa__MA_9130g0020
OG0005903	CULA07G17340	MA_19599g0010	Cula__CULA07G17340	Pa__MA_19599g0010
OG0005904	CULA07G38320	MA_321399g0010	Cula__CULA07G38320	Pa__MA_321399g0010
OG0005906	CULA02G38610	MA_13648g0020	Cula__CULA02G38610	Pa__MA_13648g0020
OG0005909	CULA11G13600	MA_3413240g0010	Cula__CULA11G13600	Pa__MA_3413240g0010
OG0005920	CULA03G78100	MA_10432586g0010	Cula__CULA03G78100	Pa__MA_10432586g0010
OG0005927	CULA10G41370	MA_103595g0010	Cula__CULA10G41370	Pa__MA_103595g0010
OG0005929	CULA09G25370	MA_10430239g0010	Cula__CULA09G25370	Pa__MA_10430239g0010
OG0005933	CULA10G21940	MA_10435789g0020	Cula__CULA10G21940	Pa__MA_10435789g0020
OG0005934	CULA05G36420	MA_205985g0010	Cula__CULA05G36420	Pa__MA_205985g0010
OG0005937	CULA10G28350	MA_2434g0010	Cula__CULA10G28350	Pa__MA_2434g0010
OG0005944	CULA09G20290	MA_10430623g0010	Cula__CULA09G20290	Pa__MA_10430623g0010
OG0005947	CULA11G06400	MA_126387g0010	Cula__CULA11G06400	Pa__MA_126387g0010
OG0005950	CULA01G75070	MA_10432607g0020	Cula__CULA01G75070	Pa__MA_10432607g0020
OG0005951	CULA03G75750	MA_608857g0010	Cula__CULA03G75750	Pa__MA_608857g0010
OG0005952	CULA10G45390	MA_158483g0010	Cula__CULA10G45390	Pa__MA_158483g0010
OG0005960	CULA04G17850	MA_92809g0010	Cula__CULA04G17850	Pa__MA_92809g0010
OG0005962	CULASca16520.1	MA_10433652g0010	Cula__CULASca16520.1	Pa__MA_10433652g0010
OG0005966	CULA09G24790	MA_480180g0010	Cula__CULA09G24790	Pa__MA_480180g0010
OG0005967	CULA02G17650	MA_10163020g0010	Cula__CULA02G17650	Pa__MA_10163020g0010
OG0005976	CULA01G42730	MA_53302g0010	Cula__CULA01G42730	Pa__MA_53302g0010
OG0005978	CULA01G06940	MA_8795886g0010	Cula__CULA01G06940	Pa__MA_8795886g0010
OG0005979	CULA05G01860	MA_10278721g0010	Cula__CULA05G01860	Pa__MA_10278721g0010
OG0005982	CULA02G00360	MA_39199g0010	Cula__CULA02G00360	Pa__MA_39199g0010
OG0005987	CULA07G32460	MA_11783g0010	Cula__CULA07G32460	Pa__MA_11783g0010
OG0005988	CULA04G29010	MA_10435563g0010	Cula__CULA04G29010	Pa__MA_10435563g0010
OG0005993	CULA08G33100	MA_10432461g0010	Cula__CULA08G33100	Pa__MA_10432461g0010
OG0005995	CULA11G33800	MA_12771g0010	Cula__CULA11G33800	Pa__MA_12771g0010
OG0006000	CULA07G00210	MA_538432g0010	Cula__CULA07G00210	Pa__MA_538432g0010
OG0006009	CULA09G39570	MA_10436078g0010	Cula__CULA09G39570	Pa__MA_10436078g0010
OG0006018	CULA05G55670	MA_10428568g0010	Cula__CULA05G55670	Pa__MA_10428568g0010
OG0006025	CULA10G23440	MA_16923g0030	Cula__CULA10G23440	Pa__MA_16923g0030
OG0006029	CULA03G24340	MA_10433939g0010	Cula__CULA03G24340	Pa__MA_10433939g0010
OG0006030	CULA05G26560	MA_10217744g0010	Cula__CULA05G26560	Pa__MA_10217744g0010
OG0006038	CULA03G59310	MA_10430976g0010	Cula__CULA03G59310	Pa__MA_10430976g0010
OG0006046	CULA06G41250	MA_14730g0020	Cula__CULA06G41250	Pa__MA_14730g0020
OG0006063	CULA10G17190	MA_8446265g0010	Cula__CULA10G17190	Pa__MA_8446265g0010
OG0006072	CULA09G25260	MA_10428370g0010	Cula__CULA09G25260	Pa__MA_10428370g0010
OG0006073	CULA01G50190	MA_464043g0010	Cula__CULA01G50190	Pa__MA_464043g0010
OG0006082	CULA02G29830	MA_94042g0010	Cula__CULA02G29830	Pa__MA_94042g0010
OG0006087	CULA10G32180	MA_33300g0010	Cula__CULA10G32180	Pa__MA_33300g0010
OG0006089	CULA05G00410	MA_55902g0010	Cula__CULA05G00410	Pa__MA_55902g0010
OG0006091	CULA08G31490	MA_3279g0010	Cula__CULA08G31490	Pa__MA_3279g0010
OG0006094	CULA06G35690	MA_16397g0010	Cula__CULA06G35690	Pa__MA_16397g0010
OG0006112	CULA09G07060	MA_9990169g0010	Cula__CULA09G07060	Pa__MA_9990169g0010
OG0006114	CULA01G16000	MA_35771g0010	Cula__CULA01G16000	Pa__MA_35771g0010
OG0006119	CULA09G26770	MA_10432549g0010	Cula__CULA09G26770	Pa__MA_10432549g0010
OG0006120	CULA09G37560	MA_215727g0010	Cula__CULA09G37560	Pa__MA_215727g0010
OG0006124	CULA03G73430	MA_108340g0010	Cula__CULA03G73430	Pa__MA_108340g0010
OG0006132	CULA06G21260	MA_474079g0010	Cula__CULA06G21260	Pa__MA_474079g0010
OG0006135	CULA03G80800	MA_10433694g0010	Cula__CULA03G80800	Pa__MA_10433694g0010
OG0006139	CULA05G31910	MA_10436959g0010	Cula__CULA05G31910	Pa__MA_10436959g0010
OG0006146	CULA06G40690	MA_113320g0010	Cula__CULA06G40690	Pa__MA_113320g0010
OG0006148	CULA08G28910	MA_10434632g0010	Cula__CULA08G28910	Pa__MA_10434632g0010
OG0006154	CULA01G17160	MA_4997g0010	Cula__CULA01G17160	Pa__MA_4997g0010
OG0006170	CULA09G23870	MA_18730g0010	Cula__CULA09G23870	Pa__MA_18730g0010
OG0006171	CULA03G32920	MA_13210g0010	Cula__CULA03G32920	Pa__MA_13210g0010
OG0006183	CULA08G30510	MA_90345g0010	Cula__CULA08G30510	Pa__MA_90345g0010
OG0006186	CULA09G37060	MA_10427827g0020	Cula__CULA09G37060	Pa__MA_10427827g0020
OG0006192	CULA03G46910	MA_10426700g0010	Cula__CULA03G46910	Pa__MA_10426700g0010
OG0006203	CULA01G59220	MA_10434111g0010	Cula__CULA01G59220	Pa__MA_10434111g0010
OG0006206	CULA02G49620	MA_58340g0010	Cula__CULA02G49620	Pa__MA_58340g0010
OG0006216	CULA01G05660	MA_63764g0010	Cula__CULA01G05660	Pa__MA_63764g0010
OG0006217	CULA03G82660	MA_20596g0020	Cula__CULA03G82660	Pa__MA_20596g0020
OG0006219	CULA06G09490	MA_139238g0010	Cula__CULA06G09490	Pa__MA_139238g0010
OG0006224	CULA11G10270	MA_13796g0010	Cula__CULA11G10270	Pa__MA_13796g0010
OG0006225	CULA11G00940	MA_855574g0010	Cula__CULA11G00940	Pa__MA_855574g0010
OG0006233	CULA08G00990	MA_10429615g0010	Cula__CULA08G00990	Pa__MA_10429615g0010
OG0006235	CULA01G89400	MA_10430175g0010	Cula__CULA01G89400	Pa__MA_10430175g0010
OG0006244	CULA07G04220	MA_10429683g0010	Cula__CULA07G04220	Pa__MA_10429683g0010
OG0006250	CULA10G17240	MA_10179679g0010	Cula__CULA10G17240	Pa__MA_10179679g0010
OG0006253	CULA02G70910	MA_370678g0010	Cula__CULA02G70910	Pa__MA_370678g0010
OG0006254	CULA02G70800	MA_9222071g0010	Cula__CULA02G70800	Pa__MA_9222071g0010
OG0006255	CULA11G06510	MA_897274g0010	Cula__CULA11G06510	Pa__MA_897274g0010
OG0006259	CULA06G34060	MA_10436337g0010	Cula__CULA06G34060	Pa__MA_10436337g0010
OG0006266	CULA10G03110	MA_10428053g0010	Cula__CULA10G03110	Pa__MA_10428053g0010
OG0006267	CULA03G48590	MA_895242g0020	Cula__CULA03G48590	Pa__MA_895242g0020
OG0006268	CULA10G20180	MA_19799g0010	Cula__CULA10G20180	Pa__MA_19799g0010
OG0006276	CULA02G57920	MA_27093g0010	Cula__CULA02G57920	Pa__MA_27093g0010
OG0006278	CULA07G07540	MA_189742g0010	Cula__CULA07G07540	Pa__MA_189742g0010
OG0006279	CULA02G27940	MA_488033g0010	Cula__CULA02G27940	Pa__MA_488033g0010
OG0006281	CULA01G18740	MA_78910g0010	Cula__CULA01G18740	Pa__MA_78910g0010
OG0006282	CULA06G57100	MA_2814g0010	Cula__CULA06G57100	Pa__MA_2814g0010
OG0006286	CULA03G74990	MA_10434165g0010	Cula__CULA03G74990	Pa__MA_10434165g0010
OG0006290	CULA02G36770	MA_81717g0010	Cula__CULA02G36770	Pa__MA_81717g0010
OG0006298	CULA05G28030	MA_10270424g0010	Cula__CULA05G28030	Pa__MA_10270424g0010
OG0006300	CULA06G39890	MA_20447g0010	Cula__CULA06G39890	Pa__MA_20447g0010
OG0006303	CULA04G51950	MA_3400914g0010	Cula__CULA04G51950	Pa__MA_3400914g0010
OG0006309	CULA07G04510	MA_10435139g0010	Cula__CULA07G04510	Pa__MA_10435139g0010
OG0006312	CULA05G29980	MA_10436376g0010	Cula__CULA05G29980	Pa__MA_10436376g0010
OG0006313	CULA08G00230	MA_450197g0010	Cula__CULA08G00230	Pa__MA_450197g0010
OG0006314	CULA08G33250	MA_10085280g0010	Cula__CULA08G33250	Pa__MA_10085280g0010
OG0006316	CULA02G39540	MA_10435696g0010	Cula__CULA02G39540	Pa__MA_10435696g0010
OG0006317	CULA11G13210	MA_10435952g0010	Cula__CULA11G13210	Pa__MA_10435952g0010
OG0006318	CULA08G28160	MA_10429451g0010	Cula__CULA08G28160	Pa__MA_10429451g0010
OG0006319	CULA11G19370	MA_16080g0010	Cula__CULA11G19370	Pa__MA_16080g0010
OG0006321	CULA03G49810	MA_18539g0010	Cula__CULA03G49810	Pa__MA_18539g0010
OG0006322	CULA02G45150	MA_24566g0010	Cula__CULA02G45150	Pa__MA_24566g0010
OG0006327	CULA01G46090	MA_134156g0010	Cula__CULA01G46090	Pa__MA_134156g0010
OG0006352	CULA08G11350	MA_10435773g0010	Cula__CULA08G11350	Pa__MA_10435773g0010
OG0006353	CULA07G21070	MA_418221g0010	Cula__CULA07G21070	Pa__MA_418221g0010
OG0006355	CULA07G29420	MA_10437213g0010	Cula__CULA07G29420	Pa__MA_10437213g0010
OG0006372	CULA08G25090	MA_598246g0010	Cula__CULA08G25090	Pa__MA_598246g0010
OG0006375	CULA03G02670	MA_123230g0010	Cula__CULA03G02670	Pa__MA_123230g0010
OG0006385	CULA06G26310	MA_10428599g0010	Cula__CULA06G26310	Pa__MA_10428599g0010
OG0006387	CULA06G23350	MA_7140g0010	Cula__CULA06G23350	Pa__MA_7140g0010
OG0006397	CULA06G28810	MA_102279g0010	Cula__CULA06G28810	Pa__MA_102279g0010
OG0006402	CULA06G56300	MA_120807g0010	Cula__CULA06G56300	Pa__MA_120807g0010
OG0006409	CULA04G49920	MA_10428171g0010	Cula__CULA04G49920	Pa__MA_10428171g0010
OG0006416	CULA06G32950	MA_10436010g0010	Cula__CULA06G32950	Pa__MA_10436010g0010
OG0006417	CULA02G46850	MA_17217g0020	Cula__CULA02G46850	Pa__MA_17217g0020
OG0006419	CULA05G01100	MA_100396g0010	Cula__CULA05G01100	Pa__MA_100396g0010
OG0006429	CULA07G34780	MA_77147g0010	Cula__CULA07G34780	Pa__MA_77147g0010
OG0006439	CULA08G38240	MA_10435124g0010	Cula__CULA08G38240	Pa__MA_10435124g0010
OG0006443	CULA05G00070	MA_10428202g0010	Cula__CULA05G00070	Pa__MA_10428202g0010
OG0006445	CULA03G60330	MA_10239556g0010	Cula__CULA03G60330	Pa__MA_10239556g0010
OG0006448	CULA01G23110	MA_45317g0010	Cula__CULA01G23110	Pa__MA_45317g0010
OG0006450	CULA02G27260	MA_94637g0010	Cula__CULA02G27260	Pa__MA_94637g0010
OG0006455	CULA09G26230	MA_1315g0020	Cula__CULA09G26230	Pa__MA_1315g0020
OG0006465	CULA05G30740	MA_174344g0010	Cula__CULA05G30740	Pa__MA_174344g0010
OG0006472	CULA11G23660	MA_207821g0010	Cula__CULA11G23660	Pa__MA_207821g0010
OG0006473	CULA01G45720	MA_124463g0010	Cula__CULA01G45720	Pa__MA_124463g0010
OG0006476	CULA07G49190	MA_179056g0010	Cula__CULA07G49190	Pa__MA_179056g0010
OG0006477	CULA10G18550	MA_10429835g0010	Cula__CULA10G18550	Pa__MA_10429835g0010
OG0006480	CULA11G21830	MA_6922402g0010	Cula__CULA11G21830	Pa__MA_6922402g0010
OG0006483	CULA02G28450	MA_12387g0010	Cula__CULA02G28450	Pa__MA_12387g0010
OG0006484	CULA10G19120	MA_10425977g0020	Cula__CULA10G19120	Pa__MA_10425977g0020
OG0006485	CULA07G38250	MA_103175g0010	Cula__CULA07G38250	Pa__MA_103175g0010
OG0006487	CULA09G44610	MA_845882g0010	Cula__CULA09G44610	Pa__MA_845882g0010
OG0006494	CULA05G27980	MA_8038497g0010	Cula__CULA05G27980	Pa__MA_8038497g0010
OG0006499	CULA02G00740	MA_10266913g0010	Cula__CULA02G00740	Pa__MA_10266913g0010
OG0006501	CULA06G40260	MA_10139g0010	Cula__CULA06G40260	Pa__MA_10139g0010
OG0006509	CULA01G63680	MA_10436876g0010	Cula__CULA01G63680	Pa__MA_10436876g0010
OG0006522	CULA11G25510	MA_121432g0010	Cula__CULA11G25510	Pa__MA_121432g0010
OG0006600	CULA02G54500	MA_10427654g0010	Cula__CULA02G54500	Pa__MA_10427654g0010
OG0006610	CULA10G46430	MA_36542g0010	Cula__CULA10G46430	Pa__MA_36542g0010
OG0006633	CULA05G52990	MA_16407g0010	Cula__CULA05G52990	Pa__MA_16407g0010
OG0006646	CULA10G16700	MA_10141632g0010	Cula__CULA10G16700	Pa__MA_10141632g0010
OG0006648	CULA01G41740	MA_10430013g0010	Cula__CULA01G41740	Pa__MA_10430013g0010
OG0006651	CULA05G30420	MA_10432161g0010	Cula__CULA05G30420	Pa__MA_10432161g0010
OG0006652	CULA07G39800	MA_10435581g0010	Cula__CULA07G39800	Pa__MA_10435581g0010
OG0006657	CULA06G30880	MA_7933g0010	Cula__CULA06G30880	Pa__MA_7933g0010
OG0006669	CULA01G11680	MA_73095g0010	Cula__CULA01G11680	Pa__MA_73095g0010
OG0006670	CULA07G47900	MA_222410g0010	Cula__CULA07G47900	Pa__MA_222410g0010
OG0006675	CULA02G42140	MA_10435000g0010	Cula__CULA02G42140	Pa__MA_10435000g0010
OG0006681	CULA11G13200	MA_25801g0010	Cula__CULA11G13200	Pa__MA_25801g0010
OG0006682	CULA03G07790	MA_107505g0010	Cula__CULA03G07790	Pa__MA_107505g0010
OG0006688	CULA10G13600	MA_10429917g0020	Cula__CULA10G13600	Pa__MA_10429917g0020
OG0006689	CULA03G54920	MA_7637652g0010	Cula__CULA03G54920	Pa__MA_7637652g0010
OG0006707	CULA03G59020	MA_10574g0010	Cula__CULA03G59020	Pa__MA_10574g0010
OG0006709	CULA01G15060	MA_10427786g0010	Cula__CULA01G15060	Pa__MA_10427786g0010
OG0006711	CULA10G28240	MA_962403g0010	Cula__CULA10G28240	Pa__MA_962403g0010
OG0006713	CULA03G05710	MA_10436845g0010	Cula__CULA03G05710	Pa__MA_10436845g0010
OG0006734	CULA02G41880	MA_86400g0010	Cula__CULA02G41880	Pa__MA_86400g0010
OG0006738	CULA10G39420	MA_8628986g0010	Cula__CULA10G39420	Pa__MA_8628986g0010
OG0006740	CULA01G09300	MA_10426178g0010	Cula__CULA01G09300	Pa__MA_10426178g0010
OG0006742	CULA08G36130	MA_933431g0010	Cula__CULA08G36130	Pa__MA_933431g0010
OG0006744	CULA09G33430	MA_83406g0010	Cula__CULA09G33430	Pa__MA_83406g0010
OG0006750	CULA02G00460	MA_21175g0010	Cula__CULA02G00460	Pa__MA_21175g0010
OG0006755	CULA03G30820	MA_81306g0020	Cula__CULA03G30820	Pa__MA_81306g0020
OG0006761	CULA02G36730	MA_39312g0010	Cula__CULA02G36730	Pa__MA_39312g0010
OG0006767	CULA02G41820	MA_19406g0010	Cula__CULA02G41820	Pa__MA_19406g0010
OG0006768	CULA11G32530	MA_134242g0010	Cula__CULA11G32530	Pa__MA_134242g0010
OG0006772	CULA11G22810	MA_9061039g0010	Cula__CULA11G22810	Pa__MA_9061039g0010
OG0006778	CULA01G59470	MA_8874g0010	Cula__CULA01G59470	Pa__MA_8874g0010
OG0006788	CULA07G14930	MA_137324g0010	Cula__CULA07G14930	Pa__MA_137324g0010
OG0006789	CULA08G40010	MA_860250g0010	Cula__CULA08G40010	Pa__MA_860250g0010
OG0006792	CULA09G06750	MA_5608g0010	Cula__CULA09G06750	Pa__MA_5608g0010
OG0006794	CULA02G29370	MA_10282830g0010	Cula__CULA02G29370	Pa__MA_10282830g0010
OG0006801	CULA03G79290	MA_10042785g0010	Cula__CULA03G79290	Pa__MA_10042785g0010
OG0006806	CULA03G33390	MA_165748g0020	Cula__CULA03G33390	Pa__MA_165748g0020
OG0006811	CULA07G28910	MA_10427630g0010	Cula__CULA07G28910	Pa__MA_10427630g0010
OG0006812	CULA11G02320	MA_23360g0010	Cula__CULA11G02320	Pa__MA_23360g0010
OG0006814	CULA11G11100	MA_169091g0010	Cula__CULA11G11100	Pa__MA_169091g0010
OG0006817	CULA03G72900	MA_134613g0010	Cula__CULA03G72900	Pa__MA_134613g0010
OG0006822	CULA06G20770	MA_93674g0010	Cula__CULA06G20770	Pa__MA_93674g0010
OG0006825	CULA02G71330	MA_76415g0010	Cula__CULA02G71330	Pa__MA_76415g0010
OG0006826	CULA05G52720	MA_220296g0010	Cula__CULA05G52720	Pa__MA_220296g0010
OG0006832	CULA01G25490	MA_10430925g0010	Cula__CULA01G25490	Pa__MA_10430925g0010
OG0006834	CULA06G01980	MA_10434838g0010	Cula__CULA06G01980	Pa__MA_10434838g0010
OG0006836	CULA01G45770	MA_7611249g0010	Cula__CULA01G45770	Pa__MA_7611249g0010
OG0006838	CULA02G72060	MA_10429932g0010	Cula__CULA02G72060	Pa__MA_10429932g0010
OG0006839	CULA02G15070	MA_10225964g0010	Cula__CULA02G15070	Pa__MA_10225964g0010
OG0006848	CULA05G35490	MA_943731g0010	Cula__CULA05G35490	Pa__MA_943731g0010
OG0006853	CULA07G14280	MA_10432164g0010	Cula__CULA07G14280	Pa__MA_10432164g0010
OG0006854	CULA08G03780	MA_124485g0010	Cula__CULA08G03780	Pa__MA_124485g0010
OG0006856	CULA03G21750	MA_10433879g0010	Cula__CULA03G21750	Pa__MA_10433879g0010
OG0006857	CULA03G31650	MA_635g0010	Cula__CULA03G31650	Pa__MA_635g0010
OG0006858	CULA08G23920	MA_10430291g0010	Cula__CULA08G23920	Pa__MA_10430291g0010
OG0006861	CULA05G54310	MA_10426842g0010	Cula__CULA05G54310	Pa__MA_10426842g0010
OG0006864	CULA08G06000	MA_215881g0010	Cula__CULA08G06000	Pa__MA_215881g0010
OG0006870	CULA06G40270	MA_64432g0010	Cula__CULA06G40270	Pa__MA_64432g0010
OG0006873	CULASca42990.1	MA_9411466g0010	Cula__CULASca42990.1	Pa__MA_9411466g0010
OG0006876	CULA05G25810	MA_758054g0010	Cula__CULA05G25810	Pa__MA_758054g0010
OG0006881	CULA01G87050	MA_9952302g0010	Cula__CULA01G87050	Pa__MA_9952302g0010
OG0006889	CULA05G21620	MA_13697g0010	Cula__CULA05G21620	Pa__MA_13697g0010
OG0006891	CULA03G74480	MA_10427000g0010	Cula__CULA03G74480	Pa__MA_10427000g0010
OG0006893	CULA05G11840	MA_10434705g0010	Cula__CULA05G11840	Pa__MA_10434705g0010
OG0006894	CULA03G24680	MA_10430547g0020	Cula__CULA03G24680	Pa__MA_10430547g0020
OG0006910	CULA11G20140	MA_7111g0020	Cula__CULA11G20140	Pa__MA_7111g0020
OG0006912	CULA09G33510	MA_51206g0010	Cula__CULA09G33510	Pa__MA_51206g0010
OG0006913	CULA02G34180	MA_202598g0010	Cula__CULA02G34180	Pa__MA_202598g0010
OG0006916	CULA05G19640	MA_140585g0010	Cula__CULA05G19640	Pa__MA_140585g0010
OG0006920	CULA02G06910	MA_10428694g0010	Cula__CULA02G06910	Pa__MA_10428694g0010
OG0006922	CULA09G40380	MA_10434267g0010	Cula__CULA09G40380	Pa__MA_10434267g0010
OG0006926	CULA01G29890	MA_17349g0010	Cula__CULA01G29890	Pa__MA_17349g0010
OG0006930	CULA05G24900	MA_10435837g0010	Cula__CULA05G24900	Pa__MA_10435837g0010
OG0006932	CULA04G37740	MA_10435202g0010	Cula__CULA04G37740	Pa__MA_10435202g0010
OG0006933	CULA10G07770	MA_10435203g0010	Cula__CULA10G07770	Pa__MA_10435203g0010
OG0006935	CULA08G22740	MA_369030g0010	Cula__CULA08G22740	Pa__MA_369030g0010
OG0006936	CULA11G20520	MA_158585g0010	Cula__CULA11G20520	Pa__MA_158585g0010
OG0006944	CULA09G34900	MA_282368g0010	Cula__CULA09G34900	Pa__MA_282368g0010
OG0006945	CULA03G80620	MA_10287751g0010	Cula__CULA03G80620	Pa__MA_10287751g0010
OG0006949	CULA02G39000	MA_91294g0020	Cula__CULA02G39000	Pa__MA_91294g0020
OG0006952	CULA07G32860	MA_10429272g0010	Cula__CULA07G32860	Pa__MA_10429272g0010
OG0006960	CULA04G51560	MA_10436892g0010	Cula__CULA04G51560	Pa__MA_10436892g0010
OG0006965	CULA01G54580	MA_10429370g0010	Cula__CULA01G54580	Pa__MA_10429370g0010
OG0006969	CULA07G00080	MA_10436346g0010	Cula__CULA07G00080	Pa__MA_10436346g0010
OG0006973	CULA01G88360	MA_10431944g0010	Cula__CULA01G88360	Pa__MA_10431944g0010
OG0006974	CULA04G01280	MA_10426186g0010	Cula__CULA04G01280	Pa__MA_10426186g0010
OG0006976	CULA03G11860	MA_10435259g0010	Cula__CULA03G11860	Pa__MA_10435259g0010
OG0006977	CULA07G36360	MA_10436335g0010	Cula__CULA07G36360	Pa__MA_10436335g0010
OG0006978	CULA07G44770	MA_74756g0010	Cula__CULA07G44770	Pa__MA_74756g0010
OG0006979	CULA07G14080	MA_775331g0010	Cula__CULA07G14080	Pa__MA_775331g0010
OG0006983	CULA09G46120	MA_101113g0020	Cula__CULA09G46120	Pa__MA_101113g0020
OG0006984	CULA05G23800	MA_59246g0010	Cula__CULA05G23800	Pa__MA_59246g0010
OG0006985	CULA02G22370	MA_10436868g0010	Cula__CULA02G22370	Pa__MA_10436868g0010
OG0006988	CULA10G42080	MA_10429995g0010	Cula__CULA10G42080	Pa__MA_10429995g0010
OG0006991	CULA09G38090	MA_9978g0010	Cula__CULA09G38090	Pa__MA_9978g0010
OG0006994	CULA06G12970	MA_94789g0010	Cula__CULA06G12970	Pa__MA_94789g0010
OG0006997	CULA02G08140	MA_73497g0010	Cula__CULA02G08140	Pa__MA_73497g0010
OG0007007	CULA04G36010	MA_10281691g0010	Cula__CULA04G36010	Pa__MA_10281691g0010
OG0007009	CULA03G69710	MA_10426845g0010	Cula__CULA03G69710	Pa__MA_10426845g0010
OG0007011	CULA01G30850	MA_130401g0010	Cula__CULA01G30850	Pa__MA_130401g0010
OG0007013	CULA11G31340	MA_9999470g0010	Cula__CULA11G31340	Pa__MA_9999470g0010
OG0007014	CULA03G77830	MA_9452125g0010	Cula__CULA03G77830	Pa__MA_9452125g0010
OG0007016	CULA05G16670	MA_66083g0010	Cula__CULA05G16670	Pa__MA_66083g0010
OG0007021	CULA10G42240	MA_6335g0010	Cula__CULA10G42240	Pa__MA_6335g0010
OG0007026	CULA08G47780	MA_626674g0010	Cula__CULA08G47780	Pa__MA_626674g0010
OG0007028	CULA08G24410	MA_12327g0010	Cula__CULA08G24410	Pa__MA_12327g0010
OG0007031	CULASca37170.1	MA_236980g0010	Cula__CULASca37170.1	Pa__MA_236980g0010
OG0007033	CULA01G02660	MA_962683g0010	Cula__CULA01G02660	Pa__MA_962683g0010
OG0007037	CULA09G28740	MA_10434272g0010	Cula__CULA09G28740	Pa__MA_10434272g0010
OG0007043	CULA03G53170	MA_8902028g0010	Cula__CULA03G53170	Pa__MA_8902028g0010
OG0007044	CULA01G63230	MA_20565g0010	Cula__CULA01G63230	Pa__MA_20565g0010
OG0007045	CULA09G13010	MA_10434132g0020	Cula__CULA09G13010	Pa__MA_10434132g0020
OG0007051	CULA08G18830	MA_8987660g0010	Cula__CULA08G18830	Pa__MA_8987660g0010
OG0007052	CULA07G08200	MA_10436837g0010	Cula__CULA07G08200	Pa__MA_10436837g0010
OG0007057	CULA09G26510	MA_487257g0010	Cula__CULA09G26510	Pa__MA_487257g0010
OG0007063	CULA03G46820	MA_10436996g0010	Cula__CULA03G46820	Pa__MA_10436996g0010
OG0007067	CULA07G44430	MA_10428161g0020	Cula__CULA07G44430	Pa__MA_10428161g0020
OG0007072	CULA03G56950	MA_25371g0010	Cula__CULA03G56950	Pa__MA_25371g0010
OG0007075	CULA06G32010	MA_17129g0010	Cula__CULA06G32010	Pa__MA_17129g0010
OG0007082	CULA02G09460	MA_873344g0010	Cula__CULA02G09460	Pa__MA_873344g0010
OG0007085	CULA01G24050	MA_10433644g0010	Cula__CULA01G24050	Pa__MA_10433644g0010
OG0007086	CULA10G17060	MA_10435299g0010	Cula__CULA10G17060	Pa__MA_10435299g0010
OG0007090	CULA03G35650	MA_15423g0020	Cula__CULA03G35650	Pa__MA_15423g0020
OG0007096	CULA11G00910	MA_106842g0010	Cula__CULA11G00910	Pa__MA_106842g0010
OG0007103	CULA09G02250	MA_10436990g0010	Cula__CULA09G02250	Pa__MA_10436990g0010
OG0007110	CULA10G46090	MA_10433024g0010	Cula__CULA10G46090	Pa__MA_10433024g0010
OG0007111	CULA05G39470	MA_89272g0010	Cula__CULA05G39470	Pa__MA_89272g0010
OG0007112	CULA03G00020	MA_10426235g0010	Cula__CULA03G00020	Pa__MA_10426235g0010
OG0007115	CULA03G71860	MA_10436070g0040	Cula__CULA03G71860	Pa__MA_10436070g0040
OG0007119	CULA02G01670	MA_10437266g0010	Cula__CULA02G01670	Pa__MA_10437266g0010
OG0007123	CULA09G36090	MA_10437261g0010	Cula__CULA09G36090	Pa__MA_10437261g0010
OG0007124	CULA08G46620	MA_10426306g0010	Cula__CULA08G46620	Pa__MA_10426306g0010
OG0007141	CULA05G11120	MA_30494g0010	Cula__CULA05G11120	Pa__MA_30494g0010
OG0007142	CULA04G35730	MA_13077g0010	Cula__CULA04G35730	Pa__MA_13077g0010
OG0007144	CULA05G44640	MA_4125493g0010	Cula__CULA05G44640	Pa__MA_4125493g0010
OG0007145	CULA05G50050	MA_6672g0010	Cula__CULA05G50050	Pa__MA_6672g0010
OG0007147	CULA05G28870	MA_10429804g0010	Cula__CULA05G28870	Pa__MA_10429804g0010
OG0007158	CULA11G31900	MA_61352g0010	Cula__CULA11G31900	Pa__MA_61352g0010
OG0007162	CULA05G32200	MA_19731g0010	Cula__CULA05G32200	Pa__MA_19731g0010
OG0007165	CULA04G40290	MA_10437258g0010	Cula__CULA04G40290	Pa__MA_10437258g0010
OG0007166	CULA02G57560	MA_29611g0010	Cula__CULA02G57560	Pa__MA_29611g0010
OG0007172	CULA11G15220	MA_20112g0010	Cula__CULA11G15220	Pa__MA_20112g0010
OG0007174	CULA03G07370	MA_10427715g0010	Cula__CULA03G07370	Pa__MA_10427715g0010
OG0007175	CULA02G21880	MA_124987g0010	Cula__CULA02G21880	Pa__MA_124987g0010
OG0007176	CULA10G20960	MA_10426252g0010	Cula__CULA10G20960	Pa__MA_10426252g0010
OG0007178	CULA03G03400	MA_10431623g0010	Cula__CULA03G03400	Pa__MA_10431623g0010
OG0007179	CULA03G34960	MA_10234710g0010	Cula__CULA03G34960	Pa__MA_10234710g0010
OG0007180	CULA05G41230	MA_6888g0010	Cula__CULA05G41230	Pa__MA_6888g0010
OG0007187	CULA06G31991	MA_958427g0010	Cula__CULA06G31991	Pa__MA_958427g0010
OG0007190	CULA06G41330	MA_164868g0010	Cula__CULA06G41330	Pa__MA_164868g0010
OG0007192	CULA10G46450	MA_10427481g0010	Cula__CULA10G46450	Pa__MA_10427481g0010
OG0007194	CULA02G30400	MA_39587g0010	Cula__CULA02G30400	Pa__MA_39587g0010
OG0007195	CULA09G22110	MA_9561610g0010	Cula__CULA09G22110	Pa__MA_9561610g0010
OG0007199	CULA01G61310	MA_646875g0010	Cula__CULA01G61310	Pa__MA_646875g0010
OG0007202	CULA07G40790	MA_186340g0010	Cula__CULA07G40790	Pa__MA_186340g0010
OG0007207	CULA11G19630	MA_309480g0010	Cula__CULA11G19630	Pa__MA_309480g0010
OG0007208	CULA05G45690	MA_10428418g0010	Cula__CULA05G45690	Pa__MA_10428418g0010
OG0007210	CULA10G37250	MA_10429581g0010	Cula__CULA10G37250	Pa__MA_10429581g0010
OG0007217	CULA07G18900	MA_9262292g0010	Cula__CULA07G18900	Pa__MA_9262292g0010
OG0007224	CULA05G55610	MA_895341g0010	Cula__CULA05G55610	Pa__MA_895341g0010
OG0007225	CULA07G07420	MA_10430520g0010	Cula__CULA07G07420	Pa__MA_10430520g0010
OG0007229	CULA09G29670	MA_10433261g0010	Cula__CULA09G29670	Pa__MA_10433261g0010
OG0007233	CULA11G06350	MA_786978g0010	Cula__CULA11G06350	Pa__MA_786978g0010
OG0007238	CULA04G54310	MA_36317g0010	Cula__CULA04G54310	Pa__MA_36317g0010
OG0007240	CULA04G37300	MA_811036g0010	Cula__CULA04G37300	Pa__MA_811036g0010
OG0007241	CULA04G63110	MA_58836g0010	Cula__CULA04G63110	Pa__MA_58836g0010
OG0007242	CULA01G54330	MA_91155g0010	Cula__CULA01G54330	Pa__MA_91155g0010
OG0007253	CULA05G02610	MA_10270039g0010	Cula__CULA05G02610	Pa__MA_10270039g0010
OG0007258	CULA11G19710	MA_10430016g0010	Cula__CULA11G19710	Pa__MA_10430016g0010
OG0007264	CULA09G01070	MA_12066g0010	Cula__CULA09G01070	Pa__MA_12066g0010
OG0007265	CULA08G43950	MA_103692g0010	Cula__CULA08G43950	Pa__MA_103692g0010
OG0007275	CULA01G43480	MA_122179g0010	Cula__CULA01G43480	Pa__MA_122179g0010
OG0007278	CULA05G00120	MA_109858g0010	Cula__CULA05G00120	Pa__MA_109858g0010
OG0007280	CULA03G36170	MA_29057g0010	Cula__CULA03G36170	Pa__MA_29057g0010
OG0007281	CULA09G11420	MA_368556g0010	Cula__CULA09G11420	Pa__MA_368556g0010
OG0007284	CULA09G00290	MA_10432209g0010	Cula__CULA09G00290	Pa__MA_10432209g0010
OG0007287	CULA05G52280	MA_10426332g0010	Cula__CULA05G52280	Pa__MA_10426332g0010
OG0007288	CULA03G32490	MA_59109g0010	Cula__CULA03G32490	Pa__MA_59109g0010
OG0007289	CULA09G41600	MA_20462g0010	Cula__CULA09G41600	Pa__MA_20462g0010
OG0007296	CULA06G20260	MA_10239279g0010	Cula__CULA06G20260	Pa__MA_10239279g0010
OG0007297	CULA02G35990	MA_10428814g0010	Cula__CULA02G35990	Pa__MA_10428814g0010
OG0007299	CULA04G43610	MA_17859g0010	Cula__CULA04G43610	Pa__MA_17859g0010
OG0007300	CULA04G49060	MA_10436095g0010	Cula__CULA04G49060	Pa__MA_10436095g0010
OG0007303	CULA06G29550	MA_10430793g0020	Cula__CULA06G29550	Pa__MA_10430793g0020
OG0007304	CULA08G16580	MA_57254g0010	Cula__CULA08G16580	Pa__MA_57254g0010
OG0007307	CULA09G23490	MA_10433291g0020	Cula__CULA09G23490	Pa__MA_10433291g0020
OG0007308	CULA10G02190	MA_39898g0010	Cula__CULA10G02190	Pa__MA_39898g0010
OG0007310	CULA10G39950	MA_10426984g0010	Cula__CULA10G39950	Pa__MA_10426984g0010
OG0007311	CULA07G29120	MA_76465g0010	Cula__CULA07G29120	Pa__MA_76465g0010
OG0007312	CULA05G28610	MA_83939g0010	Cula__CULA05G28610	Pa__MA_83939g0010
OG0007322	CULA03G33160	MA_10433838g0010	Cula__CULA03G33160	Pa__MA_10433838g0010
OG0007324	CULA11G24710	MA_9020289g0010	Cula__CULA11G24710	Pa__MA_9020289g0010
OG0007328	CULA05G25630	MA_71283g0010	Cula__CULA05G25630	Pa__MA_71283g0010
OG0007331	CULA09G00710	MA_10436947g0010	Cula__CULA09G00710	Pa__MA_10436947g0010
OG0007334	CULA03G03120	MA_10430198g0010	Cula__CULA03G03120	Pa__MA_10430198g0010
OG0007340	CULA11G12910	MA_10427446g0010	Cula__CULA11G12910	Pa__MA_10427446g0010
OG0007350	CULA03G71520	MA_10430492g0020	Cula__CULA03G71520	Pa__MA_10430492g0020
OG0007353	CULA08G35080	MA_901813g0010	Cula__CULA08G35080	Pa__MA_901813g0010
OG0007360	CULA11G34030	MA_64997g0010	Cula__CULA11G34030	Pa__MA_64997g0010
OG0007366	CULA08G17090	MA_10426600g0010	Cula__CULA08G17090	Pa__MA_10426600g0010
OG0007367	CULA11G17870	MA_58210g0010	Cula__CULA11G17870	Pa__MA_58210g0010
OG0007369	CULA08G31470	MA_10434897g0010	Cula__CULA08G31470	Pa__MA_10434897g0010
OG0007387	CULA05G22130	MA_103548g0010	Cula__CULA05G22130	Pa__MA_103548g0010
OG0007388	CULA04G27150	MA_244623g0010	Cula__CULA04G27150	Pa__MA_244623g0010
OG0007393	CULA08G26920	MA_10434675g0010	Cula__CULA08G26920	Pa__MA_10434675g0010
OG0007396	CULA06G34130	MA_10436627g0010	Cula__CULA06G34130	Pa__MA_10436627g0010
OG0007397	CULA02G38270	MA_10430213g0010	Cula__CULA02G38270	Pa__MA_10430213g0010
OG0007399	CULA08G40660	MA_107468g0010	Cula__CULA08G40660	Pa__MA_107468g0010
OG0007413	CULA06G55880	MA_698430g0010	Cula__CULA06G55880	Pa__MA_698430g0010
OG0007415	CULA07G04950	MA_6118895g0010	Cula__CULA07G04950	Pa__MA_6118895g0010
OG0007419	CULA02G33830	MA_16939g0010	Cula__CULA02G33830	Pa__MA_16939g0010
OG0007424	CULA02G69270	MA_10430565g0020	Cula__CULA02G69270	Pa__MA_10430565g0020
OG0007426	CULA07G14950	MA_10036772g0010	Cula__CULA07G14950	Pa__MA_10036772g0010
OG0007428	CULA09G05400	MA_10436992g0010	Cula__CULA09G05400	Pa__MA_10436992g0010
OG0007430	CULA03G07390	MA_30519g0010	Cula__CULA03G07390	Pa__MA_30519g0010
OG0007440	CULA01G68800	MA_10430819g0010	Cula__CULA01G68800	Pa__MA_10430819g0010
OG0007442	CULA11G24760	MA_464684g0010	Cula__CULA11G24760	Pa__MA_464684g0010
OG0007446	CULA02G33060	MA_10432972g0030	Cula__CULA02G33060	Pa__MA_10432972g0030
OG0007449	CULA09G41000	MA_934713g0010	Cula__CULA09G41000	Pa__MA_934713g0010
OG0007451	CULA01G47230	MA_363538g0010	Cula__CULA01G47230	Pa__MA_363538g0010
OG0007459	CULA05G01010	MA_929730g0010	Cula__CULA05G01010	Pa__MA_929730g0010
OG0007461	CULA04G07190	MA_10431500g0010	Cula__CULA04G07190	Pa__MA_10431500g0010
OG0007463	CULA07G47010	MA_466601g0010	Cula__CULA07G47010	Pa__MA_466601g0010
OG0007475	CULA08G26260	MA_678005g0010	Cula__CULA08G26260	Pa__MA_678005g0010
OG0007477	CULA03G08450	MA_18947g0010	Cula__CULA03G08450	Pa__MA_18947g0010
OG0007478	CULA03G09820	MA_94821g0010	Cula__CULA03G09820	Pa__MA_94821g0010
OG0007479	CULA03G25960	MA_38431g0020	Cula__CULA03G25960	Pa__MA_38431g0020
OG0007480	CULA04G47430	MA_88596g0010	Cula__CULA04G47430	Pa__MA_88596g0010
OG0007484	CULA09G13540	MA_10431559g0010	Cula__CULA09G13540	Pa__MA_10431559g0010
OG0007493	CULA05G33140	MA_77432g0010	Cula__CULA05G33140	Pa__MA_77432g0010
OG0007497	CULA04G07830	MA_10435460g0010	Cula__CULA04G07830	Pa__MA_10435460g0010
OG0007502	CULA11G33370	MA_72005g0010	Cula__CULA11G33370	Pa__MA_72005g0010
OG0007504	CULA04G61080	MA_10432334g0010	Cula__CULA04G61080	Pa__MA_10432334g0010
OG0007507	CULA07G07940	MA_196645g0010	Cula__CULA07G07940	Pa__MA_196645g0010
OG0007508	CULA01G79600	MA_10429887g0020	Cula__CULA01G79600	Pa__MA_10429887g0020
OG0007510	CULA09G29240	MA_10435313g0010	Cula__CULA09G29240	Pa__MA_10435313g0010
OG0007512	CULA01G55450	MA_10434044g0010	Cula__CULA01G55450	Pa__MA_10434044g0010
OG0007517	CULA06G06180	MA_8864122g0010	Cula__CULA06G06180	Pa__MA_8864122g0010
OG0007526	CULA02G08400	MA_9597965g0010	Cula__CULA02G08400	Pa__MA_9597965g0010
OG0007530	CULA02G19540	MA_183042g0010	Cula__CULA02G19540	Pa__MA_183042g0010
OG0007536	CULA01G64580	MA_62279g0010	Cula__CULA01G64580	Pa__MA_62279g0010
OG0007538	CULA10G21330	MA_289035g0010	Cula__CULA10G21330	Pa__MA_289035g0010
OG0007549	CULA04G34710	MA_10434052g0010	Cula__CULA04G34710	Pa__MA_10434052g0010
OG0007555	CULA01G54280	MA_10432595g0010	Cula__CULA01G54280	Pa__MA_10432595g0010
OG0007558	CULA03G63680	MA_17979g0010	Cula__CULA03G63680	Pa__MA_17979g0010
OG0007602	CULA05G28140	MA_8858201g0010	Cula__CULA05G28140	Pa__MA_8858201g0010
OG0007671	CULA01G67890	MA_19749g0020	Cula__CULA01G67890	Pa__MA_19749g0020
OG0007676	CULA10G06500	MA_45223g0010	Cula__CULA10G06500	Pa__MA_45223g0010
OG0007683	CULA01G77610	MA_10605g0020	Cula__CULA01G77610	Pa__MA_10605g0020
OG0007691	CULA06G28620	MA_10429541g0010	Cula__CULA06G28620	Pa__MA_10429541g0010
OG0007697	CULA09G07520	MA_948726g0010	Cula__CULA09G07520	Pa__MA_948726g0010
OG0007701	CULA04G59990	MA_10429177g0010	Cula__CULA04G59990	Pa__MA_10429177g0010
OG0007705	CULA05G47920	MA_10434479g0010	Cula__CULA05G47920	Pa__MA_10434479g0010
OG0007706	CULA04G52490	MA_210389g0010	Cula__CULA04G52490	Pa__MA_210389g0010
OG0007711	CULA02G57880	MA_8847125g0010	Cula__CULA02G57880	Pa__MA_8847125g0010
OG0007713	CULA05G27240	MA_3634858g0010	Cula__CULA05G27240	Pa__MA_3634858g0010
OG0007719	CULA01G29120	MA_10430522g0010	Cula__CULA01G29120	Pa__MA_10430522g0010
OG0007722	CULA05G50380	MA_10434825g0010	Cula__CULA05G50380	Pa__MA_10434825g0010
OG0007723	CULA10G05450	MA_10430207g0010	Cula__CULA10G05450	Pa__MA_10430207g0010
OG0007726	CULA07G51540	MA_721956g0010	Cula__CULA07G51540	Pa__MA_721956g0010
OG0007733	CULA05G40860	MA_395g0010	Cula__CULA05G40860	Pa__MA_395g0010
OG0007734	CULA01G30010	MA_158513g0010	Cula__CULA01G30010	Pa__MA_158513g0010
OG0007736	CULA04G39920	MA_93471g0010	Cula__CULA04G39920	Pa__MA_93471g0010
OG0007751	CULA10G34690	MA_68372g0010	Cula__CULA10G34690	Pa__MA_68372g0010
OG0007754	CULA02G39260	MA_190618g0010	Cula__CULA02G39260	Pa__MA_190618g0010
OG0007755	CULA11G33340	MA_10432685g0010	Cula__CULA11G33340	Pa__MA_10432685g0010
OG0007756	CULA08G36620	MA_10426158g0010	Cula__CULA08G36620	Pa__MA_10426158g0010
OG0007758	CULA02G70040	MA_137427g0010	Cula__CULA02G70040	Pa__MA_137427g0010
OG0007763	CULA01G81390	MA_12191g0010	Cula__CULA01G81390	Pa__MA_12191g0010
OG0007765	CULA01G85810	MA_36244g0010	Cula__CULA01G85810	Pa__MA_36244g0010
OG0007767	CULA06G50880	MA_215195g0010	Cula__CULA06G50880	Pa__MA_215195g0010
OG0007768	CULA11G28760	MA_10435520g0010	Cula__CULA11G28760	Pa__MA_10435520g0010
OG0007772	CULA03G74140	MA_10426753g0020	Cula__CULA03G74140	Pa__MA_10426753g0020
OG0007774	CULA07G49650	MA_10436705g0010	Cula__CULA07G49650	Pa__MA_10436705g0010
OG0007777	CULA01G86630	MA_698612g0010	Cula__CULA01G86630	Pa__MA_698612g0010
OG0007779	CULA02G39050	MA_10430679g0010	Cula__CULA02G39050	Pa__MA_10430679g0010
OG0007786	CULA05G54530	MA_131998g0010	Cula__CULA05G54530	Pa__MA_131998g0010
OG0007793	CULA09G38630	MA_10431749g0030	Cula__CULA09G38630	Pa__MA_10431749g0030
OG0007795	CULA06G33680	MA_130768g0010	Cula__CULA06G33680	Pa__MA_130768g0010
OG0007796	CULA05G44390	MA_10157g0010	Cula__CULA05G44390	Pa__MA_10157g0010
OG0007800	CULA09G26470	MA_818610g0010	Cula__CULA09G26470	Pa__MA_818610g0010
OG0007801	CULA10G24120	MA_464212g0010	Cula__CULA10G24120	Pa__MA_464212g0010
OG0007803	CULA11G30790	MA_3719g0010	Cula__CULA11G30790	Pa__MA_3719g0010
OG0007821	CULA05G01410	MA_117189g0010	Cula__CULA05G01410	Pa__MA_117189g0010
OG0007832	CULA04G61860	MA_10388060g0010	Cula__CULA04G61860	Pa__MA_10388060g0010
OG0007844	CULA03G34600	MA_29271g0010	Cula__CULA03G34600	Pa__MA_29271g0010
OG0007845	CULA11G24450	MA_10428425g0010	Cula__CULA11G24450	Pa__MA_10428425g0010
OG0007848	CULA07G36130	MA_10437276g0010	Cula__CULA07G36130	Pa__MA_10437276g0010
OG0007853	CULA03G48050	MA_10430611g0010	Cula__CULA03G48050	Pa__MA_10430611g0010
OG0007854	CULA08G10690	MA_10437129g0010	Cula__CULA08G10690	Pa__MA_10437129g0010
OG0007865	CULA11G11150	MA_1921g0010	Cula__CULA11G11150	Pa__MA_1921g0010
OG0007867	CULA01G04620	MA_10432984g0010	Cula__CULA01G04620	Pa__MA_10432984g0010
OG0007876	CULA01G10470	MA_88334g0020	Cula__CULA01G10470	Pa__MA_88334g0020
OG0007879	CULA11G23890	MA_10428291g0010	Cula__CULA11G23890	Pa__MA_10428291g0010
OG0007881	CULA06G01050	MA_116011g0010	Cula__CULA06G01050	Pa__MA_116011g0010
OG0007885	CULA05G49700	MA_10436651g0020	Cula__CULA05G49700	Pa__MA_10436651g0020
OG0007889	CULA01G75430	MA_456359g0010	Cula__CULA01G75430	Pa__MA_456359g0010
OG0007892	CULA04G57340	MA_135861g0010	Cula__CULA04G57340	Pa__MA_135861g0010
OG0007894	CULA02G37350	MA_8665517g0010	Cula__CULA02G37350	Pa__MA_8665517g0010
OG0007897	CULA01G13250	MA_170g0010	Cula__CULA01G13250	Pa__MA_170g0010
OG0007906	CULA02G64400	MA_10426008g0010	Cula__CULA02G64400	Pa__MA_10426008g0010
OG0007907	CULA02G48620	MA_168013g0010	Cula__CULA02G48620	Pa__MA_168013g0010
OG0007908	CULA07G19340	MA_9965g0020	Cula__CULA07G19340	Pa__MA_9965g0020
OG0007909	CULA08G43900	MA_10426308g0010	Cula__CULA08G43900	Pa__MA_10426308g0010
OG0007915	CULA01G52610	MA_77052g0010	Cula__CULA01G52610	Pa__MA_77052g0010
OG0007916	CULA03G32260	MA_8320839g0010	Cula__CULA03G32260	Pa__MA_8320839g0010
OG0007925	CULA11G10550	MA_57263g0010	Cula__CULA11G10550	Pa__MA_57263g0010
OG0007927	CULA05G54870	MA_9461665g0010	Cula__CULA05G54870	Pa__MA_9461665g0010
OG0007929	CULA01G45730	MA_10437272g0010	Cula__CULA01G45730	Pa__MA_10437272g0010
OG0007930	CULA02G68020	MA_10430609g0010	Cula__CULA02G68020	Pa__MA_10430609g0010
OG0007933	CULA05G53690	MA_15776g0020	Cula__CULA05G53690	Pa__MA_15776g0020
OG0007941	CULA06G48760	MA_32466g0010	Cula__CULA06G48760	Pa__MA_32466g0010
OG0007948	CULA03G77570	MA_8519310g0010	Cula__CULA03G77570	Pa__MA_8519310g0010
OG0007953	CULA04G37600	MA_170877g0010	Cula__CULA04G37600	Pa__MA_170877g0010
OG0007955	CULA07G36720	MA_10436115g0010	Cula__CULA07G36720	Pa__MA_10436115g0010
OG0007960	CULA03G19110	MA_80925g0010	Cula__CULA03G19110	Pa__MA_80925g0010
OG0007962	CULA05G16350	MA_10430990g0010	Cula__CULA05G16350	Pa__MA_10430990g0010
OG0007963	CULA07G27290	MA_10429072g0010	Cula__CULA07G27290	Pa__MA_10429072g0010
OG0007968	CULA10G01020	MA_101402g0010	Cula__CULA10G01020	Pa__MA_101402g0010
OG0007971	CULA08G48840	MA_9604841g0010	Cula__CULA08G48840	Pa__MA_9604841g0010
OG0007972	CULA07G03120	MA_10425822g0010	Cula__CULA07G03120	Pa__MA_10425822g0010
OG0007973	CULA05G35890	MA_282542g0010	Cula__CULA05G35890	Pa__MA_282542g0010
OG0007975	CULA10G40840	MA_455114g0010	Cula__CULA10G40840	Pa__MA_455114g0010
OG0007977	CULA02G07830	MA_60015g0010	Cula__CULA02G07830	Pa__MA_60015g0010
OG0007981	CULA02G67920	MA_73121g0010	Cula__CULA02G67920	Pa__MA_73121g0010
OG0007987	CULASca45300.1	MA_36627g0010	Cula__CULASca45300.1	Pa__MA_36627g0010
OG0007988	CULA05G38500	MA_104546g0010	Cula__CULA05G38500	Pa__MA_104546g0010
OG0007993	CULA10G26500	MA_216982g0010	Cula__CULA10G26500	Pa__MA_216982g0010
OG0007996	CULA09G42000	MA_267113g0010	Cula__CULA09G42000	Pa__MA_267113g0010
OG0007999	CULA10G19100	MA_100296g0010	Cula__CULA10G19100	Pa__MA_100296g0010
OG0008002	CULA08G49080	MA_931234g0010	Cula__CULA08G49080	Pa__MA_931234g0010
OG0008004	CULA11G11470	MA_10436911g0010	Cula__CULA11G11470	Pa__MA_10436911g0010
OG0008011	CULA05G05050	MA_10428471g0010	Cula__CULA05G05050	Pa__MA_10428471g0010
OG0008020	CULA06G23760	MA_9874324g0010	Cula__CULA06G23760	Pa__MA_9874324g0010
OG0008025	CULA05G35130	MA_10435805g0010	Cula__CULA05G35130	Pa__MA_10435805g0010
OG0008027	CULA04G55650	MA_10428271g0010	Cula__CULA04G55650	Pa__MA_10428271g0010
OG0008029	CULA06G34820	MA_10428397g0010	Cula__CULA06G34820	Pa__MA_10428397g0010
OG0008032	CULA03G74250	MA_10432863g0010	Cula__CULA03G74250	Pa__MA_10432863g0010
OG0008034	CULA01G11610	MA_71275g0010	Cula__CULA01G11610	Pa__MA_71275g0010
OG0008035	CULA07G50420	MA_717677g0010	Cula__CULA07G50420	Pa__MA_717677g0010
OG0008044	CULA07G07470	MA_10427184g0010	Cula__CULA07G07470	Pa__MA_10427184g0010
OG0008047	CULA09G26540	MA_935712g0010	Cula__CULA09G26540	Pa__MA_935712g0010
OG0008048	CULA05G04020	MA_51228g0010	Cula__CULA05G04020	Pa__MA_51228g0010
OG0008053	CULA02G37860	MA_401121g0010	Cula__CULA02G37860	Pa__MA_401121g0010
OG0008054	CULA04G65090	MA_10433779g0010	Cula__CULA04G65090	Pa__MA_10433779g0010
OG0008055	CULA09G22800	MA_428209g0010	Cula__CULA09G22800	Pa__MA_428209g0010
OG0008058	CULA11G10370	MA_10431517g0010	Cula__CULA11G10370	Pa__MA_10431517g0010
OG0008068	CULA02G32140	MA_9421615g0010	Cula__CULA02G32140	Pa__MA_9421615g0010
OG0008072	CULA01G72300	MA_10433657g0010	Cula__CULA01G72300	Pa__MA_10433657g0010
OG0008074	CULA01G52040	MA_9212404g0010	Cula__CULA01G52040	Pa__MA_9212404g0010
OG0008081	CULA07G31220	MA_19948g0010	Cula__CULA07G31220	Pa__MA_19948g0010
OG0008082	CULA01G88790	MA_63465g0010	Cula__CULA01G88790	Pa__MA_63465g0010
OG0008083	CULA10G18020	MA_7903491g0010	Cula__CULA10G18020	Pa__MA_7903491g0010
OG0008084	CULA01G16180	MA_954063g0010	Cula__CULA01G16180	Pa__MA_954063g0010
OG0008085	CULA05G54070	MA_52692g0010	Cula__CULA05G54070	Pa__MA_52692g0010
OG0008087	CULA09G28160	MA_10430387g0010	Cula__CULA09G28160	Pa__MA_10430387g0010
OG0008088	CULA10G03200	MA_10430988g0010	Cula__CULA10G03200	Pa__MA_10430988g0010
OG0008089	CULA05G27850	MA_180023g0010	Cula__CULA05G27850	Pa__MA_180023g0010
OG0008090	CULA11G30640	MA_787567g0010	Cula__CULA11G30640	Pa__MA_787567g0010
OG0008091	CULA11G15640	MA_10207745g0010	Cula__CULA11G15640	Pa__MA_10207745g0010
OG0008096	CULA09G01940	MA_10274845g0010	Cula__CULA09G01940	Pa__MA_10274845g0010
OG0008107	CULA01G45350	MA_193431g0010	Cula__CULA01G45350	Pa__MA_193431g0010
OG0008111	CULA10G22160	MA_17525g0010	Cula__CULA10G22160	Pa__MA_17525g0010
OG0008113	CULA09G34350	MA_136865g0010	Cula__CULA09G34350	Pa__MA_136865g0010
OG0008114	CULA05G03020	MA_10426413g0010	Cula__CULA05G03020	Pa__MA_10426413g0010
OG0008120	CULA05G18790	MA_10098847g0010	Cula__CULA05G18790	Pa__MA_10098847g0010
OG0008121	CULA03G13620	MA_73742g0020	Cula__CULA03G13620	Pa__MA_73742g0020
OG0008123	CULA11G31290	MA_10436383g0010	Cula__CULA11G31290	Pa__MA_10436383g0010
OG0008124	CULA11G06180	MA_10434824g0010	Cula__CULA11G06180	Pa__MA_10434824g0010
OG0008125	CULA08G30660	MA_18029g0010	Cula__CULA08G30660	Pa__MA_18029g0010
OG0008126	CULA01G08290	MA_5639274g0010	Cula__CULA01G08290	Pa__MA_5639274g0010
OG0008127	CULA11G14530	MA_101037g0010	Cula__CULA11G14530	Pa__MA_101037g0010
OG0008128	CULA05G29510	MA_545800g0010	Cula__CULA05G29510	Pa__MA_545800g0010
OG0008131	CULA08G32680	MA_258707g0010	Cula__CULA08G32680	Pa__MA_258707g0010
OG0008136	CULA04G41200	MA_10435874g0010	Cula__CULA04G41200	Pa__MA_10435874g0010
OG0008140	CULA11G19130	MA_10427195g0010	Cula__CULA11G19130	Pa__MA_10427195g0010
OG0008143	CULA03G32560	MA_931263g0010	Cula__CULA03G32560	Pa__MA_931263g0010
OG0008145	CULA07G41250	MA_128961g0010	Cula__CULA07G41250	Pa__MA_128961g0010
OG0008150	CULA10G17180	MA_769502g0010	Cula__CULA10G17180	Pa__MA_769502g0010
OG0008152	CULA11G23060	MA_10427582g0010	Cula__CULA11G23060	Pa__MA_10427582g0010
OG0008153	CULA06G26390	MA_135972g0010	Cula__CULA06G26390	Pa__MA_135972g0010
OG0008154	CULA11G14450	MA_7515g0010	Cula__CULA11G14450	Pa__MA_7515g0010
OG0008157	CULA06G55770	MA_10431867g0010	Cula__CULA06G55770	Pa__MA_10431867g0010
OG0008158	CULA07G41050	MA_17985g0010	Cula__CULA07G41050	Pa__MA_17985g0010
OG0008163	CULA03G74730	MA_10436557g0010	Cula__CULA03G74730	Pa__MA_10436557g0010
OG0008167	CULA11G19830	MA_10435653g0010	Cula__CULA11G19830	Pa__MA_10435653g0010
OG0008171	CULA11G18650	MA_76812g0010	Cula__CULA11G18650	Pa__MA_76812g0010
OG0008172	CULA09G34360	MA_428546g0010	Cula__CULA09G34360	Pa__MA_428546g0010
OG0008173	CULA08G21960	MA_10433633g0010	Cula__CULA08G21960	Pa__MA_10433633g0010
OG0008174	CULA06G30950	MA_10434550g0010	Cula__CULA06G30950	Pa__MA_10434550g0010
OG0008184	CULA04G05280	MA_7893g0010	Cula__CULA04G05280	Pa__MA_7893g0010
OG0008191	CULA03G58710	MA_10430445g0010	Cula__CULA03G58710	Pa__MA_10430445g0010
OG0008192	CULA05G28960	MA_10437236g0010	Cula__CULA05G28960	Pa__MA_10437236g0010
OG0008193	CULA01G70200	MA_10201728g0010	Cula__CULA01G70200	Pa__MA_10201728g0010
OG0008196	CULA11G08470	MA_10436510g0010	Cula__CULA11G08470	Pa__MA_10436510g0010
OG0008200	CULA02G06960	MA_10432065g0010	Cula__CULA02G06960	Pa__MA_10432065g0010
OG0008201	CULA02G16370	MA_7676293g0010	Cula__CULA02G16370	Pa__MA_7676293g0010
OG0008206	CULA06G32720	MA_10436033g0010	Cula__CULA06G32720	Pa__MA_10436033g0010
OG0008208	CULA06G32370	MA_19242g0010	Cula__CULA06G32370	Pa__MA_19242g0010
OG0008210	CULASca43510.1	MA_1829g0010	Cula__CULASca43510.1	Pa__MA_1829g0010
OG0008216	CULA06G45490	MA_160810g0010	Cula__CULA06G45490	Pa__MA_160810g0010
OG0008222	CULA10G17600	MA_7891935g0010	Cula__CULA10G17600	Pa__MA_7891935g0010
OG0008224	CULA02G01970	MA_10433987g0010	Cula__CULA02G01970	Pa__MA_10433987g0010
OG0008228	CULA04G34340	MA_10428900g0010	Cula__CULA04G34340	Pa__MA_10428900g0010
OG0008231	CULA03G01830	MA_207797g0010	Cula__CULA03G01830	Pa__MA_207797g0010
OG0008234	CULA07G15080	MA_10427104g0010	Cula__CULA07G15080	Pa__MA_10427104g0010
OG0008235	CULA03G43930	MA_102794g0010	Cula__CULA03G43930	Pa__MA_102794g0010
OG0008236	CULA09G16120	MA_6605g0010	Cula__CULA09G16120	Pa__MA_6605g0010
OG0008238	CULA11G05910	MA_172990g0010	Cula__CULA11G05910	Pa__MA_172990g0010
OG0008239	CULA01G54540	MA_10427729g0010	Cula__CULA01G54540	Pa__MA_10427729g0010
OG0008244	CULA03G32690	MA_190002g0010	Cula__CULA03G32690	Pa__MA_190002g0010
OG0008246	CULA07G32600	MA_10437091g0010	Cula__CULA07G32600	Pa__MA_10437091g0010
OG0008247	CULA01G47570	MA_10435180g0010	Cula__CULA01G47570	Pa__MA_10435180g0010
OG0008248	CULA06G51610	MA_10436458g0010	Cula__CULA06G51610	Pa__MA_10436458g0010
OG0008252	CULA06G04170	MA_196209g0010	Cula__CULA06G04170	Pa__MA_196209g0010
OG0008256	CULA02G29330	MA_207905g0010	Cula__CULA02G29330	Pa__MA_207905g0010
OG0008259	CULA02G01130	MA_142027g0010	Cula__CULA02G01130	Pa__MA_142027g0010
OG0008261	CULASca27910.1	MA_10433522g0020	Cula__CULASca27910.1	Pa__MA_10433522g0020
OG0008263	CULA07G34470	MA_39408g0010	Cula__CULA07G34470	Pa__MA_39408g0010
OG0008271	CULA04G14630	MA_2141g0010	Cula__CULA04G14630	Pa__MA_2141g0010
OG0008275	CULA08G31760	MA_42281g0010	Cula__CULA08G31760	Pa__MA_42281g0010
OG0008279	CULA04G36500	MA_11292g0010	Cula__CULA04G36500	Pa__MA_11292g0010
OG0008280	CULA01G08640	MA_789584g0010	Cula__CULA01G08640	Pa__MA_789584g0010
OG0008283	CULA08G26220	MA_958631g0010	Cula__CULA08G26220	Pa__MA_958631g0010
OG0008285	CULA06G44750	MA_10191277g0010	Cula__CULA06G44750	Pa__MA_10191277g0010
OG0008289	CULA03G36810	MA_10432702g0010	Cula__CULA03G36810	Pa__MA_10432702g0010
OG0008291	CULA09G16650	MA_10436799g0010	Cula__CULA09G16650	Pa__MA_10436799g0010
OG0008293	CULA03G17090	MA_10431933g0010	Cula__CULA03G17090	Pa__MA_10431933g0010
OG0008296	CULA03G05740	MA_38751g0010	Cula__CULA03G05740	Pa__MA_38751g0010
OG0008301	CULA05G45630	MA_70965g0010	Cula__CULA05G45630	Pa__MA_70965g0010
OG0008305	CULA06G48320	MA_206805g0010	Cula__CULA06G48320	Pa__MA_206805g0010
OG0008309	CULA04G64730	MA_36703g0010	Cula__CULA04G64730	Pa__MA_36703g0010
OG0008310	CULA02G21600	MA_14851g0010	Cula__CULA02G21600	Pa__MA_14851g0010
OG0008311	CULA05G30540	MA_10435221g0010	Cula__CULA05G30540	Pa__MA_10435221g0010
OG0008316	CULA07G07890	MA_10437252g0010	Cula__CULA07G07890	Pa__MA_10437252g0010
OG0008319	CULA05G04010	MA_10434187g0020	Cula__CULA05G04010	Pa__MA_10434187g0020
OG0008322	CULA01G43080	MA_553393g0010	Cula__CULA01G43080	Pa__MA_553393g0010
OG0008324	CULA02G29530	MA_87479g0010	Cula__CULA02G29530	Pa__MA_87479g0010
OG0008326	CULA02G46030	MA_595253g0010	Cula__CULA02G46030	Pa__MA_595253g0010
OG0008329	CULA03G17910	MA_10435701g0010	Cula__CULA03G17910	Pa__MA_10435701g0010
OG0008336	CULA07G50720	MA_10435364g0010	Cula__CULA07G50720	Pa__MA_10435364g0010
OG0008338	CULA04G54460	MA_28151g0010	Cula__CULA04G54460	Pa__MA_28151g0010
OG0008339	CULA04G38320	MA_10428103g0010	Cula__CULA04G38320	Pa__MA_10428103g0010
OG0008343	CULA09G38440	MA_8664756g0010	Cula__CULA09G38440	Pa__MA_8664756g0010
OG0008347	CULA11G18560	MA_12242g0010	Cula__CULA11G18560	Pa__MA_12242g0010
OG0008351	CULA09G34540	MA_185473g0020	Cula__CULA09G34540	Pa__MA_185473g0020
OG0008354	CULA04G12930	MA_112563g0010	Cula__CULA04G12930	Pa__MA_112563g0010
OG0008355	CULA02G27750	MA_140161g0010	Cula__CULA02G27750	Pa__MA_140161g0010
OG0008356	CULA09G25580	MA_77519g0010	Cula__CULA09G25580	Pa__MA_77519g0010
OG0008362	CULA04G55190	MA_94840g0010	Cula__CULA04G55190	Pa__MA_94840g0010
OG0008368	CULA10G15610	MA_318903g0010	Cula__CULA10G15610	Pa__MA_318903g0010
OG0008374	CULA03G44840	MA_10437219g0010	Cula__CULA03G44840	Pa__MA_10437219g0010
OG0008375	CULA03G27530	MA_168237g0010	Cula__CULA03G27530	Pa__MA_168237g0010
OG0008378	CULA02G47260	MA_10427063g0010	Cula__CULA02G47260	Pa__MA_10427063g0010
OG0008382	CULA02G45460	MA_10434896g0010	Cula__CULA02G45460	Pa__MA_10434896g0010
OG0008386	CULA05G01590	MA_10430469g0010	Cula__CULA05G01590	Pa__MA_10430469g0010
OG0008393	CULA01G03770	MA_10432659g0010	Cula__CULA01G03770	Pa__MA_10432659g0010
OG0008395	CULA07G53960	MA_197352g0010	Cula__CULA07G53960	Pa__MA_197352g0010
OG0008397	CULA03G34580	MA_124841g0010	Cula__CULA03G34580	Pa__MA_124841g0010
OG0008399	CULA03G74120	MA_56412g0010	Cula__CULA03G74120	Pa__MA_56412g0010
OG0008412	CULA01G28080	MA_10427499g0010	Cula__CULA01G28080	Pa__MA_10427499g0010
OG0008417	CULA03G36660	MA_9125g0010	Cula__CULA03G36660	Pa__MA_9125g0010
OG0008421	CULA08G42930	MA_16307g0010	Cula__CULA08G42930	Pa__MA_16307g0010
OG0008423	CULA08G29160	MA_32523g0010	Cula__CULA08G29160	Pa__MA_32523g0010
OG0008433	CULA02G39100	MA_10429212g0010	Cula__CULA02G39100	Pa__MA_10429212g0010
OG0008434	CULA09G34310	MA_91881g0010	Cula__CULA09G34310	Pa__MA_91881g0010
OG0008435	CULA08G09990	MA_94185g0010	Cula__CULA08G09990	Pa__MA_94185g0010
OG0008437	CULA09G28050	MA_10426582g0010	Cula__CULA09G28050	Pa__MA_10426582g0010
OG0008444	CULA10G22050	MA_10434309g0010	Cula__CULA10G22050	Pa__MA_10434309g0010
OG0008449	CULA08G24100	MA_890533g0010	Cula__CULA08G24100	Pa__MA_890533g0010
OG0008453	CULA10G34860	MA_10174633g0010	Cula__CULA10G34860	Pa__MA_10174633g0010
OG0008454	CULA08G21400	MA_329803g0010	Cula__CULA08G21400	Pa__MA_329803g0010
OG0008455	CULA01G77550	MA_20586g0010	Cula__CULA01G77550	Pa__MA_20586g0010
OG0008458	CULA02G39020	MA_3005g0010	Cula__CULA02G39020	Pa__MA_3005g0010
OG0008459	CULA07G39320	MA_10212g0010	Cula__CULA07G39320	Pa__MA_10212g0010
OG0008462	CULA04G55560	MA_124660g0010	Cula__CULA04G55560	Pa__MA_124660g0010
OG0008469	CULA05G14860	MA_98338g0020	Cula__CULA05G14860	Pa__MA_98338g0020
OG0008474	CULA03G78840	MA_10433164g0010	Cula__CULA03G78840	Pa__MA_10433164g0010
OG0008477	CULA01G47180	MA_254951g0010	Cula__CULA01G47180	Pa__MA_254951g0010
OG0008484	CULA02G35320	MA_122405g0010	Cula__CULA02G35320	Pa__MA_122405g0010
OG0008485	CULA01G76280	MA_10294942g0010	Cula__CULA01G76280	Pa__MA_10294942g0010
OG0008489	CULA06G07400	MA_10429557g0010	Cula__CULA06G07400	Pa__MA_10429557g0010
OG0008492	CULA10G21360	MA_10431006g0010	Cula__CULA10G21360	Pa__MA_10431006g0010
OG0008493	CULA05G28560	MA_10430630g0010	Cula__CULA05G28560	Pa__MA_10430630g0010
OG0008498	CULA01G88990	MA_500401g0010	Cula__CULA01G88990	Pa__MA_500401g0010
OG0008499	CULA04G50480	MA_10434058g0020	Cula__CULA04G50480	Pa__MA_10434058g0020
OG0008500	CULA06G39530	MA_204184g0010	Cula__CULA06G39530	Pa__MA_204184g0010
OG0008513	CULA09G27030	MA_7242206g0010	Cula__CULA09G27030	Pa__MA_7242206g0010
OG0008514	CULA09G26500	MA_10429361g0010	Cula__CULA09G26500	Pa__MA_10429361g0010
OG0008517	CULA03G39300	MA_10066449g0010	Cula__CULA03G39300	Pa__MA_10066449g0010
OG0008518	CULA10G37770	MA_118167g0010	Cula__CULA10G37770	Pa__MA_118167g0010
OG0008521	CULA09G25790	MA_10433050g0010	Cula__CULA09G25790	Pa__MA_10433050g0010
OG0008524	CULA04G35560	MA_10204983g0010	Cula__CULA04G35560	Pa__MA_10204983g0010
OG0008525	CULA05G01060	MA_10433818g0010	Cula__CULA05G01060	Pa__MA_10433818g0010
OG0008529	CULA03G21650	MA_86565g0010	Cula__CULA03G21650	Pa__MA_86565g0010
OG0008531	CULA05G28390	MA_46769g0010	Cula__CULA05G28390	Pa__MA_46769g0010
OG0008534	CULA10G22080	MA_3912623g0010	Cula__CULA10G22080	Pa__MA_3912623g0010
OG0008541	CULA07G01270	MA_10433783g0010	Cula__CULA07G01270	Pa__MA_10433783g0010
OG0008545	CULA04G59260	MA_41097g0010	Cula__CULA04G59260	Pa__MA_41097g0010
OG0008549	CULA03G27420	MA_17331g0010	Cula__CULA03G27420	Pa__MA_17331g0010
OG0008550	CULA04G64840	MA_10426694g0020	Cula__CULA04G64840	Pa__MA_10426694g0020
OG0008553	CULA11G19110	MA_10428389g0010	Cula__CULA11G19110	Pa__MA_10428389g0010
OG0008557	CULA08G47070	MA_10114753g0010	Cula__CULA08G47070	Pa__MA_10114753g0010
OG0008558	CULA01G04340	MA_424432g0010	Cula__CULA01G04340	Pa__MA_424432g0010
OG0008563	CULA10G21560	MA_14697g0010	Cula__CULA10G21560	Pa__MA_14697g0010
OG0008564	CULA03G32730	MA_10432963g0010	Cula__CULA03G32730	Pa__MA_10432963g0010
OG0008569	CULA01G48050	MA_10435758g0010	Cula__CULA01G48050	Pa__MA_10435758g0010
OG0008571	CULA10G02450	MA_10334014g0010	Cula__CULA10G02450	Pa__MA_10334014g0010
OG0008572	CULA03G65920	MA_348109g0010	Cula__CULA03G65920	Pa__MA_348109g0010
OG0008573	CULA08G31780	MA_10431027g0010	Cula__CULA08G31780	Pa__MA_10431027g0010
OG0008580	CULA01G89570	MA_10425996g0010	Cula__CULA01G89570	Pa__MA_10425996g0010
OG0008583	CULA11G31510	MA_10431011g0010	Cula__CULA11G31510	Pa__MA_10431011g0010
OG0008584	CULA08G18240	MA_10432869g0010	Cula__CULA08G18240	Pa__MA_10432869g0010
OG0008585	CULA10G25620	MA_546546g0010	Cula__CULA10G25620	Pa__MA_546546g0010
OG0008590	CULA01G08440	MA_832086g0010	Cula__CULA01G08440	Pa__MA_832086g0010
OG0008591	CULA06G24440	MA_10437242g0030	Cula__CULA06G24440	Pa__MA_10437242g0030
OG0008592	CULA02G28550	MA_9424008g0010	Cula__CULA02G28550	Pa__MA_9424008g0010
OG0008607	CULA07G34200	MA_24533g0010	Cula__CULA07G34200	Pa__MA_24533g0010
OG0008608	CULA07G14830	MA_51020g0010	Cula__CULA07G14830	Pa__MA_51020g0010
OG0008617	CULA02G37470	MA_8781980g0010	Cula__CULA02G37470	Pa__MA_8781980g0010
OG0008618	CULA05G25230	MA_770476g0010	Cula__CULA05G25230	Pa__MA_770476g0010
OG0008619	CULA05G02660	MA_300110g0010	Cula__CULA05G02660	Pa__MA_300110g0010
OG0008620	CULA01G37630	MA_10426691g0010	Cula__CULA01G37630	Pa__MA_10426691g0010
OG0008621	CULA08G31870	MA_10142119g0010	Cula__CULA08G31870	Pa__MA_10142119g0010
OG0008622	CULA02G50540	MA_12772g0020	Cula__CULA02G50540	Pa__MA_12772g0020
OG0008624	CULA11G34800	MA_10426707g0010	Cula__CULA11G34800	Pa__MA_10426707g0010
OG0008633	CULA07G33930	MA_141677g0010	Cula__CULA07G33930	Pa__MA_141677g0010
OG0008644	CULA09G31590	MA_117808g0010	Cula__CULA09G31590	Pa__MA_117808g0010
OG0008645	CULA01G01080	MA_40109g0020	Cula__CULA01G01080	Pa__MA_40109g0020
OG0008650	CULA05G25870	MA_807504g0010	Cula__CULA05G25870	Pa__MA_807504g0010
OG0008651	CULA10G00830	MA_78838g0010	Cula__CULA10G00830	Pa__MA_78838g0010
OG0008653	CULA01G64450	MA_10431072g0010	Cula__CULA01G64450	Pa__MA_10431072g0010
OG0008656	CULA01G07990	MA_954906g0010	Cula__CULA01G07990	Pa__MA_954906g0010
OG0008663	CULA05G43950	MA_10435705g0010	Cula__CULA05G43950	Pa__MA_10435705g0010
OG0008669	CULA09G39540	MA_10437250g0010	Cula__CULA09G39540	Pa__MA_10437250g0010
OG0008672	CULA03G05660	MA_10433797g0010	Cula__CULA03G05660	Pa__MA_10433797g0010
OG0008673	CULA03G33070	MA_64225g0010	Cula__CULA03G33070	Pa__MA_64225g0010
OG0008676	CULA07G48570	MA_163848g0010	Cula__CULA07G48570	Pa__MA_163848g0010
OG0008678	CULA10G22590	MA_10436142g0010	Cula__CULA10G22590	Pa__MA_10436142g0010
OG0008683	CULA06G41590	MA_10435318g0020	Cula__CULA06G41590	Pa__MA_10435318g0020
OG0008686	CULA01G23060	MA_9676g0010	Cula__CULA01G23060	Pa__MA_9676g0010
OG0008688	CULA03G62480	MA_10437017g0010	Cula__CULA03G62480	Pa__MA_10437017g0010
OG0008689	CULA09G12650	MA_8932955g0010	Cula__CULA09G12650	Pa__MA_8932955g0010
OG0008694	CULASca35260.1	MA_63657g0010	Cula__CULASca35260.1	Pa__MA_63657g0010
OG0008697	CULASca46930.1	MA_53001g0010	Cula__CULASca46930.1	Pa__MA_53001g0010
OG0008699	CULA01G81370	MA_8767733g0010	Cula__CULA01G81370	Pa__MA_8767733g0010
OG0008700	CULA11G02950	MA_54574g0010	Cula__CULA11G02950	Pa__MA_54574g0010
OG0008704	CULA11G23450	MA_171151g0010	Cula__CULA11G23450	Pa__MA_171151g0010
OG0008705	CULA01G54560	MA_892125g0010	Cula__CULA01G54560	Pa__MA_892125g0010
OG0008713	CULA04G34610	MA_18403g0010	Cula__CULA04G34610	Pa__MA_18403g0010
OG0008714	CULA05G41110	MA_10435541g0010	Cula__CULA05G41110	Pa__MA_10435541g0010
OG0008716	CULA01G82770	MA_10436385g0010	Cula__CULA01G82770	Pa__MA_10436385g0010
OG0008717	CULA10G35910	MA_10431270g0010	Cula__CULA10G35910	Pa__MA_10431270g0010
OG0008726	CULA01G46370	MA_5123g0010	Cula__CULA01G46370	Pa__MA_5123g0010
OG0008727	CULA01G30050	MA_10231644g0010	Cula__CULA01G30050	Pa__MA_10231644g0010
OG0008832	CULA06G57080	MA_73126g0010	Cula__CULA06G57080	Pa__MA_73126g0010
OG0008834	CULA08G18080	MA_75861g0010	Cula__CULA08G18080	Pa__MA_75861g0010
OG0008843	CULA01G54810	MA_10428464g0010	Cula__CULA01G54810	Pa__MA_10428464g0010
OG0008848	CULA09G01080	MA_484764g0010	Cula__CULA09G01080	Pa__MA_484764g0010
OG0008855	CULA01G69630	MA_140331g0010	Cula__CULA01G69630	Pa__MA_140331g0010
OG0008856	CULA06G58270	MA_2446g0010	Cula__CULA06G58270	Pa__MA_2446g0010
OG0008862	CULA10G46790	MA_735g0010	Cula__CULA10G46790	Pa__MA_735g0010
OG0008864	CULA02G37760	MA_42946g0010	Cula__CULA02G37760	Pa__MA_42946g0010
OG0008867	CULA04G42230	MA_40288g0010	Cula__CULA04G42230	Pa__MA_40288g0010
OG0008885	CULA08G26880	MA_8603g0010	Cula__CULA08G26880	Pa__MA_8603g0010
OG0008886	CULA09G21390	MA_5080831g0010	Cula__CULA09G21390	Pa__MA_5080831g0010
OG0008891	CULA08G45400	MA_2744189g0010	Cula__CULA08G45400	Pa__MA_2744189g0010
OG0008896	CULA03G54930	MA_6291g0010	Cula__CULA03G54930	Pa__MA_6291g0010
OG0008904	CULA06G06730	MA_42080g0010	Cula__CULA06G06730	Pa__MA_42080g0010
OG0008905	CULA02G08500	MA_8142g0020	Cula__CULA02G08500	Pa__MA_8142g0020
OG0008908	CULA11G29070	MA_177763g0010	Cula__CULA11G29070	Pa__MA_177763g0010
OG0008912	CULA05G50280	MA_7131g0010	Cula__CULA05G50280	Pa__MA_7131g0010
OG0008914	CULA07G54330	MA_9873048g0010	Cula__CULA07G54330	Pa__MA_9873048g0010
OG0008917	CULA02G39280	MA_7459g0010	Cula__CULA02G39280	Pa__MA_7459g0010
OG0008922	CULA06G20880	MA_140861g0010	Cula__CULA06G20880	Pa__MA_140861g0010
OG0008923	CULA05G01790	MA_10429643g0010	Cula__CULA05G01790	Pa__MA_10429643g0010
OG0008925	CULA06G42590	MA_20205g0020	Cula__CULA06G42590	Pa__MA_20205g0020
OG0008928	CULA03G33920	MA_51435g0010	Cula__CULA03G33920	Pa__MA_51435g0010
OG0008929	CULA08G23880	MA_10427930g0010	Cula__CULA08G23880	Pa__MA_10427930g0010
OG0008930	CULA02G28990	MA_185939g0010	Cula__CULA02G28990	Pa__MA_185939g0010
OG0008931	CULA09G37870	MA_16445g0010	Cula__CULA09G37870	Pa__MA_16445g0010
OG0008934	CULA04G01270	MA_10434270g0010	Cula__CULA04G01270	Pa__MA_10434270g0010
OG0008935	CULA05G21900	MA_10428567g0010	Cula__CULA05G21900	Pa__MA_10428567g0010
OG0008937	CULA03G36880	MA_109433g0010	Cula__CULA03G36880	Pa__MA_109433g0010
OG0008939	CULA05G32400	MA_734876g0010	Cula__CULA05G32400	Pa__MA_734876g0010
OG0008944	CULA01G14230	MA_189319g0010	Cula__CULA01G14230	Pa__MA_189319g0010
OG0008947	CULA02G49480	MA_89328g0010	Cula__CULA02G49480	Pa__MA_89328g0010
OG0008948	CULA08G31850	MA_14292g0010	Cula__CULA08G31850	Pa__MA_14292g0010
OG0008951	CULA02G45320	MA_10427919g0010	Cula__CULA02G45320	Pa__MA_10427919g0010
OG0008956	CULA07G53490	MA_10426289g0010	Cula__CULA07G53490	Pa__MA_10426289g0010
OG0008960	CULA07G15370	MA_536g0010	Cula__CULA07G15370	Pa__MA_536g0010
OG0008961	CULA05G46480	MA_10434600g0010	Cula__CULA05G46480	Pa__MA_10434600g0010
OG0008962	CULA11G32750	MA_7924g0020	Cula__CULA11G32750	Pa__MA_7924g0020
OG0008963	CULA01G47470	MA_10432494g0010	Cula__CULA01G47470	Pa__MA_10432494g0010
OG0008964	CULA08G22850	MA_89652g0010	Cula__CULA08G22850	Pa__MA_89652g0010
OG0008971	CULA10G38820	MA_209254g0010	Cula__CULA10G38820	Pa__MA_209254g0010
OG0008972	CULA05G43290	MA_10429367g0010	Cula__CULA05G43290	Pa__MA_10429367g0010
OG0008975	CULA11G00880	MA_122608g0010	Cula__CULA11G00880	Pa__MA_122608g0010
OG0008976	CULA02G19520	MA_63040g0010	Cula__CULA02G19520	Pa__MA_63040g0010
OG0008978	CULA10G25780	MA_3361g0010	Cula__CULA10G25780	Pa__MA_3361g0010
OG0008981	CULA07G53580	MA_15932g0010	Cula__CULA07G53580	Pa__MA_15932g0010
OG0008986	CULA08G26590	MA_10435530g0010	Cula__CULA08G26590	Pa__MA_10435530g0010
OG0008987	CULA05G27650	MA_7753240g0010	Cula__CULA05G27650	Pa__MA_7753240g0010
OG0008990	CULA04G54530	MA_25336g0010	Cula__CULA04G54530	Pa__MA_25336g0010
OG0008993	CULA02G38970	MA_10436540g0010	Cula__CULA02G38970	Pa__MA_10436540g0010
OG0009000	CULA03G54870	MA_10427558g0010	Cula__CULA03G54870	Pa__MA_10427558g0010
OG0009003	CULA10G41970	MA_10436757g0010	Cula__CULA10G41970	Pa__MA_10436757g0010
OG0009006	CULA10G11760	MA_257116g0010	Cula__CULA10G11760	Pa__MA_257116g0010
OG0009010	CULA09G22140	MA_5287g0010	Cula__CULA09G22140	Pa__MA_5287g0010
OG0009012	CULA10G00740	MA_15142g0010	Cula__CULA10G00740	Pa__MA_15142g0010
OG0009021	CULA01G75040	MA_10436940g0010	Cula__CULA01G75040	Pa__MA_10436940g0010
OG0009023	CULA08G40330	MA_10429094g0010	Cula__CULA08G40330	Pa__MA_10429094g0010
OG0009025	CULA07G28270	MA_10435799g0010	Cula__CULA07G28270	Pa__MA_10435799g0010
OG0009028	CULA06G33060	MA_10434622g0020	Cula__CULA06G33060	Pa__MA_10434622g0020
OG0009029	CULA01G33150	MA_123833g0010	Cula__CULA01G33150	Pa__MA_123833g0010
OG0009031	CULA10G07000	MA_6221g0010	Cula__CULA10G07000	Pa__MA_6221g0010
OG0009053	CULA07G01320	MA_10426199g0010	Cula__CULA07G01320	Pa__MA_10426199g0010
OG0009054	CULA01G47770	MA_10432221g0010	Cula__CULA01G47770	Pa__MA_10432221g0010
OG0009056	CULA03G68900	MA_74917g0010	Cula__CULA03G68900	Pa__MA_74917g0010
OG0009057	CULA05G32230	MA_37876g0010	Cula__CULA05G32230	Pa__MA_37876g0010
OG0009058	CULA10G44380	MA_81710g0010	Cula__CULA10G44380	Pa__MA_81710g0010
OG0009059	CULA09G36840	MA_3218g0010	Cula__CULA09G36840	Pa__MA_3218g0010
OG0009060	CULA09G33580	MA_10435294g0010	Cula__CULA09G33580	Pa__MA_10435294g0010
OG0009061	CULA10G21080	MA_96704g0010	Cula__CULA10G21080	Pa__MA_96704g0010
OG0009065	CULA06G30850	MA_31029g0010	Cula__CULA06G30850	Pa__MA_31029g0010
OG0009069	CULA07G00670	MA_10432707g0010	Cula__CULA07G00670	Pa__MA_10432707g0010
OG0009071	CULA11G21050	MA_98095g0010	Cula__CULA11G21050	Pa__MA_98095g0010
OG0009072	CULA03G76210	MA_22260g0020	Cula__CULA03G76210	Pa__MA_22260g0020
OG0009073	CULA04G35510	MA_20567g0010	Cula__CULA04G35510	Pa__MA_20567g0010
OG0009074	CULA09G34980	MA_72137g0010	Cula__CULA09G34980	Pa__MA_72137g0010
OG0009081	CULA04G41500	MA_6333g0010	Cula__CULA04G41500	Pa__MA_6333g0010
OG0009084	CULA11G00340	MA_3113g0010	Cula__CULA11G00340	Pa__MA_3113g0010
OG0009085	CULA08G22120	MA_10429485g0010	Cula__CULA08G22120	Pa__MA_10429485g0010
OG0009092	CULA08G04830	MA_138058g0010	Cula__CULA08G04830	Pa__MA_138058g0010
OG0009094	CULA03G44940	MA_47739g0010	Cula__CULA03G44940	Pa__MA_47739g0010
OG0009095	CULA02G07950	MA_8978g0010	Cula__CULA02G07950	Pa__MA_8978g0010
OG0009100	CULA06G30110	MA_57875g0010	Cula__CULA06G30110	Pa__MA_57875g0010
OG0009106	CULA01G62930	MA_8514g0010	Cula__CULA01G62930	Pa__MA_8514g0010
OG0009109	CULA11G02860	MA_108080g0010	Cula__CULA11G02860	Pa__MA_108080g0010
OG0009112	CULA01G29410	MA_10436626g0030	Cula__CULA01G29410	Pa__MA_10436626g0030
OG0009113	CULA02G12420	MA_97021g0010	Cula__CULA02G12420	Pa__MA_97021g0010
OG0009115	CULA08G49010	MA_8277894g0010	Cula__CULA08G49010	Pa__MA_8277894g0010
OG0009116	CULA07G30100	MA_77292g0010	Cula__CULA07G30100	Pa__MA_77292g0010
OG0009117	CULA02G42060	MA_20265g0010	Cula__CULA02G42060	Pa__MA_20265g0010
OG0009118	CULA08G18480	MA_17288g0010	Cula__CULA08G18480	Pa__MA_17288g0010
OG0009121	CULA01G07980	MA_10426042g0010	Cula__CULA01G07980	Pa__MA_10426042g0010
OG0009125	CULA05G24620	MA_40677g0020	Cula__CULA05G24620	Pa__MA_40677g0020
OG0009127	CULA01G43940	MA_10433949g0010	Cula__CULA01G43940	Pa__MA_10433949g0010
OG0009138	CULA09G18680	MA_10426046g0010	Cula__CULA09G18680	Pa__MA_10426046g0010
OG0009139	CULA03G47020	MA_16805g0010	Cula__CULA03G47020	Pa__MA_16805g0010
OG0009140	CULA10G19440	MA_10435430g0010	Cula__CULA10G19440	Pa__MA_10435430g0010
OG0009144	CULA03G18550	MA_10426170g0010	Cula__CULA03G18550	Pa__MA_10426170g0010
OG0009146	CULA11G02230	MA_8039913g0010	Cula__CULA11G02230	Pa__MA_8039913g0010
OG0009150	CULA01G71790	MA_10426002g0020	Cula__CULA01G71790	Pa__MA_10426002g0020
OG0009151	CULA01G24280	MA_10425844g0010	Cula__CULA01G24280	Pa__MA_10425844g0010
OG0009152	CULA02G00400	MA_80306g0010	Cula__CULA02G00400	Pa__MA_80306g0010
OG0009158	CULA04G45650	MA_10430646g0010	Cula__CULA04G45650	Pa__MA_10430646g0010
OG0009162	CULA01G45360	MA_98654g0010	Cula__CULA01G45360	Pa__MA_98654g0010
OG0009176	CULA11G06330	MA_10432225g0020	Cula__CULA11G06330	Pa__MA_10432225g0020
OG0009177	CULA11G10400	MA_10431839g0010	Cula__CULA11G10400	Pa__MA_10431839g0010
OG0009181	CULA02G68030	MA_116809g0010	Cula__CULA02G68030	Pa__MA_116809g0010
OG0009182	CULA11G32220	MA_10158078g0010	Cula__CULA11G32220	Pa__MA_10158078g0010
OG0009186	CULA01G48730	MA_4460g0020	Cula__CULA01G48730	Pa__MA_4460g0020
OG0009187	CULA01G72710	MA_350854g0010	Cula__CULA01G72710	Pa__MA_350854g0010
OG0009188	CULA02G09450	MA_10433727g0010	Cula__CULA02G09450	Pa__MA_10433727g0010
OG0009191	CULA10G43640	MA_10430779g0010	Cula__CULA10G43640	Pa__MA_10430779g0010
OG0009197	CULA01G79690	MA_8072g0010	Cula__CULA01G79690	Pa__MA_8072g0010
OG0009202	CULA05G44680	MA_77106g0010	Cula__CULA05G44680	Pa__MA_77106g0010
OG0009209	CULA01G87640	MA_28715g0010	Cula__CULA01G87640	Pa__MA_28715g0010
OG0009210	CULA09G35260	MA_2478g0010	Cula__CULA09G35260	Pa__MA_2478g0010
OG0009211	CULA09G23380	MA_941883g0010	Cula__CULA09G23380	Pa__MA_941883g0010
OG0009226	CULA03G22900	MA_10436854g0010	Cula__CULA03G22900	Pa__MA_10436854g0010
OG0009228	CULA01G04320	MA_20557g0010	Cula__CULA01G04320	Pa__MA_20557g0010
OG0009233	CULA04G38340	MA_158434g0010	Cula__CULA04G38340	Pa__MA_158434g0010
OG0009237	CULA05G27470	MA_10427843g0020	Cula__CULA05G27470	Pa__MA_10427843g0020
OG0009238	CULA08G23440	MA_10426584g0010	Cula__CULA08G23440	Pa__MA_10426584g0010
OG0009242	CULA03G36460	MA_10048552g0010	Cula__CULA03G36460	Pa__MA_10048552g0010
OG0009244	CULASca66830.1	MA_29120g0010	Cula__CULASca66830.1	Pa__MA_29120g0010
OG0009246	CULA10G08570	MA_64677g0010	Cula__CULA10G08570	Pa__MA_64677g0010
OG0009252	CULA07G52320	MA_10431478g0010	Cula__CULA07G52320	Pa__MA_10431478g0010
OG0009254	CULA05G42960	MA_138387g0010	Cula__CULA05G42960	Pa__MA_138387g0010
OG0009258	CULASca63820.1	MA_766254g0010	Cula__CULASca63820.1	Pa__MA_766254g0010
OG0009265	CULA03G15600	MA_10433805g0010	Cula__CULA03G15600	Pa__MA_10433805g0010
OG0009269	CULA10G35150	MA_262554g0010	Cula__CULA10G35150	Pa__MA_262554g0010
OG0009275	CULA06G25970	MA_721204g0010	Cula__CULA06G25970	Pa__MA_721204g0010
OG0009284	CULA07G08900	MA_99538g0010	Cula__CULA07G08900	Pa__MA_99538g0010
OG0009288	CULA01G81140	MA_201247g0010	Cula__CULA01G81140	Pa__MA_201247g0010
OG0009293	CULA07G07080	MA_10249312g0010	Cula__CULA07G07080	Pa__MA_10249312g0010
OG0009294	CULA06G37940	MA_10427477g0010	Cula__CULA06G37940	Pa__MA_10427477g0010
OG0009295	CULA02G24620	MA_10437041g0020	Cula__CULA02G24620	Pa__MA_10437041g0020
OG0009299	CULA05G44480	MA_37500g0010	Cula__CULA05G44480	Pa__MA_37500g0010
OG0009300	CULA06G04570	MA_184697g0010	Cula__CULA06G04570	Pa__MA_184697g0010
OG0009303	CULA11G30080	MA_91432g0010	Cula__CULA11G30080	Pa__MA_91432g0010
OG0009304	CULA01G42500	MA_10435868g0020	Cula__CULA01G42500	Pa__MA_10435868g0020
OG0009305	CULA09G13920	MA_10435597g0010	Cula__CULA09G13920	Pa__MA_10435597g0010
OG0009306	CULA01G18710	MA_10426982g0010	Cula__CULA01G18710	Pa__MA_10426982g0010
OG0009307	CULA04G05600	MA_8815984g0010	Cula__CULA04G05600	Pa__MA_8815984g0010
OG0009312	CULA06G34020	MA_10435405g0010	Cula__CULA06G34020	Pa__MA_10435405g0010
OG0009317	CULA02G38230	MA_10436746g0010	Cula__CULA02G38230	Pa__MA_10436746g0010
OG0009319	CULA05G00360	MA_8028g0010	Cula__CULA05G00360	Pa__MA_8028g0010
OG0009320	CULA03G77230	MA_10435674g0010	Cula__CULA03G77230	Pa__MA_10435674g0010
OG0009321	CULA01G88520	MA_443647g0010	Cula__CULA01G88520	Pa__MA_443647g0010
OG0009322	CULA01G63250	MA_169151g0010	Cula__CULA01G63250	Pa__MA_169151g0010
OG0009323	CULA03G36010	MA_15416g0010	Cula__CULA03G36010	Pa__MA_15416g0010
OG0009324	CULA09G28810	MA_925728g0010	Cula__CULA09G28810	Pa__MA_925728g0010
OG0009325	CULA06G34680	MA_356289g0010	Cula__CULA06G34680	Pa__MA_356289g0010
OG0009327	CULA03G45540	MA_10282934g0010	Cula__CULA03G45540	Pa__MA_10282934g0010
OG0009328	CULA10G30460	MA_10432372g0010	Cula__CULA10G30460	Pa__MA_10432372g0010
OG0009329	CULA04G36890	MA_10435936g0010	Cula__CULA04G36890	Pa__MA_10435936g0010
OG0009331	CULA05G52970	MA_10429547g0010	Cula__CULA05G52970	Pa__MA_10429547g0010
OG0009332	CULA06G19570	MA_57459g0010	Cula__CULA06G19570	Pa__MA_57459g0010
OG0009333	CULA01G62960	MA_10435991g0010	Cula__CULA01G62960	Pa__MA_10435991g0010
OG0009335	CULA02G16200	MA_887520g0010	Cula__CULA02G16200	Pa__MA_887520g0010
OG0009336	CULA03G10170	MA_261436g0010	Cula__CULA03G10170	Pa__MA_261436g0010
OG0009338	CULA04G19350	MA_186568g0010	Cula__CULA04G19350	Pa__MA_186568g0010
OG0009339	CULA02G41160	MA_348255g0010	Cula__CULA02G41160	Pa__MA_348255g0010
OG0009341	CULA05G27830	MA_10435464g0010	Cula__CULA05G27830	Pa__MA_10435464g0010
OG0009348	CULA09G38010	MA_10425836g0010	Cula__CULA09G38010	Pa__MA_10425836g0010
OG0009349	CULA01G89980	MA_137573g0010	Cula__CULA01G89980	Pa__MA_137573g0010
OG0009351	CULA01G45580	MA_204857g0010	Cula__CULA01G45580	Pa__MA_204857g0010
OG0009352	CULA01G44690	MA_242560g0010	Cula__CULA01G44690	Pa__MA_242560g0010
OG0009358	CULA10G24540	MA_959247g0010	Cula__CULA10G24540	Pa__MA_959247g0010
OG0009360	CULA06G27400	MA_6738g0020	Cula__CULA06G27400	Pa__MA_6738g0020
OG0009362	CULA08G35170	MA_260744g0010	Cula__CULA08G35170	Pa__MA_260744g0010
OG0009366	CULA05G23480	MA_19460g0010	Cula__CULA05G23480	Pa__MA_19460g0010
OG0009367	CULA05G13420	MA_611292g0010	Cula__CULA05G13420	Pa__MA_611292g0010
OG0009371	CULA03G45370	MA_354309g0010	Cula__CULA03G45370	Pa__MA_354309g0010
OG0009374	CULA11G13160	MA_10434837g0010	Cula__CULA11G13160	Pa__MA_10434837g0010
OG0009375	CULA02G02130	MA_49336g0010	Cula__CULA02G02130	Pa__MA_49336g0010
OG0009378	CULA09G28350	MA_99656g0010	Cula__CULA09G28350	Pa__MA_99656g0010
OG0009381	CULA02G66590	MA_10435856g0010	Cula__CULA02G66590	Pa__MA_10435856g0010
OG0009384	CULA04G40520	MA_21574g0010	Cula__CULA04G40520	Pa__MA_21574g0010
OG0009386	CULA03G34210	MA_10435511g0030	Cula__CULA03G34210	Pa__MA_10435511g0030
OG0009391	CULA01G12400	MA_10435559g0010	Cula__CULA01G12400	Pa__MA_10435559g0010
OG0009392	CULA08G31710	MA_477513g0010	Cula__CULA08G31710	Pa__MA_477513g0010
OG0009395	CULA02G37820	MA_10195045g0020	Cula__CULA02G37820	Pa__MA_10195045g0020
OG0009397	CULA09G31250	MA_10435005g0010	Cula__CULA09G31250	Pa__MA_10435005g0010
OG0009400	CULA07G46370	MA_10434963g0010	Cula__CULA07G46370	Pa__MA_10434963g0010
OG0009402	CULA09G25900	MA_10436980g0010	Cula__CULA09G25900	Pa__MA_10436980g0010
OG0009404	CULA05G00920	MA_10428944g0020	Cula__CULA05G00920	Pa__MA_10428944g0020
OG0009406	CULA03G62930	MA_102175g0010	Cula__CULA03G62930	Pa__MA_102175g0010
OG0009407	CULA05G10360	MA_44157g0010	Cula__CULA05G10360	Pa__MA_44157g0010
OG0009410	CULA10G27450	MA_139546g0010	Cula__CULA10G27450	Pa__MA_139546g0010
OG0009411	CULA09G05980	MA_101927g0010	Cula__CULA09G05980	Pa__MA_101927g0010
OG0009413	CULA01G54830	MA_19414g0010	Cula__CULA01G54830	Pa__MA_19414g0010
OG0009416	CULA09G45590	MA_70943g0010	Cula__CULA09G45590	Pa__MA_70943g0010
OG0009417	CULA02G45450	MA_10433836g0010	Cula__CULA02G45450	Pa__MA_10433836g0010
OG0009420	CULA05G32520	MA_27283g0010	Cula__CULA05G32520	Pa__MA_27283g0010
OG0009425	CULA03G69330	MA_200613g0010	Cula__CULA03G69330	Pa__MA_200613g0010
OG0009426	CULA06G39730	MA_23052g0010	Cula__CULA06G39730	Pa__MA_23052g0010
OG0009427	CULA08G40750	MA_10130047g0010	Cula__CULA08G40750	Pa__MA_10130047g0010
OG0009433	CULA04G36640	MA_201039g0010	Cula__CULA04G36640	Pa__MA_201039g0010
OG0009434	CULA03G25840	MA_141320g0010	Cula__CULA03G25840	Pa__MA_141320g0010
OG0009439	CULA05G55390	MA_42211g0010	Cula__CULA05G55390	Pa__MA_42211g0010
OG0009440	CULA04G43720	MA_10434707g0010	Cula__CULA04G43720	Pa__MA_10434707g0010
OG0009448	CULA03G43380	MA_10434287g0020	Cula__CULA03G43380	Pa__MA_10434287g0020
OG0009449	CULA03G45810	MA_10435647g0010	Cula__CULA03G45810	Pa__MA_10435647g0010
OG0009452	CULA02G61630	MA_824260g0010	Cula__CULA02G61630	Pa__MA_824260g0010
OG0009454	CULA09G27430	MA_74871g0010	Cula__CULA09G27430	Pa__MA_74871g0010
OG0009455	CULA01G29990	MA_10428660g0010	Cula__CULA01G29990	Pa__MA_10428660g0010
OG0009456	CULA01G04680	MA_10278286g0010	Cula__CULA01G04680	Pa__MA_10278286g0010
OG0009464	CULA01G15120	MA_10427095g0010	Cula__CULA01G15120	Pa__MA_10427095g0010
OG0009468	CULA01G47880	MA_11159g0010	Cula__CULA01G47880	Pa__MA_11159g0010
OG0009476	CULA05G50360	MA_9322912g0020	Cula__CULA05G50360	Pa__MA_9322912g0020
OG0009479	CULA01G74030	MA_94231g0010	Cula__CULA01G74030	Pa__MA_94231g0010
OG0009485	CULA01G13490	MA_10436248g0010	Cula__CULA01G13490	Pa__MA_10436248g0010
OG0009486	CULA02G30310	MA_664435g0010	Cula__CULA02G30310	Pa__MA_664435g0010
OG0009491	CULA07G27400	MA_941687g0010	Cula__CULA07G27400	Pa__MA_941687g0010
OG0009496	CULA11G07560	MA_10435846g0010	Cula__CULA11G07560	Pa__MA_10435846g0010
OG0009498	CULA06G09570	MA_628254g0010	Cula__CULA06G09570	Pa__MA_628254g0010
OG0009499	CULA03G10030	MA_86745g0010	Cula__CULA03G10030	Pa__MA_86745g0010
OG0009502	CULA09G31310	MA_71052g0010	Cula__CULA09G31310	Pa__MA_71052g0010
OG0009503	CULA02G50820	MA_60192g0010	Cula__CULA02G50820	Pa__MA_60192g0010
OG0009505	CULA11G24340	MA_181954g0010	Cula__CULA11G24340	Pa__MA_181954g0010
OG0009507	CULA08G42390	MA_111427g0010	Cula__CULA08G42390	Pa__MA_111427g0010
OG0009509	CULA06G50060	MA_491379g0010	Cula__CULA06G50060	Pa__MA_491379g0010
OG0009511	CULA06G45820	MA_4370g0010	Cula__CULA06G45820	Pa__MA_4370g0010
OG0009513	CULA06G05370	MA_405932g0010	Cula__CULA06G05370	Pa__MA_405932g0010
OG0009519	CULA08G30640	MA_10436613g0010	Cula__CULA08G30640	Pa__MA_10436613g0010
OG0009520	CULA02G16210	MA_10435427g0010	Cula__CULA02G16210	Pa__MA_10435427g0010
OG0009528	CULA07G33120	MA_10426269g0010	Cula__CULA07G33120	Pa__MA_10426269g0010
OG0009530	CULA09G17400	MA_10433825g0010	Cula__CULA09G17400	Pa__MA_10433825g0010
OG0009532	CULA05G28530	MA_7053725g0010	Cula__CULA05G28530	Pa__MA_7053725g0010
OG0009533	CULA05G18770	MA_710175g0010	Cula__CULA05G18770	Pa__MA_710175g0010
OG0009536	CULA01G32910	MA_10432273g0010	Cula__CULA01G32910	Pa__MA_10432273g0010
OG0009543	CULA09G13240	MA_10437270g0010	Cula__CULA09G13240	Pa__MA_10437270g0010
OG0009544	CULA01G43090	MA_40985g0010	Cula__CULA01G43090	Pa__MA_40985g0010
OG0009545	CULA07G37990	MA_10436366g0010	Cula__CULA07G37990	Pa__MA_10436366g0010
OG0009547	CULA08G13070	MA_10182517g0010	Cula__CULA08G13070	Pa__MA_10182517g0010
OG0009549	CULA10G10300	MA_10427980g0010	Cula__CULA10G10300	Pa__MA_10427980g0010
OG0009550	CULA01G74060	MA_10429304g0010	Cula__CULA01G74060	Pa__MA_10429304g0010
OG0009552	CULA09G44300	MA_10434282g0010	Cula__CULA09G44300	Pa__MA_10434282g0010
OG0009553	CULA02G37210	MA_45102g0010	Cula__CULA02G37210	Pa__MA_45102g0010
OG0009554	CULA11G01190	MA_10435432g0010	Cula__CULA11G01190	Pa__MA_10435432g0010
OG0009556	CULA09G05450	MA_10431034g0010	Cula__CULA09G05450	Pa__MA_10431034g0010
OG0009558	CULA09G01420	MA_10433328g0010	Cula__CULA09G01420	Pa__MA_10433328g0010
OG0009562	CULA01G46270	MA_10436161g0010	Cula__CULA01G46270	Pa__MA_10436161g0010
OG0009563	CULA03G74370	MA_10430244g0010	Cula__CULA03G74370	Pa__MA_10430244g0010
OG0009569	CULA04G37840	MA_99789g0010	Cula__CULA04G37840	Pa__MA_99789g0010
OG0009571	CULA01G43630	MA_932783g0010	Cula__CULA01G43630	Pa__MA_932783g0010
OG0009573	CULA01G54980	MA_65800g0010	Cula__CULA01G54980	Pa__MA_65800g0010
OG0009576	CULA01G67220	MA_10435190g0010	Cula__CULA01G67220	Pa__MA_10435190g0010
OG0009579	CULA03G37630	MA_10431682g0010	Cula__CULA03G37630	Pa__MA_10431682g0010
OG0009583	CULA03G72910	MA_95161g0020	Cula__CULA03G72910	Pa__MA_95161g0020
OG0009585	CULA01G51590	MA_438329g0010	Cula__CULA01G51590	Pa__MA_438329g0010
OG0009587	CULA01G89970	MA_40055g0010	Cula__CULA01G89970	Pa__MA_40055g0010
OG0009588	CULA01G48210	MA_47201g0010	Cula__CULA01G48210	Pa__MA_47201g0010
OG0009590	CULA04G03540	MA_72306g0010	Cula__CULA04G03540	Pa__MA_72306g0010
OG0009591	CULA04G35470	MA_10190246g0010	Cula__CULA04G35470	Pa__MA_10190246g0010
OG0009592	CULA09G36960	MA_9582908g0010	Cula__CULA09G36960	Pa__MA_9582908g0010
OG0009593	CULA09G36850	MA_618881g0010	Cula__CULA09G36850	Pa__MA_618881g0010
OG0009594	CULA03G79480	MA_10430950g0010	Cula__CULA03G79480	Pa__MA_10430950g0010
OG0009595	CULA06G42450	MA_10430649g0010	Cula__CULA06G42450	Pa__MA_10430649g0010
OG0009599	CULA03G38510	MA_10433842g0010	Cula__CULA03G38510	Pa__MA_10433842g0010
OG0009600	CULA01G33190	MA_91633g0010	Cula__CULA01G33190	Pa__MA_91633g0010
OG0009603	CULA04G23800	MA_10428758g0010	Cula__CULA04G23800	Pa__MA_10428758g0010
OG0009605	CULA11G22930	MA_424251g0010	Cula__CULA11G22930	Pa__MA_424251g0010
OG0009606	CULA11G22060	MA_10430009g0010	Cula__CULA11G22060	Pa__MA_10430009g0010
OG0009610	CULA03G11950	MA_55851g0010	Cula__CULA03G11950	Pa__MA_55851g0010
OG0009612	CULA05G41390	MA_268229g0010	Cula__CULA05G41390	Pa__MA_268229g0010
OG0009613	CULA01G11800	MA_550158g0010	Cula__CULA01G11800	Pa__MA_550158g0010
OG0009615	CULA03G43590	MA_10431801g0010	Cula__CULA03G43590	Pa__MA_10431801g0010
OG0009618	CULA05G37870	MA_10427286g0010	Cula__CULA05G37870	Pa__MA_10427286g0010
OG0009620	CULA01G19380	MA_85927g0010	Cula__CULA01G19380	Pa__MA_85927g0010
OG0009621	CULA07G51890	MA_109877g0010	Cula__CULA07G51890	Pa__MA_109877g0010
OG0009623	CULA07G55120	MA_662135g0010	Cula__CULA07G55120	Pa__MA_662135g0010
OG0009624	CULA09G13800	MA_10433772g0010	Cula__CULA09G13800	Pa__MA_10433772g0010
OG0009628	CULA03G62980	MA_106197g0010	Cula__CULA03G62980	Pa__MA_106197g0010
OG0009629	CULA10G09320	MA_30391g0010	Cula__CULA10G09320	Pa__MA_30391g0010
OG0009633	CULA03G28880	MA_10428991g0010	Cula__CULA03G28880	Pa__MA_10428991g0010
OG0009639	CULA09G39230	MA_106672g0010	Cula__CULA09G39230	Pa__MA_106672g0010
OG0009640	CULA09G41470	MA_360142g0010	Cula__CULA09G41470	Pa__MA_360142g0010
OG0009641	CULA01G42470	MA_10433402g0010	Cula__CULA01G42470	Pa__MA_10433402g0010
OG0009644	CULA02G13470	MA_97999g0010	Cula__CULA02G13470	Pa__MA_97999g0010
OG0009645	CULA08G11550	MA_83588g0010	Cula__CULA08G11550	Pa__MA_83588g0010
OG0009650	CULA02G58060	MA_95186g0010	Cula__CULA02G58060	Pa__MA_95186g0010
OG0009651	CULA10G12380	MA_10432592g0010	Cula__CULA10G12380	Pa__MA_10432592g0010
OG0009652	CULA09G17560	MA_957303g0010	Cula__CULA09G17560	Pa__MA_957303g0010
OG0009653	CULA02G55140	MA_10430892g0010	Cula__CULA02G55140	Pa__MA_10430892g0010
OG0009658	CULA11G23000	MA_159017g0010	Cula__CULA11G23000	Pa__MA_159017g0010
OG0009659	CULA11G22540	MA_10427801g0010	Cula__CULA11G22540	Pa__MA_10427801g0010
OG0009660	CULA01G47030	MA_10435056g0020	Cula__CULA01G47030	Pa__MA_10435056g0020
OG0009663	CULA04G61320	MA_88112g0010	Cula__CULA04G61320	Pa__MA_88112g0010
OG0009666	CULA03G54840	MA_77176g0010	Cula__CULA03G54840	Pa__MA_77176g0010
OG0009667	CULA11G01800	MA_532554g0010	Cula__CULA11G01800	Pa__MA_532554g0010
OG0009669	CULA07G39740	MA_10427965g0010	Cula__CULA07G39740	Pa__MA_10427965g0010
OG0009670	CULA07G46150	MA_10426377g0010	Cula__CULA07G46150	Pa__MA_10426377g0010
OG0009671	CULA07G33690	MA_10426596g0010	Cula__CULA07G33690	Pa__MA_10426596g0010
OG0009675	CULA06G26610	MA_7993g0010	Cula__CULA06G26610	Pa__MA_7993g0010
OG0009677	CULA10G19030	MA_10436427g0010	Cula__CULA10G19030	Pa__MA_10436427g0010
OG0009682	CULA10G13700	MA_8351g0010	Cula__CULA10G13700	Pa__MA_8351g0010
OG0009683	CULA08G18760	MA_8271260g0010	Cula__CULA08G18760	Pa__MA_8271260g0010
OG0009684	CULA08G28180	MA_79000g0010	Cula__CULA08G28180	Pa__MA_79000g0010
OG0009685	CULA07G51860	MA_112342g0010	Cula__CULA07G51860	Pa__MA_112342g0010
OG0009686	CULA04G44970	MA_10437087g0010	Cula__CULA04G44970	Pa__MA_10437087g0010
OG0009689	CULA02G36830	MA_10428868g0010	Cula__CULA02G36830	Pa__MA_10428868g0010
OG0009691	CULA06G44020	MA_10426126g0010	Cula__CULA06G44020	Pa__MA_10426126g0010
OG0009692	CULA03G27970	MA_62177g0010	Cula__CULA03G27970	Pa__MA_62177g0010
OG0009693	CULA07G36850	MA_470173g0010	Cula__CULA07G36850	Pa__MA_470173g0010
OG0009694	CULA09G06130	MA_218996g0010	Cula__CULA09G06130	Pa__MA_218996g0010
OG0009697	CULA02G48700	MA_10427176g0010	Cula__CULA02G48700	Pa__MA_10427176g0010
OG0009700	CULA07G51560	MA_9919452g0010	Cula__CULA07G51560	Pa__MA_9919452g0010
OG0009703	CULA10G39790	MA_959794g0010	Cula__CULA10G39790	Pa__MA_959794g0010
OG0009706	CULA02G42190	MA_10433966g0010	Cula__CULA02G42190	Pa__MA_10433966g0010
OG0009707	CULA05G40310	MA_11407g0010	Cula__CULA05G40310	Pa__MA_11407g0010
OG0009709	CULA04G14790	MA_939779g0010	Cula__CULA04G14790	Pa__MA_939779g0010
OG0009714	CULA06G05290	MA_27496g0010	Cula__CULA06G05290	Pa__MA_27496g0010
OG0009715	CULA01G24140	MA_10429957g0010	Cula__CULA01G24140	Pa__MA_10429957g0010
OG0009716	CULA08G23980	MA_97465g0010	Cula__CULA08G23980	Pa__MA_97465g0010
OG0009717	CULA07G25240	MA_17091g0010	Cula__CULA07G25240	Pa__MA_17091g0010
OG0009721	CULA02G59960	MA_10435264g0010	Cula__CULA02G59960	Pa__MA_10435264g0010
OG0009723	CULA06G44840	MA_618246g0010	Cula__CULA06G44840	Pa__MA_618246g0010
OG0009725	CULA11G23870	MA_892024g0010	Cula__CULA11G23870	Pa__MA_892024g0010
OG0009728	CULA06G30990	MA_97920g0010	Cula__CULA06G30990	Pa__MA_97920g0010
OG0009733	CULA03G34230	MA_29750g0010	Cula__CULA03G34230	Pa__MA_29750g0010
OG0009737	CULA04G54380	MA_10433116g0010	Cula__CULA04G54380	Pa__MA_10433116g0010
OG0009738	CULA08G19150	MA_10427244g0010	Cula__CULA08G19150	Pa__MA_10427244g0010
OG0009740	CULA07G23090	MA_139714g0010	Cula__CULA07G23090	Pa__MA_139714g0010
OG0009742	CULA03G27850	MA_10432248g0010	Cula__CULA03G27850	Pa__MA_10432248g0010
OG0009744	CULA07G31140	MA_10430577g0010	Cula__CULA07G31140	Pa__MA_10430577g0010
OG0009749	CULA08G19640	MA_10435974g0010	Cula__CULA08G19640	Pa__MA_10435974g0010
OG0009751	CULA03G33660	MA_207139g0010	Cula__CULA03G33660	Pa__MA_207139g0010
OG0009752	CULA11G31150	MA_92783g0010	Cula__CULA11G31150	Pa__MA_92783g0010
OG0009753	CULA10G44530	MA_10431825g0010	Cula__CULA10G44530	Pa__MA_10431825g0010
OG0009757	CULA09G38460	MA_218488g0010	Cula__CULA09G38460	Pa__MA_218488g0010
OG0009759	CULA10G46850	MA_10430821g0010	Cula__CULA10G46850	Pa__MA_10430821g0010
OG0009760	CULA06G29150	MA_10426006g0010	Cula__CULA06G29150	Pa__MA_10426006g0010
OG0009762	CULA10G15910	MA_85610g0010	Cula__CULA10G15910	Pa__MA_85610g0010
OG0009763	CULA06G50860	MA_35622g0010	Cula__CULA06G50860	Pa__MA_35622g0010
OG0009765	CULA05G15280	MA_10436253g0010	Cula__CULA05G15280	Pa__MA_10436253g0010
OG0009768	CULA08G48990	MA_184047g0010	Cula__CULA08G48990	Pa__MA_184047g0010
OG0009770	CULA03G32380	MA_10427749g0010	Cula__CULA03G32380	Pa__MA_10427749g0010
OG0009771	CULA05G27800	MA_10204534g0010	Cula__CULA05G27800	Pa__MA_10204534g0010
OG0009775	CULA10G20230	MA_138618g0010	Cula__CULA10G20230	Pa__MA_138618g0010
OG0009779	CULA07G38930	MA_109969g0010	Cula__CULA07G38930	Pa__MA_109969g0010
OG0009784	CULA04G41140	MA_12471g0030	Cula__CULA04G41140	Pa__MA_12471g0030
OG0009787	CULA08G43480	MA_31952g0020	Cula__CULA08G43480	Pa__MA_31952g0020
OG0009790	CULA01G59380	MA_63721g0010	Cula__CULA01G59380	Pa__MA_63721g0010
OG0009792	CULA02G41750	MA_10426244g0010	Cula__CULA02G41750	Pa__MA_10426244g0010
OG0009793	CULA09G31620	MA_10429953g0010	Cula__CULA09G31620	Pa__MA_10429953g0010
OG0009794	CULA02G23660	MA_17226g0010	Cula__CULA02G23660	Pa__MA_17226g0010
OG0009795	CULA02G03950	MA_83739g0020	Cula__CULA02G03950	Pa__MA_83739g0020
OG0009796	CULA08G42360	MA_109558g0010	Cula__CULA08G42360	Pa__MA_109558g0010
OG0009800	CULASca66920.1	MA_84804g0010	Cula__CULASca66920.1	Pa__MA_84804g0010
OG0009801	CULA05G12480	MA_10211905g0010	Cula__CULA05G12480	Pa__MA_10211905g0010
OG0009803	CULA07G18030	MA_7545917g0010	Cula__CULA07G18030	Pa__MA_7545917g0010
OG0009804	CULA02G08230	MA_10435966g0030	Cula__CULA02G08230	Pa__MA_10435966g0030
OG0009805	CULA01G44660	MA_42128g0010	Cula__CULA01G44660	Pa__MA_42128g0010
OG0009806	CULA02G38980	MA_10429400g0010	Cula__CULA02G38980	Pa__MA_10429400g0010
OG0009807	CULA10G32420	MA_10434046g0010	Cula__CULA10G32420	Pa__MA_10434046g0010
OG0009809	CULA05G35500	MA_90172g0010	Cula__CULA05G35500	Pa__MA_90172g0010
OG0009811	CULA10G17300	MA_10434160g0010	Cula__CULA10G17300	Pa__MA_10434160g0010
OG0009818	CULA04G49590	MA_4339g0010	Cula__CULA04G49590	Pa__MA_4339g0010
OG0009821	CULA07G18850	MA_10436139g0010	Cula__CULA07G18850	Pa__MA_10436139g0010
OG0009822	CULA07G18740	MA_93185g0010	Cula__CULA07G18740	Pa__MA_93185g0010
OG0009829	CULA04G45770	MA_10428989g0010	Cula__CULA04G45770	Pa__MA_10428989g0010
OG0009831	CULA04G58800	MA_46214g0010	Cula__CULA04G58800	Pa__MA_46214g0010
OG0009832	CULA04G42950	MA_754523g0010	Cula__CULA04G42950	Pa__MA_754523g0010
OG0009834	CULA10G28410	MA_121026g0010	Cula__CULA10G28410	Pa__MA_121026g0010
OG0009839	CULA09G26490	MA_18142g0010	Cula__CULA09G26490	Pa__MA_18142g0010
OG0009840	CULA08G42350	MA_10437279g0020	Cula__CULA08G42350	Pa__MA_10437279g0020
OG0009843	CULA01G81650	MA_598515g0010	Cula__CULA01G81650	Pa__MA_598515g0010
OG0009846	CULA11G19500	MA_10431315g0010	Cula__CULA11G19500	Pa__MA_10431315g0010
OG0009854	CULA08G44540	MA_139026g0010	Cula__CULA08G44540	Pa__MA_139026g0010
OG0009860	CULA03G07840	MA_314812g0010	Cula__CULA03G07840	Pa__MA_314812g0010
OG0009861	CULA05G38100	MA_129368g0010	Cula__CULA05G38100	Pa__MA_129368g0010
OG0009865	CULA03G32770	MA_10316609g0010	Cula__CULA03G32770	Pa__MA_10316609g0010
OG0009866	CULA05G05290	MA_10432114g0020	Cula__CULA05G05290	Pa__MA_10432114g0020
OG0009867	CULA08G20130	MA_106167g0010	Cula__CULA08G20130	Pa__MA_106167g0010
OG0009869	CULA02G03690	MA_10435668g0010	Cula__CULA02G03690	Pa__MA_10435668g0010
OG0009870	CULA01G50030	MA_70500g0010	Cula__CULA01G50030	Pa__MA_70500g0010
OG0009871	CULA05G39980	MA_10426424g0010	Cula__CULA05G39980	Pa__MA_10426424g0010
OG0009873	CULA04G53900	MA_23219g0010	Cula__CULA04G53900	Pa__MA_23219g0010
OG0009874	CULA03G39320	MA_117528g0010	Cula__CULA03G39320	Pa__MA_117528g0010
OG0009875	CULA02G07880	MA_8717465g0010	Cula__CULA02G07880	Pa__MA_8717465g0010
OG0009879	CULA07G31860	MA_10436776g0010	Cula__CULA07G31860	Pa__MA_10436776g0010
OG0009883	CULA07G34190	MA_92546g0010	Cula__CULA07G34190	Pa__MA_92546g0010
OG0009884	CULA10G45410	MA_21505g0010	Cula__CULA10G45410	Pa__MA_21505g0010
OG0009885	CULA08G07090	MA_60607g0010	Cula__CULA08G07090	Pa__MA_60607g0010
OG0009886	CULA08G21800	MA_485042g0010	Cula__CULA08G21800	Pa__MA_485042g0010
OG0009890	CULA04G41350	MA_10427923g0010	Cula__CULA04G41350	Pa__MA_10427923g0010
OG0009891	CULA03G18580	MA_50550g0010	Cula__CULA03G18580	Pa__MA_50550g0010
OG0009898	CULA03G24150	MA_304067g0010	Cula__CULA03G24150	Pa__MA_304067g0010
OG0009905	CULA10G26530	MA_10435566g0010	Cula__CULA10G26530	Pa__MA_10435566g0010
OG0009906	CULA06G05890	MA_10427588g0010	Cula__CULA06G05890	Pa__MA_10427588g0010
OG0009910	CULA09G23690	MA_19380g0010	Cula__CULA09G23690	Pa__MA_19380g0010
OG0009911	CULA07G41580	MA_54628g0010	Cula__CULA07G41580	Pa__MA_54628g0010
OG0009916	CULA02G39810	MA_140852g0010	Cula__CULA02G39810	Pa__MA_140852g0010
OG0009917	CULA11G31110	MA_10428645g0010	Cula__CULA11G31110	Pa__MA_10428645g0010
OG0009918	CULA11G30970	MA_9275257g0010	Cula__CULA11G30970	Pa__MA_9275257g0010
OG0009923	CULA11G06450	MA_436312g0010	Cula__CULA11G06450	Pa__MA_436312g0010
OG0009924	CULA01G15940	MA_10434194g0010	Cula__CULA01G15940	Pa__MA_10434194g0010
OG0009925	CULA02G39610	MA_485463g0010	Cula__CULA02G39610	Pa__MA_485463g0010
OG0009928	CULA01G53690	MA_11599g0010	Cula__CULA01G53690	Pa__MA_11599g0010
OG0009929	CULA09G46160	MA_335961g0010	Cula__CULA09G46160	Pa__MA_335961g0010
OG0009932	CULA04G29410	MA_10118545g0010	Cula__CULA04G29410	Pa__MA_10118545g0010
OG0009939	CULA02G72000	MA_186324g0010	Cula__CULA02G72000	Pa__MA_186324g0010
OG0009940	CULA09G19250	MA_277070g0010	Cula__CULA09G19250	Pa__MA_277070g0010
OG0009941	CULA09G34580	MA_116382g0010	Cula__CULA09G34580	Pa__MA_116382g0010
OG0009942	CULA10G32470	MA_17699g0010	Cula__CULA10G32470	Pa__MA_17699g0010
OG0009943	CULA11G23570	MA_940375g0010	Cula__CULA11G23570	Pa__MA_940375g0010
OG0009949	CULA05G28050	MA_8804338g0010	Cula__CULA05G28050	Pa__MA_8804338g0010
OG0009952	CULA05G26320	MA_10435506g0010	Cula__CULA05G26320	Pa__MA_10435506g0010
OG0009953	CULA07G04280	MA_10428588g0010	Cula__CULA07G04280	Pa__MA_10428588g0010
OG0009960	CULA09G23920	MA_171807g0010	Cula__CULA09G23920	Pa__MA_171807g0010
OG0009962	CULA07G53570	MA_696146g0010	Cula__CULA07G53570	Pa__MA_696146g0010
OG0009963	CULA09G26660	MA_18425g0010	Cula__CULA09G26660	Pa__MA_18425g0010
OG0009969	CULA11G09590	MA_41244g0010	Cula__CULA11G09590	Pa__MA_41244g0010
OG0009971	CULA01G84280	MA_10436883g0010	Cula__CULA01G84280	Pa__MA_10436883g0010
OG0009972	CULA10G18830	MA_10435589g0010	Cula__CULA10G18830	Pa__MA_10435589g0010
OG0009973	CULA11G20200	MA_87828g0010	Cula__CULA11G20200	Pa__MA_87828g0010
OG0009984	CULA08G33080	MA_10435007g0010	Cula__CULA08G33080	Pa__MA_10435007g0010
OG0009986	CULA05G10930	MA_10433285g0010	Cula__CULA05G10930	Pa__MA_10433285g0010
OG0009995	CULA02G25650	MA_10233136g0010	Cula__CULA02G25650	Pa__MA_10233136g0010
OG0009996	CULA02G25800	MA_141074g0010	Cula__CULA02G25800	Pa__MA_141074g0010
OG0009997	CULA08G07410	MA_6483g0010	Cula__CULA08G07410	Pa__MA_6483g0010
OG0009999	CULA03G20130	MA_10432103g0010	Cula__CULA03G20130	Pa__MA_10432103g0010
OG0010002	CULA10G39320	MA_54706g0010	Cula__CULA10G39320	Pa__MA_54706g0010
OG0010006	CULA01G74980	MA_797830g0010	Cula__CULA01G74980	Pa__MA_797830g0010
OG0010007	CULA09G32730	MA_75636g0010	Cula__CULA09G32730	Pa__MA_75636g0010
OG0010013	CULA03G44900	MA_10426530g0010	Cula__CULA03G44900	Pa__MA_10426530g0010
OG0010014	CULA02G24530	MA_10434720g0010	Cula__CULA02G24530	Pa__MA_10434720g0010
OG0010017	CULA08G39070	MA_10167865g0010	Cula__CULA08G39070	Pa__MA_10167865g0010
OG0010019	CULASca20640.1	MA_2893716g0010	Cula__CULASca20640.1	Pa__MA_2893716g0010
OG0010022	CULA06G38800	MA_13853g0020	Cula__CULA06G38800	Pa__MA_13853g0020
OG0010024	CULA09G25180	MA_78087g0010	Cula__CULA09G25180	Pa__MA_78087g0010
OG0010028	CULA08G24770	MA_10429821g0010	Cula__CULA08G24770	Pa__MA_10429821g0010
OG0010033	CULA04G40530	MA_158189g0010	Cula__CULA04G40530	Pa__MA_158189g0010
OG0010035	CULA07G15660	MA_10168149g0010	Cula__CULA07G15660	Pa__MA_10168149g0010
OG0010036	CULA07G15160	MA_20527g0010	Cula__CULA07G15160	Pa__MA_20527g0010
OG0010039	CULA07G50170	MA_285305g0010	Cula__CULA07G50170	Pa__MA_285305g0010
OG0010040	CULA02G31230	MA_700g0020	Cula__CULA02G31230	Pa__MA_700g0020
OG0010043	CULA11G24890	MA_621373g0010	Cula__CULA11G24890	Pa__MA_621373g0010
OG0010047	CULA02G18190	MA_119996g0010	Cula__CULA02G18190	Pa__MA_119996g0010
OG0010050	CULA11G18640	MA_10429667g0010	Cula__CULA11G18640	Pa__MA_10429667g0010
OG0010052	CULA05G28750	MA_82446g0010	Cula__CULA05G28750	Pa__MA_82446g0010
OG0010053	CULA10G10980	MA_14133g0010	Cula__CULA10G10980	Pa__MA_14133g0010
OG0010056	CULA03G40250	MA_216008g0010	Cula__CULA03G40250	Pa__MA_216008g0010
OG0010058	CULA06G10320	MA_10437125g0010	Cula__CULA06G10320	Pa__MA_10437125g0010
OG0010059	CULA10G04920	MA_10225405g0010	Cula__CULA10G04920	Pa__MA_10225405g0010
OG0010062	CULA03G08030	MA_69293g0010	Cula__CULA03G08030	Pa__MA_69293g0010
OG0010063	CULA08G28020	MA_10436085g0010	Cula__CULA08G28020	Pa__MA_10436085g0010
OG0010100	CULA02G41600	MA_10428060g0020	Cula__CULA02G41600	Pa__MA_10428060g0020
OG0010202	CULA08G40000	MA_27138g0010	Cula__CULA08G40000	Pa__MA_27138g0010
OG0010205	CULA09G41200	MA_86739g0010	Cula__CULA09G41200	Pa__MA_86739g0010
OG0010215	CULA04G41180	MA_10437182g0040	Cula__CULA04G41180	Pa__MA_10437182g0040
OG0010234	CULA02G49140	MA_907632g0010	Cula__CULA02G49140	Pa__MA_907632g0010
OG0010235	CULA06G48770	MA_96764g0010	Cula__CULA06G48770	Pa__MA_96764g0010
OG0010239	CULA10G25580	MA_105806g0010	Cula__CULA10G25580	Pa__MA_105806g0010
OG0010242	CULA03G35050	MA_10434424g0010	Cula__CULA03G35050	Pa__MA_10434424g0010
OG0010248	CULA02G51080	MA_10428069g0020	Cula__CULA02G51080	Pa__MA_10428069g0020
OG0010251	CULA11G34180	MA_10434653g0010	Cula__CULA11G34180	Pa__MA_10434653g0010
OG0010252	CULA07G49350	MA_5748192g0010	Cula__CULA07G49350	Pa__MA_5748192g0010
OG0010253	CULA10G19540	MA_112272g0010	Cula__CULA10G19540	Pa__MA_112272g0010
OG0010257	CULA03G04170	MA_778240g0010	Cula__CULA03G04170	Pa__MA_778240g0010
OG0010259	CULA11G34890	MA_10435690g0010	Cula__CULA11G34890	Pa__MA_10435690g0010
OG0010270	CULA05G02690	MA_4704g0010	Cula__CULA05G02690	Pa__MA_4704g0010
OG0010272	CULA11G11360	MA_60265g0010	Cula__CULA11G11360	Pa__MA_60265g0010
OG0010286	CULA02G60550	MA_9551351g0010	Cula__CULA02G60550	Pa__MA_9551351g0010
OG0010291	CULA09G26090	MA_35894g0020	Cula__CULA09G26090	Pa__MA_35894g0020
OG0010294	CULA09G31630	MA_20853g0010	Cula__CULA09G31630	Pa__MA_20853g0010
OG0010300	CULA04G41340	MA_104339g0010	Cula__CULA04G41340	Pa__MA_104339g0010
OG0010301	CULA10G18570	MA_69667g0010	Cula__CULA10G18570	Pa__MA_69667g0010
OG0010304	CULA05G26200	MA_107182g0010	Cula__CULA05G26200	Pa__MA_107182g0010
OG0010307	CULA04G61510	MA_132958g0020	Cula__CULA04G61510	Pa__MA_132958g0020
OG0010315	CULA05G17460	MA_10427209g0020	Cula__CULA05G17460	Pa__MA_10427209g0020
OG0010323	CULA07G43680	MA_137828g0010	Cula__CULA07G43680	Pa__MA_137828g0010
OG0010328	CULA08G44850	MA_3380g0010	Cula__CULA08G44850	Pa__MA_3380g0010
OG0010329	CULA10G10350	MA_10431456g0010	Cula__CULA10G10350	Pa__MA_10431456g0010
OG0010330	CULA06G50680	MA_10435631g0010	Cula__CULA06G50680	Pa__MA_10435631g0010
OG0010331	CULA05G04480	MA_46269g0010	Cula__CULA05G04480	Pa__MA_46269g0010
OG0010332	CULA08G19380	MA_10434609g0020	Cula__CULA08G19380	Pa__MA_10434609g0020
OG0010334	CULA07G00790	MA_10435374g0010	Cula__CULA07G00790	Pa__MA_10435374g0010
OG0010340	CULA02G39180	MA_23378g0020	Cula__CULA02G39180	Pa__MA_23378g0020
OG0010343	CULA06G44340	MA_7007329g0010	Cula__CULA06G44340	Pa__MA_7007329g0010
OG0010345	CULA05G51670	MA_7947g0030	Cula__CULA05G51670	Pa__MA_7947g0030
OG0010347	CULA01G54640	MA_811295g0010	Cula__CULA01G54640	Pa__MA_811295g0010
OG0010348	CULA02G31000	MA_22391g0010	Cula__CULA02G31000	Pa__MA_22391g0010
OG0010353	CULA03G33610	MA_103030g0010	Cula__CULA03G33610	Pa__MA_103030g0010
OG0010358	CULA02G11980	MA_945965g0010	Cula__CULA02G11980	Pa__MA_945965g0010
OG0010362	CULA09G40960	MA_10296583g0010	Cula__CULA09G40960	Pa__MA_10296583g0010
OG0010367	CULA07G27960	MA_121485g0010	Cula__CULA07G27960	Pa__MA_121485g0010
OG0010368	CULA08G24340	MA_184924g0010	Cula__CULA08G24340	Pa__MA_184924g0010
OG0010372	CULA06G05730	MA_10430830g0010	Cula__CULA06G05730	Pa__MA_10430830g0010
OG0010375	CULA04G38630	MA_8090186g0010	Cula__CULA04G38630	Pa__MA_8090186g0010
OG0010380	CULA03G26890	MA_131067g0010	Cula__CULA03G26890	Pa__MA_131067g0010
OG0010381	CULA09G23340	MA_66900g0010	Cula__CULA09G23340	Pa__MA_66900g0010
OG0010394	CULA02G43850	MA_77507g0010	Cula__CULA02G43850	Pa__MA_77507g0010
OG0010396	CULA08G28970	MA_10267514g0010	Cula__CULA08G28970	Pa__MA_10267514g0010
OG0010402	CULA02G56770	MA_18309g0010	Cula__CULA02G56770	Pa__MA_18309g0010
OG0010403	CULA11G10390	MA_10436950g0010	Cula__CULA11G10390	Pa__MA_10436950g0010
OG0010408	CULA03G25100	MA_40202g0010	Cula__CULA03G25100	Pa__MA_40202g0010
OG0010410	CULA08G00540	MA_10428887g0010	Cula__CULA08G00540	Pa__MA_10428887g0010
OG0010414	CULA06G12140	MA_10434271g0010	Cula__CULA06G12140	Pa__MA_10434271g0010
OG0010415	CULA11G13610	MA_604167g0010	Cula__CULA11G13610	Pa__MA_604167g0010
OG0010421	CULA11G31860	MA_18507g0010	Cula__CULA11G31860	Pa__MA_18507g0010
OG0010422	CULA01G29260	MA_20251g0010	Cula__CULA01G29260	Pa__MA_20251g0010
OG0010424	CULA08G43240	MA_10427061g0010	Cula__CULA08G43240	Pa__MA_10427061g0010
OG0010426	CULA07G21440	MA_71872g0010	Cula__CULA07G21440	Pa__MA_71872g0010
OG0010427	CULA03G28660	MA_121183g0010	Cula__CULA03G28660	Pa__MA_121183g0010
OG0010430	CULA03G70830	MA_196124g0010	Cula__CULA03G70830	Pa__MA_196124g0010
OG0010434	CULA08G33020	MA_10430934g0010	Cula__CULA08G33020	Pa__MA_10430934g0010
OG0010436	CULA04G49500	MA_9242947g0010	Cula__CULA04G49500	Pa__MA_9242947g0010
OG0010440	CULA04G51210	MA_10354578g0010	Cula__CULA04G51210	Pa__MA_10354578g0010
OG0010447	CULA06G29520	MA_905781g0010	Cula__CULA06G29520	Pa__MA_905781g0010
OG0010449	CULA07G17990	MA_10428138g0010	Cula__CULA07G17990	Pa__MA_10428138g0010
OG0010452	CULA07G27830	MA_25928g0010	Cula__CULA07G27830	Pa__MA_25928g0010
OG0010454	CULA05G25540	MA_189020g0010	Cula__CULA05G25540	Pa__MA_189020g0010
OG0010456	CULASca47650.1	MA_132673g0020	Cula__CULASca47650.1	Pa__MA_132673g0020
OG0010459	CULA10G17370	MA_63438g0010	Cula__CULA10G17370	Pa__MA_63438g0010
OG0010460	CULA08G37610	MA_8253027g0010	Cula__CULA08G37610	Pa__MA_8253027g0010
OG0010461	CULA04G40940	MA_130482g0010	Cula__CULA04G40940	Pa__MA_130482g0010
OG0010462	CULA09G23010	MA_7884175g0010	Cula__CULA09G23010	Pa__MA_7884175g0010
OG0010466	CULA08G48350	MA_201277g0010	Cula__CULA08G48350	Pa__MA_201277g0010
OG0010468	CULA08G07190	MA_483025g0010	Cula__CULA08G07190	Pa__MA_483025g0010
OG0010473	CULA02G23480	MA_10435256g0010	Cula__CULA02G23480	Pa__MA_10435256g0010
OG0010474	CULA07G52580	MA_48536g0010	Cula__CULA07G52580	Pa__MA_48536g0010
OG0010477	CULA09G26550	MA_104821g0010	Cula__CULA09G26550	Pa__MA_104821g0010
OG0010479	CULA08G10680	MA_77277g0010	Cula__CULA08G10680	Pa__MA_77277g0010
OG0010483	CULA08G38570	MA_87817g0010	Cula__CULA08G38570	Pa__MA_87817g0010
OG0010484	CULA04G54390	MA_307089g0010	Cula__CULA04G54390	Pa__MA_307089g0010
OG0010485	CULA02G44350	MA_11824g0020	Cula__CULA02G44350	Pa__MA_11824g0020
OG0010486	CULA09G39220	MA_127807g0010	Cula__CULA09G39220	Pa__MA_127807g0010
OG0010487	CULA06G44800	MA_10432597g0010	Cula__CULA06G44800	Pa__MA_10432597g0010
OG0010493	CULA04G40390	MA_45861g0010	Cula__CULA04G40390	Pa__MA_45861g0010
OG0010497	CULA11G25900	MA_933993g0010	Cula__CULA11G25900	Pa__MA_933993g0010
OG0010501	CULA01G53600	MA_10428495g0020	Cula__CULA01G53600	Pa__MA_10428495g0020
OG0010506	CULA04G42760	MA_1793g0010	Cula__CULA04G42760	Pa__MA_1793g0010
OG0010507	CULA06G21330	MA_18234g0010	Cula__CULA06G21330	Pa__MA_18234g0010
OG0010508	CULA10G31370	MA_4618713g0010	Cula__CULA10G31370	Pa__MA_4618713g0010
OG0010511	CULA03G72390	MA_82470g0010	Cula__CULA03G72390	Pa__MA_82470g0010
OG0010512	CULA11G28140	MA_245601g0010	Cula__CULA11G28140	Pa__MA_245601g0010
OG0010514	CULA06G50760	MA_17820g0010	Cula__CULA06G50760	Pa__MA_17820g0010
OG0010517	CULA09G23900	MA_9798g0010	Cula__CULA09G23900	Pa__MA_9798g0010
OG0010518	CULA06G18940	MA_10022184g0010	Cula__CULA06G18940	Pa__MA_10022184g0010
OG0010519	CULA06G41570	MA_357706g0010	Cula__CULA06G41570	Pa__MA_357706g0010
OG0010527	CULA02G23670	MA_10239665g0010	Cula__CULA02G23670	Pa__MA_10239665g0010
OG0010530	CULA06G12620	MA_113056g0010	Cula__CULA06G12620	Pa__MA_113056g0010
OG0010532	CULA03G58280	MA_91036g0010	Cula__CULA03G58280	Pa__MA_91036g0010
OG0010535	CULA04G43770	MA_34778g0010	Cula__CULA04G43770	Pa__MA_34778g0010
OG0010536	CULA05G18280	MA_134292g0010	Cula__CULA05G18280	Pa__MA_134292g0010
OG0010537	CULA02G41800	MA_550035g0010	Cula__CULA02G41800	Pa__MA_550035g0010
OG0010540	CULA01G77370	MA_10434162g0010	Cula__CULA01G77370	Pa__MA_10434162g0010
OG0010543	CULA06G21040	MA_10047260g0010	Cula__CULA06G21040	Pa__MA_10047260g0010
OG0010544	CULA09G26150	MA_121161g0010	Cula__CULA09G26150	Pa__MA_121161g0010
OG0010546	CULA02G71460	MA_6867498g0010	Cula__CULA02G71460	Pa__MA_6867498g0010
OG0010547	CULA09G32520	MA_90341g0010	Cula__CULA09G32520	Pa__MA_90341g0010
OG0010552	CULA08G03300	MA_10435761g0010	Cula__CULA08G03300	Pa__MA_10435761g0010
OG0010556	CULA10G23650	MA_102312g0010	Cula__CULA10G23650	Pa__MA_102312g0010
OG0010560	CULA03G36890	MA_90063g0010	Cula__CULA03G36890	Pa__MA_90063g0010
OG0010561	CULA04G64670	MA_134224g0010	Cula__CULA04G64670	Pa__MA_134224g0010
OG0010562	CULA03G24660	MA_10426989g0010	Cula__CULA03G24660	Pa__MA_10426989g0010
OG0010573	CULA09G30380	MA_10431162g0010	Cula__CULA09G30380	Pa__MA_10431162g0010
OG0010574	CULA01G17510	MA_116906g0010	Cula__CULA01G17510	Pa__MA_116906g0010
OG0010578	CULA04G17650	MA_113784g0020	Cula__CULA04G17650	Pa__MA_113784g0020
OG0010579	CULA02G01410	MA_136047g0010	Cula__CULA02G01410	Pa__MA_136047g0010
OG0010580	CULA05G00250	MA_584406g0010	Cula__CULA05G00250	Pa__MA_584406g0010
OG0010582	CULA09G38020	MA_24329g0020	Cula__CULA09G38020	Pa__MA_24329g0020
OG0010583	CULA11G21590	MA_52004g0010	Cula__CULA11G21590	Pa__MA_52004g0010
OG0010587	CULA02G24390	MA_62309g0010	Cula__CULA02G24390	Pa__MA_62309g0010
OG0010595	CULASca28250.1	MA_8776836g0010	Cula__CULASca28250.1	Pa__MA_8776836g0010
OG0010597	CULA01G17450	MA_4993147g0010	Cula__CULA01G17450	Pa__MA_4993147g0010
OG0010598	CULA02G64700	MA_10430845g0010	Cula__CULA02G64700	Pa__MA_10430845g0010
OG0010603	CULA10G39380	MA_519482g0010	Cula__CULA10G39380	Pa__MA_519482g0010
OG0010604	CULA07G20160	MA_7115598g0010	Cula__CULA07G20160	Pa__MA_7115598g0010
OG0010607	CULA01G38160	MA_9077232g0010	Cula__CULA01G38160	Pa__MA_9077232g0010
OG0010608	CULA01G59200	MA_10431343g0010	Cula__CULA01G59200	Pa__MA_10431343g0010
OG0010616	CULA11G10330	MA_853979g0010	Cula__CULA11G10330	Pa__MA_853979g0010
OG0010618	CULA11G32740	MA_71513g0010	Cula__CULA11G32740	Pa__MA_71513g0010
OG0010619	CULA06G31510	MA_10435919g0010	Cula__CULA06G31510	Pa__MA_10435919g0010
OG0010622	CULA01G53550	MA_39589g0010	Cula__CULA01G53550	Pa__MA_39589g0010
OG0010623	CULA10G21300	MA_10432146g0010	Cula__CULA10G21300	Pa__MA_10432146g0010
OG0010624	CULA11G16720	MA_69727g0010	Cula__CULA11G16720	Pa__MA_69727g0010
OG0010625	CULA08G27100	MA_63231g0010	Cula__CULA08G27100	Pa__MA_63231g0010
OG0010627	CULA10G42440	MA_10428611g0010	Cula__CULA10G42440	Pa__MA_10428611g0010
OG0010628	CULA03G40950	MA_17958g0010	Cula__CULA03G40950	Pa__MA_17958g0010
OG0010629	CULA10G24290	MA_7703g0010	Cula__CULA10G24290	Pa__MA_7703g0010
OG0010631	CULA01G00220	MA_10434549g0010	Cula__CULA01G00220	Pa__MA_10434549g0010
OG0010639	CULA11G28250	MA_10203128g0010	Cula__CULA11G28250	Pa__MA_10203128g0010
OG0010641	CULA03G17450	MA_13167g0010	Cula__CULA03G17450	Pa__MA_13167g0010
OG0010644	CULA01G21070	MA_10426810g0010	Cula__CULA01G21070	Pa__MA_10426810g0010
OG0010649	CULA03G79470	MA_10430139g0010	Cula__CULA03G79470	Pa__MA_10430139g0010
OG0010656	CULA07G36150	MA_86421g0010	Cula__CULA07G36150	Pa__MA_86421g0010
OG0010658	CULA11G31360	MA_7892135g0010	Cula__CULA11G31360	Pa__MA_7892135g0010
OG0010660	CULA08G32620	MA_10429346g0010	Cula__CULA08G32620	Pa__MA_10429346g0010
OG0010664	CULA08G36680	MA_10426023g0010	Cula__CULA08G36680	Pa__MA_10426023g0010
OG0010665	CULA11G22230	MA_456304g0010	Cula__CULA11G22230	Pa__MA_456304g0010
OG0010667	CULA01G46810	MA_18999g0010	Cula__CULA01G46810	Pa__MA_18999g0010
OG0010668	CULA04G61000	MA_133206g0010	Cula__CULA04G61000	Pa__MA_133206g0010
OG0010669	CULA06G45190	MA_31451g0010	Cula__CULA06G45190	Pa__MA_31451g0010
OG0010670	CULA11G01950	MA_371g0020	Cula__CULA11G01950	Pa__MA_371g0020
OG0010672	CULA01G27630	MA_18293g0010	Cula__CULA01G27630	Pa__MA_18293g0010
OG0010673	CULA03G26880	MA_128912g0010	Cula__CULA03G26880	Pa__MA_128912g0010
OG0010676	CULA01G54510	MA_99004g0020	Cula__CULA01G54510	Pa__MA_99004g0020
OG0010680	CULA08G46430	MA_10431640g0010	Cula__CULA08G46430	Pa__MA_10431640g0010
OG0010684	CULA05G49870	MA_10432195g0020	Cula__CULA05G49870	Pa__MA_10432195g0020
OG0010688	CULA04G13800	MA_10433716g0020	Cula__CULA04G13800	Pa__MA_10433716g0020
OG0010697	CULA01G53670	MA_35027g0010	Cula__CULA01G53670	Pa__MA_35027g0010
OG0010699	CULA02G37770	MA_96860g0010	Cula__CULA02G37770	Pa__MA_96860g0010
OG0010705	CULA03G38440	MA_10426371g0010	Cula__CULA03G38440	Pa__MA_10426371g0010
OG0010706	CULA04G64920	MA_10435347g0010	Cula__CULA04G64920	Pa__MA_10435347g0010
OG0010710	CULA11G07390	MA_10259610g0010	Cula__CULA11G07390	Pa__MA_10259610g0010
OG0010711	CULA03G12650	MA_816764g0010	Cula__CULA03G12650	Pa__MA_816764g0010
OG0010712	CULA03G37150	MA_774352g0010	Cula__CULA03G37150	Pa__MA_774352g0010
OG0010715	CULA02G33070	MA_904218g0010	Cula__CULA02G33070	Pa__MA_904218g0010
OG0010716	CULA04G35280	MA_254258g0010	Cula__CULA04G35280	Pa__MA_254258g0010
OG0010718	CULA08G02090	MA_140607g0010	Cula__CULA08G02090	Pa__MA_140607g0010
OG0010722	CULA01G45110	MA_109428g0010	Cula__CULA01G45110	Pa__MA_109428g0010
OG0010728	CULA01G16410	MA_55917g0010	Cula__CULA01G16410	Pa__MA_55917g0010
OG0010735	CULA01G17410	MA_101861g0010	Cula__CULA01G17410	Pa__MA_101861g0010
OG0010736	CULA08G36640	MA_174203g0010	Cula__CULA08G36640	Pa__MA_174203g0010
OG0010738	CULA05G38930	MA_10436091g0010	Cula__CULA05G38930	Pa__MA_10436091g0010
OG0010740	CULA10G43210	MA_11993g0010	Cula__CULA10G43210	Pa__MA_11993g0010
OG0010742	CULA02G21200	MA_10434395g0010	Cula__CULA02G21200	Pa__MA_10434395g0010
OG0010744	CULA07G13070	MA_395770g0010	Cula__CULA07G13070	Pa__MA_395770g0010
OG0010745	CULA01G65530	MA_10428784g0010	Cula__CULA01G65530	Pa__MA_10428784g0010
OG0010747	CULA08G00570	MA_10432335g0010	Cula__CULA08G00570	Pa__MA_10432335g0010
OG0010757	CULA09G18370	MA_10437263g0010	Cula__CULA09G18370	Pa__MA_10437263g0010
OG0010758	CULA11G33380	MA_10435445g0010	Cula__CULA11G33380	Pa__MA_10435445g0010
OG0010759	CULA01G40620	MA_605391g0010	Cula__CULA01G40620	Pa__MA_605391g0010
OG0010761	CULA11G31020	MA_100379g0010	Cula__CULA11G31020	Pa__MA_100379g0010
OG0010762	CULA04G41790	MA_870096g0010	Cula__CULA04G41790	Pa__MA_870096g0010
OG0010768	CULA10G30040	MA_10427077g0010	Cula__CULA10G30040	Pa__MA_10427077g0010
OG0010771	CULA01G63730	MA_10428763g0010	Cula__CULA01G63730	Pa__MA_10428763g0010
OG0010772	CULA03G24770	MA_11516g0010	Cula__CULA03G24770	Pa__MA_11516g0010
OG0010774	CULA11G13040	MA_10430086g0010	Cula__CULA11G13040	Pa__MA_10430086g0010
OG0010775	CULA07G04090	MA_6947451g0010	Cula__CULA07G04090	Pa__MA_6947451g0010
OG0010776	CULA07G41190	MA_167176g0010	Cula__CULA07G41190	Pa__MA_167176g0010
OG0010777	CULASca67640.1	MA_10437082g0020	Cula__CULASca67640.1	Pa__MA_10437082g0020
OG0010779	CULA10G41490	MA_10431437g0010	Cula__CULA10G41490	Pa__MA_10431437g0010
OG0010780	CULA11G33960	MA_330945g0010	Cula__CULA11G33960	Pa__MA_330945g0010
OG0010781	CULA07G20240	MA_411882g0010	Cula__CULA07G20240	Pa__MA_411882g0010
OG0010784	CULA07G03850	MA_83892g0010	Cula__CULA07G03850	Pa__MA_83892g0010
OG0010785	CULA06G56320	MA_10432005g0010	Cula__CULA06G56320	Pa__MA_10432005g0010
OG0010789	CULA09G45380	MA_72487g0010	Cula__CULA09G45380	Pa__MA_72487g0010
OG0010792	CULA06G52000	MA_10214089g0010	Cula__CULA06G52000	Pa__MA_10214089g0010
OG0010794	CULA11G23610	MA_64080g0010	Cula__CULA11G23610	Pa__MA_64080g0010
OG0010797	CULA02G59110	MA_138177g0010	Cula__CULA02G59110	Pa__MA_138177g0010
OG0010801	CULA06G02780	MA_10436698g0010	Cula__CULA06G02780	Pa__MA_10436698g0010
OG0010802	CULA06G12070	MA_482245g0010	Cula__CULA06G12070	Pa__MA_482245g0010
OG0010803	CULA11G11880	MA_50216g0010	Cula__CULA11G11880	Pa__MA_50216g0010
OG0010804	CULA01G55020	MA_10427870g0010	Cula__CULA01G55020	Pa__MA_10427870g0010
OG0010810	CULA10G33090	MA_10431031g0010	Cula__CULA10G33090	Pa__MA_10431031g0010
OG0010813	CULA02G35840	MA_10434959g0010	Cula__CULA02G35840	Pa__MA_10434959g0010
OG0010815	CULA10G32860	MA_10427595g0010	Cula__CULA10G32860	Pa__MA_10427595g0010
OG0010816	CULA09G46030	MA_10433108g0010	Cula__CULA09G46030	Pa__MA_10433108g0010
OG0010818	CULA06G45240	MA_93348g0010	Cula__CULA06G45240	Pa__MA_93348g0010
OG0010819	CULA06G44880	MA_10435879g0010	Cula__CULA06G44880	Pa__MA_10435879g0010
OG0010821	CULA07G29810	MA_52027g0010	Cula__CULA07G29810	Pa__MA_52027g0010
OG0010822	CULA10G12210	MA_8519142g0010	Cula__CULA10G12210	Pa__MA_8519142g0010
OG0010823	CULA06G51870	MA_10428130g0010	Cula__CULA06G51870	Pa__MA_10428130g0010
OG0010826	CULA01G64240	MA_1914g0010	Cula__CULA01G64240	Pa__MA_1914g0010
OG0010827	CULA02G68830	MA_112226g0010	Cula__CULA02G68830	Pa__MA_112226g0010
OG0010828	CULA01G49470	MA_10435439g0010	Cula__CULA01G49470	Pa__MA_10435439g0010
OG0010829	CULA02G27500	MA_128169g0010	Cula__CULA02G27500	Pa__MA_128169g0010
OG0010832	CULA06G25090	MA_10434762g0010	Cula__CULA06G25090	Pa__MA_10434762g0010
OG0010834	CULA08G20280	MA_10426415g0010	Cula__CULA08G20280	Pa__MA_10426415g0010
OG0010839	CULA09G28730	MA_10429326g0010	Cula__CULA09G28730	Pa__MA_10429326g0010
OG0010841	CULA04G40330	MA_7952g0010	Cula__CULA04G40330	Pa__MA_7952g0010
OG0010842	CULA04G41040	MA_24621g0010	Cula__CULA04G41040	Pa__MA_24621g0010
OG0010847	CULA07G16190	MA_923209g0010	Cula__CULA07G16190	Pa__MA_923209g0010
OG0010848	CULA10G03030	MA_133089g0010	Cula__CULA10G03030	Pa__MA_133089g0010
OG0010849	CULA06G28290	MA_10428894g0010	Cula__CULA06G28290	Pa__MA_10428894g0010
OG0010851	CULA05G25900	MA_495832g0010	Cula__CULA05G25900	Pa__MA_495832g0010
OG0010854	CULA11G17980	MA_16148g0010	Cula__CULA11G17980	Pa__MA_16148g0010
OG0010855	CULA09G44410	MA_51690g0010	Cula__CULA09G44410	Pa__MA_51690g0010
OG0010856	CULA09G36100	MA_10436165g0010	Cula__CULA09G36100	Pa__MA_10436165g0010
OG0010857	CULA03G78790	MA_91773g0010	Cula__CULA03G78790	Pa__MA_91773g0010
OG0010860	CULA05G23880	MA_9143g0010	Cula__CULA05G23880	Pa__MA_9143g0010
OG0010863	CULA05G00960	MA_54900g0010	Cula__CULA05G00960	Pa__MA_54900g0010
OG0010866	CULA09G44800	MA_10432325g0010	Cula__CULA09G44800	Pa__MA_10432325g0010
OG0010868	CULA04G03750	MA_94884g0010	Cula__CULA04G03750	Pa__MA_94884g0010
OG0010869	CULA07G39520	MA_500770g0010	Cula__CULA07G39520	Pa__MA_500770g0010
OG0010870	CULA01G75030	MA_10426556g0010	Cula__CULA01G75030	Pa__MA_10426556g0010
OG0010871	CULA04G59420	MA_267129g0010	Cula__CULA04G59420	Pa__MA_267129g0010
OG0010873	CULA03G32980	MA_10432150g0010	Cula__CULA03G32980	Pa__MA_10432150g0010
OG0010875	CULA07G10760	MA_325437g0010	Cula__CULA07G10760	Pa__MA_325437g0010
OG0010878	CULA01G82000	MA_10425957g0010	Cula__CULA01G82000	Pa__MA_10425957g0010
OG0010883	CULA01G85600	MA_186354g0020	Cula__CULA01G85600	Pa__MA_186354g0020
OG0010884	CULA05G52110	MA_172105g0010	Cula__CULA05G52110	Pa__MA_172105g0010
OG0010885	CULA05G52470	MA_10436969g0010	Cula__CULA05G52470	Pa__MA_10436969g0010
OG0010887	CULA04G59670	MA_35043g0010	Cula__CULA04G59670	Pa__MA_35043g0010
OG0010890	CULA05G00130	MA_540111g0010	Cula__CULA05G00130	Pa__MA_540111g0010
OG0010892	CULA03G63830	MA_10426931g0010	Cula__CULA03G63830	Pa__MA_10426931g0010
OG0010893	CULA01G89760	MA_10436576g0010	Cula__CULA01G89760	Pa__MA_10436576g0010
OG0010897	CULA08G42740	MA_10433226g0010	Cula__CULA08G42740	Pa__MA_10433226g0010
OG0010898	CULA09G04670	MA_10427237g0020	Cula__CULA09G04670	Pa__MA_10427237g0020
OG0010899	CULA08G17170	MA_55048g0010	Cula__CULA08G17170	Pa__MA_55048g0010
OG0010902	CULA09G23220	MA_11912g0010	Cula__CULA09G23220	Pa__MA_11912g0010
OG0010906	CULA06G21890	MA_4570709g0010	Cula__CULA06G21890	Pa__MA_4570709g0010
OG0010910	CULA09G34740	MA_128872g0030	Cula__CULA09G34740	Pa__MA_128872g0030
OG0010911	CULA04G01350	MA_10427013g0010	Cula__CULA04G01350	Pa__MA_10427013g0010
OG0010912	CULA11G15300	MA_10436151g0010	Cula__CULA11G15300	Pa__MA_10436151g0010
OG0010913	CULA10G12780	MA_10431080g0010	Cula__CULA10G12780	Pa__MA_10431080g0010
OG0010914	CULA01G00810	MA_105123g0010	Cula__CULA01G00810	Pa__MA_105123g0010
OG0010919	CULA02G39950	MA_89177g0010	Cula__CULA02G39950	Pa__MA_89177g0010
OG0010921	CULA02G55180	MA_787g0010	Cula__CULA02G55180	Pa__MA_787g0010
OG0010922	CULA02G64760	MA_180857g0010	Cula__CULA02G64760	Pa__MA_180857g0010
OG0010923	CULA01G63820	MA_120170g0010	Cula__CULA01G63820	Pa__MA_120170g0010
OG0010925	CULA02G61330	MA_10429734g0010	Cula__CULA02G61330	Pa__MA_10429734g0010
OG0010927	CULA11G11060	MA_10435430g0020	Cula__CULA11G11060	Pa__MA_10435430g0020
OG0010928	CULA03G76360	MA_9089g0010	Cula__CULA03G76360	Pa__MA_9089g0010
OG0010932	CULA11G33790	MA_10434660g0010	Cula__CULA11G33790	Pa__MA_10434660g0010
OG0010935	CULA01G35800	MA_516941g0010	Cula__CULA01G35800	Pa__MA_516941g0010
OG0010936	CULA09G28900	MA_90733g0020	Cula__CULA09G28900	Pa__MA_90733g0020
OG0010940	CULA04G38380	MA_441865g0010	Cula__CULA04G38380	Pa__MA_441865g0010
OG0010941	CULA01G16460	MA_184421g0010	Cula__CULA01G16460	Pa__MA_184421g0010
OG0010945	CULA03G63090	MA_782432g0010	Cula__CULA03G63090	Pa__MA_782432g0010
OG0010949	CULA01G08210	MA_10436766g0010	Cula__CULA01G08210	Pa__MA_10436766g0010
OG0010950	CULA05G47980	MA_86737g0010	Cula__CULA05G47980	Pa__MA_86737g0010
OG0010955	CULA01G50610	MA_137894g0010	Cula__CULA01G50610	Pa__MA_137894g0010
OG0010960	CULA07G53450	MA_8286794g0010	Cula__CULA07G53450	Pa__MA_8286794g0010
OG0010961	CULA09G13611	MA_10427896g0020	Cula__CULA09G13611	Pa__MA_10427896g0020
OG0010965	CULA09G25720	MA_6707682g0010	Cula__CULA09G25720	Pa__MA_6707682g0010
OG0010966	CULA04G00620	MA_703456g0010	Cula__CULA04G00620	Pa__MA_703456g0010
OG0010967	CULA08G11650	MA_764636g0010	Cula__CULA08G11650	Pa__MA_764636g0010
OG0010968	CULA10G17640	MA_10761g0010	Cula__CULA10G17640	Pa__MA_10761g0010
OG0010969	CULA08G48790	MA_82169g0010	Cula__CULA08G48790	Pa__MA_82169g0010
OG0010972	CULA07G44190	MA_57244g0010	Cula__CULA07G44190	Pa__MA_57244g0010
OG0010977	CULA02G42290	MA_37826g0010	Cula__CULA02G42290	Pa__MA_37826g0010
OG0010979	CULA05G05110	MA_290265g0010	Cula__CULA05G05110	Pa__MA_290265g0010
OG0010981	CULA04G58740	MA_10272168g0010	Cula__CULA04G58740	Pa__MA_10272168g0010
OG0010982	CULA01G89720	MA_89112g0010	Cula__CULA01G89720	Pa__MA_89112g0010
OG0010983	CULA01G13290	MA_10430174g0010	Cula__CULA01G13290	Pa__MA_10430174g0010
OG0010985	CULA03G12900	MA_115530g0010	Cula__CULA03G12900	Pa__MA_115530g0010
OG0010986	CULA03G16740	MA_118719g0010	Cula__CULA03G16740	Pa__MA_118719g0010
OG0010987	CULA03G31480	MA_429236g0010	Cula__CULA03G31480	Pa__MA_429236g0010
OG0010989	CULA01G42920	MA_10431349g0010	Cula__CULA01G42920	Pa__MA_10431349g0010
OG0010992	CULA07G10550	MA_6251358g0010	Cula__CULA07G10550	Pa__MA_6251358g0010
OG0010997	CULA06G33420	MA_90669g0010	Cula__CULA06G33420	Pa__MA_90669g0010
OG0010998	CULA02G71960	MA_10074020g0010	Cula__CULA02G71960	Pa__MA_10074020g0010
OG0011001	CULA01G55000	MA_10430315g0010	Cula__CULA01G55000	Pa__MA_10430315g0010
OG0011003	CULA03G51250	MA_38616g0010	Cula__CULA03G51250	Pa__MA_38616g0010
OG0011004	CULA09G28400	MA_622g0020	Cula__CULA09G28400	Pa__MA_622g0020
OG0011006	CULA10G27930	MA_915225g0010	Cula__CULA10G27930	Pa__MA_915225g0010
OG0011007	CULA07G01840	MA_36129g0010	Cula__CULA07G01840	Pa__MA_36129g0010
OG0011011	CULA01G00330	MA_10431760g0010	Cula__CULA01G00330	Pa__MA_10431760g0010
OG0011012	CULA09G43720	MA_10426350g0030	Cula__CULA09G43720	Pa__MA_10426350g0030
OG0011015	CULA08G31480	MA_116510g0010	Cula__CULA08G31480	Pa__MA_116510g0010
OG0011016	CULA10G46490	MA_95157g0010	Cula__CULA10G46490	Pa__MA_95157g0010
OG0011020	CULA09G25510	MA_32163g0010	Cula__CULA09G25510	Pa__MA_32163g0010
OG0011024	CULA05G23640	MA_793696g0010	Cula__CULA05G23640	Pa__MA_793696g0010
OG0011025	CULA05G07200	MA_38821g0010	Cula__CULA05G07200	Pa__MA_38821g0010
OG0011027	CULA05G47520	MA_125554g0010	Cula__CULA05G47520	Pa__MA_125554g0010
OG0011028	CULA03G73910	MA_80818g0010	Cula__CULA03G73910	Pa__MA_80818g0010
OG0011032	CULA09G26710	MA_158671g0010	Cula__CULA09G26710	Pa__MA_158671g0010
OG0011036	CULA11G16880	MA_118076g0010	Cula__CULA11G16880	Pa__MA_118076g0010
OG0011038	CULA09G18360	MA_164991g0010	Cula__CULA09G18360	Pa__MA_164991g0010
OG0011040	CULA01G16500	MA_184421g0020	Cula__CULA01G16500	Pa__MA_184421g0020
OG0011043	CULA03G79180	MA_136320g0010	Cula__CULA03G79180	Pa__MA_136320g0010
OG0011046	CULA11G29670	MA_77849g0010	Cula__CULA11G29670	Pa__MA_77849g0010
OG0011047	CULA10G10310	MA_10436469g0010	Cula__CULA10G10310	Pa__MA_10436469g0010
OG0011048	CULA10G10360	MA_491453g0010	Cula__CULA10G10360	Pa__MA_491453g0010
OG0011049	CULA09G27330	MA_7931826g0010	Cula__CULA09G27330	Pa__MA_7931826g0010
OG0011051	CULA09G08640	MA_10429276g0020	Cula__CULA09G08640	Pa__MA_10429276g0020
OG0011053	CULA04G26270	MA_41617g0010	Cula__CULA04G26270	Pa__MA_41617g0010
OG0011055	CULA08G06190	MA_10433314g0010	Cula__CULA08G06190	Pa__MA_10433314g0010
OG0011058	CULA05G31600	MA_475630g0010	Cula__CULA05G31600	Pa__MA_475630g0010
OG0011061	CULA05G38980	MA_229452g0010	Cula__CULA05G38980	Pa__MA_229452g0010
OG0011063	CULA07G27890	MA_8946476g0010	Cula__CULA07G27890	Pa__MA_8946476g0010
OG0011064	CULA03G34360	MA_10430889g0010	Cula__CULA03G34360	Pa__MA_10430889g0010
OG0011067	CULA05G03850	MA_95955g0010	Cula__CULA05G03850	Pa__MA_95955g0010
OG0011069	CULA04G59240	MA_10429386g0010	Cula__CULA04G59240	Pa__MA_10429386g0010
OG0011070	CULA03G30000	MA_10437279g0010	Cula__CULA03G30000	Pa__MA_10437279g0010
OG0011073	CULA06G23210	MA_10427465g0010	Cula__CULA06G23210	Pa__MA_10427465g0010
OG0011075	CULA11G05640	MA_82347g0010	Cula__CULA11G05640	Pa__MA_82347g0010
OG0011076	CULA07G03700	MA_10437188g0010	Cula__CULA07G03700	Pa__MA_10437188g0010
OG0011077	CULA03G17050	MA_409389g0010	Cula__CULA03G17050	Pa__MA_409389g0010
OG0011079	CULA03G07640	MA_23951g0020	Cula__CULA03G07640	Pa__MA_23951g0020
OG0011082	CULA03G03420	MA_10435296g0010	Cula__CULA03G03420	Pa__MA_10435296g0010
OG0011085	CULA03G70010	MA_10433395g0010	Cula__CULA03G70010	Pa__MA_10433395g0010
OG0011087	CULA06G41240	MA_46631g0010	Cula__CULA06G41240	Pa__MA_46631g0010
OG0011096	CULA05G47000	MA_105327g0010	Cula__CULA05G47000	Pa__MA_105327g0010
OG0011098	CULA05G45860	MA_10435406g0010	Cula__CULA05G45860	Pa__MA_10435406g0010
OG0011099	CULA02G27700	MA_96803g0010	Cula__CULA02G27700	Pa__MA_96803g0010
OG0011102	CULA02G43930	MA_127632g0010	Cula__CULA02G43930	Pa__MA_127632g0010
OG0011103	CULA02G58600	MA_10434007g0010	Cula__CULA02G58600	Pa__MA_10434007g0010
OG0011107	CULA10G19340	MA_9978436g0010	Cula__CULA10G19340	Pa__MA_9978436g0010
OG0011108	CULA02G06200	MA_115738g0010	Cula__CULA02G06200	Pa__MA_115738g0010
OG0011109	CULA03G71700	MA_10436171g0010	Cula__CULA03G71700	Pa__MA_10436171g0010
OG0011111	CULA01G82600	MA_10432966g0010	Cula__CULA01G82600	Pa__MA_10432966g0010
OG0011112	CULA09G04330	MA_174842g0010	Cula__CULA09G04330	Pa__MA_174842g0010
OG0011113	CULA09G06500	MA_10176720g0010	Cula__CULA09G06500	Pa__MA_10176720g0010
OG0011114	CULA08G47380	MA_10437251g0020	Cula__CULA08G47380	Pa__MA_10437251g0020
OG0011116	CULA06G25860	MA_65739g0010	Cula__CULA06G25860	Pa__MA_65739g0010
OG0011119	CULA03G39380	MA_100129g0010	Cula__CULA03G39380	Pa__MA_100129g0010
OG0011120	CULA05G41360	MA_114154g0010	Cula__CULA05G41360	Pa__MA_114154g0010
OG0011121	CULA09G39400	MA_766311g0010	Cula__CULA09G39400	Pa__MA_766311g0010
OG0011128	CULA03G20180	MA_10379814g0010	Cula__CULA03G20180	Pa__MA_10379814g0010
OG0011131	CULA07G50350	MA_10164994g0010	Cula__CULA07G50350	Pa__MA_10164994g0010
OG0011132	CULA09G16570	MA_10433575g0010	Cula__CULA09G16570	Pa__MA_10433575g0010
OG0011133	CULA01G48520	MA_140582g0010	Cula__CULA01G48520	Pa__MA_140582g0010
OG0011135	CULA06G19460	MA_10432529g0010	Cula__CULA06G19460	Pa__MA_10432529g0010
OG0011138	CULA01G43440	MA_15334g0010	Cula__CULA01G43440	Pa__MA_15334g0010
OG0011142	CULA05G23690	MA_10437033g0010	Cula__CULA05G23690	Pa__MA_10437033g0010
OG0011146	CULA11G25190	MA_127776g0010	Cula__CULA11G25190	Pa__MA_127776g0010
OG0011147	CULA01G62270	MA_4464g0010	Cula__CULA01G62270	Pa__MA_4464g0010
OG0011149	CULA07G12430	MA_16172g0010	Cula__CULA07G12430	Pa__MA_16172g0010
OG0011150	CULA04G20080	MA_943933g0010	Cula__CULA04G20080	Pa__MA_943933g0010
OG0011152	CULA01G51620	MA_129211g0010	Cula__CULA01G51620	Pa__MA_129211g0010
OG0011153	CULA09G36030	MA_174556g0010	Cula__CULA09G36030	Pa__MA_174556g0010
OG0011154	CULA09G39070	MA_10435528g0010	Cula__CULA09G39070	Pa__MA_10435528g0010
OG0011155	CULA08G31690	MA_65259g0010	Cula__CULA08G31690	Pa__MA_65259g0010
OG0011158	CULA11G12960	MA_10279758g0010	Cula__CULA11G12960	Pa__MA_10279758g0010
OG0011164	CULA02G68540	MA_10436923g0010	Cula__CULA02G68540	Pa__MA_10436923g0010
OG0011165	CULA06G40240	MA_10436760g0010	Cula__CULA06G40240	Pa__MA_10436760g0010
OG0011169	CULA04G45410	MA_48250g0010	Cula__CULA04G45410	Pa__MA_48250g0010
OG0011176	CULA01G47420	MA_10429426g0010	Cula__CULA01G47420	Pa__MA_10429426g0010
OG0011182	CULA04G23040	MA_3259g0010	Cula__CULA04G23040	Pa__MA_3259g0010
OG0011183	CULA08G00110	MA_835132g0010	Cula__CULA08G00110	Pa__MA_835132g0010
OG0011186	CULA01G43830	MA_10433734g0010	Cula__CULA01G43830	Pa__MA_10433734g0010
OG0011187	CULA03G34550	MA_54338g0010	Cula__CULA03G34550	Pa__MA_54338g0010
OG0011190	CULA10G12660	MA_2494g0010	Cula__CULA10G12660	Pa__MA_2494g0010
OG0011192	CULA07G33300	MA_14942g0010	Cula__CULA07G33300	Pa__MA_14942g0010
OG0011193	CULA01G46140	MA_413765g0010	Cula__CULA01G46140	Pa__MA_413765g0010
OG0011197	CULA09G26310	MA_840378g0010	Cula__CULA09G26310	Pa__MA_840378g0010
OG0011199	CULA09G06760	MA_10434001g0010	Cula__CULA09G06760	Pa__MA_10434001g0010
OG0011200	CULA01G26350	MA_212555g0010	Cula__CULA01G26350	Pa__MA_212555g0010
OG0011202	CULA09G20710	MA_442304g0010	Cula__CULA09G20710	Pa__MA_442304g0010
OG0011203	CULA01G63500	MA_386726g0010	Cula__CULA01G63500	Pa__MA_386726g0010
OG0011204	CULA07G41870	MA_897653g0010	Cula__CULA07G41870	Pa__MA_897653g0010
OG0011206	CULA06G36620	MA_10436952g0010	Cula__CULA06G36620	Pa__MA_10436952g0010
OG0011207	CULA07G50580	MA_46507g0010	Cula__CULA07G50580	Pa__MA_46507g0010
OG0011208	CULA01G43490	MA_44874g0010	Cula__CULA01G43490	Pa__MA_44874g0010
OG0011212	CULA02G41660	MA_98251g0010	Cula__CULA02G41660	Pa__MA_98251g0010
OG0011220	CULA09G02030	MA_875075g0010	Cula__CULA09G02030	Pa__MA_875075g0010
OG0011222	CULA04G01060	MA_46622g0010	Cula__CULA04G01060	Pa__MA_46622g0010
OG0011225	CULA11G15880	MA_37406g0010	Cula__CULA11G15880	Pa__MA_37406g0010
OG0011229	CULA04G45670	MA_10429532g0010	Cula__CULA04G45670	Pa__MA_10429532g0010
OG0011231	CULA04G64650	MA_10433765g0010	Cula__CULA04G64650	Pa__MA_10433765g0010
OG0011235	CULA10G34420	MA_91104g0010	Cula__CULA10G34420	Pa__MA_91104g0010
OG0011237	CULA08G27350	MA_117901g0010	Cula__CULA08G27350	Pa__MA_117901g0010
OG0011238	CULA04G59730	MA_8304522g0010	Cula__CULA04G59730	Pa__MA_8304522g0010
OG0011240	CULA08G49170	MA_18853g0010	Cula__CULA08G49170	Pa__MA_18853g0010
OG0011242	CULA02G26500	MA_10436603g0020	Cula__CULA02G26500	Pa__MA_10436603g0020
OG0011245	CULA01G21820	MA_78829g0010	Cula__CULA01G21820	Pa__MA_78829g0010
OG0011250	CULA03G34240	MA_10426259g0010	Cula__CULA03G34240	Pa__MA_10426259g0010
OG0011252	CULA08G18770	MA_7988256g0010	Cula__CULA08G18770	Pa__MA_7988256g0010
OG0011256	CULA10G34350	MA_10428864g0010	Cula__CULA10G34350	Pa__MA_10428864g0010
OG0011258	CULA06G26620	MA_10435169g0010	Cula__CULA06G26620	Pa__MA_10435169g0010
OG0011261	CULA11G16580	MA_10427281g0010	Cula__CULA11G16580	Pa__MA_10427281g0010
OG0011266	CULA07G31350	MA_19738g0010	Cula__CULA07G31350	Pa__MA_19738g0010
OG0011269	CULASca22820.1	MA_10432730g0010	Cula__CULASca22820.1	Pa__MA_10432730g0010
OG0011270	CULA07G29310	MA_75269g0010	Cula__CULA07G29310	Pa__MA_75269g0010
OG0011272	CULA05G54710	MA_6579155g0010	Cula__CULA05G54710	Pa__MA_6579155g0010
OG0011273	CULA02G31940	MA_10436945g0010	Cula__CULA02G31940	Pa__MA_10436945g0010
OG0011274	CULA10G42640	MA_794698g0010	Cula__CULA10G42640	Pa__MA_794698g0010
OG0011275	CULA10G18630	MA_9596439g0010	Cula__CULA10G18630	Pa__MA_9596439g0010
OG0011280	CULA10G37940	MA_83110g0010	Cula__CULA10G37940	Pa__MA_83110g0010
OG0011282	CULA02G00490	MA_80427g0010	Cula__CULA02G00490	Pa__MA_80427g0010
OG0011284	CULA07G53440	MA_826663g0010	Cula__CULA07G53440	Pa__MA_826663g0010
OG0011285	CULA04G29260	MA_10430909g0010	Cula__CULA04G29260	Pa__MA_10430909g0010
OG0011288	CULA01G74380	MA_437423g0010	Cula__CULA01G74380	Pa__MA_437423g0010
OG0011289	CULA11G24440	MA_166238g0010	Cula__CULA11G24440	Pa__MA_166238g0010
OG0011290	CULA05G21230	MA_724630g0010	Cula__CULA05G21230	Pa__MA_724630g0010
OG0011291	CULA10G40300	MA_713g0010	Cula__CULA10G40300	Pa__MA_713g0010
OG0011294	CULA05G13100	MA_57381g0010	Cula__CULA05G13100	Pa__MA_57381g0010
OG0011295	CULA10G24140	MA_51782g0010	Cula__CULA10G24140	Pa__MA_51782g0010
OG0011300	CULA07G31790	MA_5599076g0010	Cula__CULA07G31790	Pa__MA_5599076g0010
OG0011303	CULA10G20980	MA_1271g0010	Cula__CULA10G20980	Pa__MA_1271g0010
OG0011310	CULA05G30580	MA_35797g0010	Cula__CULA05G30580	Pa__MA_35797g0010
OG0011313	CULA06G50780	MA_10429419g0010	Cula__CULA06G50780	Pa__MA_10429419g0010
OG0011314	CULA06G51410	MA_10434753g0010	Cula__CULA06G51410	Pa__MA_10434753g0010
OG0011315	CULA09G34440	MA_10429560g0010	Cula__CULA09G34440	Pa__MA_10429560g0010
OG0011318	CULA05G18470	MA_2805g0010	Cula__CULA05G18470	Pa__MA_2805g0010
OG0011319	CULA11G13760	MA_10431915g0010	Cula__CULA11G13760	Pa__MA_10431915g0010
OG0011324	CULA11G11760	MA_72689g0010	Cula__CULA11G11760	Pa__MA_72689g0010
OG0011329	CULA10G21830	MA_10437095g0010	Cula__CULA10G21830	Pa__MA_10437095g0010
OG0011333	CULA05G28420	MA_10437102g0010	Cula__CULA05G28420	Pa__MA_10437102g0010
OG0011334	CULA06G45700	MA_9868712g0010	Cula__CULA06G45700	Pa__MA_9868712g0010
OG0011336	CULA05G23210	MA_453913g0010	Cula__CULA05G23210	Pa__MA_453913g0010
OG0011340	CULA09G29900	MA_96704g0020	Cula__CULA09G29900	Pa__MA_96704g0020
OG0011341	CULA05G00910	MA_10428936g0010	Cula__CULA05G00910	Pa__MA_10428936g0010
OG0011342	CULA08G49610	MA_166984g0010	Cula__CULA08G49610	Pa__MA_166984g0010
OG0011343	CULA01G73600	MA_10431808g0010	Cula__CULA01G73600	Pa__MA_10431808g0010
OG0011344	CULA07G50000	MA_136037g0010	Cula__CULA07G50000	Pa__MA_136037g0010
OG0011346	CULA02G34590	MA_10434284g0010	Cula__CULA02G34590	Pa__MA_10434284g0010
OG0011350	CULA07G06220	MA_10068028g0010	Cula__CULA07G06220	Pa__MA_10068028g0010
OG0011351	CULA08G19400	MA_20450g0010	Cula__CULA08G19400	Pa__MA_20450g0010
OG0011354	CULA03G54090	MA_565534g0010	Cula__CULA03G54090	Pa__MA_565534g0010
OG0011355	CULA01G79380	MA_2315568g0010	Cula__CULA01G79380	Pa__MA_2315568g0010
OG0011356	CULA01G47710	MA_17594g0010	Cula__CULA01G47710	Pa__MA_17594g0010
OG0011358	CULA03G64850	MA_5716900g0010	Cula__CULA03G64850	Pa__MA_5716900g0010
OG0011359	CULA03G79350	MA_10430180g0010	Cula__CULA03G79350	Pa__MA_10430180g0010
OG0011360	CULA05G02700	MA_20110g0010	Cula__CULA05G02700	Pa__MA_20110g0010
OG0011362	CULA03G10430	MA_121302g0010	Cula__CULA03G10430	Pa__MA_121302g0010
OG0011363	CULA05G30330	MA_250925g0010	Cula__CULA05G30330	Pa__MA_250925g0010
OG0011366	CULA08G17550	MA_29137g0010	Cula__CULA08G17550	Pa__MA_29137g0010
OG0011367	CULA07G26290	MA_431428g0010	Cula__CULA07G26290	Pa__MA_431428g0010
OG0011370	CULA02G50670	MA_10436249g0010	Cula__CULA02G50670	Pa__MA_10436249g0010
OG0011372	CULA03G08860	MA_184188g0010	Cula__CULA03G08860	Pa__MA_184188g0010
OG0011374	CULA06G28470	MA_10436308g0010	Cula__CULA06G28470	Pa__MA_10436308g0010
OG0011375	CULA06G54870	MA_234479g0010	Cula__CULA06G54870	Pa__MA_234479g0010
OG0011377	CULA03G21760	MA_324064g0010	Cula__CULA03G21760	Pa__MA_324064g0010
OG0011378	CULA03G46970	MA_5995041g0010	Cula__CULA03G46970	Pa__MA_5995041g0010
OG0011383	CULA06G35100	MA_17473g0020	Cula__CULA06G35100	Pa__MA_17473g0020
OG0011384	CULA11G35080	MA_12174g0010	Cula__CULA11G35080	Pa__MA_12174g0010
OG0011385	CULA07G50290	MA_10427583g0020	Cula__CULA07G50290	Pa__MA_10427583g0020
OG0011386	CULA04G24220	MA_57841g0010	Cula__CULA04G24220	Pa__MA_57841g0010
OG0011387	CULA07G30510	MA_1750g0010	Cula__CULA07G30510	Pa__MA_1750g0010
OG0011392	CULA01G05890	MA_10312461g0010	Cula__CULA01G05890	Pa__MA_10312461g0010
OG0011395	CULA08G19270	MA_10158783g0010	Cula__CULA08G19270	Pa__MA_10158783g0010
OG0011396	CULA08G23970	MA_10433219g0010	Cula__CULA08G23970	Pa__MA_10433219g0010
OG0011402	CULA10G44060	MA_93039g0010	Cula__CULA10G44060	Pa__MA_93039g0010
OG0011403	CULA10G42300	MA_10427618g0010	Cula__CULA10G42300	Pa__MA_10427618g0010
OG0011405	CULA04G58920	MA_589595g0010	Cula__CULA04G58920	Pa__MA_589595g0010
OG0011408	CULA10G01160	MA_659042g0010	Cula__CULA10G01160	Pa__MA_659042g0010
OG0011411	CULA02G33950	MA_10078g0020	Cula__CULA02G33950	Pa__MA_10078g0020
OG0011414	CULA04G64220	MA_53407g0010	Cula__CULA04G64220	Pa__MA_53407g0010
OG0011415	CULA04G49740	MA_10436257g0010	Cula__CULA04G49740	Pa__MA_10436257g0010
OG0011419	CULA04G41960	MA_10436480g0020	Cula__CULA04G41960	Pa__MA_10436480g0020
OG0011422	CULA01G07970	MA_300928g0010	Cula__CULA01G07970	Pa__MA_300928g0010
OG0011423	CULA03G73030	MA_10426495g0020	Cula__CULA03G73030	Pa__MA_10426495g0020
OG0011425	CULA09G19190	MA_904788g0010	Cula__CULA09G19190	Pa__MA_904788g0010
OG0011426	CULA09G09280	MA_10436461g0010	Cula__CULA09G09280	Pa__MA_10436461g0010
OG0011427	CULA09G22360	MA_222560g0010	Cula__CULA09G22360	Pa__MA_222560g0010
OG0011430	CULA09G16130	MA_10433151g0010	Cula__CULA09G16130	Pa__MA_10433151g0010
OG0011431	CULA07G03930	MA_10433550g0010	Cula__CULA07G03930	Pa__MA_10433550g0010
OG0011433	CULA05G43340	MA_350420g0010	Cula__CULA05G43340	Pa__MA_350420g0010
OG0011434	CULA01G89060	MA_10431628g0010	Cula__CULA01G89060	Pa__MA_10431628g0010
OG0011435	CULA11G30800	MA_104379g0010	Cula__CULA11G30800	Pa__MA_104379g0010
OG0011436	CULA08G47200	MA_88973g0020	Cula__CULA08G47200	Pa__MA_88973g0020
OG0011440	CULA06G57170	MA_10436404g0010	Cula__CULA06G57170	Pa__MA_10436404g0010
OG0011443	CULA02G45260	MA_100776g0010	Cula__CULA02G45260	Pa__MA_100776g0010
OG0011445	CULA11G12840	MA_169894g0010	Cula__CULA11G12840	Pa__MA_169894g0010
OG0011447	CULA03G13740	MA_10433955g0020	Cula__CULA03G13740	Pa__MA_10433955g0020
OG0011450	CULA09G26930	MA_185611g0010	Cula__CULA09G26930	Pa__MA_185611g0010
OG0011452	CULA02G72050	MA_455618g0010	Cula__CULA02G72050	Pa__MA_455618g0010
OG0011455	CULA06G32340	MA_10648g0010	Cula__CULA06G32340	Pa__MA_10648g0010
OG0011456	CULA10G19610	MA_10426728g0010	Cula__CULA10G19610	Pa__MA_10426728g0010
OG0011459	CULA11G29110	MA_10434291g0010	Cula__CULA11G29110	Pa__MA_10434291g0010
OG0011462	CULA10G40100	MA_10432881g0010	Cula__CULA10G40100	Pa__MA_10432881g0010
OG0011463	CULA11G33430	MA_7369810g0010	Cula__CULA11G33430	Pa__MA_7369810g0010
OG0011468	CULA11G11770	MA_18178g0010	Cula__CULA11G11770	Pa__MA_18178g0010
OG0011474	CULA11G02580	MA_10436621g0010	Cula__CULA11G02580	Pa__MA_10436621g0010
OG0011477	CULA05G54700	MA_10437143g0010	Cula__CULA05G54700	Pa__MA_10437143g0010
OG0011481	CULA07G36980	MA_749379g0010	Cula__CULA07G36980	Pa__MA_749379g0010
OG0011482	CULA02G31630	MA_10437032g0010	Cula__CULA02G31630	Pa__MA_10437032g0010
OG0011488	CULA09G16970	MA_10430693g0010	Cula__CULA09G16970	Pa__MA_10430693g0010
OG0011490	CULA08G38890	MA_898819g0010	Cula__CULA08G38890	Pa__MA_898819g0010
OG0011491	CULA05G47960	MA_10431119g0010	Cula__CULA05G47960	Pa__MA_10431119g0010
OG0011493	CULA06G13640	MA_10436955g0010	Cula__CULA06G13640	Pa__MA_10436955g0010
OG0011494	CULA04G35900	MA_4974833g0010	Cula__CULA04G35900	Pa__MA_4974833g0010
OG0011495	CULA08G31500	MA_19332g0020	Cula__CULA08G31500	Pa__MA_19332g0020
OG0011498	CULA01G77910	MA_16922g0010	Cula__CULA01G77910	Pa__MA_16922g0010
OG0011504	CULA08G06210	MA_62853g0010	Cula__CULA08G06210	Pa__MA_62853g0010
OG0011508	CULA11G11380	MA_83545g0010	Cula__CULA11G11380	Pa__MA_83545g0010
OG0011510	CULA11G08420	MA_73539g0010	Cula__CULA11G08420	Pa__MA_73539g0010
OG0011511	CULA05G48640	MA_105595g0010	Cula__CULA05G48640	Pa__MA_105595g0010
OG0011512	CULA09G30990	MA_389547g0010	Cula__CULA09G30990	Pa__MA_389547g0010
OG0011513	CULA07G34400	MA_10429584g0010	Cula__CULA07G34400	Pa__MA_10429584g0010
OG0011516	CULA03G33310	MA_101664g0010	Cula__CULA03G33310	Pa__MA_101664g0010
OG0011517	CULA11G14540	MA_86994g0010	Cula__CULA11G14540	Pa__MA_86994g0010
OG0011518	CULA01G34690	MA_10435060g0010	Cula__CULA01G34690	Pa__MA_10435060g0010
OG0011519	CULA07G32680	MA_10429478g0010	Cula__CULA07G32680	Pa__MA_10429478g0010
OG0011521	CULA03G16410	MA_10429977g0010	Cula__CULA03G16410	Pa__MA_10429977g0010
OG0011522	CULA05G27120	MA_4340g0010	Cula__CULA05G27120	Pa__MA_4340g0010
OG0011526	CULA03G35860	MA_90280g0010	Cula__CULA03G35860	Pa__MA_90280g0010
OG0011530	CULA08G33240	MA_214489g0010	Cula__CULA08G33240	Pa__MA_214489g0010
OG0011534	CULA07G27530	MA_86404g0010	Cula__CULA07G27530	Pa__MA_86404g0010
OG0011536	CULA11G21730	MA_10429585g0010	Cula__CULA11G21730	Pa__MA_10429585g0010
OG0011537	CULA11G21770	MA_177568g0010	Cula__CULA11G21770	Pa__MA_177568g0010
OG0011538	CULA10G25260	MA_11503g0030	Cula__CULA10G25260	Pa__MA_11503g0030
OG0011539	CULA02G18320	MA_10432517g0010	Cula__CULA02G18320	Pa__MA_10432517g0010
OG0011541	CULA01G53680	MA_7506g0010	Cula__CULA01G53680	Pa__MA_7506g0010
OG0011542	CULA02G58630	MA_780267g0010	Cula__CULA02G58630	Pa__MA_780267g0010
OG0011543	CULA01G03070	MA_8469392g0010	Cula__CULA01G03070	Pa__MA_8469392g0010
OG0011544	CULA09G32820	MA_92489g0010	Cula__CULA09G32820	Pa__MA_92489g0010
OG0011546	CULA01G51320	MA_55444g0010	Cula__CULA01G51320	Pa__MA_55444g0010
OG0011547	CULA09G29870	MA_10436702g0010	Cula__CULA09G29870	Pa__MA_10436702g0010
OG0011549	CULA09G42890	MA_10426210g0010	Cula__CULA09G42890	Pa__MA_10426210g0010
OG0011550	CULA04G65080	MA_104246g0010	Cula__CULA04G65080	Pa__MA_104246g0010
OG0011551	CULA03G29560	MA_10429668g0010	Cula__CULA03G29560	Pa__MA_10429668g0010
OG0011552	CULA01G02550	MA_43985g0010	Cula__CULA01G02550	Pa__MA_43985g0010
OG0011554	CULA04G40420	MA_557825g0010	Cula__CULA04G40420	Pa__MA_557825g0010
OG0011557	CULA04G51720	MA_86971g0010	Cula__CULA04G51720	Pa__MA_86971g0010
OG0011562	CULA06G54180	MA_65183g0010	Cula__CULA06G54180	Pa__MA_65183g0010
OG0011565	CULA01G08240	MA_10431887g0010	Cula__CULA01G08240	Pa__MA_10431887g0010
OG0011569	CULA05G50830	MA_10433074g0010	Cula__CULA05G50830	Pa__MA_10433074g0010
OG0011574	CULA01G21320	MA_821302g0010	Cula__CULA01G21320	Pa__MA_821302g0010
OG0011575	CULA04G39530	MA_137709g0010	Cula__CULA04G39530	Pa__MA_137709g0010
OG0011577	CULA04G59020	MA_10436976g0010	Cula__CULA04G59020	Pa__MA_10436976g0010
OG0011578	CULA04G47830	MA_10434408g0010	Cula__CULA04G47830	Pa__MA_10434408g0010
OG0011582	CULA05G27870	MA_409714g0010	Cula__CULA05G27870	Pa__MA_409714g0010
OG0011586	CULA02G01040	MA_10436188g0010	Cula__CULA02G01040	Pa__MA_10436188g0010
OG0011587	CULA02G24190	MA_422522g0010	Cula__CULA02G24190	Pa__MA_422522g0010
OG0011589	CULA04G28030	MA_2034g0010	Cula__CULA04G28030	Pa__MA_2034g0010
OG0011590	CULA02G07710	MA_252180g0010	Cula__CULA02G07710	Pa__MA_252180g0010
OG0011592	CULA02G32060	MA_10428860g0010	Cula__CULA02G32060	Pa__MA_10428860g0010
OG0011593	CULA05G55350	MA_9719g0010	Cula__CULA05G55350	Pa__MA_9719g0010
OG0011594	CULA01G80050	MA_10434019g0010	Cula__CULA01G80050	Pa__MA_10434019g0010
OG0011595	CULA08G39330	MA_10432271g0010	Cula__CULA08G39330	Pa__MA_10432271g0010
OG0011596	CULA11G24770	MA_114460g0010	Cula__CULA11G24770	Pa__MA_114460g0010
OG0011599	CULA09G39390	MA_159115g0010	Cula__CULA09G39390	Pa__MA_159115g0010
OG0011601	CULA03G80980	MA_7862g0010	Cula__CULA03G80980	Pa__MA_7862g0010
OG0011602	CULA06G16710	MA_167002g0010	Cula__CULA06G16710	Pa__MA_167002g0010
OG0011603	CULA02G02190	MA_10428945g0010	Cula__CULA02G02190	Pa__MA_10428945g0010
OG0011604	CULA10G41620	MA_10434374g0010	Cula__CULA10G41620	Pa__MA_10434374g0010
OG0011605	CULA01G37830	MA_134586g0010	Cula__CULA01G37830	Pa__MA_134586g0010
OG0011606	CULA03G19300	MA_104828g0010	Cula__CULA03G19300	Pa__MA_104828g0010
OG0011607	CULA07G16180	MA_64284g0010	Cula__CULA07G16180	Pa__MA_64284g0010
OG0011609	CULA06G16040	MA_10426514g0020	Cula__CULA06G16040	Pa__MA_10426514g0020
OG0011610	CULA01G49870	MA_10432239g0010	Cula__CULA01G49870	Pa__MA_10432239g0010
OG0011612	CULA02G38890	MA_57642g0020	Cula__CULA02G38890	Pa__MA_57642g0020
OG0011614	CULA03G76860	MA_10435860g0010	Cula__CULA03G76860	Pa__MA_10435860g0010
OG0011615	CULA06G16030	MA_136507g0010	Cula__CULA06G16030	Pa__MA_136507g0010
OG0011616	CULA10G15370	MA_10426273g0010	Cula__CULA10G15370	Pa__MA_10426273g0010
OG0011617	CULA09G26860	MA_10435745g0010	Cula__CULA09G26860	Pa__MA_10435745g0010
OG0011619	CULA01G51310	MA_18349g0010	Cula__CULA01G51310	Pa__MA_18349g0010
OG0011620	CULA07G09100	MA_82551g0010	Cula__CULA07G09100	Pa__MA_82551g0010
OG0011623	CULA01G46380	MA_10431091g0010	Cula__CULA01G46380	Pa__MA_10431091g0010
OG0011667	CULA03G36110	MA_95825g0010	Cula__CULA03G36110	Pa__MA_95825g0010
OG0011697	CULA08G33940	MA_42487g0010	Cula__CULA08G33940	Pa__MA_42487g0010
OG0011698	CULA08G42300	MA_74608g0010	Cula__CULA08G42300	Pa__MA_74608g0010
OG0011706	CULA11G08040	MA_10426524g0010	Cula__CULA11G08040	Pa__MA_10426524g0010
OG0011798	CULA04G39580	MA_59599g0010	Cula__CULA04G39580	Pa__MA_59599g0010
OG0011799	CULA08G16380	MA_10277392g0010	Cula__CULA08G16380	Pa__MA_10277392g0010
OG0011815	CULA04G23470	MA_75192g0010	Cula__CULA04G23470	Pa__MA_75192g0010
OG0011821	CULA07G08720	MA_1737g0020	Cula__CULA07G08720	Pa__MA_1737g0020
OG0011823	CULA02G26820	MA_131178g0010	Cula__CULA02G26820	Pa__MA_131178g0010
OG0011828	CULA10G34910	MA_13745g0010	Cula__CULA10G34910	Pa__MA_13745g0010
OG0011830	CULA04G42610	MA_92610g0010	Cula__CULA04G42610	Pa__MA_92610g0010
OG0011850	CULA07G47630	MA_9897801g0010	Cula__CULA07G47630	Pa__MA_9897801g0010
OG0011853	CULA02G31510	MA_123133g0010	Cula__CULA02G31510	Pa__MA_123133g0010
OG0011857	CULA06G57800	MA_53054g0010	Cula__CULA06G57800	Pa__MA_53054g0010
OG0011862	CULA11G33260	MA_492000g0010	Cula__CULA11G33260	Pa__MA_492000g0010
OG0011864	CULA02G33030	MA_10326002g0010	Cula__CULA02G33030	Pa__MA_10326002g0010
OG0011878	CULA10G27550	MA_93134g0010	Cula__CULA10G27550	Pa__MA_93134g0010
OG0011880	CULA08G32770	MA_41289g0010	Cula__CULA08G32770	Pa__MA_41289g0010
OG0011882	CULA05G13240	MA_28618g0010	Cula__CULA05G13240	Pa__MA_28618g0010
OG0011885	CULA11G31980	MA_10431938g0010	Cula__CULA11G31980	Pa__MA_10431938g0010
OG0011887	CULA10G11480	MA_10434527g0010	Cula__CULA10G11480	Pa__MA_10434527g0010
OG0011890	CULA02G43800	MA_33008g0010	Cula__CULA02G43800	Pa__MA_33008g0010
OG0011894	CULA07G37420	MA_948394g0010	Cula__CULA07G37420	Pa__MA_948394g0010
OG0011896	CULA04G55400	MA_500288g0010	Cula__CULA04G55400	Pa__MA_500288g0010
OG0011898	CULA08G25820	MA_9934g0010	Cula__CULA08G25820	Pa__MA_9934g0010
OG0011900	CULA05G16110	MA_636666g0010	Cula__CULA05G16110	Pa__MA_636666g0010
OG0011907	CULA07G53430	MA_414920g0010	Cula__CULA07G53430	Pa__MA_414920g0010
OG0011908	CULA04G35060	MA_265196g0010	Cula__CULA04G35060	Pa__MA_265196g0010
OG0011910	CULA07G48920	MA_10435465g0010	Cula__CULA07G48920	Pa__MA_10435465g0010
OG0011919	CULA07G37980	MA_10432723g0020	Cula__CULA07G37980	Pa__MA_10432723g0020
OG0011921	CULA04G35930	MA_359293g0010	Cula__CULA04G35930	Pa__MA_359293g0010
OG0011922	CULA01G15770	MA_10436658g0010	Cula__CULA01G15770	Pa__MA_10436658g0010
OG0011925	CULA02G27160	MA_10432139g0010	Cula__CULA02G27160	Pa__MA_10432139g0010
OG0011935	CULA06G23100	MA_2157g0010	Cula__CULA06G23100	Pa__MA_2157g0010
OG0011942	CULA10G03420	MA_118377g0010	Cula__CULA10G03420	Pa__MA_118377g0010
OG0011943	CULA05G31470	MA_10427936g0010	Cula__CULA05G31470	Pa__MA_10427936g0010
OG0011946	CULA04G21300	MA_8652836g0010	Cula__CULA04G21300	Pa__MA_8652836g0010
OG0011947	CULA10G34610	MA_94570g0010	Cula__CULA10G34610	Pa__MA_94570g0010
OG0011951	CULA08G31160	MA_10436414g0020	Cula__CULA08G31160	Pa__MA_10436414g0020
OG0011965	CULA02G33720	MA_10433064g0010	Cula__CULA02G33720	Pa__MA_10433064g0010
OG0011973	CULA11G32470	MA_15889g0020	Cula__CULA11G32470	Pa__MA_15889g0020
OG0011975	CULA09G45810	MA_8156728g0010	Cula__CULA09G45810	Pa__MA_8156728g0010
OG0011986	CULA02G11660	MA_10101g0010	Cula__CULA02G11660	Pa__MA_10101g0010
OG0011988	CULA05G37220	MA_14836g0010	Cula__CULA05G37220	Pa__MA_14836g0010
OG0011995	CULA06G35930	MA_133281g0010	Cula__CULA06G35930	Pa__MA_133281g0010
OG0011996	CULA08G35880	MA_114043g0010	Cula__CULA08G35880	Pa__MA_114043g0010
OG0011998	CULA01G55040	MA_5075g0010	Cula__CULA01G55040	Pa__MA_5075g0010
OG0012000	CULA10G23360	MA_10394081g0010	Cula__CULA10G23360	Pa__MA_10394081g0010
OG0012001	CULA07G24020	MA_10038446g0010	Cula__CULA07G24020	Pa__MA_10038446g0010
OG0012003	CULA07G20330	MA_10434535g0010	Cula__CULA07G20330	Pa__MA_10434535g0010
OG0012004	CULA02G28560	MA_117003g0010	Cula__CULA02G28560	Pa__MA_117003g0010
OG0012006	CULA01G32980	MA_5791g0010	Cula__CULA01G32980	Pa__MA_5791g0010
OG0012007	CULA09G27620	MA_173856g0010	Cula__CULA09G27620	Pa__MA_173856g0010
OG0012010	CULA06G49160	MA_10428214g0010	Cula__CULA06G49160	Pa__MA_10428214g0010
OG0012011	CULA04G50360	MA_93555g0010	Cula__CULA04G50360	Pa__MA_93555g0010
OG0012012	CULA10G20720	MA_9405736g0010	Cula__CULA10G20720	Pa__MA_9405736g0010
OG0012014	CULA02G66810	MA_2873g0010	Cula__CULA02G66810	Pa__MA_2873g0010
OG0012016	CULA05G47770	MA_122931g0010	Cula__CULA05G47770	Pa__MA_122931g0010
OG0012018	CULA05G00110	MA_48965g0010	Cula__CULA05G00110	Pa__MA_48965g0010
OG0012020	CULA09G44330	MA_10425872g0010	Cula__CULA09G44330	Pa__MA_10425872g0010
OG0012021	CULA01G42200	MA_10429043g0010	Cula__CULA01G42200	Pa__MA_10429043g0010
OG0012025	CULA08G45360	MA_131671g0010	Cula__CULA08G45360	Pa__MA_131671g0010
OG0012027	CULA02G37330	MA_10428580g0010	Cula__CULA02G37330	Pa__MA_10428580g0010
OG0012029	CULA09G12140	MA_10432016g0010	Cula__CULA09G12140	Pa__MA_10432016g0010
OG0012031	CULA01G44160	MA_93106g0010	Cula__CULA01G44160	Pa__MA_93106g0010
OG0012033	CULA06G21570	MA_10219080g0010	Cula__CULA06G21570	Pa__MA_10219080g0010
OG0012040	CULA10G21240	MA_109119g0010	Cula__CULA10G21240	Pa__MA_109119g0010
OG0012046	CULA07G52090	MA_10261150g0010	Cula__CULA07G52090	Pa__MA_10261150g0010
OG0012054	CULA11G26430	MA_140003g0010	Cula__CULA11G26430	Pa__MA_140003g0010
OG0012055	CULA10G04060	MA_38611g0010	Cula__CULA10G04060	Pa__MA_38611g0010
OG0012064	CULA02G56330	MA_164849g0010	Cula__CULA02G56330	Pa__MA_164849g0010
OG0012066	CULA02G12510	MA_960119g0010	Cula__CULA02G12510	Pa__MA_960119g0010
OG0012067	CULA09G38370	MA_184872g0010	Cula__CULA09G38370	Pa__MA_184872g0010
OG0012069	CULA11G31550	MA_33582g0010	Cula__CULA11G31550	Pa__MA_33582g0010
OG0012072	CULA07G41020	MA_3844g0010	Cula__CULA07G41020	Pa__MA_3844g0010
OG0012074	CULA02G01440	MA_930859g0010	Cula__CULA02G01440	Pa__MA_930859g0010
OG0012076	CULA09G34780	MA_10427627g0010	Cula__CULA09G34780	Pa__MA_10427627g0010
OG0012078	CULA01G74960	MA_10113879g0010	Cula__CULA01G74960	Pa__MA_10113879g0010
OG0012080	CULA08G34950	MA_24476g0010	Cula__CULA08G34950	Pa__MA_24476g0010
OG0012081	CULA08G06540	MA_134078g0010	Cula__CULA08G06540	Pa__MA_134078g0010
OG0012082	CULA01G51560	MA_10434298g0010	Cula__CULA01G51560	Pa__MA_10434298g0010
OG0012086	CULA10G21200	MA_105216g0010	Cula__CULA10G21200	Pa__MA_105216g0010
OG0012087	CULA02G44460	MA_10435028g0010	Cula__CULA02G44460	Pa__MA_10435028g0010
OG0012088	CULA04G35760	MA_19015g0010	Cula__CULA04G35760	Pa__MA_19015g0010
OG0012090	CULA09G34450	MA_9928338g0010	Cula__CULA09G34450	Pa__MA_9928338g0010
OG0012091	CULA03G31840	MA_938669g0010	Cula__CULA03G31840	Pa__MA_938669g0010
OG0012093	CULA08G39080	MA_30034g0010	Cula__CULA08G39080	Pa__MA_30034g0010
OG0012094	CULA11G25540	MA_53991g0010	Cula__CULA11G25540	Pa__MA_53991g0010
OG0012098	CULA09G39030	MA_7193588g0010	Cula__CULA09G39030	Pa__MA_7193588g0010
OG0012099	CULA07G41960	MA_9449204g0010	Cula__CULA07G41960	Pa__MA_9449204g0010
OG0012102	CULA03G40880	MA_449338g0010	Cula__CULA03G40880	Pa__MA_449338g0010
OG0012105	CULA07G22120	MA_93206g0010	Cula__CULA07G22120	Pa__MA_93206g0010
OG0012108	CULA01G63480	MA_10436771g0010	Cula__CULA01G63480	Pa__MA_10436771g0010
OG0012109	CULA08G04530	MA_263724g0010	Cula__CULA08G04530	Pa__MA_263724g0010
OG0012117	CULA11G13460	MA_89422g0010	Cula__CULA11G13460	Pa__MA_89422g0010
OG0012118	CULA06G55860	MA_115418g0010	Cula__CULA06G55860	Pa__MA_115418g0010
OG0012119	CULA05G54810	MA_942991g0010	Cula__CULA05G54810	Pa__MA_942991g0010
OG0012120	CULA02G21480	MA_18506g0010	Cula__CULA02G21480	Pa__MA_18506g0010
OG0012121	CULA01G49780	MA_10435333g0010	Cula__CULA01G49780	Pa__MA_10435333g0010
OG0012125	CULA07G19940	MA_10426146g0010	Cula__CULA07G19940	Pa__MA_10426146g0010
OG0012126	CULA01G87730	MA_10433141g0010	Cula__CULA01G87730	Pa__MA_10433141g0010
OG0012128	CULA06G00470	MA_10433551g0010	Cula__CULA06G00470	Pa__MA_10433551g0010
OG0012130	CULA07G51550	MA_9222330g0010	Cula__CULA07G51550	Pa__MA_9222330g0010
OG0012134	CULA11G31680	MA_10435849g0020	Cula__CULA11G31680	Pa__MA_10435849g0020
OG0012139	CULA09G26830	MA_138770g0010	Cula__CULA09G26830	Pa__MA_138770g0010
OG0012141	CULA07G15410	MA_33203g0010	Cula__CULA07G15410	Pa__MA_33203g0010
OG0012143	CULA05G52380	MA_18372g0020	Cula__CULA05G52380	Pa__MA_18372g0020
OG0012145	CULA10G10830	MA_10433448g0010	Cula__CULA10G10830	Pa__MA_10433448g0010
OG0012146	CULA01G66480	MA_8643028g0010	Cula__CULA01G66480	Pa__MA_8643028g0010
OG0012148	CULA01G04800	MA_32592g0010	Cula__CULA01G04800	Pa__MA_32592g0010
OG0012149	CULA03G35700	MA_10427030g0010	Cula__CULA03G35700	Pa__MA_10427030g0010
OG0012150	CULA08G47450	MA_698449g0010	Cula__CULA08G47450	Pa__MA_698449g0010
OG0012155	CULA09G24930	MA_49757g0010	Cula__CULA09G24930	Pa__MA_49757g0010
OG0012157	CULA10G23780	MA_10432319g0010	Cula__CULA10G23780	Pa__MA_10432319g0010
OG0012158	CULA06G49800	MA_97040g0010	Cula__CULA06G49800	Pa__MA_97040g0010
OG0012159	CULA02G53390	MA_5461g0010	Cula__CULA02G53390	Pa__MA_5461g0010
OG0012162	CULA02G37270	MA_65964g0010	Cula__CULA02G37270	Pa__MA_65964g0010
OG0012164	CULA03G12120	MA_10431462g0010	Cula__CULA03G12120	Pa__MA_10431462g0010
OG0012167	CULA09G18400	MA_423098g0010	Cula__CULA09G18400	Pa__MA_423098g0010
OG0012172	CULA03G53880	MA_10430625g0010	Cula__CULA03G53880	Pa__MA_10430625g0010
OG0012173	CULA05G11530	MA_8393g0010	Cula__CULA05G11530	Pa__MA_8393g0010
OG0012175	CULA07G48850	MA_102736g0010	Cula__CULA07G48850	Pa__MA_102736g0010
OG0012176	CULA07G54860	MA_10432879g0010	Cula__CULA07G54860	Pa__MA_10432879g0010
OG0012179	CULA02G39640	MA_70651g0010	Cula__CULA02G39640	Pa__MA_70651g0010
OG0012183	CULA07G31450	MA_10426511g0010	Cula__CULA07G31450	Pa__MA_10426511g0010
OG0012189	CULA03G45500	MA_60111g0010	Cula__CULA03G45500	Pa__MA_60111g0010
OG0012198	CULA09G09910	MA_99004g0010	Cula__CULA09G09910	Pa__MA_99004g0010
OG0012203	CULA02G35820	MA_947876g0010	Cula__CULA02G35820	Pa__MA_947876g0010
OG0012204	CULA02G27990	MA_888642g0010	Cula__CULA02G27990	Pa__MA_888642g0010
OG0012207	CULA07G04780	MA_20227g0010	Cula__CULA07G04780	Pa__MA_20227g0010
OG0012208	CULA05G25860	MA_23426g0020	Cula__CULA05G25860	Pa__MA_23426g0020
OG0012215	CULA11G27610	MA_63370g0010	Cula__CULA11G27610	Pa__MA_63370g0010
OG0012222	CULA05G01330	MA_490761g0010	Cula__CULA05G01330	Pa__MA_490761g0010
OG0012223	CULA08G41330	MA_524595g0010	Cula__CULA08G41330	Pa__MA_524595g0010
OG0012227	CULA01G52140	MA_89633g0010	Cula__CULA01G52140	Pa__MA_89633g0010
OG0012228	CULA09G22560	MA_138679g0010	Cula__CULA09G22560	Pa__MA_138679g0010
OG0012229	CULA10G14090	MA_14707g0010	Cula__CULA10G14090	Pa__MA_14707g0010
OG0012230	CULA01G03860	MA_188257g0010	Cula__CULA01G03860	Pa__MA_188257g0010
OG0012231	CULA05G24610	MA_4803g0010	Cula__CULA05G24610	Pa__MA_4803g0010
OG0012233	CULA03G38650	MA_71038g0010	Cula__CULA03G38650	Pa__MA_71038g0010
OG0012234	CULA03G27180	MA_77650g0010	Cula__CULA03G27180	Pa__MA_77650g0010
OG0012236	CULA06G30060	MA_10435618g0010	Cula__CULA06G30060	Pa__MA_10435618g0010
OG0012239	CULA04G22900	MA_99909g0010	Cula__CULA04G22900	Pa__MA_99909g0010
OG0012240	CULA08G38550	MA_981g0010	Cula__CULA08G38550	Pa__MA_981g0010
OG0012243	CULA05G47880	MA_105116g0010	Cula__CULA05G47880	Pa__MA_105116g0010
OG0012248	CULA07G53830	MA_10430423g0010	Cula__CULA07G53830	Pa__MA_10430423g0010
OG0012252	CULA05G41470	MA_130980g0010	Cula__CULA05G41470	Pa__MA_130980g0010
OG0012253	CULA08G19090	MA_10290598g0010	Cula__CULA08G19090	Pa__MA_10290598g0010
OG0012256	CULA06G24430	MA_85007g0010	Cula__CULA06G24430	Pa__MA_85007g0010
OG0012257	CULA02G70510	MA_763g0010	Cula__CULA02G70510	Pa__MA_763g0010
OG0012259	CULA11G23390	MA_134886g0010	Cula__CULA11G23390	Pa__MA_134886g0010
OG0012261	CULA01G61130	MA_179136g0010	Cula__CULA01G61130	Pa__MA_179136g0010
OG0012262	CULA09G09850	MA_10483g0010	Cula__CULA09G09850	Pa__MA_10483g0010
OG0012263	CULA06G25330	MA_938037g0010	Cula__CULA06G25330	Pa__MA_938037g0010
OG0012270	CULA06G31320	MA_20694g0010	Cula__CULA06G31320	Pa__MA_20694g0010
OG0012276	CULA07G44070	MA_69008g0010	Cula__CULA07G44070	Pa__MA_69008g0010
OG0012279	CULA01G69920	MA_171460g0010	Cula__CULA01G69920	Pa__MA_171460g0010
OG0012281	CULA05G50620	MA_101067g0010	Cula__CULA05G50620	Pa__MA_101067g0010
OG0012285	CULA06G34880	MA_54771g0010	Cula__CULA06G34880	Pa__MA_54771g0010
OG0012288	CULA09G36110	MA_10427298g0010	Cula__CULA09G36110	Pa__MA_10427298g0010
OG0012290	CULA11G10750	MA_10432990g0010	Cula__CULA11G10750	Pa__MA_10432990g0010
OG0012294	CULA01G32830	MA_10434590g0010	Cula__CULA01G32830	Pa__MA_10434590g0010
OG0012295	CULA03G24320	MA_10432498g0010	Cula__CULA03G24320	Pa__MA_10432498g0010
OG0012302	CULA03G55890	MA_776900g0010	Cula__CULA03G55890	Pa__MA_776900g0010
OG0012303	CULA10G10420	MA_126114g0010	Cula__CULA10G10420	Pa__MA_126114g0010
OG0012305	CULA04G40850	MA_10430358g0020	Cula__CULA04G40850	Pa__MA_10430358g0020
OG0012310	CULA02G36800	MA_8259478g0010	Cula__CULA02G36800	Pa__MA_8259478g0010
OG0012315	CULA07G19590	MA_43690g0010	Cula__CULA07G19590	Pa__MA_43690g0010
OG0012318	CULA01G66370	MA_10431892g0020	Cula__CULA01G66370	Pa__MA_10431892g0020
OG0012319	CULA05G53540	MA_74869g0010	Cula__CULA05G53540	Pa__MA_74869g0010
OG0012320	CULA03G62320	MA_90165g0010	Cula__CULA03G62320	Pa__MA_90165g0010
OG0012321	CULA10G45340	MA_10435722g0010	Cula__CULA10G45340	Pa__MA_10435722g0010
OG0012323	CULA04G01870	MA_6846689g0010	Cula__CULA04G01870	Pa__MA_6846689g0010
OG0012326	CULA08G32030	MA_627804g0010	Cula__CULA08G32030	Pa__MA_627804g0010
OG0012328	CULA04G59250	MA_294124g0010	Cula__CULA04G59250	Pa__MA_294124g0010
OG0012331	CULA11G15840	MA_166588g0010	Cula__CULA11G15840	Pa__MA_166588g0010
OG0012332	CULA02G60210	MA_10432866g0010	Cula__CULA02G60210	Pa__MA_10432866g0010
OG0012333	CULA05G49820	MA_139204g0010	Cula__CULA05G49820	Pa__MA_139204g0010
OG0012335	CULA11G20970	MA_100751g0010	Cula__CULA11G20970	Pa__MA_100751g0010
OG0012336	CULA05G24800	MA_9365g0010	Cula__CULA05G24800	Pa__MA_9365g0010
OG0012337	CULA09G02980	MA_10434108g0010	Cula__CULA09G02980	Pa__MA_10434108g0010
OG0012338	CULA07G33150	MA_41168g0010	Cula__CULA07G33150	Pa__MA_41168g0010
OG0012339	CULA06G19650	MA_10434091g0010	Cula__CULA06G19650	Pa__MA_10434091g0010
OG0012340	CULA07G31400	MA_10426825g0010	Cula__CULA07G31400	Pa__MA_10426825g0010
OG0012342	CULA05G42980	MA_3571527g0010	Cula__CULA05G42980	Pa__MA_3571527g0010
OG0012343	CULA07G15000	MA_10434672g0010	Cula__CULA07G15000	Pa__MA_10434672g0010
OG0012344	CULA06G19970	MA_10436679g0010	Cula__CULA06G19970	Pa__MA_10436679g0010
OG0012349	CULA11G34320	MA_10435492g0010	Cula__CULA11G34320	Pa__MA_10435492g0010
OG0012350	CULA04G38450	MA_33034g0010	Cula__CULA04G38450	Pa__MA_33034g0010
OG0012353	CULA06G41290	MA_10437158g0020	Cula__CULA06G41290	Pa__MA_10437158g0020
OG0012354	CULA08G49460	MA_130310g0010	Cula__CULA08G49460	Pa__MA_130310g0010
OG0012355	CULA09G31580	MA_18349g0020	Cula__CULA09G31580	Pa__MA_18349g0020
OG0012356	CULA10G36310	MA_20641g0020	Cula__CULA10G36310	Pa__MA_20641g0020
OG0012357	CULA01G83710	MA_10285g0010	Cula__CULA01G83710	Pa__MA_10285g0010
OG0012358	CULA09G45340	MA_10429464g0010	Cula__CULA09G45340	Pa__MA_10429464g0010
OG0012361	CULA11G11870	MA_167307g0010	Cula__CULA11G11870	Pa__MA_167307g0010
OG0012364	CULA09G22310	MA_99302g0010	Cula__CULA09G22310	Pa__MA_99302g0010
OG0012365	CULA01G47750	MA_10427889g0020	Cula__CULA01G47750	Pa__MA_10427889g0020
OG0012367	CULA11G22550	MA_65267g0010	Cula__CULA11G22550	Pa__MA_65267g0010
OG0012368	CULA09G44110	MA_9447489g0010	Cula__CULA09G44110	Pa__MA_9447489g0010
OG0012369	CULA04G30280	MA_10426906g0010	Cula__CULA04G30280	Pa__MA_10426906g0010
OG0012371	CULA08G38230	MA_10427730g0010	Cula__CULA08G38230	Pa__MA_10427730g0010
OG0012372	CULA08G44770	MA_166041g0010	Cula__CULA08G44770	Pa__MA_166041g0010
OG0012373	CULA05G27740	MA_104176g0010	Cula__CULA05G27740	Pa__MA_104176g0010
OG0012374	CULA06G53010	MA_10215114g0010	Cula__CULA06G53010	Pa__MA_10215114g0010
OG0012376	CULA11G33530	MA_680251g0010	Cula__CULA11G33530	Pa__MA_680251g0010
OG0012377	CULA02G53300	MA_18584g0010	Cula__CULA02G53300	Pa__MA_18584g0010
OG0012380	CULA01G29420	MA_9683140g0010	Cula__CULA01G29420	Pa__MA_9683140g0010
OG0012384	CULA02G00390	MA_139280g0010	Cula__CULA02G00390	Pa__MA_139280g0010
OG0012385	CULA10G35380	MA_121907g0010	Cula__CULA10G35380	Pa__MA_121907g0010
OG0012387	CULA06G12280	MA_10430893g0010	Cula__CULA06G12280	Pa__MA_10430893g0010
OG0012389	CULA02G06470	MA_10427853g0010	Cula__CULA02G06470	Pa__MA_10427853g0010
OG0012391	CULA09G24240	MA_51020g0020	Cula__CULA09G24240	Pa__MA_51020g0020
OG0012395	CULA03G57200	MA_10280536g0010	Cula__CULA03G57200	Pa__MA_10280536g0010
OG0012397	CULA01G44330	MA_10436278g0010	Cula__CULA01G44330	Pa__MA_10436278g0010
OG0012398	CULA09G37800	MA_10426051g0010	Cula__CULA09G37800	Pa__MA_10426051g0010
OG0012399	CULA05G13560	MA_123340g0010	Cula__CULA05G13560	Pa__MA_123340g0010
OG0012405	CULA04G24140	MA_10437115g0010	Cula__CULA04G24140	Pa__MA_10437115g0010
OG0012406	CULA08G39310	MA_185929g0010	Cula__CULA08G39310	Pa__MA_185929g0010
OG0012407	CULA03G33910	MA_922767g0010	Cula__CULA03G33910	Pa__MA_922767g0010
OG0012408	CULA02G41470	MA_10434974g0010	Cula__CULA02G41470	Pa__MA_10434974g0010
OG0012409	CULA11G23090	MA_556341g0010	Cula__CULA11G23090	Pa__MA_556341g0010
OG0012410	CULA11G15870	MA_10435781g0010	Cula__CULA11G15870	Pa__MA_10435781g0010
OG0012412	CULA03G33800	MA_4773g0010	Cula__CULA03G33800	Pa__MA_4773g0010
OG0012414	CULA07G08030	MA_5086g0010	Cula__CULA07G08030	Pa__MA_5086g0010
OG0012415	CULA05G54260	MA_10427814g0010	Cula__CULA05G54260	Pa__MA_10427814g0010
OG0012417	CULA07G33750	MA_10429059g0010	Cula__CULA07G33750	Pa__MA_10429059g0010
OG0012419	CULA06G26180	MA_19558g0010	Cula__CULA06G26180	Pa__MA_19558g0010
OG0012422	CULA03G29890	MA_10429833g0010	Cula__CULA03G29890	Pa__MA_10429833g0010
OG0012423	CULA02G24790	MA_10427760g0010	Cula__CULA02G24790	Pa__MA_10427760g0010
OG0012424	CULA02G33650	MA_10427952g0010	Cula__CULA02G33650	Pa__MA_10427952g0010
OG0012428	CULA01G48570	MA_10426382g0010	Cula__CULA01G48570	Pa__MA_10426382g0010
OG0012429	CULA02G03190	MA_41164g0010	Cula__CULA02G03190	Pa__MA_41164g0010
OG0012430	CULA07G53380	MA_7598030g0010	Cula__CULA07G53380	Pa__MA_7598030g0010
OG0012431	CULA01G42450	MA_10431239g0010	Cula__CULA01G42450	Pa__MA_10431239g0010
OG0012432	CULA08G01450	MA_10433037g0010	Cula__CULA08G01450	Pa__MA_10433037g0010
OG0012433	CULA10G07690	MA_56094g0010	Cula__CULA10G07690	Pa__MA_56094g0010
OG0012435	CULA10G03580	MA_59576g0010	Cula__CULA10G03580	Pa__MA_59576g0010
OG0012436	CULA07G01280	MA_760594g0010	Cula__CULA07G01280	Pa__MA_760594g0010
OG0012438	CULA09G10940	MA_40506g0020	Cula__CULA09G10940	Pa__MA_40506g0020
OG0012440	CULA02G38930	MA_932319g0010	Cula__CULA02G38930	Pa__MA_932319g0010
OG0012441	CULA01G55350	MA_10436240g0010	Cula__CULA01G55350	Pa__MA_10436240g0010
OG0012442	CULA07G04060	MA_10427899g0010	Cula__CULA07G04060	Pa__MA_10427899g0010
OG0012443	CULA05G43070	MA_314327g0010	Cula__CULA05G43070	Pa__MA_314327g0010
OG0012444	CULA02G00080	MA_960556g0010	Cula__CULA02G00080	Pa__MA_960556g0010
OG0012446	CULA09G39430	MA_10427598g0010	Cula__CULA09G39430	Pa__MA_10427598g0010
OG0012447	CULA01G52160	MA_10432323g0010	Cula__CULA01G52160	Pa__MA_10432323g0010
OG0012449	CULA01G34020	MA_23553g0010	Cula__CULA01G34020	Pa__MA_23553g0010
OG0012450	CULA03G71470	MA_10431246g0010	Cula__CULA03G71470	Pa__MA_10431246g0010
OG0012451	CULA04G28130	MA_77020g0010	Cula__CULA04G28130	Pa__MA_77020g0010
OG0012452	CULA10G34680	MA_141060g0010	Cula__CULA10G34680	Pa__MA_141060g0010
OG0012453	CULA03G56400	MA_30078g0010	Cula__CULA03G56400	Pa__MA_30078g0010
OG0012455	CULA01G55430	MA_10430473g0010	Cula__CULA01G55430	Pa__MA_10430473g0010
OG0012457	CULA02G67910	MA_444126g0010	Cula__CULA02G67910	Pa__MA_444126g0010
OG0012458	CULA02G46060	MA_10429638g0010	Cula__CULA02G46060	Pa__MA_10429638g0010
OG0012460	CULA07G48460	MA_20544g0010	Cula__CULA07G48460	Pa__MA_20544g0010
OG0012462	CULA04G14450	MA_78775g0010	Cula__CULA04G14450	Pa__MA_78775g0010
OG0012464	CULA01G49890	MA_111908g0010	Cula__CULA01G49890	Pa__MA_111908g0010
OG0012466	CULA05G38860	MA_948382g0010	Cula__CULA05G38860	Pa__MA_948382g0010
OG0012470	CULA03G23810	MA_10433231g0010	Cula__CULA03G23810	Pa__MA_10433231g0010
OG0012471	CULASca15310.1	MA_10428190g0010	Cula__CULASca15310.1	Pa__MA_10428190g0010
OG0012472	CULA06G37890	MA_10271g0010	Cula__CULA06G37890	Pa__MA_10271g0010
OG0012473	CULA08G42480	MA_34680g0010	Cula__CULA08G42480	Pa__MA_34680g0010
OG0012474	CULA05G24260	MA_207261g0010	Cula__CULA05G24260	Pa__MA_207261g0010
OG0012475	CULA07G32950	MA_9520615g0010	Cula__CULA07G32950	Pa__MA_9520615g0010
OG0012476	CULA09G04240	MA_36944g0020	Cula__CULA09G04240	Pa__MA_36944g0020
OG0012478	CULA05G26840	MA_10426913g0010	Cula__CULA05G26840	Pa__MA_10426913g0010
OG0012479	CULA05G44170	MA_20129g0010	Cula__CULA05G44170	Pa__MA_20129g0010
OG0012480	CULA11G01100	MA_10437153g0010	Cula__CULA11G01100	Pa__MA_10437153g0010
OG0012481	CULA05G37000	MA_129451g0010	Cula__CULA05G37000	Pa__MA_129451g0010
OG0012482	CULA05G48180	MA_102992g0020	Cula__CULA05G48180	Pa__MA_102992g0020
OG0012483	CULA07G09550	MA_10265443g0010	Cula__CULA07G09550	Pa__MA_10265443g0010
OG0012484	CULA05G28520	MA_79020g0010	Cula__CULA05G28520	Pa__MA_79020g0010
OG0012490	CULA07G07110	MA_10427302g0010	Cula__CULA07G07110	Pa__MA_10427302g0010
OG0012492	CULA09G17010	MA_266797g0010	Cula__CULA09G17010	Pa__MA_266797g0010
OG0012493	CULA01G61860	MA_694512g0010	Cula__CULA01G61860	Pa__MA_694512g0010
OG0012494	CULA10G00310	MA_824803g0010	Cula__CULA10G00310	Pa__MA_824803g0010
OG0012500	CULA08G01720	MA_8277171g0010	Cula__CULA08G01720	Pa__MA_8277171g0010
OG0012502	CULA08G28940	MA_10427239g0010	Cula__CULA08G28940	Pa__MA_10427239g0010
OG0012503	CULA04G58250	MA_20260g0010	Cula__CULA04G58250	Pa__MA_20260g0010
OG0012506	CULA09G26910	MA_9290429g0010	Cula__CULA09G26910	Pa__MA_9290429g0010
OG0012507	CULA10G35850	MA_10431202g0010	Cula__CULA10G35850	Pa__MA_10431202g0010
OG0012508	CULA02G19200	MA_10427482g0010	Cula__CULA02G19200	Pa__MA_10427482g0010
OG0012509	CULA08G27220	MA_46288g0010	Cula__CULA08G27220	Pa__MA_46288g0010
OG0012513	CULA10G45500	MA_10432924g0010	Cula__CULA10G45500	Pa__MA_10432924g0010
OG0012516	CULA08G16560	MA_10430592g0010	Cula__CULA08G16560	Pa__MA_10430592g0010
OG0012517	CULA07G51920	MA_35925g0020	Cula__CULA07G51920	Pa__MA_35925g0020
OG0012518	CULA06G30710	MA_110148g0010	Cula__CULA06G30710	Pa__MA_110148g0010
OG0012521	CULA09G35770	MA_10437211g0010	Cula__CULA09G35770	Pa__MA_10437211g0010
OG0012526	CULA03G06270	MA_10436489g0010	Cula__CULA03G06270	Pa__MA_10436489g0010
OG0012527	CULA01G54760	MA_22661g0010	Cula__CULA01G54760	Pa__MA_22661g0010
OG0012528	CULA04G22560	MA_3471g0020	Cula__CULA04G22560	Pa__MA_3471g0020
OG0012529	CULA10G02940	MA_10428744g0010	Cula__CULA10G02940	Pa__MA_10428744g0010
OG0012534	CULA09G28770	MA_10429518g0010	Cula__CULA09G28770	Pa__MA_10429518g0010
OG0012535	CULA10G02610	MA_13307g0020	Cula__CULA10G02610	Pa__MA_13307g0020
OG0012536	CULA06G15610	MA_92522g0010	Cula__CULA06G15610	Pa__MA_92522g0010
OG0012539	CULA08G43260	MA_102379g0010	Cula__CULA08G43260	Pa__MA_102379g0010
OG0012542	CULA08G44370	MA_10428943g0010	Cula__CULA08G44370	Pa__MA_10428943g0010
OG0012543	CULA03G10460	MA_9582737g0010	Cula__CULA03G10460	Pa__MA_9582737g0010
OG0012545	CULA10G46630	MA_3996g0010	Cula__CULA10G46630	Pa__MA_3996g0010
OG0012546	CULA02G17060	MA_20115g0030	Cula__CULA02G17060	Pa__MA_20115g0030
OG0012548	CULA02G15060	MA_10430085g0010	Cula__CULA02G15060	Pa__MA_10430085g0010
OG0012550	CULA08G28190	MA_10181246g0010	Cula__CULA08G28190	Pa__MA_10181246g0010
OG0012551	CULA07G08870	MA_314789g0010	Cula__CULA07G08870	Pa__MA_314789g0010
OG0012552	CULA07G44610	MA_8401646g0010	Cula__CULA07G44610	Pa__MA_8401646g0010
OG0012553	CULA01G48010	MA_81231g0010	Cula__CULA01G48010	Pa__MA_81231g0010
OG0012554	CULA05G09190	MA_10431992g0010	Cula__CULA05G09190	Pa__MA_10431992g0010
OG0012555	CULA05G52020	MA_10429014g0010	Cula__CULA05G52020	Pa__MA_10429014g0010
OG0012556	CULA09G02280	MA_10428941g0010	Cula__CULA09G02280	Pa__MA_10428941g0010
OG0012559	CULA05G26670	MA_10433010g0010	Cula__CULA05G26670	Pa__MA_10433010g0010
OG0012563	CULA05G13530	MA_134064g0010	Cula__CULA05G13530	Pa__MA_134064g0010
OG0012564	CULA11G16160	MA_10204389g0010	Cula__CULA11G16160	Pa__MA_10204389g0010
OG0012571	CULA09G24080	MA_10429789g0020	Cula__CULA09G24080	Pa__MA_10429789g0020
OG0012572	CULA02G08920	MA_42352g0020	Cula__CULA02G08920	Pa__MA_42352g0020
OG0012573	CULA05G47590	MA_764890g0010	Cula__CULA05G47590	Pa__MA_764890g0010
OG0012574	CULA05G46950	MA_115407g0010	Cula__CULA05G46950	Pa__MA_115407g0010
OG0012575	CULA11G31690	MA_460253g0010	Cula__CULA11G31690	Pa__MA_460253g0010
OG0012577	CULA05G31480	MA_10430187g0010	Cula__CULA05G31480	Pa__MA_10430187g0010
OG0012578	CULA05G38990	MA_327445g0010	Cula__CULA05G38990	Pa__MA_327445g0010
OG0012579	CULA07G51090	MA_5651g0010	Cula__CULA07G51090	Pa__MA_5651g0010
OG0012580	CULA05G48240	MA_58424g0010	Cula__CULA05G48240	Pa__MA_58424g0010
OG0012581	CULA06G41280	MA_10185649g0010	Cula__CULA06G41280	Pa__MA_10185649g0010
OG0012582	CULA11G11840	MA_10434295g0010	Cula__CULA11G11840	Pa__MA_10434295g0010
OG0012583	CULA03G34530	MA_10435790g0020	Cula__CULA03G34530	Pa__MA_10435790g0020
OG0012585	CULA06G39260	MA_10427223g0010	Cula__CULA06G39260	Pa__MA_10427223g0010
OG0012588	CULA04G35880	MA_104872g0010	Cula__CULA04G35880	Pa__MA_104872g0010
OG0012590	CULA08G26900	MA_432573g0010	Cula__CULA08G26900	Pa__MA_432573g0010
OG0012592	CULA02G62270	MA_9033g0010	Cula__CULA02G62270	Pa__MA_9033g0010
OG0012593	CULA03G31070	MA_10435608g0010	Cula__CULA03G31070	Pa__MA_10435608g0010
OG0012594	CULA09G10480	MA_19954g0010	Cula__CULA09G10480	Pa__MA_19954g0010
OG0012595	CULA04G58220	MA_10428009g0010	Cula__CULA04G58220	Pa__MA_10428009g0010
OG0012596	CULA03G20020	MA_45311g0010	Cula__CULA03G20020	Pa__MA_45311g0010
OG0012597	CULA10G26070	MA_3406g0020	Cula__CULA10G26070	Pa__MA_3406g0020
OG0012598	CULA03G04760	MA_9247415g0010	Cula__CULA03G04760	Pa__MA_9247415g0010
OG0012602	CULA01G51290	MA_10436610g0010	Cula__CULA01G51290	Pa__MA_10436610g0010
OG0012604	CULA03G78230	MA_164185g0010	Cula__CULA03G78230	Pa__MA_164185g0010
OG0012605	CULA05G46520	MA_169555g0010	Cula__CULA05G46520	Pa__MA_169555g0010
OG0012606	CULA04G44740	MA_81112g0010	Cula__CULA04G44740	Pa__MA_81112g0010
OG0012608	CULA03G29820	MA_90870g0010	Cula__CULA03G29820	Pa__MA_90870g0010
OG0012609	CULA01G47010	MA_91136g0010	Cula__CULA01G47010	Pa__MA_91136g0010
OG0012613	CULA06G31980	MA_10243652g0010	Cula__CULA06G31980	Pa__MA_10243652g0010
OG0012614	CULA06G47220	MA_127987g0010	Cula__CULA06G47220	Pa__MA_127987g0010
OG0012615	CULA06G32000	MA_10431721g0010	Cula__CULA06G32000	Pa__MA_10431721g0010
OG0012617	CULA09G36210	MA_10425774g0020	Cula__CULA09G36210	Pa__MA_10425774g0020
OG0012620	CULA07G04620	MA_11025g0010	Cula__CULA07G04620	Pa__MA_11025g0010
OG0012621	CULA03G50550	MA_35531g0020	Cula__CULA03G50550	Pa__MA_35531g0020
OG0012623	CULA03G37380	MA_101231g0010	Cula__CULA03G37380	Pa__MA_101231g0010
OG0012625	CULA01G10050	MA_10221600g0010	Cula__CULA01G10050	Pa__MA_10221600g0010
OG0012626	CULA10G29320	MA_10432188g0010	Cula__CULA10G29320	Pa__MA_10432188g0010
OG0012627	CULA04G64980	MA_8234g0010	Cula__CULA04G64980	Pa__MA_8234g0010
OG0012628	CULA01G66490	MA_10020874g0010	Cula__CULA01G66490	Pa__MA_10020874g0010
OG0012629	CULA01G71580	MA_10429827g0010	Cula__CULA01G71580	Pa__MA_10429827g0010
OG0012630	CULA01G76080	MA_10436268g0010	Cula__CULA01G76080	Pa__MA_10436268g0010
OG0012631	CULA03G25940	MA_2854g0010	Cula__CULA03G25940	Pa__MA_2854g0010
OG0012632	CULA01G69640	MA_28211g0010	Cula__CULA01G69640	Pa__MA_28211g0010
OG0012633	CULA05G43780	MA_18588g0010	Cula__CULA05G43780	Pa__MA_18588g0010
OG0012635	CULA10G19140	MA_181270g0010	Cula__CULA10G19140	Pa__MA_181270g0010
OG0012637	CULA11G21850	MA_118438g0010	Cula__CULA11G21850	Pa__MA_118438g0010
OG0012638	CULA01G26180	MA_10429471g0010	Cula__CULA01G26180	Pa__MA_10429471g0010
OG0012639	CULA02G46100	MA_10436618g0010	Cula__CULA02G46100	Pa__MA_10436618g0010
OG0012643	CULA03G58080	MA_65346g0010	Cula__CULA03G58080	Pa__MA_65346g0010
OG0012644	CULA06G45770	MA_102591g0010	Cula__CULA06G45770	Pa__MA_102591g0010
OG0012645	CULA01G26200	MA_8158336g0010	Cula__CULA01G26200	Pa__MA_8158336g0010
OG0012649	CULA02G03570	MA_82669g0010	Cula__CULA02G03570	Pa__MA_82669g0010
OG0012650	CULA07G50120	MA_10433971g0010	Cula__CULA07G50120	Pa__MA_10433971g0010
OG0012651	CULA01G48500	MA_937859g0010	Cula__CULA01G48500	Pa__MA_937859g0010
OG0012653	CULA01G73960	MA_10432175g0010	Cula__CULA01G73960	Pa__MA_10432175g0010
OG0012655	CULA03G35430	MA_2211g0010	Cula__CULA03G35430	Pa__MA_2211g0010
OG0012658	CULA09G34460	MA_10426641g0010	Cula__CULA09G34460	Pa__MA_10426641g0010
OG0012661	CULA11G34150	MA_10429986g0010	Cula__CULA11G34150	Pa__MA_10429986g0010
OG0012665	CULA09G04680	MA_450000g0010	Cula__CULA09G04680	Pa__MA_450000g0010
OG0012666	CULA09G26890	MA_10193025g0010	Cula__CULA09G26890	Pa__MA_10193025g0010
OG0012669	CULA09G31260	MA_10432740g0010	Cula__CULA09G31260	Pa__MA_10432740g0010
OG0012670	CULA03G46150	MA_356784g0010	Cula__CULA03G46150	Pa__MA_356784g0010
OG0012671	CULA09G38070	MA_201242g0020	Cula__CULA09G38070	Pa__MA_201242g0020
OG0012673	CULA11G17260	MA_10429958g0030	Cula__CULA11G17260	Pa__MA_10429958g0030
OG0012675	CULA03G33810	MA_141030g0010	Cula__CULA03G33810	Pa__MA_141030g0010
OG0012676	CULA06G57820	MA_258650g0010	Cula__CULA06G57820	Pa__MA_258650g0010
OG0012677	CULA04G03620	MA_230716g0010	Cula__CULA04G03620	Pa__MA_230716g0010
OG0012678	CULA01G52470	MA_13250g0010	Cula__CULA01G52470	Pa__MA_13250g0010
OG0012679	CULA01G09250	MA_469702g0010	Cula__CULA01G09250	Pa__MA_469702g0010
OG0012680	CULA07G46320	MA_85544g0010	Cula__CULA07G46320	Pa__MA_85544g0010
OG0012685	CULA07G34790	MA_104296g0010	Cula__CULA07G34790	Pa__MA_104296g0010
OG0012686	CULA07G33810	MA_332596g0010	Cula__CULA07G33810	Pa__MA_332596g0010
OG0012687	CULA07G44780	MA_405561g0010	Cula__CULA07G44780	Pa__MA_405561g0010
OG0012690	CULA02G27180	MA_61548g0010	Cula__CULA02G27180	Pa__MA_61548g0010
OG0012691	CULA10G26600	MA_10148529g0010	Cula__CULA10G26600	Pa__MA_10148529g0010
OG0012692	CULA03G76280	MA_16054g0010	Cula__CULA03G76280	Pa__MA_16054g0010
OG0012693	CULA10G08790	MA_768g0010	Cula__CULA10G08790	Pa__MA_768g0010
OG0012694	CULA07G38290	MA_10435561g0010	Cula__CULA07G38290	Pa__MA_10435561g0010
OG0012698	CULA05G04930	MA_82134g0010	Cula__CULA05G04930	Pa__MA_82134g0010
OG0012700	CULA07G53400	MA_10433419g0010	Cula__CULA07G53400	Pa__MA_10433419g0010
OG0012703	CULA08G47880	MA_89664g0010	Cula__CULA08G47880	Pa__MA_89664g0010
OG0012704	CULA05G37770	MA_126556g0010	Cula__CULA05G37770	Pa__MA_126556g0010
OG0012705	CULA01G43790	MA_17639g0020	Cula__CULA01G43790	Pa__MA_17639g0020
OG0012710	CULA02G15700	MA_10426769g0020	Cula__CULA02G15700	Pa__MA_10426769g0020
OG0012712	CULA07G50440	MA_54782g0010	Cula__CULA07G50440	Pa__MA_54782g0010
OG0012713	CULA02G30470	MA_100910g0020	Cula__CULA02G30470	Pa__MA_100910g0020
OG0012714	CULA01G30090	MA_10432148g0010	Cula__CULA01G30090	Pa__MA_10432148g0010
OG0012716	CULA02G42090	MA_43405g0010	Cula__CULA02G42090	Pa__MA_43405g0010
OG0012717	CULA01G52940	MA_10431041g0010	Cula__CULA01G52940	Pa__MA_10431041g0010
OG0012720	CULA09G29970	MA_10435727g0010	Cula__CULA09G29970	Pa__MA_10435727g0010
OG0012721	CULA07G32810	MA_8687206g0010	Cula__CULA07G32810	Pa__MA_8687206g0010
OG0012722	CULA09G25110	MA_450177g0010	Cula__CULA09G25110	Pa__MA_450177g0010
OG0012727	CULA09G01410	MA_128155g0010	Cula__CULA09G01410	Pa__MA_128155g0010
OG0012728	CULA04G31830	MA_74360g0010	Cula__CULA04G31830	Pa__MA_74360g0010
OG0012729	CULA02G66440	MA_287417g0010	Cula__CULA02G66440	Pa__MA_287417g0010
OG0012730	CULA05G29050	MA_10432513g0010	Cula__CULA05G29050	Pa__MA_10432513g0010
OG0012731	CULA06G53670	MA_14692g0010	Cula__CULA06G53670	Pa__MA_14692g0010
OG0012732	CULA09G25040	MA_10277514g0010	Cula__CULA09G25040	Pa__MA_10277514g0010
OG0012733	CULASca60250.1	MA_127668g0010	Cula__CULASca60250.1	Pa__MA_127668g0010
OG0012737	CULA02G37390	MA_837813g0010	Cula__CULA02G37390	Pa__MA_837813g0010
OG0012739	CULA04G61370	MA_10436755g0010	Cula__CULA04G61370	Pa__MA_10436755g0010
OG0012740	CULA04G55090	MA_95828g0010	Cula__CULA04G55090	Pa__MA_95828g0010
OG0012741	CULASca29090.1	MA_5849416g0010	Cula__CULASca29090.1	Pa__MA_5849416g0010
OG0012742	CULA01G82490	MA_5853g0010	Cula__CULA01G82490	Pa__MA_5853g0010
OG0012744	CULA02G46670	MA_92498g0010	Cula__CULA02G46670	Pa__MA_92498g0010
OG0012746	CULA05G20860	MA_10432417g0010	Cula__CULA05G20860	Pa__MA_10432417g0010
OG0012747	CULA01G86900	MA_10435358g0010	Cula__CULA01G86900	Pa__MA_10435358g0010
OG0012748	CULA05G02870	MA_13998g0010	Cula__CULA05G02870	Pa__MA_13998g0010
OG0012750	CULA01G04780	MA_45379g0010	Cula__CULA01G04780	Pa__MA_45379g0010
OG0012752	CULA03G68990	MA_2692g0010	Cula__CULA03G68990	Pa__MA_2692g0010
OG0012753	CULA01G00370	MA_10433730g0010	Cula__CULA01G00370	Pa__MA_10433730g0010
OG0012754	CULA05G36510	MA_6432367g0010	Cula__CULA05G36510	Pa__MA_6432367g0010
OG0012755	CULA05G36490	MA_80455g0010	Cula__CULA05G36490	Pa__MA_80455g0010
OG0012756	CULA02G33970	MA_206524g0010	Cula__CULA02G33970	Pa__MA_206524g0010
OG0012757	CULA04G57430	MA_502949g0010	Cula__CULA04G57430	Pa__MA_502949g0010
OG0012758	CULA01G55780	MA_55006g0010	Cula__CULA01G55780	Pa__MA_55006g0010
OG0012762	CULA08G02850	MA_74653g0010	Cula__CULA08G02850	Pa__MA_74653g0010
OG0012764	CULA07G02380	MA_949198g0010	Cula__CULA07G02380	Pa__MA_949198g0010
OG0012765	CULA05G19420	MA_172342g0010	Cula__CULA05G19420	Pa__MA_172342g0010
OG0012766	CULA08G14910	MA_10432250g0010	Cula__CULA08G14910	Pa__MA_10432250g0010
OG0012767	CULA08G23610	MA_20259g0010	Cula__CULA08G23610	Pa__MA_20259g0010
OG0012768	CULA07G30900	MA_10434310g0010	Cula__CULA07G30900	Pa__MA_10434310g0010
OG0012769	CULA02G15830	MA_10427324g0010	Cula__CULA02G15830	Pa__MA_10427324g0010
OG0012770	CULA08G19740	MA_483364g0010	Cula__CULA08G19740	Pa__MA_483364g0010
OG0012775	CULA07G27870	MA_205222g0010	Cula__CULA07G27870	Pa__MA_205222g0010
OG0012778	CULA08G30350	MA_15119g0010	Cula__CULA08G30350	Pa__MA_15119g0010
OG0012780	CULA10G18700	MA_139811g0010	Cula__CULA10G18700	Pa__MA_139811g0010
OG0012781	CULA05G50920	MA_52109g0010	Cula__CULA05G50920	Pa__MA_52109g0010
OG0012782	CULA10G42660	MA_10433821g0010	Cula__CULA10G42660	Pa__MA_10433821g0010
OG0012783	CULA07G32830	MA_10432831g0010	Cula__CULA07G32830	Pa__MA_10432831g0010
OG0012784	CULA06G34580	MA_10431835g0010	Cula__CULA06G34580	Pa__MA_10431835g0010
OG0012786	CULA10G42270	MA_10427059g0010	Cula__CULA10G42270	Pa__MA_10427059g0010
OG0012788	CULA07G52880	MA_163154g0020	Cula__CULA07G52880	Pa__MA_163154g0020
OG0012789	CULA09G25400	MA_10177821g0020	Cula__CULA09G25400	Pa__MA_10177821g0020
OG0012796	CULA05G07140	MA_10431584g0010	Cula__CULA05G07140	Pa__MA_10431584g0010
OG0012797	CULA11G35240	MA_138148g0010	Cula__CULA11G35240	Pa__MA_138148g0010
OG0012800	CULA05G25590	MA_20138g0010	Cula__CULA05G25590	Pa__MA_20138g0010
OG0012803	CULA01G30750	MA_40057g0010	Cula__CULA01G30750	Pa__MA_40057g0010
OG0012806	CULA08G32070	MA_10427831g0010	Cula__CULA08G32070	Pa__MA_10427831g0010
OG0012808	CULA01G03080	MA_25773g0010	Cula__CULA01G03080	Pa__MA_25773g0010
OG0012810	CULA03G03280	MA_99688g0010	Cula__CULA03G03280	Pa__MA_99688g0010
OG0012812	CULA01G58920	MA_126568g0010	Cula__CULA01G58920	Pa__MA_126568g0010
OG0012813	CULA01G59530	MA_6168g0010	Cula__CULA01G59530	Pa__MA_6168g0010
OG0012814	CULA10G42730	MA_10435712g0010	Cula__CULA10G42730	Pa__MA_10435712g0010
OG0012816	CULA02G24860	MA_8610718g0010	Cula__CULA02G24860	Pa__MA_8610718g0010
OG0012817	CULA11G00320	MA_26026g0010	Cula__CULA11G00320	Pa__MA_26026g0010
OG0012818	CULA07G22760	MA_10735g0010	Cula__CULA07G22760	Pa__MA_10735g0010
OG0012819	CULA06G50480	MA_10432416g0010	Cula__CULA06G50480	Pa__MA_10432416g0010
OG0012822	CULA06G02280	MA_30192g0010	Cula__CULA06G02280	Pa__MA_30192g0010
OG0012824	CULA07G22880	MA_10434231g0010	Cula__CULA07G22880	Pa__MA_10434231g0010
OG0012825	CULA04G39880	MA_9346021g0010	Cula__CULA04G39880	Pa__MA_9346021g0010
OG0012831	CULA07G14620	MA_845170g0010	Cula__CULA07G14620	Pa__MA_845170g0010
OG0012833	CULA08G46420	MA_10427407g0010	Cula__CULA08G46420	Pa__MA_10427407g0010
OG0012834	CULA06G52010	MA_10436596g0010	Cula__CULA06G52010	Pa__MA_10436596g0010
OG0012836	CULA01G82780	MA_3403026g0010	Cula__CULA01G82780	Pa__MA_3403026g0010
OG0012838	CULA07G49240	MA_104746g0010	Cula__CULA07G49240	Pa__MA_104746g0010
OG0012840	CULA07G30090	MA_648g0010	Cula__CULA07G30090	Pa__MA_648g0010
OG0012844	CULA10G21910	MA_10426806g0010	Cula__CULA10G21910	Pa__MA_10426806g0010
OG0012846	CULA01G46920	MA_10031662g0010	Cula__CULA01G46920	Pa__MA_10031662g0010
OG0012851	CULA08G13780	MA_806g0020	Cula__CULA08G13780	Pa__MA_806g0020
OG0012854	CULA11G09140	MA_110556g0010	Cula__CULA11G09140	Pa__MA_110556g0010
OG0012856	CULA09G11220	MA_25177g0010	Cula__CULA09G11220	Pa__MA_25177g0010
OG0012857	CULA04G38350	MA_10432986g0010	Cula__CULA04G38350	Pa__MA_10432986g0010
OG0012858	CULA10G05910	MA_88006g0010	Cula__CULA10G05910	Pa__MA_88006g0010
OG0012859	CULA10G02600	MA_876698g0010	Cula__CULA10G02600	Pa__MA_876698g0010
OG0012860	CULA07G21530	MA_87729g0010	Cula__CULA07G21530	Pa__MA_87729g0010
OG0012864	CULA11G32650	MA_99242g0010	Cula__CULA11G32650	Pa__MA_99242g0010
OG0012865	CULA03G30920	MA_8503g0010	Cula__CULA03G30920	Pa__MA_8503g0010
OG0012866	CULA05G28270	MA_10435902g0010	Cula__CULA05G28270	Pa__MA_10435902g0010
OG0012867	CULA07G03210	MA_8767694g0010	Cula__CULA07G03210	Pa__MA_8767694g0010
OG0012868	CULA07G04890	MA_10436339g0010	Cula__CULA07G04890	Pa__MA_10436339g0010
OG0012869	CULA07G29410	MA_10431381g0010	Cula__CULA07G29410	Pa__MA_10431381g0010
OG0012871	CULA10G27820	MA_100758g0010	Cula__CULA10G27820	Pa__MA_100758g0010
OG0012872	CULA05G54720	MA_10427295g0010	Cula__CULA05G54720	Pa__MA_10427295g0010
OG0012873	CULA05G32470	MA_88369g0010	Cula__CULA05G32470	Pa__MA_88369g0010
OG0012874	CULA10G34560	MA_893g0010	Cula__CULA10G34560	Pa__MA_893g0010
OG0012875	CULA01G40970	MA_59883g0010	Cula__CULA01G40970	Pa__MA_59883g0010
OG0012876	CULA06G29820	MA_10428618g0010	Cula__CULA06G29820	Pa__MA_10428618g0010
OG0012877	CULA03G74980	MA_10427857g0010	Cula__CULA03G74980	Pa__MA_10427857g0010
OG0012880	CULA10G17910	MA_404300g0010	Cula__CULA10G17910	Pa__MA_404300g0010
OG0012883	CULA10G20370	MA_10430192g0020	Cula__CULA10G20370	Pa__MA_10430192g0020
OG0012884	CULA02G15400	MA_107105g0010	Cula__CULA02G15400	Pa__MA_107105g0010
OG0012886	CULA05G05260	MA_346251g0010	Cula__CULA05G05260	Pa__MA_346251g0010
OG0012887	CULA08G48200	MA_10432507g0010	Cula__CULA08G48200	Pa__MA_10432507g0010
OG0012888	CULA01G59690	MA_8968397g0010	Cula__CULA01G59690	Pa__MA_8968397g0010
OG0012889	CULA01G14380	MA_925722g0010	Cula__CULA01G14380	Pa__MA_925722g0010
OG0012893	CULA09G25620	MA_320479g0010	Cula__CULA09G25620	Pa__MA_320479g0010
OG0012894	CULA07G02580	MA_10434537g0010	Cula__CULA07G02580	Pa__MA_10434537g0010
OG0012898	CULA07G25290	MA_196874g0010	Cula__CULA07G25290	Pa__MA_196874g0010
OG0012900	CULA07G07410	MA_6787038g0010	Cula__CULA07G07410	Pa__MA_6787038g0010
OG0012903	CULA09G14990	MA_10431194g0010	Cula__CULA09G14990	Pa__MA_10431194g0010
OG0012906	CULA09G16640	MA_10043134g0010	Cula__CULA09G16640	Pa__MA_10043134g0010
OG0012907	CULA05G33570	MA_8350g0010	Cula__CULA05G33570	Pa__MA_8350g0010
OG0012909	CULA03G73720	MA_95771g0010	Cula__CULA03G73720	Pa__MA_95771g0010
OG0012910	CULA08G00160	MA_10431240g0010	Cula__CULA08G00160	Pa__MA_10431240g0010
OG0012911	CULA08G23910	MA_34573g0010	Cula__CULA08G23910	Pa__MA_34573g0010
OG0012912	CULA01G16170	MA_69689g0010	Cula__CULA01G16170	Pa__MA_69689g0010
OG0012913	CULA04G62780	MA_10426376g0010	Cula__CULA04G62780	Pa__MA_10426376g0010
OG0012915	CULA06G13720	MA_194736g0010	Cula__CULA06G13720	Pa__MA_194736g0010
OG0012917	CULA03G01070	MA_61260g0010	Cula__CULA03G01070	Pa__MA_61260g0010
OG0012921	CULA09G19160	MA_10436153g0010	Cula__CULA09G19160	Pa__MA_10436153g0010
OG0012922	CULASca04350.1	MA_10427227g0030	Cula__CULASca04350.1	Pa__MA_10427227g0030
OG0012923	CULA02G10300	MA_29076g0010	Cula__CULA02G10300	Pa__MA_29076g0010
OG0012924	CULA06G32870	MA_87543g0010	Cula__CULA06G32870	Pa__MA_87543g0010
OG0012928	CULA03G71320	MA_867493g0010	Cula__CULA03G71320	Pa__MA_867493g0010
OG0012929	CULA06G56120	MA_10187020g0010	Cula__CULA06G56120	Pa__MA_10187020g0010
OG0012930	CULA06G50790	MA_10006126g0010	Cula__CULA06G50790	Pa__MA_10006126g0010
OG0012931	CULA05G10880	MA_13984g0020	Cula__CULA05G10880	Pa__MA_13984g0020
OG0012933	CULA01G76320	MA_478623g0010	Cula__CULA01G76320	Pa__MA_478623g0010
OG0012935	CULA08G36010	MA_10434442g0010	Cula__CULA08G36010	Pa__MA_10434442g0010
OG0012936	CULA03G20110	MA_962052g0010	Cula__CULA03G20110	Pa__MA_962052g0010
OG0012938	CULA07G55680	MA_10427387g0010	Cula__CULA07G55680	Pa__MA_10427387g0010
OG0012939	CULA03G28160	MA_108278g0010	Cula__CULA03G28160	Pa__MA_108278g0010
OG0012940	CULA06G31560	MA_141733g0010	Cula__CULA06G31560	Pa__MA_141733g0010
OG0012941	CULA11G29690	MA_7867764g0010	Cula__CULA11G29690	Pa__MA_7867764g0010
OG0012943	CULA08G48390	MA_25488g0010	Cula__CULA08G48390	Pa__MA_25488g0010
OG0012947	CULA09G37330	MA_58673g0010	Cula__CULA09G37330	Pa__MA_58673g0010
OG0012948	CULA11G23440	MA_10433169g0010	Cula__CULA11G23440	Pa__MA_10433169g0010
OG0012951	CULA03G80420	MA_18779g0010	Cula__CULA03G80420	Pa__MA_18779g0010
OG0012952	CULA06G44860	MA_79205g0010	Cula__CULA06G44860	Pa__MA_79205g0010
OG0012957	CULA04G44520	MA_21657g0010	Cula__CULA04G44520	Pa__MA_21657g0010
OG0012958	CULA11G27780	MA_118288g0010	Cula__CULA11G27780	Pa__MA_118288g0010
OG0012959	CULA03G76580	MA_14497g0010	Cula__CULA03G76580	Pa__MA_14497g0010
OG0012961	CULA11G30890	MA_89401g0010	Cula__CULA11G30890	Pa__MA_89401g0010
OG0012963	CULA09G42630	MA_944918g0010	Cula__CULA09G42630	Pa__MA_944918g0010
OG0012964	CULA07G34560	MA_30073g0010	Cula__CULA07G34560	Pa__MA_30073g0010
OG0012965	CULA07G02670	MA_10268104g0010	Cula__CULA07G02670	Pa__MA_10268104g0010
OG0012966	CULA11G19770	MA_10433567g0010	Cula__CULA11G19770	Pa__MA_10433567g0010
OG0012967	CULA10G35870	MA_450713g0010	Cula__CULA10G35870	Pa__MA_450713g0010
OG0012970	CULA01G78410	MA_10431292g0020	Cula__CULA01G78410	Pa__MA_10431292g0020
OG0012971	CULA08G45380	MA_10430778g0010	Cula__CULA08G45380	Pa__MA_10430778g0010
OG0012973	CULA06G28670	MA_1048g0020	Cula__CULA06G28670	Pa__MA_1048g0020
OG0012975	CULA09G39470	MA_10430078g0010	Cula__CULA09G39470	Pa__MA_10430078g0010
OG0012976	CULA02G38080	MA_10430319g0010	Cula__CULA02G38080	Pa__MA_10430319g0010
OG0012977	CULA07G35160	MA_10434422g0010	Cula__CULA07G35160	Pa__MA_10434422g0010
OG0012980	CULA08G19160	MA_256353g0010	Cula__CULA08G19160	Pa__MA_256353g0010
OG0012981	CULA06G38420	MA_99741g0010	Cula__CULA06G38420	Pa__MA_99741g0010
OG0012982	CULA06G32750	MA_3551g0010	Cula__CULA06G32750	Pa__MA_3551g0010
OG0012983	CULA10G19000	MA_307070g0010	Cula__CULA10G19000	Pa__MA_307070g0010
OG0012986	CULA11G25710	MA_135045g0010	Cula__CULA11G25710	Pa__MA_135045g0010
OG0012988	CULA05G31490	MA_10429234g0010	Cula__CULA05G31490	Pa__MA_10429234g0010
OG0012991	CULA08G38980	MA_10436223g0010	Cula__CULA08G38980	Pa__MA_10436223g0010
OG0012992	CULA01G13130	MA_1985g0010	Cula__CULA01G13130	Pa__MA_1985g0010
OG0012993	CULA09G45370	MA_10318227g0010	Cula__CULA09G45370	Pa__MA_10318227g0010
OG0012994	CULA09G45020	MA_7575400g0010	Cula__CULA09G45020	Pa__MA_7575400g0010
OG0012995	CULA09G35690	MA_10433607g0010	Cula__CULA09G35690	Pa__MA_10433607g0010
OG0012998	CULA03G75380	MA_10427501g0010	Cula__CULA03G75380	Pa__MA_10427501g0010
OG0012999	CULA05G19170	MA_107548g0010	Cula__CULA05G19170	Pa__MA_107548g0010
OG0013000	CULA10G05710	MA_10435990g0010	Cula__CULA10G05710	Pa__MA_10435990g0010
OG0013002	CULA01G72980	MA_10429244g0010	Cula__CULA01G72980	Pa__MA_10429244g0010
OG0013004	CULA10G24100	MA_10429393g0010	Cula__CULA10G24100	Pa__MA_10429393g0010
OG0013005	CULA01G12320	MA_27753g0010	Cula__CULA01G12320	Pa__MA_27753g0010
OG0013006	CULA09G35750	MA_24099g0010	Cula__CULA09G35750	Pa__MA_24099g0010
OG0013007	CULA07G27440	MA_10434151g0010	Cula__CULA07G27440	Pa__MA_10434151g0010
OG0013009	CULA08G42790	MA_10434812g0010	Cula__CULA08G42790	Pa__MA_10434812g0010
OG0013010	CULA03G26840	MA_10434506g0010	Cula__CULA03G26840	Pa__MA_10434506g0010
OG0013011	CULA11G23950	MA_420602g0010	Cula__CULA11G23950	Pa__MA_420602g0010
OG0013013	CULA06G49950	MA_232471g0010	Cula__CULA06G49950	Pa__MA_232471g0010
OG0013014	CULA09G39730	MA_10435678g0010	Cula__CULA09G39730	Pa__MA_10435678g0010
OG0013016	CULA03G36490	MA_7932540g0010	Cula__CULA03G36490	Pa__MA_7932540g0010
OG0013017	CULA07G09610	MA_179388g0010	Cula__CULA07G09610	Pa__MA_179388g0010
OG0013020	CULA06G45430	MA_10437275g0010	Cula__CULA06G45430	Pa__MA_10437275g0010
OG0013022	CULA10G09030	MA_74177g0010	Cula__CULA10G09030	Pa__MA_74177g0010
OG0013023	CULA10G01750	MA_519118g0010	Cula__CULA10G01750	Pa__MA_519118g0010
OG0013024	CULA07G39530	MA_215132g0010	Cula__CULA07G39530	Pa__MA_215132g0010
OG0013026	CULA07G51930	MA_815900g0010	Cula__CULA07G51930	Pa__MA_815900g0010
OG0013029	CULA01G36500	MA_10431963g0010	Cula__CULA01G36500	Pa__MA_10431963g0010
OG0013030	CULA02G37730	MA_10008335g0010	Cula__CULA02G37730	Pa__MA_10008335g0010
OG0013031	CULA03G45240	MA_222941g0010	Cula__CULA03G45240	Pa__MA_222941g0010
OG0013032	CULA04G42650	MA_10437069g0010	Cula__CULA04G42650	Pa__MA_10437069g0010
OG0013033	CULA08G31380	MA_10431245g0010	Cula__CULA08G31380	Pa__MA_10431245g0010
OG0013034	CULA09G14640	MA_659823g0010	Cula__CULA09G14640	Pa__MA_659823g0010
OG0013036	CULA03G26760	MA_98882g0010	Cula__CULA03G26760	Pa__MA_98882g0010
OG0013037	CULA09G27750	MA_117350g0010	Cula__CULA09G27750	Pa__MA_117350g0010
OG0013039	CULA10G39970	MA_573304g0010	Cula__CULA10G39970	Pa__MA_573304g0010
OG0013047	CULA01G30890	MA_128287g0010	Cula__CULA01G30890	Pa__MA_128287g0010
OG0013049	CULA01G33850	MA_10435992g0010	Cula__CULA01G33850	Pa__MA_10435992g0010
OG0013051	CULA08G40360	MA_73032g0010	Cula__CULA08G40360	Pa__MA_73032g0010
OG0013052	CULA02G70540	MA_558352g0010	Cula__CULA02G70540	Pa__MA_558352g0010
OG0013056	CULA03G73640	MA_132558g0010	Cula__CULA03G73640	Pa__MA_132558g0010
OG0013059	CULA03G34300	MA_176279g0010	Cula__CULA03G34300	Pa__MA_176279g0010
OG0013061	CULA09G26640	MA_8806671g0010	Cula__CULA09G26640	Pa__MA_8806671g0010
OG0013062	CULA09G25140	MA_9287008g0010	Cula__CULA09G25140	Pa__MA_9287008g0010
OG0013063	CULA01G28000	MA_8887549g0010	Cula__CULA01G28000	Pa__MA_8887549g0010
OG0013066	CULA10G44010	MA_350285g0010	Cula__CULA10G44010	Pa__MA_350285g0010
OG0013072	CULA02G01520	MA_259249g0010	Cula__CULA02G01520	Pa__MA_259249g0010
OG0013073	CULA07G02000	MA_69951g0010	Cula__CULA07G02000	Pa__MA_69951g0010
OG0013074	CULA01G45780	MA_10436163g0010	Cula__CULA01G45780	Pa__MA_10436163g0010
OG0013076	CULA08G23640	MA_9195161g0010	Cula__CULA08G23640	Pa__MA_9195161g0010
OG0013080	CULA11G09030	MA_10436847g0010	Cula__CULA11G09030	Pa__MA_10436847g0010
OG0013081	CULA11G21480	MA_2267030g0010	Cula__CULA11G21480	Pa__MA_2267030g0010
OG0013084	CULA08G47410	MA_10434929g0010	Cula__CULA08G47410	Pa__MA_10434929g0010
OG0013086	CULA02G42080	MA_540763g0010	Cula__CULA02G42080	Pa__MA_540763g0010
OG0013087	CULA05G24980	MA_70161g0010	Cula__CULA05G24980	Pa__MA_70161g0010
OG0013088	CULA11G02440	MA_102777g0010	Cula__CULA11G02440	Pa__MA_102777g0010
OG0013090	CULA06G21540	MA_10426742g0010	Cula__CULA06G21540	Pa__MA_10426742g0010
OG0013091	CULA08G05640	MA_89872g0010	Cula__CULA08G05640	Pa__MA_89872g0010
OG0013093	CULA06G58730	MA_10437180g0010	Cula__CULA06G58730	Pa__MA_10437180g0010
OG0013097	CULA01G47970	MA_99496g0010	Cula__CULA01G47970	Pa__MA_99496g0010
OG0013098	CULA02G09570	MA_129475g0010	Cula__CULA02G09570	Pa__MA_129475g0010
OG0013099	CULA02G44530	MA_100722g0010	Cula__CULA02G44530	Pa__MA_100722g0010
OG0013103	CULA01G64270	MA_111858g0010	Cula__CULA01G64270	Pa__MA_111858g0010
OG0013104	CULA03G44780	MA_10430331g0010	Cula__CULA03G44780	Pa__MA_10430331g0010
OG0013324	CULA01G46660	MA_9514062g0010	Cula__CULA01G46660	Pa__MA_9514062g0010
OG0013325	CULA03G27960	MA_924867g0010	Cula__CULA03G27960	Pa__MA_924867g0010
OG0013352	CULA03G62850	MA_10433559g0020	Cula__CULA03G62850	Pa__MA_10433559g0020
OG0013358	CULASca46660.1	MA_179951g0010	Cula__CULASca46660.1	Pa__MA_179951g0010
OG0013359	CULA09G30750	MA_114017g0010	Cula__CULA09G30750	Pa__MA_114017g0010
OG0013360	CULA06G34090	MA_126766g0010	Cula__CULA06G34090	Pa__MA_126766g0010
OG0013380	CULA05G18380	MA_475294g0010	Cula__CULA05G18380	Pa__MA_475294g0010
OG0013391	CULA01G88200	MA_140410g0010	Cula__CULA01G88200	Pa__MA_140410g0010
OG0013392	CULA10G16290	MA_183130g0010	Cula__CULA10G16290	Pa__MA_183130g0010
OG0013393	CULA01G61870	MA_80720g0010	Cula__CULA01G61870	Pa__MA_80720g0010
OG0013401	CULA05G19780	MA_90279g0010	Cula__CULA05G19780	Pa__MA_90279g0010
OG0013431	CULA02G17570	MA_10428832g0010	Cula__CULA02G17570	Pa__MA_10428832g0010
OG0013442	CULA04G41120	MA_18674g0010	Cula__CULA04G41120	Pa__MA_18674g0010
OG0013443	CULA05G49220	MA_16777g0010	Cula__CULA05G49220	Pa__MA_16777g0010
OG0013446	CULA01G16780	MA_482637g0010	Cula__CULA01G16780	Pa__MA_482637g0010
OG0013461	CULA08G29090	MA_10436598g0010	Cula__CULA08G29090	Pa__MA_10436598g0010
OG0013464	CULA04G41670	MA_10430886g0020	Cula__CULA04G41670	Pa__MA_10430886g0020
OG0013470	CULA03G34560	MA_18328g0020	Cula__CULA03G34560	Pa__MA_18328g0020
OG0013478	CULA02G00730	MA_55488g0010	Cula__CULA02G00730	Pa__MA_55488g0010
OG0013490	CULA01G77180	MA_10430342g0020	Cula__CULA01G77180	Pa__MA_10430342g0020
OG0013494	CULA10G26840	MA_281628g0010	Cula__CULA10G26840	Pa__MA_281628g0010
OG0013497	CULA03G78290	MA_2793925g0010	Cula__CULA03G78290	Pa__MA_2793925g0010
OG0013498	CULA05G34060	MA_122248g0010	Cula__CULA05G34060	Pa__MA_122248g0010
OG0013503	CULA03G45120	MA_52511g0010	Cula__CULA03G45120	Pa__MA_52511g0010
OG0013515	CULA03G55910	MA_100769g0010	Cula__CULA03G55910	Pa__MA_100769g0010
OG0013517	CULA01G20920	MA_13101g0020	Cula__CULA01G20920	Pa__MA_13101g0020
OG0013523	CULA05G28580	MA_10426701g0030	Cula__CULA05G28580	Pa__MA_10426701g0030
OG0013524	CULA09G36240	MA_10431616g0010	Cula__CULA09G36240	Pa__MA_10431616g0010
OG0013528	CULA11G05920	MA_101371g0010	Cula__CULA11G05920	Pa__MA_101371g0010
OG0013530	CULA08G17590	MA_89855g0010	Cula__CULA08G17590	Pa__MA_89855g0010
OG0013532	CULA05G52090	MA_10430810g0010	Cula__CULA05G52090	Pa__MA_10430810g0010
OG0013539	CULA11G16590	MA_959414g0010	Cula__CULA11G16590	Pa__MA_959414g0010
OG0013540	CULA01G06890	MA_838949g0010	Cula__CULA01G06890	Pa__MA_838949g0010
OG0013549	CULA08G30220	MA_10430197g0010	Cula__CULA08G30220	Pa__MA_10430197g0010
OG0013560	CULA03G47810	MA_3284g0010	Cula__CULA03G47810	Pa__MA_3284g0010
OG0013563	CULA04G59910	MA_12679g0010	Cula__CULA04G59910	Pa__MA_12679g0010
OG0013573	CULA06G06820	MA_10436711g0010	Cula__CULA06G06820	Pa__MA_10436711g0010
OG0013575	CULA08G43800	MA_11213g0010	Cula__CULA08G43800	Pa__MA_11213g0010
OG0013578	CULA07G03280	MA_482951g0010	Cula__CULA07G03280	Pa__MA_482951g0010
OG0013580	CULA06G02750	MA_432705g0010	Cula__CULA06G02750	Pa__MA_432705g0010
OG0013583	CULA01G88980	MA_114374g0010	Cula__CULA01G88980	Pa__MA_114374g0010
OG0013586	CULA03G56700	MA_9301411g0010	Cula__CULA03G56700	Pa__MA_9301411g0010
OG0013597	CULA07G35070	MA_10429604g0010	Cula__CULA07G35070	Pa__MA_10429604g0010
OG0013602	CULA02G37970	MA_99015g0010	Cula__CULA02G37970	Pa__MA_99015g0010
OG0013611	CULA11G10590	MA_10436325g0010	Cula__CULA11G10590	Pa__MA_10436325g0010
OG0013622	CULA11G16990	MA_10430831g0010	Cula__CULA11G16990	Pa__MA_10430831g0010
OG0013627	CULA04G37040	MA_10434996g0010	Cula__CULA04G37040	Pa__MA_10434996g0010
OG0013641	CULA04G60200	MA_10030g0010	Cula__CULA04G60200	Pa__MA_10030g0010
OG0013646	CULA03G26900	MA_5853347g0010	Cula__CULA03G26900	Pa__MA_5853347g0010
OG0013648	CULA10G19160	MA_10436553g0010	Cula__CULA10G19160	Pa__MA_10436553g0010
OG0013658	CULA10G24450	MA_101786g0010	Cula__CULA10G24450	Pa__MA_101786g0010
OG0013663	CULA01G47380	MA_121310g0010	Cula__CULA01G47380	Pa__MA_121310g0010
OG0013665	CULA06G38470	MA_10435814g0020	Cula__CULA06G38470	Pa__MA_10435814g0020
OG0013674	CULA06G37870	MA_10433305g0010	Cula__CULA06G37870	Pa__MA_10433305g0010
OG0013679	CULA01G18600	MA_10428444g0010	Cula__CULA01G18600	Pa__MA_10428444g0010
OG0013681	CULA03G07440	MA_219331g0010	Cula__CULA03G07440	Pa__MA_219331g0010
OG0013682	CULA03G50150	MA_7364g0010	Cula__CULA03G50150	Pa__MA_7364g0010
OG0013686	CULA01G40290	MA_10426353g0010	Cula__CULA01G40290	Pa__MA_10426353g0010
OG0013688	CULASca56020.1	MA_37504g0010	Cula__CULASca56020.1	Pa__MA_37504g0010
OG0013689	CULA05G40640	MA_10429035g0020	Cula__CULA05G40640	Pa__MA_10429035g0020
OG0013693	CULA09G45260	MA_8567504g0010	Cula__CULA09G45260	Pa__MA_8567504g0010
OG0013695	CULA07G35540	MA_10436999g0010	Cula__CULA07G35540	Pa__MA_10436999g0010
OG0013700	CULA02G24050	MA_57003g0010	Cula__CULA02G24050	Pa__MA_57003g0010
OG0013702	CULA11G33360	MA_41733g0010	Cula__CULA11G33360	Pa__MA_41733g0010
OG0013706	CULA03G27320	MA_831770g0010	Cula__CULA03G27320	Pa__MA_831770g0010
OG0013715	CULA09G28780	MA_103467g0010	Cula__CULA09G28780	Pa__MA_103467g0010
OG0013719	CULA04G33550	MA_69436g0010	Cula__CULA04G33550	Pa__MA_69436g0010
OG0013724	CULA04G10360	MA_87599g0010	Cula__CULA04G10360	Pa__MA_87599g0010
OG0013725	CULA08G41010	MA_846168g0010	Cula__CULA08G41010	Pa__MA_846168g0010
OG0013727	CULA01G57400	MA_1249g0010	Cula__CULA01G57400	Pa__MA_1249g0010
OG0013730	CULA02G68470	MA_44287g0010	Cula__CULA02G68470	Pa__MA_44287g0010
OG0013735	CULA04G11960	MA_645236g0010	Cula__CULA04G11960	Pa__MA_645236g0010
OG0013736	CULA07G28190	MA_10432694g0010	Cula__CULA07G28190	Pa__MA_10432694g0010
OG0013755	CULA03G08460	MA_18947g0030	Cula__CULA03G08460	Pa__MA_18947g0030
OG0013760	CULA06G01580	MA_10427546g0010	Cula__CULA06G01580	Pa__MA_10427546g0010
OG0013773	CULA04G62750	MA_437051g0010	Cula__CULA04G62750	Pa__MA_437051g0010
OG0013775	CULA10G11420	MA_158470g0010	Cula__CULA10G11420	Pa__MA_158470g0010
OG0013777	CULA09G37930	MA_9197247g0010	Cula__CULA09G37930	Pa__MA_9197247g0010
OG0013779	CULA02G39570	MA_165604g0010	Cula__CULA02G39570	Pa__MA_165604g0010
OG0013781	CULA10G29930	MA_104409g0010	Cula__CULA10G29930	Pa__MA_104409g0010
OG0013798	CULA03G34250	MA_53827g0010	Cula__CULA03G34250	Pa__MA_53827g0010
OG0013806	CULA02G38020	MA_10436439g0010	Cula__CULA02G38020	Pa__MA_10436439g0010
OG0013810	CULA07G53360	MA_173881g0010	Cula__CULA07G53360	Pa__MA_173881g0010
OG0013812	CULA10G24700	MA_10425989g0010	Cula__CULA10G24700	Pa__MA_10425989g0010
OG0013815	CULA08G03820	MA_398836g0010	Cula__CULA08G03820	Pa__MA_398836g0010
OG0013816	CULA09G19680	MA_10433105g0010	Cula__CULA09G19680	Pa__MA_10433105g0010
OG0013820	CULA03G79280	MA_6953061g0010	Cula__CULA03G79280	Pa__MA_6953061g0010
OG0013833	CULA10G27810	MA_10432721g0010	Cula__CULA10G27810	Pa__MA_10432721g0010
OG0013840	CULA04G19130	MA_473682g0010	Cula__CULA04G19130	Pa__MA_473682g0010
OG0013849	CULA02G06240	MA_191994g0010	Cula__CULA02G06240	Pa__MA_191994g0010
OG0013854	CULA02G42280	MA_17658g0010	Cula__CULA02G42280	Pa__MA_17658g0010
OG0013866	CULA05G26660	MA_537171g0010	Cula__CULA05G26660	Pa__MA_537171g0010
OG0013872	CULA05G51910	MA_10428054g0010	Cula__CULA05G51910	Pa__MA_10428054g0010
OG0013896	CULA03G45560	MA_8886304g0010	Cula__CULA03G45560	Pa__MA_8886304g0010
OG0013909	CULA05G52980	MA_590834g0010	Cula__CULA05G52980	Pa__MA_590834g0010
OG0013918	CULA02G02200	MA_128766g0010	Cula__CULA02G02200	Pa__MA_128766g0010
OG0013922	CULA09G27400	MA_28251g0010	Cula__CULA09G27400	Pa__MA_28251g0010
OG0013923	CULA02G07910	MA_414121g0010	Cula__CULA02G07910	Pa__MA_414121g0010
OG0013950	CULA07G51980	MA_10433612g0010	Cula__CULA07G51980	Pa__MA_10433612g0010
OG0013966	CULA04G39380	MA_10436597g0010	Cula__CULA04G39380	Pa__MA_10436597g0010
OG0013975	CULA04G37570	MA_13321g0020	Cula__CULA04G37570	Pa__MA_13321g0020
OG0013987	CULA07G35860	MA_10426759g0010	Cula__CULA07G35860	Pa__MA_10426759g0010
OG0013992	CULA06G51490	MA_709163g0010	Cula__CULA06G51490	Pa__MA_709163g0010
OG0014009	CULA07G03570	MA_10430700g0010	Cula__CULA07G03570	Pa__MA_10430700g0010
OG0014012	CULA02G22330	MA_10430400g0010	Cula__CULA02G22330	Pa__MA_10430400g0010
OG0014013	CULA07G51950	MA_59830g0010	Cula__CULA07G51950	Pa__MA_59830g0010
OG0014017	CULA10G23750	MA_10437169g0010	Cula__CULA10G23750	Pa__MA_10437169g0010
OG0014020	CULA01G61840	MA_10156354g0010	Cula__CULA01G61840	Pa__MA_10156354g0010
OG0014028	CULA07G48750	MA_75193g0010	Cula__CULA07G48750	Pa__MA_75193g0010
OG0014034	CULA10G23170	MA_17819g0010	Cula__CULA10G23170	Pa__MA_17819g0010
OG0014056	CULA05G47600	MA_89781g0010	Cula__CULA05G47600	Pa__MA_89781g0010
OG0014059	CULA06G23270	MA_10427596g0010	Cula__CULA06G23270	Pa__MA_10427596g0010
OG0014063	CULA02G39210	MA_388691g0010	Cula__CULA02G39210	Pa__MA_388691g0010
OG0014065	CULA09G26200	MA_74566g0010	Cula__CULA09G26200	Pa__MA_74566g0010
OG0014067	CULA05G36520	MA_9476g0010	Cula__CULA05G36520	Pa__MA_9476g0010
OG0014075	CULA07G28280	MA_17913g0010	Cula__CULA07G28280	Pa__MA_17913g0010
OG0014078	CULA10G01560	MA_10427105g0010	Cula__CULA10G01560	Pa__MA_10427105g0010
OG0014081	CULA11G34880	MA_82695g0010	Cula__CULA11G34880	Pa__MA_82695g0010
OG0014085	CULA01G47020	MA_10435056g0010	Cula__CULA01G47020	Pa__MA_10435056g0010
OG0014100	CULA09G31650	MA_222243g0010	Cula__CULA09G31650	Pa__MA_222243g0010
OG0014102	CULA11G07150	MA_872543g0010	Cula__CULA11G07150	Pa__MA_872543g0010
OG0014105	CULA08G38800	MA_10260361g0010	Cula__CULA08G38800	Pa__MA_10260361g0010
OG0014108	CULA08G22910	MA_126621g0010	Cula__CULA08G22910	Pa__MA_126621g0010
OG0014115	CULA04G49580	MA_894439g0010	Cula__CULA04G49580	Pa__MA_894439g0010
OG0014136	CULA08G43050	MA_10244403g0010	Cula__CULA08G43050	Pa__MA_10244403g0010
OG0014143	CULA07G31960	MA_121617g0010	Cula__CULA07G31960	Pa__MA_121617g0010
OG0014145	CULA03G71300	MA_10157937g0010	Cula__CULA03G71300	Pa__MA_10157937g0010
OG0014146	CULA03G23080	MA_10432902g0010	Cula__CULA03G23080	Pa__MA_10432902g0010
OG0014152	CULA05G51940	MA_10436783g0020	Cula__CULA05G51940	Pa__MA_10436783g0020
OG0014159	CULA01G46620	MA_1640g0010	Cula__CULA01G46620	Pa__MA_1640g0010
OG0014163	CULA02G08950	MA_66902g0010	Cula__CULA02G08950	Pa__MA_66902g0010
OG0014164	CULA09G07110	MA_321346g0010	Cula__CULA09G07110	Pa__MA_321346g0010
OG0014166	CULA07G40850	MA_91849g0010	Cula__CULA07G40850	Pa__MA_91849g0010
OG0014167	CULA08G00500	MA_10432440g0010	Cula__CULA08G00500	Pa__MA_10432440g0010
OG0014173	CULA10G09370	MA_214896g0010	Cula__CULA10G09370	Pa__MA_214896g0010
OG0014183	CULA03G39450	MA_10433904g0010	Cula__CULA03G39450	Pa__MA_10433904g0010
OG0014187	CULA07G01250	MA_8892683g0010	Cula__CULA07G01250	Pa__MA_8892683g0010
OG0014191	CULA06G41480	MA_10437050g0010	Cula__CULA06G41480	Pa__MA_10437050g0010
OG0014200	CULA01G43270	MA_65144g0010	Cula__CULA01G43270	Pa__MA_65144g0010
OG0014201	CULA05G37150	MA_10427126g0010	Cula__CULA05G37150	Pa__MA_10427126g0010
OG0014212	CULA05G02380	MA_765263g0010	Cula__CULA05G02380	Pa__MA_765263g0010
OG0014213	CULA02G68210	MA_10430797g0010	Cula__CULA02G68210	Pa__MA_10430797g0010
OG0014214	CULA01G18770	MA_186059g0010	Cula__CULA01G18770	Pa__MA_186059g0010
OG0014222	CULA01G83590	MA_804174g0010	Cula__CULA01G83590	Pa__MA_804174g0010
OG0014226	CULA06G19920	MA_10425934g0010	Cula__CULA06G19920	Pa__MA_10425934g0010
OG0014229	CULA11G23770	MA_10436026g0010	Cula__CULA11G23770	Pa__MA_10436026g0010
OG0014231	CULA09G29470	MA_10435752g0010	Cula__CULA09G29470	Pa__MA_10435752g0010
OG0014232	CULA02G03210	MA_88375g0010	Cula__CULA02G03210	Pa__MA_88375g0010
OG0014240	CULA01G53720	MA_27243g0010	Cula__CULA01G53720	Pa__MA_27243g0010
OG0014242	CULA06G29500	MA_10433926g0010	Cula__CULA06G29500	Pa__MA_10433926g0010
OG0014251	CULA06G32050	MA_21478g0010	Cula__CULA06G32050	Pa__MA_21478g0010
OG0014253	CULA08G38510	MA_96344g0010	Cula__CULA08G38510	Pa__MA_96344g0010
OG0014259	CULA10G42060	MA_10430404g0010	Cula__CULA10G42060	Pa__MA_10430404g0010
OG0014265	CULA01G59190	MA_10437070g0010	Cula__CULA01G59190	Pa__MA_10437070g0010
OG0014271	CULA05G10090	MA_10223525g0010	Cula__CULA05G10090	Pa__MA_10223525g0010
OG0014279	CULA02G21460	MA_10435710g0010	Cula__CULA02G21460	Pa__MA_10435710g0010
OG0014281	CULA07G50480	MA_960086g0010	Cula__CULA07G50480	Pa__MA_960086g0010
OG0014284	CULA02G40250	MA_94094g0010	Cula__CULA02G40250	Pa__MA_94094g0010
OG0014329	CULA02G10170	MA_548946g0010	Cula__CULA02G10170	Pa__MA_548946g0010
OG0014377	CULA05G12380	MA_369530g0010	Cula__CULA05G12380	Pa__MA_369530g0010
OG0014392	CULA07G33900	MA_10431357g0010	Cula__CULA07G33900	Pa__MA_10431357g0010
OG0014394	CULA08G09940	MA_10435456g0020	Cula__CULA08G09940	Pa__MA_10435456g0020
OG0014585	CULA02G69520	MA_177230g0010	Cula__CULA02G69520	Pa__MA_177230g0010
OG0014641	CULA01G09640	MA_915540g0010	Cula__CULA01G09640	Pa__MA_915540g0010
OG0014647	CULA02G52000	MA_42113g0010	Cula__CULA02G52000	Pa__MA_42113g0010
OG0014649	CULA07G13890	MA_10436815g0020	Cula__CULA07G13890	Pa__MA_10436815g0020
OG0014663	CULA05G35120	MA_99945g0010	Cula__CULA05G35120	Pa__MA_99945g0010
OG0014680	CULA03G77260	MA_569412g0010	Cula__CULA03G77260	Pa__MA_569412g0010
OG0014710	CULA01G53970	MA_184760g0010	Cula__CULA01G53970	Pa__MA_184760g0010
OG0014740	CULA05G32050	MA_97345g0010	Cula__CULA05G32050	Pa__MA_97345g0010
OG0014741	CULA01G85920	MA_10430537g0020	Cula__CULA01G85920	Pa__MA_10430537g0020
OG0014756	CULASca28950.1	MA_930633g0010	Cula__CULASca28950.1	Pa__MA_930633g0010
OG0014780	CULA06G05360	MA_99482g0010	Cula__CULA06G05360	Pa__MA_99482g0010
OG0014783	CULA06G22230	MA_19967g0020	Cula__CULA06G22230	Pa__MA_19967g0020
OG0014812	CULA06G39710	MA_10431106g0020	Cula__CULA06G39710	Pa__MA_10431106g0020
OG0014828	CULA09G36290	MA_105450g0010	Cula__CULA09G36290	Pa__MA_105450g0010
OG0014829	CULA08G25190	MA_10435556g0010	Cula__CULA08G25190	Pa__MA_10435556g0010
OG0014836	CULASca40980.1	MA_14068g0010	Cula__CULASca40980.1	Pa__MA_14068g0010
OG0014841	CULA07G06400	MA_6429140g0010	Cula__CULA07G06400	Pa__MA_6429140g0010
OG0014846	CULA01G05130	MA_10426437g0010	Cula__CULA01G05130	Pa__MA_10426437g0010
OG0014847	CULA01G64460	MA_558226g0010	Cula__CULA01G64460	Pa__MA_558226g0010
OG0014855	CULA08G22940	MA_277624g0010	Cula__CULA08G22940	Pa__MA_277624g0010
OG0014858	CULA04G56680	MA_306658g0010	Cula__CULA04G56680	Pa__MA_306658g0010
OG0014860	CULA08G02640	MA_9467g0010	Cula__CULA08G02640	Pa__MA_9467g0010
OG0014862	CULA11G16030	MA_95508g0010	Cula__CULA11G16030	Pa__MA_95508g0010
OG0014864	CULASca45670.1	MA_10031819g0010	Cula__CULASca45670.1	Pa__MA_10031819g0010
OG0014876	CULA03G15830	MA_10436258g0010	Cula__CULA03G15830	Pa__MA_10436258g0010
OG0014889	CULA01G61080	MA_3692g0010	Cula__CULA01G61080	Pa__MA_3692g0010
OG0014896	CULA05G41050	MA_554003g0010	Cula__CULA05G41050	Pa__MA_554003g0010
OG0014901	CULA07G08050	MA_10428018g0010	Cula__CULA07G08050	Pa__MA_10428018g0010
OG0014905	CULA10G27540	MA_10428879g0010	Cula__CULA10G27540	Pa__MA_10428879g0010
OG0014915	CULA09G12200	MA_102330g0020	Cula__CULA09G12200	Pa__MA_102330g0020
OG0014920	CULA03G38300	MA_359g0010	Cula__CULA03G38300	Pa__MA_359g0010
OG0014923	CULA04G58290	MA_9946570g0010	Cula__CULA04G58290	Pa__MA_9946570g0010
OG0014924	CULA09G45150	MA_69077g0010	Cula__CULA09G45150	Pa__MA_69077g0010
OG0014934	CULA04G34530	MA_106860g0010	Cula__CULA04G34530	Pa__MA_106860g0010
OG0014935	CULA08G31360	MA_10430392g0010	Cula__CULA08G31360	Pa__MA_10430392g0010
OG0014936	CULA08G40710	MA_100562g0010	Cula__CULA08G40710	Pa__MA_100562g0010
OG0014948	CULA08G11140	MA_3765g0010	Cula__CULA08G11140	Pa__MA_3765g0010
OG0014968	CULA03G00320	MA_217339g0010	Cula__CULA03G00320	Pa__MA_217339g0010
OG0014983	CULA01G31010	MA_79886g0010	Cula__CULA01G31010	Pa__MA_79886g0010
OG0015029	CULA11G01600	MA_10437048g0010	Cula__CULA11G01600	Pa__MA_10437048g0010
OG0015034	CULA06G12150	MA_5937g0010	Cula__CULA06G12150	Pa__MA_5937g0010
OG0015040	CULA07G42850	MA_7303427g0010	Cula__CULA07G42850	Pa__MA_7303427g0010
OG0015061	CULA01G15740	MA_107740g0010	Cula__CULA01G15740	Pa__MA_107740g0010
OG0015075	CULASca50260.1	MA_39423g0020	Cula__CULASca50260.1	Pa__MA_39423g0020
OG0015089	CULA02G24500	MA_534511g0010	Cula__CULA02G24500	Pa__MA_534511g0010
OG0015095	CULA06G09310	MA_93057g0010	Cula__CULA06G09310	Pa__MA_93057g0010
OG0015101	CULA09G37850	MA_9964470g0010	Cula__CULA09G37850	Pa__MA_9964470g0010
OG0015102	CULA02G00480	MA_177060g0010	Cula__CULA02G00480	Pa__MA_177060g0010
OG0015109	CULA09G17150	MA_7683572g0010	Cula__CULA09G17150	Pa__MA_7683572g0010
OG0015167	CULA02G69590	MA_135995g0010	Cula__CULA02G69590	Pa__MA_135995g0010
OG0015199	CULA07G02180	MA_140464g0010	Cula__CULA07G02180	Pa__MA_140464g0010
OG0015218	CULA10G40920	MA_10429360g0030	Cula__CULA10G40920	Pa__MA_10429360g0030
OG0015266	CULA02G39630	MA_10316984g0010	Cula__CULA02G39630	Pa__MA_10316984g0010
OG0015267	CULA11G21290	MA_930791g0010	Cula__CULA11G21290	Pa__MA_930791g0010
OG0015276	CULA10G16810	MA_44324g0010	Cula__CULA10G16810	Pa__MA_44324g0010
OG0015287	CULA10G42620	MA_10434823g0010	Cula__CULA10G42620	Pa__MA_10434823g0010
OG0015300	CULA01G85860	MA_57733g0010	Cula__CULA01G85860	Pa__MA_57733g0010
OG0015360	CULA02G07260	MA_7624136g0010	Cula__CULA02G07260	Pa__MA_7624136g0010
OG0015381	CULA02G50480	MA_10436226g0010	Cula__CULA02G50480	Pa__MA_10436226g0010
OG0015382	CULA02G51730	MA_8491790g0010	Cula__CULA02G51730	Pa__MA_8491790g0010
OG0015460	CULA07G35120	MA_49854g0010	Cula__CULA07G35120	Pa__MA_49854g0010
OG0015466	CULA08G11120	MA_101019g0010	Cula__CULA08G11120	Pa__MA_101019g0010
OG0015469	CULA08G37170	MA_101965g0010	Cula__CULA08G37170	Pa__MA_101965g0010
OG0015483	CULA10G27790	MA_8970091g0010	Cula__CULA10G27790	Pa__MA_8970091g0010
OG0015780	CULA09G09940	MA_51588g0010	Cula__CULA09G09940	Pa__MA_51588g0010
OG0015831	CULA08G44340	MA_443729g0010	Cula__CULA08G44340	Pa__MA_443729g0010
OG0015841	CULA05G40720	MA_41251g0030	Cula__CULA05G40720	Pa__MA_41251g0030
OG0015844	CULA07G12190	MA_18091g0010	Cula__CULA07G12190	Pa__MA_18091g0010
OG0015863	CULA07G49940	MA_10105360g0020	Cula__CULA07G49940	Pa__MA_10105360g0020
OG0015865	CULA03G76290	MA_14148g0010	Cula__CULA03G76290	Pa__MA_14148g0010
OG0015873	CULA05G27500	MA_139275g0010	Cula__CULA05G27500	Pa__MA_139275g0010
OG0015877	CULA07G37930	MA_10430620g0010	Cula__CULA07G37930	Pa__MA_10430620g0010
OG0015879	CULA05G40550	MA_6288g0010	Cula__CULA05G40550	Pa__MA_6288g0010
OG0015909	CULA01G77070	MA_305437g0010	Cula__CULA01G77070	Pa__MA_305437g0010
OG0015919	CULA11G24170	MA_10432018g0020	Cula__CULA11G24170	Pa__MA_10432018g0020
OG0015923	CULA07G30710	MA_10428096g0010	Cula__CULA07G30710	Pa__MA_10428096g0010
OG0015933	CULA09G25560	MA_10427511g0010	Cula__CULA09G25560	Pa__MA_10427511g0010
OG0015934	CULA04G35890	MA_9857100g0010	Cula__CULA04G35890	Pa__MA_9857100g0010
OG0015940	CULA05G03120	MA_10298g0010	Cula__CULA05G03120	Pa__MA_10298g0010
OG0015952	CULA08G09970	MA_10433638g0010	Cula__CULA08G09970	Pa__MA_10433638g0010
OG0015953	CULA05G44010	MA_65570g0010	Cula__CULA05G44010	Pa__MA_65570g0010
OG0015955	CULA04G37710	MA_10430132g0010	Cula__CULA04G37710	Pa__MA_10430132g0010
OG0015958	CULA06G36140	MA_10435314g0010	Cula__CULA06G36140	Pa__MA_10435314g0010
OG0015964	CULA10G34430	MA_15606g0010	Cula__CULA10G34430	Pa__MA_15606g0010
OG0015972	CULA01G81250	MA_39561g0010	Cula__CULA01G81250	Pa__MA_39561g0010
OG0015974	CULA09G42020	MA_10435786g0010	Cula__CULA09G42020	Pa__MA_10435786g0010
OG0015990	CULA07G17970	MA_20425g0010	Cula__CULA07G17970	Pa__MA_20425g0010
OG0016001	CULA08G31810	MA_129330g0010	Cula__CULA08G31810	Pa__MA_129330g0010
OG0016008	CULASca31430.1	MA_10427366g0010	Cula__CULASca31430.1	Pa__MA_10427366g0010
OG0016010	CULA01G89030	MA_10434611g0010	Cula__CULA01G89030	Pa__MA_10434611g0010
OG0016011	CULA10G38480	MA_182653g0010	Cula__CULA10G38480	Pa__MA_182653g0010
OG0016014	CULA06G51810	MA_115324g0010	Cula__CULA06G51810	Pa__MA_115324g0010
OG0016019	CULASca28580.1	MA_10435458g0010	Cula__CULASca28580.1	Pa__MA_10435458g0010
OG0016022	CULA07G22160	MA_48786g0010	Cula__CULA07G22160	Pa__MA_48786g0010
OG0016038	CULA09G39260	MA_10436977g0010	Cula__CULA09G39260	Pa__MA_10436977g0010
OG0016039	CULA05G01620	MA_294189g0010	Cula__CULA05G01620	Pa__MA_294189g0010
OG0016041	CULA01G26240	MA_37851g0010	Cula__CULA01G26240	Pa__MA_37851g0010
OG0016046	CULA08G22601	MA_89471g0010	Cula__CULA08G22601	Pa__MA_89471g0010
OG0016047	CULA01G46130	MA_10433858g0010	Cula__CULA01G46130	Pa__MA_10433858g0010
OG0016049	CULA10G43480	MA_10121526g0010	Cula__CULA10G43480	Pa__MA_10121526g0010
OG0016051	CULA03G75720	MA_815145g0010	Cula__CULA03G75720	Pa__MA_815145g0010
OG0016057	CULA03G71210	MA_10087005g0010	Cula__CULA03G71210	Pa__MA_10087005g0010
OG0016060	CULA11G33540	MA_131181g0010	Cula__CULA11G33540	Pa__MA_131181g0010
OG0016063	CULA06G10390	MA_34380g0010	Cula__CULA06G10390	Pa__MA_34380g0010
OG0016071	CULA02G28230	MA_10427423g0010	Cula__CULA02G28230	Pa__MA_10427423g0010
OG0016075	CULA03G81220	MA_8312073g0010	Cula__CULA03G81220	Pa__MA_8312073g0010
OG0016078	CULA05G24600	MA_291146g0010	Cula__CULA05G24600	Pa__MA_291146g0010
OG0016079	CULA06G37590	MA_45050g0010	Cula__CULA06G37590	Pa__MA_45050g0010
OG0016086	CULA03G26130	MA_42330g0010	Cula__CULA03G26130	Pa__MA_42330g0010
OG0016088	CULA06G42570	MA_99999g0010	Cula__CULA06G42570	Pa__MA_99999g0010
OG0016096	CULA05G45080	MA_422113g0010	Cula__CULA05G45080	Pa__MA_422113g0010
OG0016099	CULA06G27880	MA_10433548g0010	Cula__CULA06G27880	Pa__MA_10433548g0010
OG0016113	CULA10G45830	MA_9690g0010	Cula__CULA10G45830	Pa__MA_9690g0010
OG0016114	CULA08G03360	MA_901070g0010	Cula__CULA08G03360	Pa__MA_901070g0010
OG0016117	CULA05G38900	MA_172936g0010	Cula__CULA05G38900	Pa__MA_172936g0010
OG0016127	CULA09G05660	MA_97720g0010	Cula__CULA09G05660	Pa__MA_97720g0010
OG0016132	CULA03G11200	MA_379291g0010	Cula__CULA03G11200	Pa__MA_379291g0010
OG0016133	CULA05G46390	MA_10029693g0010	Cula__CULA05G46390	Pa__MA_10029693g0010
OG0016134	CULASca44150.1	MA_10436961g0010	Cula__CULASca44150.1	Pa__MA_10436961g0010
OG0016137	CULA05G41280	MA_751511g0010	Cula__CULA05G41280	Pa__MA_751511g0010
OG0016145	CULA07G53410	MA_300697g0010	Cula__CULA07G53410	Pa__MA_300697g0010
OG0016150	CULA05G53030	MA_807676g0010	Cula__CULA05G53030	Pa__MA_807676g0010
OG0016156	CULA08G00690	MA_96110g0010	Cula__CULA08G00690	Pa__MA_96110g0010
OG0016160	CULA08G36980	MA_10427297g0010	Cula__CULA08G36980	Pa__MA_10427297g0010
OG0016161	CULA04G48170	MA_89197g0010	Cula__CULA04G48170	Pa__MA_89197g0010
OG0016162	CULA08G22240	MA_37337g0010	Cula__CULA08G22240	Pa__MA_37337g0010
OG0016172	CULA02G17150	MA_129206g0010	Cula__CULA02G17150	Pa__MA_129206g0010
OG0016176	CULA07G03160	MA_9415255g0010	Cula__CULA07G03160	Pa__MA_9415255g0010
OG0016188	CULA01G32180	MA_10430627g0010	Cula__CULA01G32180	Pa__MA_10430627g0010
OG0016191	CULA01G08860	MA_39066g0010	Cula__CULA01G08860	Pa__MA_39066g0010
OG0016194	CULASca47420.1	MA_132848g0010	Cula__CULASca47420.1	Pa__MA_132848g0010
OG0016209	CULA10G43990	MA_5847g0020	Cula__CULA10G43990	Pa__MA_5847g0020
OG0016298	CULA05G50790	MA_136342g0010	Cula__CULA05G50790	Pa__MA_136342g0010
OG0016556	CULA02G28840	MA_9934303g0010	Cula__CULA02G28840	Pa__MA_9934303g0010
OG0016619	CULA03G79210	MA_20555g0020	Cula__CULA03G79210	Pa__MA_20555g0020
OG0016632	CULA04G29750	MA_38087g0010	Cula__CULA04G29750	Pa__MA_38087g0010
OG0016639	CULA04G40510	MA_10432946g0010	Cula__CULA04G40510	Pa__MA_10432946g0010
OG0016714	CULA10G28850	MA_8253793g0010	Cula__CULA10G28850	Pa__MA_8253793g0010
OG0016715	CULA10G41510	MA_6584770g0010	Cula__CULA10G41510	Pa__MA_6584770g0010
OG0017173	CULA06G25630	MA_23587g0010	Cula__CULA06G25630	Pa__MA_23587g0010
OG0017187	CULA01G74920	MA_387705g0010	Cula__CULA01G74920	Pa__MA_387705g0010
OG0017215	CULA11G29270	MA_10427144g0010	Cula__CULA11G29270	Pa__MA_10427144g0010
OG0017222	CULA07G10850	MA_953521g0010	Cula__CULA07G10850	Pa__MA_953521g0010
OG0017232	CULA03G42230	MA_6825896g0010	Cula__CULA03G42230	Pa__MA_6825896g0010
OG0017256	CULA10G16870	MA_200329g0010	Cula__CULA10G16870	Pa__MA_200329g0010
OG0017275	CULA05G19980	MA_10426954g0010	Cula__CULA05G19980	Pa__MA_10426954g0010
OG0017302	CULA08G18610	MA_17672g0010	Cula__CULA08G18610	Pa__MA_17672g0010
OG0017306	CULA11G12900	MA_110789g0010	Cula__CULA11G12900	Pa__MA_110789g0010
OG0017311	CULA06G55640	MA_785063g0010	Cula__CULA06G55640	Pa__MA_785063g0010
OG0017338	CULA08G13850	MA_10434957g0010	Cula__CULA08G13850	Pa__MA_10434957g0010
OG0017344	CULA02G69110	MA_77097g0010	Cula__CULA02G69110	Pa__MA_77097g0010
OG0017345	CULA01G53420	MA_10432298g0010	Cula__CULA01G53420	Pa__MA_10432298g0010
OG0017348	CULA05G51740	MA_10433592g0010	Cula__CULA05G51740	Pa__MA_10433592g0010
OG0017365	CULA01G87970	MA_10434253g0040	Cula__CULA01G87970	Pa__MA_10434253g0040
OG0017371	CULA05G38960	MA_56506g0010	Cula__CULA05G38960	Pa__MA_56506g0010
OG0017373	CULA08G36210	MA_10426397g0010	Cula__CULA08G36210	Pa__MA_10426397g0010
OG0017375	CULA04G30090	MA_10435499g0010	Cula__CULA04G30090	Pa__MA_10435499g0010
OG0017377	CULA03G80850	MA_10435227g0010	Cula__CULA03G80850	Pa__MA_10435227g0010
OG0017384	CULA09G19880	MA_9438190g0010	Cula__CULA09G19880	Pa__MA_9438190g0010
OG0017386	CULA02G08070	MA_10436677g0010	Cula__CULA02G08070	Pa__MA_10436677g0010
OG0017392	CULA07G06230	MA_89576g0010	Cula__CULA07G06230	Pa__MA_89576g0010
OG0017400	CULA03G15870	MA_714621g0010	Cula__CULA03G15870	Pa__MA_714621g0010
OG0017405	CULA04G49930	MA_10433546g0010	Cula__CULA04G49930	Pa__MA_10433546g0010
OG0017413	CULA01G44180	MA_10144952g0010	Cula__CULA01G44180	Pa__MA_10144952g0010
OG0017417	CULA08G45930	MA_810002g0010	Cula__CULA08G45930	Pa__MA_810002g0010
OG0017422	CULA01G76190	MA_169742g0010	Cula__CULA01G76190	Pa__MA_169742g0010
OG0017423	CULA02G55990	MA_6602842g0010	Cula__CULA02G55990	Pa__MA_6602842g0010
OG0017430	CULA10G16270	MA_10436997g0010	Cula__CULA10G16270	Pa__MA_10436997g0010
OG0017438	CULA05G42090	MA_10380198g0010	Cula__CULA05G42090	Pa__MA_10380198g0010
OG0017441	CULA11G16250	MA_10434493g0010	Cula__CULA11G16250	Pa__MA_10434493g0010
OG0017442	CULA09G37370	MA_87371g0010	Cula__CULA09G37370	Pa__MA_87371g0010
OG0017443	CULA06G27110	MA_10264204g0010	Cula__CULA06G27110	Pa__MA_10264204g0010
OG0017444	CULA05G36670	MA_16260g0010	Cula__CULA05G36670	Pa__MA_16260g0010
OG0017446	CULA02G17510	MA_917315g0010	Cula__CULA02G17510	Pa__MA_917315g0010
OG0017447	CULA08G15950	MA_762628g0010	Cula__CULA08G15950	Pa__MA_762628g0010
OG0017449	CULA05G53680	MA_302612g0010	Cula__CULA05G53680	Pa__MA_302612g0010
OG0017451	CULA11G07580	MA_10430745g0010	Cula__CULA11G07580	Pa__MA_10430745g0010
OG0017452	CULA04G42790	MA_62922g0010	Cula__CULA04G42790	Pa__MA_62922g0010
OG0017453	CULA09G28540	MA_10437021g0010	Cula__CULA09G28540	Pa__MA_10437021g0010
OG0017471	CULA04G30070	MA_463214g0010	Cula__CULA04G30070	Pa__MA_463214g0010
OG0017473	CULA07G55720	MA_60748g0010	Cula__CULA07G55720	Pa__MA_60748g0010
OG0017476	CULA01G45430	MA_10431539g0010	Cula__CULA01G45430	Pa__MA_10431539g0010
OG0017479	CULA01G08950	MA_10425891g0010	Cula__CULA01G08950	Pa__MA_10425891g0010
OG0017486	CULA07G06550	MA_10428984g0020	Cula__CULA07G06550	Pa__MA_10428984g0020
OG0017491	CULASca18520.1	MA_145377g0010	Cula__CULASca18520.1	Pa__MA_145377g0010
OG0017492	CULA08G13940	MA_218767g0010	Cula__CULA08G13940	Pa__MA_218767g0010
OG0017493	CULA07G01880	MA_19898g0010	Cula__CULA07G01880	Pa__MA_19898g0010
OG0017497	CULA05G21960	MA_10436545g0010	Cula__CULA05G21960	Pa__MA_10436545g0010
OG0017505	CULA01G67650	MA_190625g0010	Cula__CULA01G67650	Pa__MA_190625g0010
OG0017510	CULA04G04310	MA_609236g0010	Cula__CULA04G04310	Pa__MA_609236g0010
OG0017515	CULA01G22170	MA_160270g0010	Cula__CULA01G22170	Pa__MA_160270g0010
OG0017520	CULA02G57990	MA_100959g0010	Cula__CULA02G57990	Pa__MA_100959g0010
OG0017521	CULASca44270.1	MA_97224g0010	Cula__CULASca44270.1	Pa__MA_97224g0010
OG0017535	CULA07G40140	MA_85406g0010	Cula__CULA07G40140	Pa__MA_85406g0010
OG0017539	CULA04G55620	MA_62318g0020	Cula__CULA04G55620	Pa__MA_62318g0020
OG0017545	CULA01G43470	MA_10431987g0010	Cula__CULA01G43470	Pa__MA_10431987g0010
OG0017549	CULA05G30910	MA_873047g0010	Cula__CULA05G30910	Pa__MA_873047g0010
OG0017551	CULA06G21710	MA_10427641g0010	Cula__CULA06G21710	Pa__MA_10427641g0010
OG0017557	CULA06G51790	MA_68521g0010	Cula__CULA06G51790	Pa__MA_68521g0010
OG0017565	CULA11G24000	MA_439515g0010	Cula__CULA11G24000	Pa__MA_439515g0010
OG0017566	CULASca32950.1	MA_885398g0010	Cula__CULASca32950.1	Pa__MA_885398g0010
OG0017567	CULA07G04070	MA_9962241g0010	Cula__CULA07G04070	Pa__MA_9962241g0010
OG0017570	CULA04G45590	MA_645381g0010	Cula__CULA04G45590	Pa__MA_645381g0010
OG0017576	CULA09G16810	MA_10433943g0010	Cula__CULA09G16810	Pa__MA_10433943g0010
OG0017582	CULA03G31800	MA_701774g0010	Cula__CULA03G31800	Pa__MA_701774g0010
OG0017583	CULA02G17800	MA_117382g0010	Cula__CULA02G17800	Pa__MA_117382g0010
OG0017589	CULA03G14690	MA_10195410g0010	Cula__CULA03G14690	Pa__MA_10195410g0010
OG0017596	CULA08G25210	MA_10434464g0010	Cula__CULA08G25210	Pa__MA_10434464g0010
OG0017597	CULA03G04470	MA_10432217g0010	Cula__CULA03G04470	Pa__MA_10432217g0010
OG0017602	CULA08G00620	MA_10434313g0010	Cula__CULA08G00620	Pa__MA_10434313g0010
OG0017606	CULA09G30290	MA_107545g0010	Cula__CULA09G30290	Pa__MA_107545g0010
OG0017607	CULA04G59760	MA_10436407g0010	Cula__CULA04G59760	Pa__MA_10436407g0010
OG0017608	CULA03G19060	MA_10428622g0010	Cula__CULA03G19060	Pa__MA_10428622g0010
OG0017620	CULA04G40860	MA_10431532g0010	Cula__CULA04G40860	Pa__MA_10431532g0010
OG0017626	CULA02G24270	MA_113371g0010	Cula__CULA02G24270	Pa__MA_113371g0010
OG0017627	CULA10G39560	MA_93868g0010	Cula__CULA10G39560	Pa__MA_93868g0010
OG0017635	CULA04G30890	MA_41206g0010	Cula__CULA04G30890	Pa__MA_41206g0010
OG0017637	CULA10G16620	MA_5781602g0010	Cula__CULA10G16620	Pa__MA_5781602g0010
OG0017640	CULA02G34480	MA_4908g0010	Cula__CULA02G34480	Pa__MA_4908g0010
OG0017643	CULA05G16640	MA_166883g0010	Cula__CULA05G16640	Pa__MA_166883g0010
OG0017645	CULA07G19400	MA_10428347g0010	Cula__CULA07G19400	Pa__MA_10428347g0010
OG0017646	CULA11G30090	MA_252134g0010	Cula__CULA11G30090	Pa__MA_252134g0010
OG0017647	CULA03G79400	MA_877484g0010	Cula__CULA03G79400	Pa__MA_877484g0010
OG0017649	CULA09G01380	MA_7821g0010	Cula__CULA09G01380	Pa__MA_7821g0010
OG0017651	CULA09G24140	MA_6390g0010	Cula__CULA09G24140	Pa__MA_6390g0010
OG0017653	CULA03G32250	MA_20073g0010	Cula__CULA03G32250	Pa__MA_20073g0010
OG0017664	CULA04G41600	MA_10427159g0010	Cula__CULA04G41600	Pa__MA_10427159g0010
OG0017667	CULA03G73450	MA_9570059g0010	Cula__CULA03G73450	Pa__MA_9570059g0010
OG0017668	CULA01G89140	MA_935047g0010	Cula__CULA01G89140	Pa__MA_935047g0010
OG0017669	CULA09G26400	MA_16680g0010	Cula__CULA09G26400	Pa__MA_16680g0010
OG0017675	CULA01G85870	MA_57733g0020	Cula__CULA01G85870	Pa__MA_57733g0020
OG0017681	CULA07G52000	MA_107641g0010	Cula__CULA07G52000	Pa__MA_107641g0010
OG0017686	CULASca53720.1	MA_10029522g0010	Cula__CULASca53720.1	Pa__MA_10029522g0010
OG0017690	CULA09G42790	MA_84997g0010	Cula__CULA09G42790	Pa__MA_84997g0010
OG0017694	CULA02G15660	MA_158493g0010	Cula__CULA02G15660	Pa__MA_158493g0010
OG0017695	CULA02G15710	MA_49753g0010	Cula__CULA02G15710	Pa__MA_49753g0010
OG0017696	CULA06G22580	MA_10435765g0010	Cula__CULA06G22580	Pa__MA_10435765g0010
OG0017712	CULA03G57520	MA_10436942g0010	Cula__CULA03G57520	Pa__MA_10436942g0010
OG0017714	CULA06G51280	MA_298732g0010	Cula__CULA06G51280	Pa__MA_298732g0010
OG0017715	CULA11G22190	MA_10432810g0010	Cula__CULA11G22190	Pa__MA_10432810g0010
OG0017720	CULA05G20120	MA_725372g0010	Cula__CULA05G20120	Pa__MA_725372g0010
OG0017722	CULA06G22220	MA_10430581g0010	Cula__CULA06G22220	Pa__MA_10430581g0010
OG0017729	CULA06G07490	MA_8603213g0010	Cula__CULA06G07490	Pa__MA_8603213g0010
OG0017730	CULA08G38360	MA_10434659g0010	Cula__CULA08G38360	Pa__MA_10434659g0010
OG0017733	CULA07G32610	MA_10435818g0010	Cula__CULA07G32610	Pa__MA_10435818g0010
OG0017735	CULA06G54900	MA_136385g0010	Cula__CULA06G54900	Pa__MA_136385g0010
OG0017736	CULA02G38060	MA_336248g0010	Cula__CULA02G38060	Pa__MA_336248g0010
OG0017737	CULA05G19180	MA_2069015g0010	Cula__CULA05G19180	Pa__MA_2069015g0010
OG0017739	CULA04G04230	MA_10434429g0010	Cula__CULA04G04230	Pa__MA_10434429g0010
OG0017744	CULA01G16310	MA_10431917g0020	Cula__CULA01G16310	Pa__MA_10431917g0020
OG0017746	CULA03G72810	MA_20372g0010	Cula__CULA03G72810	Pa__MA_20372g0010
OG0017748	CULASca35750.1	MA_107766g0010	Cula__CULASca35750.1	Pa__MA_107766g0010
OG0017749	CULA01G70560	MA_8868156g0010	Cula__CULA01G70560	Pa__MA_8868156g0010
OG0017750	CULA05G26500	MA_1130774g0010	Cula__CULA05G26500	Pa__MA_1130774g0010
OG0017754	CULA08G29350	MA_10435591g0010	Cula__CULA08G29350	Pa__MA_10435591g0010
OG0017758	CULA11G06150	MA_10435210g0010	Cula__CULA11G06150	Pa__MA_10435210g0010
OG0017759	CULA05G52920	MA_693390g0010	Cula__CULA05G52920	Pa__MA_693390g0010
OG0017762	CULA09G44580	MA_10435661g0010	Cula__CULA09G44580	Pa__MA_10435661g0010
OG0017769	CULASca56050.1	MA_76964g0010	Cula__CULASca56050.1	Pa__MA_76964g0010
OG0017773	CULA02G39270	MA_179152g0010	Cula__CULA02G39270	Pa__MA_179152g0010
OG0017822	CULA11G07140	MA_960112g0010	Cula__CULA11G07140	Pa__MA_960112g0010
OG0017929	CULA06G54210	MA_41364g0010	Cula__CULA06G54210	Pa__MA_41364g0010
OG0018000	CULA01G03800	MA_30723g0010	Cula__CULA01G03800	Pa__MA_30723g0010
OG0018020	CULA01G14280	MA_10351682g0010	Cula__CULA01G14280	Pa__MA_10351682g0010
OG0018058	CULA01G45960	MA_128619g0010	Cula__CULA01G45960	Pa__MA_128619g0010
OG0018065	CULA01G53650	MA_42013g0010	Cula__CULA01G53650	Pa__MA_42013g0010
OG0018090	CULA01G69750	MA_10431446g0010	Cula__CULA01G69750	Pa__MA_10431446g0010
OG0018155	CULA02G30610	MA_159093g0010	Cula__CULA02G30610	Pa__MA_159093g0010
OG0018156	CULA02G31040	MA_110964g0010	Cula__CULA02G31040	Pa__MA_110964g0010
OG0018226	CULA03G31180	MA_102329g0010	Cula__CULA03G31180	Pa__MA_102329g0010
OG0018234	CULA03G41530	MA_30617g0020	Cula__CULA03G41530	Pa__MA_30617g0020
OG0018239	CULA03G46900	MA_7872523g0010	Cula__CULA03G46900	Pa__MA_7872523g0010
OG0018256	CULA03G70170	MA_10435274g0020	Cula__CULA03G70170	Pa__MA_10435274g0020
OG0018257	CULA03G70670	MA_80358g0010	Cula__CULA03G70670	Pa__MA_80358g0010
OG0018265	CULA03G76830	MA_8179g0010	Cula__CULA03G76830	Pa__MA_8179g0010
OG0018274	CULA04G08900	MA_4070048g0010	Cula__CULA04G08900	Pa__MA_4070048g0010
OG0018283	CULA04G18520	MA_2029g0010	Cula__CULA04G18520	Pa__MA_2029g0010
OG0018343	CULA06G04930	MA_10434084g0010	Cula__CULA06G04930	Pa__MA_10434084g0010
OG0018351	CULA06G32140	MA_26534g0010	Cula__CULA06G32140	Pa__MA_26534g0010
OG0018369	CULA07G07070	MA_10426956g0010	Cula__CULA07G07070	Pa__MA_10426956g0010
OG0018372	CULA07G09750	MA_217856g0010	Cula__CULA07G09750	Pa__MA_217856g0010
OG0018410	CULA08G47180	MA_929786g0010	Cula__CULA08G47180	Pa__MA_929786g0010
OG0018435	CULA10G16680	MA_11669g0010	Cula__CULA10G16680	Pa__MA_11669g0010
OG0018444	CULA10G27420	MA_3405g0010	Cula__CULA10G27420	Pa__MA_3405g0010
OG0019427	CULA06G14370	MA_359444g0010	Cula__CULA06G14370	Pa__MA_359444g0010
OG0019429	CULA01G41500	MA_95012g0010	Cula__CULA01G41500	Pa__MA_95012g0010
OG0019439	CULA01G24690	MA_943683g0010	Cula__CULA01G24690	Pa__MA_943683g0010
OG0019441	CULA03G02040	MA_122769g0010	Cula__CULA03G02040	Pa__MA_122769g0010
OG0019448	CULA11G16650	MA_18770g0010	Cula__CULA11G16650	Pa__MA_18770g0010
OG0019484	CULA02G32870	MA_523740g0010	Cula__CULA02G32870	Pa__MA_523740g0010
OG0019501	CULA07G49160	MA_10427393g0010	Cula__CULA07G49160	Pa__MA_10427393g0010
OG0019504	CULA05G12670	MA_19860g0010	Cula__CULA05G12670	Pa__MA_19860g0010
OG0019506	CULA01G72240	MA_817408g0010	Cula__CULA01G72240	Pa__MA_817408g0010
OG0019512	CULA11G15800	MA_20378g0010	Cula__CULA11G15800	Pa__MA_20378g0010
OG0019513	CULA04G50460	MA_113501g0010	Cula__CULA04G50460	Pa__MA_113501g0010
OG0019516	CULA07G13930	MA_205064g0010	Cula__CULA07G13930	Pa__MA_205064g0010
OG0019518	CULA03G82090	MA_3230g0010	Cula__CULA03G82090	Pa__MA_3230g0010
OG0019533	CULA10G42210	MA_10426807g0010	Cula__CULA10G42210	Pa__MA_10426807g0010
OG0019550	CULA06G09530	MA_4943g0010	Cula__CULA06G09530	Pa__MA_4943g0010
OG0019551	CULA06G16900	MA_75685g0010	Cula__CULA06G16900	Pa__MA_75685g0010
OG0019552	CULA05G51750	MA_10427206g0010	Cula__CULA05G51750	Pa__MA_10427206g0010
OG0019559	CULA03G78700	MA_105292g0010	Cula__CULA03G78700	Pa__MA_105292g0010
OG0019563	CULA03G15140	MA_33207g0010	Cula__CULA03G15140	Pa__MA_33207g0010
OG0019570	CULA05G46400	MA_10326890g0020	Cula__CULA05G46400	Pa__MA_10326890g0020
OG0019573	CULA01G45320	MA_14449g0010	Cula__CULA01G45320	Pa__MA_14449g0010
OG0019575	CULA07G01130	MA_10429721g0010	Cula__CULA07G01130	Pa__MA_10429721g0010
OG0019578	CULA01G29390	MA_206779g0020	Cula__CULA01G29390	Pa__MA_206779g0020
OG0019584	CULA07G36020	MA_10432200g0020	Cula__CULA07G36020	Pa__MA_10432200g0020
OG0019588	CULA05G20940	MA_123269g0010	Cula__CULA05G20940	Pa__MA_123269g0010
OG0019594	CULA02G32370	MA_304459g0010	Cula__CULA02G32370	Pa__MA_304459g0010
OG0019595	CULA01G01500	MA_10434286g0010	Cula__CULA01G01500	Pa__MA_10434286g0010
OG0019597	CULA09G17340	MA_10134920g0010	Cula__CULA09G17340	Pa__MA_10134920g0010
OG0019601	CULA06G47020	MA_42658g0010	Cula__CULA06G47020	Pa__MA_42658g0010
OG0019608	CULA05G06190	MA_73113g0010	Cula__CULA05G06190	Pa__MA_73113g0010
OG0019611	CULASca67600.1	MA_158402g0010	Cula__CULASca67600.1	Pa__MA_158402g0010
OG0019622	CULA01G62490	MA_10433663g0010	Cula__CULA01G62490	Pa__MA_10433663g0010
OG0019626	CULA06G18670	MA_9733g0020	Cula__CULA06G18670	Pa__MA_9733g0020
OG0019637	CULA05G52850	MA_22572g0020	Cula__CULA05G52850	Pa__MA_22572g0020
OG0019665	CULA11G25270	MA_97133g0010	Cula__CULA11G25270	Pa__MA_97133g0010
OG0019737	CULA05G38760	MA_105948g0010	Cula__CULA05G38760	Pa__MA_105948g0010
OG0019760	CULA02G42680	MA_136929g0010	Cula__CULA02G42680	Pa__MA_136929g0010
OG0019795	CULA11G10260	MA_10434455g0010	Cula__CULA11G10260	Pa__MA_10434455g0010
OG0019875	CULA08G39240	MA_69027g0010	Cula__CULA08G39240	Pa__MA_69027g0010
OG0019923	CULA08G00590	MA_10436277g0010	Cula__CULA08G00590	Pa__MA_10436277g0010
OG0020517	CULA01G00960	MA_10056732g0010	Cula__CULA01G00960	Pa__MA_10056732g0010
OG0020519	CULA01G02300	MA_105452g0010	Cula__CULA01G02300	Pa__MA_105452g0010
OG0020522	CULA01G03060	MA_32881g0010	Cula__CULA01G03060	Pa__MA_32881g0010
OG0020526	CULA01G06880	MA_12886g0010	Cula__CULA01G06880	Pa__MA_12886g0010
OG0020527	CULA01G07030	MA_30487g0010	Cula__CULA01G07030	Pa__MA_30487g0010
OG0020531	CULA01G08260	MA_108360g0010	Cula__CULA01G08260	Pa__MA_108360g0010
OG0020532	CULA01G09210	MA_10436487g0010	Cula__CULA01G09210	Pa__MA_10436487g0010
OG0020533	CULA01G09510	MA_10435660g0010	Cula__CULA01G09510	Pa__MA_10435660g0010
OG0020536	CULA01G10580	MA_10331743g0010	Cula__CULA01G10580	Pa__MA_10331743g0010
OG0020543	CULA01G12490	MA_9283076g0010	Cula__CULA01G12490	Pa__MA_9283076g0010
OG0020545	CULA01G13450	MA_10432575g0010	Cula__CULA01G13450	Pa__MA_10432575g0010
OG0020546	CULA01G13580	MA_9106132g0010	Cula__CULA01G13580	Pa__MA_9106132g0010
OG0020551	CULA01G16320	MA_128655g0010	Cula__CULA01G16320	Pa__MA_128655g0010
OG0020552	CULA01G16630	MA_7172750g0010	Cula__CULA01G16630	Pa__MA_7172750g0010
OG0020554	CULA01G17250	MA_23465g0010	Cula__CULA01G17250	Pa__MA_23465g0010
OG0020555	CULA01G17730	MA_408535g0010	Cula__CULA01G17730	Pa__MA_408535g0010
OG0020558	CULA01G20280	MA_2212g0010	Cula__CULA01G20280	Pa__MA_2212g0010
OG0020567	CULA01G24820	MA_19156g0010	Cula__CULA01G24820	Pa__MA_19156g0010
OG0020569	CULA01G25390	MA_123046g0010	Cula__CULA01G25390	Pa__MA_123046g0010
OG0020575	CULA01G29650	MA_9804264g0010	Cula__CULA01G29650	Pa__MA_9804264g0010
OG0020578	CULA01G30560	MA_7710g0010	Cula__CULA01G30560	Pa__MA_7710g0010
OG0020579	CULA01G30830	MA_5245939g0010	Cula__CULA01G30830	Pa__MA_5245939g0010
OG0020583	CULA01G32220	MA_9376357g0010	Cula__CULA01G32220	Pa__MA_9376357g0010
OG0020589	CULA01G34220	MA_35477g0010	Cula__CULA01G34220	Pa__MA_35477g0010
OG0020590	CULA01G34370	MA_10433934g0010	Cula__CULA01G34370	Pa__MA_10433934g0010
OG0020600	CULA01G39920	MA_2409g0010	Cula__CULA01G39920	Pa__MA_2409g0010
OG0020605	CULA01G44280	MA_74093g0010	Cula__CULA01G44280	Pa__MA_74093g0010
OG0020606	CULA01G44300	MA_11205g0010	Cula__CULA01G44300	Pa__MA_11205g0010
OG0020608	CULA01G44450	MA_630261g0010	Cula__CULA01G44450	Pa__MA_630261g0010
OG0020609	CULA01G44640	MA_125092g0010	Cula__CULA01G44640	Pa__MA_125092g0010
OG0020610	CULA01G45600	MA_311785g0010	Cula__CULA01G45600	Pa__MA_311785g0010
OG0020612	CULA01G46510	MA_9575636g0010	Cula__CULA01G46510	Pa__MA_9575636g0010
OG0020617	CULA01G48040	MA_7353g0010	Cula__CULA01G48040	Pa__MA_7353g0010
OG0020618	CULA01G48160	MA_88963g0010	Cula__CULA01G48160	Pa__MA_88963g0010
OG0020622	CULA01G51180	MA_45312g0010	Cula__CULA01G51180	Pa__MA_45312g0010
OG0020632	CULA01G53030	MA_72695g0010	Cula__CULA01G53030	Pa__MA_72695g0010
OG0020634	CULA01G53530	MA_938993g0010	Cula__CULA01G53530	Pa__MA_938993g0010
OG0020635	CULA01G53890	MA_10432093g0010	Cula__CULA01G53890	Pa__MA_10432093g0010
OG0020636	CULA01G54070	MA_10431705g0020	Cula__CULA01G54070	Pa__MA_10431705g0020
OG0020639	CULA01G54360	MA_127253g0010	Cula__CULA01G54360	Pa__MA_127253g0010
OG0020640	CULA01G54430	MA_10436202g0010	Cula__CULA01G54430	Pa__MA_10436202g0010
OG0020643	CULA01G54670	MA_727841g0010	Cula__CULA01G54670	Pa__MA_727841g0010
OG0020644	CULA01G54700	MA_10432931g0010	Cula__CULA01G54700	Pa__MA_10432931g0010
OG0020646	CULA01G54770	MA_15539g0010	Cula__CULA01G54770	Pa__MA_15539g0010
OG0020647	CULA01G54800	MA_129331g0010	Cula__CULA01G54800	Pa__MA_129331g0010
OG0020648	CULA01G54920	MA_19263g0010	Cula__CULA01G54920	Pa__MA_19263g0010
OG0020652	CULA01G56660	MA_10431212g0010	Cula__CULA01G56660	Pa__MA_10431212g0010
OG0020653	CULA01G57000	MA_10436864g0010	Cula__CULA01G57000	Pa__MA_10436864g0010
OG0020655	CULA01G58140	MA_736791g0010	Cula__CULA01G58140	Pa__MA_736791g0010
OG0020656	CULA01G59320	MA_10436136g0010	Cula__CULA01G59320	Pa__MA_10436136g0010
OG0020658	CULA01G59700	MA_641648g0010	Cula__CULA01G59700	Pa__MA_641648g0010
OG0020659	CULA01G59990	MA_121279g0010	Cula__CULA01G59990	Pa__MA_121279g0010
OG0020663	CULA01G60920	MA_10432328g0010	Cula__CULA01G60920	Pa__MA_10432328g0010
OG0020664	CULA01G61000	MA_387061g0010	Cula__CULA01G61000	Pa__MA_387061g0010
OG0020665	CULA01G61110	MA_598048g0010	Cula__CULA01G61110	Pa__MA_598048g0010
OG0020667	CULA01G61530	MA_2779g0010	Cula__CULA01G61530	Pa__MA_2779g0010
OG0020669	CULA01G61880	MA_10436931g0010	Cula__CULA01G61880	Pa__MA_10436931g0010
OG0020672	CULA01G63190	MA_10432755g0010	Cula__CULA01G63190	Pa__MA_10432755g0010
OG0020678	CULA01G64430	MA_10427485g0010	Cula__CULA01G64430	Pa__MA_10427485g0010
OG0020679	CULA01G64490	MA_24593g0010	Cula__CULA01G64490	Pa__MA_24593g0010
OG0020687	CULA01G67390	MA_2991779g0010	Cula__CULA01G67390	Pa__MA_2991779g0010
OG0020692	CULA01G70490	MA_932683g0010	Cula__CULA01G70490	Pa__MA_932683g0010
OG0020696	CULA01G71140	MA_331962g0010	Cula__CULA01G71140	Pa__MA_331962g0010
OG0020717	CULA01G80290	MA_31710g0010	Cula__CULA01G80290	Pa__MA_31710g0010
OG0020722	CULA01G80990	MA_10428626g0010	Cula__CULA01G80990	Pa__MA_10428626g0010
OG0020724	CULA01G81770	MA_48649g0010	Cula__CULA01G81770	Pa__MA_48649g0010
OG0020727	CULA01G82810	MA_9373191g0010	Cula__CULA01G82810	Pa__MA_9373191g0010
OG0020744	CULA02G00470	MA_185082g0010	Cula__CULA02G00470	Pa__MA_185082g0010
OG0020745	CULA02G01080	MA_66948g0010	Cula__CULA02G01080	Pa__MA_66948g0010
OG0020746	CULA02G01110	MA_6128248g0010	Cula__CULA02G01110	Pa__MA_6128248g0010
OG0020747	CULA02G01640	MA_92168g0010	Cula__CULA02G01640	Pa__MA_92168g0010
OG0020754	CULA02G06520	MA_8597011g0010	Cula__CULA02G06520	Pa__MA_8597011g0010
OG0020756	CULA02G06790	MA_482181g0010	Cula__CULA02G06790	Pa__MA_482181g0010
OG0020762	CULA02G08660	MA_5992036g0010	Cula__CULA02G08660	Pa__MA_5992036g0010
OG0020764	CULA02G11460	MA_41118g0020	Cula__CULA02G11460	Pa__MA_41118g0020
OG0020769	CULA02G15290	MA_10434333g0030	Cula__CULA02G15290	Pa__MA_10434333g0030
OG0020770	CULA02G16620	MA_7243151g0010	Cula__CULA02G16620	Pa__MA_7243151g0010
OG0020771	CULA02G17180	MA_10434071g0010	Cula__CULA02G17180	Pa__MA_10434071g0010
OG0020773	CULA02G18430	MA_520671g0010	Cula__CULA02G18430	Pa__MA_520671g0010
OG0020774	CULA02G18990	MA_10209003g0010	Cula__CULA02G18990	Pa__MA_10209003g0010
OG0020776	CULA02G20120	MA_887391g0010	Cula__CULA02G20120	Pa__MA_887391g0010
OG0020777	CULA02G20520	MA_212431g0010	Cula__CULA02G20520	Pa__MA_212431g0010
OG0020778	CULA02G20830	MA_28126g0020	Cula__CULA02G20830	Pa__MA_28126g0020
OG0020781	CULA02G21410	MA_10431814g0010	Cula__CULA02G21410	Pa__MA_10431814g0010
OG0020783	CULA02G22450	MA_46918g0010	Cula__CULA02G22450	Pa__MA_46918g0010
OG0020792	CULA02G26360	MA_222847g0010	Cula__CULA02G26360	Pa__MA_222847g0010
OG0020793	CULA02G27340	MA_10426036g0010	Cula__CULA02G27340	Pa__MA_10426036g0010
OG0020796	CULA02G27820	MA_57561g0010	Cula__CULA02G27820	Pa__MA_57561g0010
OG0020799	CULA02G28480	MA_10431158g0020	Cula__CULA02G28480	Pa__MA_10431158g0020
OG0020800	CULA02G29180	MA_36362g0010	Cula__CULA02G29180	Pa__MA_36362g0010
OG0020803	CULA02G30430	MA_9394466g0010	Cula__CULA02G30430	Pa__MA_9394466g0010
OG0020808	CULA02G31560	MA_10426302g0010	Cula__CULA02G31560	Pa__MA_10426302g0010
OG0020810	CULA02G32360	MA_7972780g0010	Cula__CULA02G32360	Pa__MA_7972780g0010
OG0020812	CULA02G32740	MA_97679g0010	Cula__CULA02G32740	Pa__MA_97679g0010
OG0020813	CULA02G32840	MA_306675g0010	Cula__CULA02G32840	Pa__MA_306675g0010
OG0020820	CULA02G34110	MA_10437237g0010	Cula__CULA02G34110	Pa__MA_10437237g0010
OG0020823	CULA02G35710	MA_656884g0010	Cula__CULA02G35710	Pa__MA_656884g0010
OG0020825	CULA02G35970	MA_6117252g0010	Cula__CULA02G35970	Pa__MA_6117252g0010
OG0020827	CULA02G36690	MA_566091g0010	Cula__CULA02G36690	Pa__MA_566091g0010
OG0020830	CULA02G37620	MA_129591g0010	Cula__CULA02G37620	Pa__MA_129591g0010
OG0020832	CULA02G38820	MA_9349488g0010	Cula__CULA02G38820	Pa__MA_9349488g0010
OG0020834	CULA02G39070	MA_10436758g0010	Cula__CULA02G39070	Pa__MA_10436758g0010
OG0020838	CULA02G41190	MA_10436285g0010	Cula__CULA02G41190	Pa__MA_10436285g0010
OG0020839	CULA02G41740	MA_126622g0010	Cula__CULA02G41740	Pa__MA_126622g0010
OG0020843	CULA02G43680	MA_10430692g0010	Cula__CULA02G43680	Pa__MA_10430692g0010
OG0020845	CULA02G44120	MA_210123g0010	Cula__CULA02G44120	Pa__MA_210123g0010
OG0020846	CULA02G44440	MA_708362g0010	Cula__CULA02G44440	Pa__MA_708362g0010
OG0020849	CULA02G46130	MA_8320g0010	Cula__CULA02G46130	Pa__MA_8320g0010
OG0020852	CULA02G46690	MA_70636g0010	Cula__CULA02G46690	Pa__MA_70636g0010
OG0020853	CULA02G47320	MA_10430560g0020	Cula__CULA02G47320	Pa__MA_10430560g0020
OG0020855	CULA02G48670	MA_37559g0010	Cula__CULA02G48670	Pa__MA_37559g0010
OG0020856	CULA02G49260	MA_537454g0010	Cula__CULA02G49260	Pa__MA_537454g0010
OG0020860	CULA02G50850	MA_523338g0010	Cula__CULA02G50850	Pa__MA_523338g0010
OG0020861	CULA02G51030	MA_66543g0010	Cula__CULA02G51030	Pa__MA_66543g0010
OG0020869	CULA02G57820	MA_13360g0010	Cula__CULA02G57820	Pa__MA_13360g0010
OG0020871	CULA02G59100	MA_10427530g0010	Cula__CULA02G59100	Pa__MA_10427530g0010
OG0020874	CULA02G60300	MA_10383266g0010	Cula__CULA02G60300	Pa__MA_10383266g0010
OG0020879	CULA02G63870	MA_7542629g0010	Cula__CULA02G63870	Pa__MA_7542629g0010
OG0020880	CULA02G64950	MA_10436075g0010	Cula__CULA02G64950	Pa__MA_10436075g0010
OG0020887	CULA02G69310	MA_45324g0010	Cula__CULA02G69310	Pa__MA_45324g0010
OG0020888	CULA02G69790	MA_6367g0010	Cula__CULA02G69790	Pa__MA_6367g0010
OG0020890	CULA02G70470	MA_229920g0010	Cula__CULA02G70470	Pa__MA_229920g0010
OG0020893	CULA02G72290	MA_961989g0010	Cula__CULA02G72290	Pa__MA_961989g0010
OG0020900	CULA03G03580	MA_180374g0010	Cula__CULA03G03580	Pa__MA_180374g0010
OG0020902	CULA03G04410	MA_10426386g0010	Cula__CULA03G04410	Pa__MA_10426386g0010
OG0020907	CULA03G05910	MA_10435844g0020	Cula__CULA03G05910	Pa__MA_10435844g0020
OG0020911	CULA03G06940	MA_517616g0010	Cula__CULA03G06940	Pa__MA_517616g0010
OG0020914	CULA03G07970	MA_10432313g0010	Cula__CULA03G07970	Pa__MA_10432313g0010
OG0020916	CULA03G08470	MA_10436032g0010	Cula__CULA03G08470	Pa__MA_10436032g0010
OG0020922	CULA03G11670	MA_126229g0020	Cula__CULA03G11670	Pa__MA_126229g0020
OG0020930	CULA03G18370	MA_901835g0010	Cula__CULA03G18370	Pa__MA_901835g0010
OG0020938	CULA03G21440	MA_420151g0010	Cula__CULA03G21440	Pa__MA_420151g0010
OG0020939	CULA03G21710	MA_129249g0010	Cula__CULA03G21710	Pa__MA_129249g0010
OG0020942	CULA03G22950	MA_8808784g0010	Cula__CULA03G22950	Pa__MA_8808784g0010
OG0020943	CULA03G23350	MA_31396g0010	Cula__CULA03G23350	Pa__MA_31396g0010
OG0020950	CULA03G27520	MA_41233g0010	Cula__CULA03G27520	Pa__MA_41233g0010
OG0020952	CULA03G27810	MA_5263g0010	Cula__CULA03G27810	Pa__MA_5263g0010
OG0020955	CULA03G29320	MA_4827g0010	Cula__CULA03G29320	Pa__MA_4827g0010
OG0020956	CULA03G29610	MA_133015g0010	Cula__CULA03G29610	Pa__MA_133015g0010
OG0020959	CULA03G31190	MA_300616g0010	Cula__CULA03G31190	Pa__MA_300616g0010
OG0020965	CULA03G33320	MA_10427990g0010	Cula__CULA03G33320	Pa__MA_10427990g0010
OG0020966	CULA03G34060	MA_9328680g0010	Cula__CULA03G34060	Pa__MA_9328680g0010
OG0020967	CULA03G34200	MA_8423g0010	Cula__CULA03G34200	Pa__MA_8423g0010
OG0020968	CULA03G34900	MA_10428822g0010	Cula__CULA03G34900	Pa__MA_10428822g0010
OG0020971	CULA03G35320	MA_10425936g0010	Cula__CULA03G35320	Pa__MA_10425936g0010
OG0020973	CULA03G38260	MA_97130g0010	Cula__CULA03G38260	Pa__MA_97130g0010
OG0020974	CULA03G38350	MA_108270g0010	Cula__CULA03G38350	Pa__MA_108270g0010
OG0020982	CULA03G41220	MA_20109g0010	Cula__CULA03G41220	Pa__MA_20109g0010
OG0020987	CULA03G43770	MA_710181g0010	Cula__CULA03G43770	Pa__MA_710181g0010
OG0020988	CULA03G46510	MA_304159g0010	Cula__CULA03G46510	Pa__MA_304159g0010
OG0020989	CULA03G47180	MA_10430613g0010	Cula__CULA03G47180	Pa__MA_10430613g0010
OG0020990	CULA03G47890	MA_6722g0010	Cula__CULA03G47890	Pa__MA_6722g0010
OG0020992	CULA03G48980	MA_10433739g0010	Cula__CULA03G48980	Pa__MA_10433739g0010
OG0020996	CULA03G52210	MA_8908268g0010	Cula__CULA03G52210	Pa__MA_8908268g0010
OG0021001	CULA03G55710	MA_285003g0010	Cula__CULA03G55710	Pa__MA_285003g0010
OG0021008	CULA03G60820	MA_10426537g0010	Cula__CULA03G60820	Pa__MA_10426537g0010
OG0021015	CULA03G64760	MA_376347g0010	Cula__CULA03G64760	Pa__MA_376347g0010
OG0021016	CULA03G65050	MA_10426247g0020	Cula__CULA03G65050	Pa__MA_10426247g0020
OG0021017	CULA03G66090	MA_103992g0010	Cula__CULA03G66090	Pa__MA_103992g0010
OG0021018	CULA03G66610	MA_205717g0010	Cula__CULA03G66610	Pa__MA_205717g0010
OG0021023	CULA03G70450	MA_20886g0010	Cula__CULA03G70450	Pa__MA_20886g0010
OG0021031	CULA03G74220	MA_121880g0020	Cula__CULA03G74220	Pa__MA_121880g0020
OG0021033	CULA03G74970	MA_6029434g0010	Cula__CULA03G74970	Pa__MA_6029434g0010
OG0021044	CULA03G77960	MA_10430431g0020	Cula__CULA03G77960	Pa__MA_10430431g0020
OG0021045	CULA03G78270	MA_956883g0010	Cula__CULA03G78270	Pa__MA_956883g0010
OG0021047	CULA03G80950	MA_130615g0020	Cula__CULA03G80950	Pa__MA_130615g0020
OG0021049	CULA04G00810	MA_16384g0010	Cula__CULA04G00810	Pa__MA_16384g0010
OG0021055	CULA04G05310	MA_934266g0010	Cula__CULA04G05310	Pa__MA_934266g0010
OG0021068	CULA04G10960	MA_18797g0010	Cula__CULA04G10960	Pa__MA_18797g0010
OG0021070	CULA04G11560	MA_52319g0020	Cula__CULA04G11560	Pa__MA_52319g0020
OG0021071	CULA04G11690	MA_5372250g0010	Cula__CULA04G11690	Pa__MA_5372250g0010
OG0021075	CULA04G13550	MA_206151g0010	Cula__CULA04G13550	Pa__MA_206151g0010
OG0021076	CULA04G13570	MA_102863g0010	Cula__CULA04G13570	Pa__MA_102863g0010
OG0021077	CULA04G13660	MA_46031g0010	Cula__CULA04G13660	Pa__MA_46031g0010
OG0021083	CULA04G19550	MA_905990g0010	Cula__CULA04G19550	Pa__MA_905990g0010
OG0021085	CULA04G21160	MA_10426109g0010	Cula__CULA04G21160	Pa__MA_10426109g0010
OG0021086	CULA04G21270	MA_13033g0010	Cula__CULA04G21270	Pa__MA_13033g0010
OG0021091	CULA04G22070	MA_132407g0010	Cula__CULA04G22070	Pa__MA_132407g0010
OG0021093	CULA04G22460	MA_486760g0010	Cula__CULA04G22460	Pa__MA_486760g0010
OG0021094	CULA04G22590	MA_754116g0010	Cula__CULA04G22590	Pa__MA_754116g0010
OG0021095	CULA04G24470	MA_97702g0010	Cula__CULA04G24470	Pa__MA_97702g0010
OG0021099	CULA04G25550	MA_5316749g0010	Cula__CULA04G25550	Pa__MA_5316749g0010
OG0021105	CULA04G29760	MA_206206g0010	Cula__CULA04G29760	Pa__MA_206206g0010
OG0021108	CULA04G31560	MA_33248g0010	Cula__CULA04G31560	Pa__MA_33248g0010
OG0021109	CULA04G32690	MA_3640737g0010	Cula__CULA04G32690	Pa__MA_3640737g0010
OG0021110	CULA04G33280	MA_10432995g0010	Cula__CULA04G33280	Pa__MA_10432995g0010
OG0021112	CULA04G34220	MA_48044g0010	Cula__CULA04G34220	Pa__MA_48044g0010
OG0021113	CULA04G34400	MA_9453036g0010	Cula__CULA04G34400	Pa__MA_9453036g0010
OG0021114	CULA04G36880	MA_9135182g0010	Cula__CULA04G36880	Pa__MA_9135182g0010
OG0021116	CULA04G37680	MA_10427538g0010	Cula__CULA04G37680	Pa__MA_10427538g0010
OG0021119	CULA04G40030	MA_10435849g0030	Cula__CULA04G40030	Pa__MA_10435849g0030
OG0021121	CULA04G40240	MA_101359g0010	Cula__CULA04G40240	Pa__MA_101359g0010
OG0021123	CULA04G41750	MA_8880567g0010	Cula__CULA04G41750	Pa__MA_8880567g0010
OG0021124	CULA04G41760	MA_413415g0010	Cula__CULA04G41760	Pa__MA_413415g0010
OG0021125	CULA04G42050	MA_7336477g0010	Cula__CULA04G42050	Pa__MA_7336477g0010
OG0021128	CULA04G43840	MA_937875g0010	Cula__CULA04G43840	Pa__MA_937875g0010
OG0021129	CULA04G44150	MA_137730g0010	Cula__CULA04G44150	Pa__MA_137730g0010
OG0021131	CULA04G44630	MA_121643g0010	Cula__CULA04G44630	Pa__MA_121643g0010
OG0021132	CULA04G45120	MA_210524g0010	Cula__CULA04G45120	Pa__MA_210524g0010
OG0021133	CULA04G45880	MA_944351g0010	Cula__CULA04G45880	Pa__MA_944351g0010
OG0021134	CULA04G45990	MA_52345g0010	Cula__CULA04G45990	Pa__MA_52345g0010
OG0021135	CULA04G46010	MA_56709g0010	Cula__CULA04G46010	Pa__MA_56709g0010
OG0021140	CULA04G49710	MA_315374g0010	Cula__CULA04G49710	Pa__MA_315374g0010
OG0021141	CULA04G50900	MA_10435386g0010	Cula__CULA04G50900	Pa__MA_10435386g0010
OG0021143	CULA04G52080	MA_30056g0020	Cula__CULA04G52080	Pa__MA_30056g0020
OG0021144	CULA04G52250	MA_22397g0010	Cula__CULA04G52250	Pa__MA_22397g0010
OG0021146	CULA04G52590	MA_10428623g0010	Cula__CULA04G52590	Pa__MA_10428623g0010
OG0021152	CULA04G54290	MA_884200g0010	Cula__CULA04G54290	Pa__MA_884200g0010
OG0021155	CULA04G55030	MA_45540g0010	Cula__CULA04G55030	Pa__MA_45540g0010
OG0021158	CULA04G56950	MA_705500g0010	Cula__CULA04G56950	Pa__MA_705500g0010
OG0021159	CULA04G57030	MA_100474g0010	Cula__CULA04G57030	Pa__MA_100474g0010
OG0021160	CULA04G57350	MA_210362g0010	Cula__CULA04G57350	Pa__MA_210362g0010
OG0021161	CULA04G58450	MA_1307g0010	Cula__CULA04G58450	Pa__MA_1307g0010
OG0021163	CULA04G60220	MA_16075g0010	Cula__CULA04G60220	Pa__MA_16075g0010
OG0021165	CULA04G60930	MA_10429889g0010	Cula__CULA04G60930	Pa__MA_10429889g0010
OG0021167	CULA04G62880	MA_196899g0010	Cula__CULA04G62880	Pa__MA_196899g0010
OG0021168	CULA04G64530	MA_5871027g0010	Cula__CULA04G64530	Pa__MA_5871027g0010
OG0021171	CULA05G00060	MA_137813g0010	Cula__CULA05G00060	Pa__MA_137813g0010
OG0021173	CULA05G01070	MA_207370g0010	Cula__CULA05G01070	Pa__MA_207370g0010
OG0021175	CULA05G01610	MA_8684541g0010	Cula__CULA05G01610	Pa__MA_8684541g0010
OG0021179	CULA05G03620	MA_15543g0010	Cula__CULA05G03620	Pa__MA_15543g0010
OG0021181	CULA05G03930	MA_947346g0010	Cula__CULA05G03930	Pa__MA_947346g0010
OG0021182	CULA05G04110	MA_26547g0010	Cula__CULA05G04110	Pa__MA_26547g0010
OG0021184	CULA05G06130	MA_9068995g0010	Cula__CULA05G06130	Pa__MA_9068995g0010
OG0021185	CULA05G06210	MA_8201g0010	Cula__CULA05G06210	Pa__MA_8201g0010
OG0021186	CULA05G07300	MA_13496g0020	Cula__CULA05G07300	Pa__MA_13496g0020
OG0021189	CULA05G09090	MA_317435g0010	Cula__CULA05G09090	Pa__MA_317435g0010
OG0021192	CULA05G11340	MA_10038634g0010	Cula__CULA05G11340	Pa__MA_10038634g0010
OG0021197	CULA05G12540	MA_294096g0010	Cula__CULA05G12540	Pa__MA_294096g0010
OG0021198	CULA05G13190	MA_9963699g0010	Cula__CULA05G13190	Pa__MA_9963699g0010
OG0021201	CULA05G15640	MA_26274g0010	Cula__CULA05G15640	Pa__MA_26274g0010
OG0021204	CULA05G17650	MA_10430422g0010	Cula__CULA05G17650	Pa__MA_10430422g0010
OG0021208	CULA05G20840	MA_10240313g0010	Cula__CULA05G20840	Pa__MA_10240313g0010
OG0021210	CULA05G21080	MA_8605679g0010	Cula__CULA05G21080	Pa__MA_8605679g0010
OG0021214	CULA05G23030	MA_2739371g0010	Cula__CULA05G23030	Pa__MA_2739371g0010
OG0021217	CULA05G25180	MA_93883g0010	Cula__CULA05G25180	Pa__MA_93883g0010
OG0021218	CULA05G25930	MA_4379g0010	Cula__CULA05G25930	Pa__MA_4379g0010
OG0021222	CULA05G28410	MA_39549g0010	Cula__CULA05G28410	Pa__MA_39549g0010
OG0021223	CULA05G29530	MA_10428098g0010	Cula__CULA05G29530	Pa__MA_10428098g0010
OG0021224	CULA05G30090	MA_20603g0010	Cula__CULA05G30090	Pa__MA_20603g0010
OG0021225	CULA05G30300	MA_10435562g0010	Cula__CULA05G30300	Pa__MA_10435562g0010
OG0021226	CULA05G30410	MA_8992423g0010	Cula__CULA05G30410	Pa__MA_8992423g0010
OG0021227	CULA05G30810	MA_10071588g0010	Cula__CULA05G30810	Pa__MA_10071588g0010
OG0021228	CULA05G31510	MA_9014687g0010	Cula__CULA05G31510	Pa__MA_9014687g0010
OG0021229	CULA05G31590	MA_19032g0010	Cula__CULA05G31590	Pa__MA_19032g0010
OG0021231	CULA05G32080	MA_33462g0010	Cula__CULA05G32080	Pa__MA_33462g0010
OG0021235	CULA05G35910	MA_399298g0010	Cula__CULA05G35910	Pa__MA_399298g0010
OG0021236	CULA05G37080	MA_759345g0010	Cula__CULA05G37080	Pa__MA_759345g0010
OG0021237	CULA05G37240	MA_15406g0010	Cula__CULA05G37240	Pa__MA_15406g0010
OG0021241	CULA05G38270	MA_10431013g0040	Cula__CULA05G38270	Pa__MA_10431013g0040
OG0021243	CULA05G39480	MA_212670g0010	Cula__CULA05G39480	Pa__MA_212670g0010
OG0021244	CULA05G39970	MA_14534g0010	Cula__CULA05G39970	Pa__MA_14534g0010
OG0021245	CULA05G40100	MA_3794g0010	Cula__CULA05G40100	Pa__MA_3794g0010
OG0021246	CULA05G40300	MA_10436864g0020	Cula__CULA05G40300	Pa__MA_10436864g0020
OG0021247	CULA05G40700	MA_777593g0010	Cula__CULA05G40700	Pa__MA_777593g0010
OG0021248	CULA05G40800	MA_10427405g0020	Cula__CULA05G40800	Pa__MA_10427405g0020
OG0021249	CULA05G41500	MA_10430532g0010	Cula__CULA05G41500	Pa__MA_10430532g0010
OG0021256	CULA05G46580	MA_10426093g0030	Cula__CULA05G46580	Pa__MA_10426093g0030
OG0021258	CULA05G47300	MA_619076g0010	Cula__CULA05G47300	Pa__MA_619076g0010
OG0021261	CULA05G49240	MA_366903g0010	Cula__CULA05G49240	Pa__MA_366903g0010
OG0021264	CULA05G50870	MA_10431367g0010	Cula__CULA05G50870	Pa__MA_10431367g0010
OG0021266	CULA05G52190	MA_10435723g0010	Cula__CULA05G52190	Pa__MA_10435723g0010
OG0021268	CULA05G53710	MA_8729g0010	Cula__CULA05G53710	Pa__MA_8729g0010
OG0021270	CULA05G54970	MA_9942220g0010	Cula__CULA05G54970	Pa__MA_9942220g0010
OG0021271	CULA05G55480	MA_31479g0010	Cula__CULA05G55480	Pa__MA_31479g0010
OG0021272	CULA06G00290	MA_10189777g0010	Cula__CULA06G00290	Pa__MA_10189777g0010
OG0021273	CULA06G00390	MA_131574g0010	Cula__CULA06G00390	Pa__MA_131574g0010
OG0021274	CULA06G00400	MA_8540458g0010	Cula__CULA06G00400	Pa__MA_8540458g0010
OG0021279	CULA06G03860	MA_898626g0010	Cula__CULA06G03860	Pa__MA_898626g0010
OG0021281	CULA06G04300	MA_10428371g0010	Cula__CULA06G04300	Pa__MA_10428371g0010
OG0021283	CULA06G05380	MA_23850g0010	Cula__CULA06G05380	Pa__MA_23850g0010
OG0021284	CULA06G06580	MA_8357247g0010	Cula__CULA06G06580	Pa__MA_8357247g0010
OG0021290	CULA06G10480	MA_92060g0010	Cula__CULA06G10480	Pa__MA_92060g0010
OG0021291	CULA06G11900	MA_7197g0010	Cula__CULA06G11900	Pa__MA_7197g0010
OG0021292	CULA06G11960	MA_8358181g0010	Cula__CULA06G11960	Pa__MA_8358181g0010
OG0021293	CULA06G13120	MA_57391g0010	Cula__CULA06G13120	Pa__MA_57391g0010
OG0021295	CULA06G15280	MA_10243490g0010	Cula__CULA06G15280	Pa__MA_10243490g0010
OG0021296	CULA06G15690	MA_7721101g0010	Cula__CULA06G15690	Pa__MA_7721101g0010
OG0021299	CULA06G19220	MA_101834g0010	Cula__CULA06G19220	Pa__MA_101834g0010
OG0021300	CULA06G19350	MA_10427554g0010	Cula__CULA06G19350	Pa__MA_10427554g0010
OG0021302	CULA06G19880	MA_9180698g0010	Cula__CULA06G19880	Pa__MA_9180698g0010
OG0021303	CULA06G19990	MA_10435483g0010	Cula__CULA06G19990	Pa__MA_10435483g0010
OG0021311	CULA06G24310	MA_69643g0010	Cula__CULA06G24310	Pa__MA_69643g0010
OG0021312	CULA06G24940	MA_10428169g0010	Cula__CULA06G24940	Pa__MA_10428169g0010
OG0021313	CULA06G25720	MA_48004g0010	Cula__CULA06G25720	Pa__MA_48004g0010
OG0021315	CULA06G26440	MA_10437217g0010	Cula__CULA06G26440	Pa__MA_10437217g0010
OG0021316	CULA06G27010	MA_8944235g0010	Cula__CULA06G27010	Pa__MA_8944235g0010
OG0021319	CULA06G31270	MA_56221g0010	Cula__CULA06G31270	Pa__MA_56221g0010
OG0021320	CULA06G31400	MA_10043209g0010	Cula__CULA06G31400	Pa__MA_10043209g0010
OG0021322	CULA06G32650	MA_10429884g0020	Cula__CULA06G32650	Pa__MA_10429884g0020
OG0021332	CULA06G42690	MA_3890g0010	Cula__CULA06G42690	Pa__MA_3890g0010
OG0021333	CULA06G44320	MA_74539g0010	Cula__CULA06G44320	Pa__MA_74539g0010
OG0021334	CULA06G44420	MA_24759g0010	Cula__CULA06G44420	Pa__MA_24759g0010
OG0021337	CULA06G46360	MA_10282163g0010	Cula__CULA06G46360	Pa__MA_10282163g0010
OG0021344	CULA06G47980	MA_125663g0010	Cula__CULA06G47980	Pa__MA_125663g0010
OG0021346	CULA06G50430	MA_45356g0010	Cula__CULA06G50430	Pa__MA_45356g0010
OG0021348	CULA06G52160	MA_93381g0010	Cula__CULA06G52160	Pa__MA_93381g0010
OG0021352	CULA06G53620	MA_10219750g0010	Cula__CULA06G53620	Pa__MA_10219750g0010
OG0021353	CULA06G54310	MA_8870252g0010	Cula__CULA06G54310	Pa__MA_8870252g0010
OG0021356	CULA06G55450	MA_136282g0010	Cula__CULA06G55450	Pa__MA_136282g0010
OG0021358	CULA06G55690	MA_10032879g0010	Cula__CULA06G55690	Pa__MA_10032879g0010
OG0021359	CULA06G55900	MA_459495g0010	Cula__CULA06G55900	Pa__MA_459495g0010
OG0021362	CULA06G58380	MA_137838g0010	Cula__CULA06G58380	Pa__MA_137838g0010
OG0021363	CULA06G58390	MA_410546g0010	Cula__CULA06G58390	Pa__MA_410546g0010
OG0021364	CULA07G00190	MA_10435749g0040	Cula__CULA07G00190	Pa__MA_10435749g0040
OG0021365	CULA07G00490	MA_50931g0010	Cula__CULA07G00490	Pa__MA_50931g0010
OG0021367	CULA07G01780	MA_10437005g0010	Cula__CULA07G01780	Pa__MA_10437005g0010
OG0021368	CULA07G01800	MA_10431410g0010	Cula__CULA07G01800	Pa__MA_10431410g0010
OG0021370	CULA07G02490	MA_280843g0010	Cula__CULA07G02490	Pa__MA_280843g0010
OG0021371	CULA07G02700	MA_119583g0010	Cula__CULA07G02700	Pa__MA_119583g0010
OG0021373	CULA07G03140	MA_10330773g0010	Cula__CULA07G03140	Pa__MA_10330773g0010
OG0021374	CULA07G03760	MA_10437222g0010	Cula__CULA07G03760	Pa__MA_10437222g0010
OG0021376	CULA07G05620	MA_5642462g0010	Cula__CULA07G05620	Pa__MA_5642462g0010
OG0021377	CULA07G05770	MA_10432812g0010	Cula__CULA07G05770	Pa__MA_10432812g0010
OG0021378	CULA07G05800	MA_7109889g0010	Cula__CULA07G05800	Pa__MA_7109889g0010
OG0021379	CULA07G05850	MA_115261g0010	Cula__CULA07G05850	Pa__MA_115261g0010
OG0021380	CULA07G06690	MA_5376463g0010	Cula__CULA07G06690	Pa__MA_5376463g0010
OG0021381	CULA07G08100	MA_6391g0010	Cula__CULA07G08100	Pa__MA_6391g0010
OG0021382	CULA07G09740	MA_58991g0010	Cula__CULA07G09740	Pa__MA_58991g0010
OG0021383	CULA07G10090	MA_7664118g0010	Cula__CULA07G10090	Pa__MA_7664118g0010
OG0021384	CULA07G10220	MA_6701298g0010	Cula__CULA07G10220	Pa__MA_6701298g0010
OG0021388	CULA07G14220	MA_405307g0010	Cula__CULA07G14220	Pa__MA_405307g0010
OG0021389	CULA07G14250	MA_48043g0010	Cula__CULA07G14250	Pa__MA_48043g0010
OG0021390	CULA07G14990	MA_10426593g0010	Cula__CULA07G14990	Pa__MA_10426593g0010
OG0021393	CULA07G17710	MA_9864559g0010	Cula__CULA07G17710	Pa__MA_9864559g0010
OG0021396	CULA07G21710	MA_138164g0010	Cula__CULA07G21710	Pa__MA_138164g0010
OG0021397	CULA07G22370	MA_111040g0010	Cula__CULA07G22370	Pa__MA_111040g0010
OG0021399	CULA07G22790	MA_368993g0010	Cula__CULA07G22790	Pa__MA_368993g0010
OG0021404	CULA07G27060	MA_741127g0010	Cula__CULA07G27060	Pa__MA_741127g0010
OG0021405	CULA07G27540	MA_10425958g0010	Cula__CULA07G27540	Pa__MA_10425958g0010
OG0021406	CULA07G27940	MA_93259g0010	Cula__CULA07G27940	Pa__MA_93259g0010
OG0021407	CULA07G28330	MA_221640g0010	Cula__CULA07G28330	Pa__MA_221640g0010
OG0021409	CULA07G29270	MA_108175g0010	Cula__CULA07G29270	Pa__MA_108175g0010
OG0021410	CULA07G29590	MA_9060472g0010	Cula__CULA07G29590	Pa__MA_9060472g0010
OG0021412	CULA07G30370	MA_10433775g0010	Cula__CULA07G30370	Pa__MA_10433775g0010
OG0021413	CULA07G30380	MA_10426921g0010	Cula__CULA07G30380	Pa__MA_10426921g0010
OG0021415	CULA07G30530	MA_19613g0010	Cula__CULA07G30530	Pa__MA_19613g0010
OG0021416	CULA07G30870	MA_19072g0010	Cula__CULA07G30870	Pa__MA_19072g0010
OG0021417	CULA07G31130	MA_10429001g0010	Cula__CULA07G31130	Pa__MA_10429001g0010
OG0021418	CULA07G32650	MA_3407g0010	Cula__CULA07G32650	Pa__MA_3407g0010
OG0021421	CULA07G37130	MA_102913g0010	Cula__CULA07G37130	Pa__MA_102913g0010
OG0021422	CULA07G39400	MA_10341791g0010	Cula__CULA07G39400	Pa__MA_10341791g0010
OG0021423	CULA07G39870	MA_10298683g0010	Cula__CULA07G39870	Pa__MA_10298683g0010
OG0021424	CULA07G40150	MA_9118656g0010	Cula__CULA07G40150	Pa__MA_9118656g0010
OG0021426	CULA07G42770	MA_121030g0010	Cula__CULA07G42770	Pa__MA_121030g0010
OG0021427	CULA07G44970	MA_8309327g0010	Cula__CULA07G44970	Pa__MA_8309327g0010
OG0021428	CULA07G44980	MA_213749g0010	Cula__CULA07G44980	Pa__MA_213749g0010
OG0021429	CULA07G46280	MA_33507g0010	Cula__CULA07G46280	Pa__MA_33507g0010
OG0021432	CULA07G47250	MA_176848g0020	Cula__CULA07G47250	Pa__MA_176848g0020
OG0021434	CULA07G47870	MA_959216g0010	Cula__CULA07G47870	Pa__MA_959216g0010
OG0021437	CULA07G49250	MA_8879391g0010	Cula__CULA07G49250	Pa__MA_8879391g0010
OG0021438	CULA07G50200	MA_10428385g0010	Cula__CULA07G50200	Pa__MA_10428385g0010
OG0021439	CULA07G50330	MA_120841g0010	Cula__CULA07G50330	Pa__MA_120841g0010
OG0021441	CULA07G51210	MA_7127108g0010	Cula__CULA07G51210	Pa__MA_7127108g0010
OG0021443	CULA07G52690	MA_10432437g0010	Cula__CULA07G52690	Pa__MA_10432437g0010
OG0021444	CULA07G53840	MA_39759g0010	Cula__CULA07G53840	Pa__MA_39759g0010
OG0021445	CULA07G54040	MA_601304g0010	Cula__CULA07G54040	Pa__MA_601304g0010
OG0021448	CULA07G55060	MA_345036g0010	Cula__CULA07G55060	Pa__MA_345036g0010
OG0021449	CULA08G00140	MA_10428025g0010	Cula__CULA08G00140	Pa__MA_10428025g0010
OG0021450	CULA08G00680	MA_10433992g0010	Cula__CULA08G00680	Pa__MA_10433992g0010
OG0021451	CULA08G02420	MA_101834g0030	Cula__CULA08G02420	Pa__MA_101834g0030
OG0021452	CULA08G02880	MA_127081g0010	Cula__CULA08G02880	Pa__MA_127081g0010
OG0021453	CULA08G03800	MA_245850g0010	Cula__CULA08G03800	Pa__MA_245850g0010
OG0021456	CULA08G06550	MA_10435087g0010	Cula__CULA08G06550	Pa__MA_10435087g0010
OG0021458	CULA08G06930	MA_153080g0010	Cula__CULA08G06930	Pa__MA_153080g0010
OG0021462	CULA08G09210	MA_334187g0010	Cula__CULA08G09210	Pa__MA_334187g0010
OG0021463	CULA08G09860	MA_10435963g0020	Cula__CULA08G09860	Pa__MA_10435963g0020
OG0021464	CULA08G12070	MA_4463033g0010	Cula__CULA08G12070	Pa__MA_4463033g0010
OG0021465	CULA08G13060	MA_10426143g0010	Cula__CULA08G13060	Pa__MA_10426143g0010
OG0021467	CULA08G14940	MA_10425804g0010	Cula__CULA08G14940	Pa__MA_10425804g0010
OG0021469	CULA08G15180	MA_10426048g0020	Cula__CULA08G15180	Pa__MA_10426048g0020
OG0021470	CULA08G15220	MA_10431846g0010	Cula__CULA08G15220	Pa__MA_10431846g0010
OG0021471	CULA08G16760	MA_185911g0010	Cula__CULA08G16760	Pa__MA_185911g0010
OG0021474	CULA08G19350	MA_553340g0010	Cula__CULA08G19350	Pa__MA_553340g0010
OG0021476	CULA08G19730	MA_88247g0010	Cula__CULA08G19730	Pa__MA_88247g0010
OG0021477	CULA08G20110	MA_12637g0010	Cula__CULA08G20110	Pa__MA_12637g0010
OG0021478	CULA08G20180	MA_10426013g0010	Cula__CULA08G20180	Pa__MA_10426013g0010
OG0021480	CULA08G23830	MA_3937457g0010	Cula__CULA08G23830	Pa__MA_3937457g0010
OG0021481	CULA08G24020	MA_173902g0020	Cula__CULA08G24020	Pa__MA_173902g0020
OG0021482	CULA08G25220	MA_12413g0010	Cula__CULA08G25220	Pa__MA_12413g0010
OG0021483	CULA08G26440	MA_76208g0010	Cula__CULA08G26440	Pa__MA_76208g0010
OG0021485	CULA08G31410	MA_20251g0020	Cula__CULA08G31410	Pa__MA_20251g0020
OG0021486	CULA08G32000	MA_201284g0010	Cula__CULA08G32000	Pa__MA_201284g0010
OG0021487	CULA08G32590	MA_101187g0010	Cula__CULA08G32590	Pa__MA_101187g0010
OG0021488	CULA08G33110	MA_61758g0010	Cula__CULA08G33110	Pa__MA_61758g0010
OG0021490	CULA08G33490	MA_133946g0010	Cula__CULA08G33490	Pa__MA_133946g0010
OG0021492	CULA08G34310	MA_10430768g0010	Cula__CULA08G34310	Pa__MA_10430768g0010
OG0021494	CULA08G35950	MA_9193288g0010	Cula__CULA08G35950	Pa__MA_9193288g0010
OG0021497	CULA08G38060	MA_935655g0010	Cula__CULA08G38060	Pa__MA_935655g0010
OG0021499	CULA08G40300	MA_10433611g0020	Cula__CULA08G40300	Pa__MA_10433611g0020
OG0021502	CULA08G41700	MA_10436395g0010	Cula__CULA08G41700	Pa__MA_10436395g0010
OG0021503	CULA08G42770	MA_11262g0010	Cula__CULA08G42770	Pa__MA_11262g0010
OG0021504	CULA08G42800	MA_929995g0010	Cula__CULA08G42800	Pa__MA_929995g0010
OG0021505	CULA08G43010	MA_8686g0010	Cula__CULA08G43010	Pa__MA_8686g0010
OG0021506	CULA08G43040	MA_21193g0010	Cula__CULA08G43040	Pa__MA_21193g0010
OG0021509	CULA08G44860	MA_563678g0010	Cula__CULA08G44860	Pa__MA_563678g0010
OG0021516	CULA08G47470	MA_6248g0010	Cula__CULA08G47470	Pa__MA_6248g0010
OG0021518	CULA08G49230	MA_10433463g0010	Cula__CULA08G49230	Pa__MA_10433463g0010
OG0021520	CULA09G00660	MA_68810g0010	Cula__CULA09G00660	Pa__MA_68810g0010
OG0021521	CULA09G00980	MA_116255g0020	Cula__CULA09G00980	Pa__MA_116255g0020
OG0021522	CULA09G00990	MA_35894g0010	Cula__CULA09G00990	Pa__MA_35894g0010
OG0021523	CULA09G01550	MA_10433471g0010	Cula__CULA09G01550	Pa__MA_10433471g0010
OG0021525	CULA09G05250	MA_10430978g0010	Cula__CULA09G05250	Pa__MA_10430978g0010
OG0021526	CULA09G05260	MA_106977g0010	Cula__CULA09G05260	Pa__MA_106977g0010
OG0021527	CULA09G05310	MA_24271g0020	Cula__CULA09G05310	Pa__MA_24271g0020
OG0021528	CULA09G06700	MA_170097g0010	Cula__CULA09G06700	Pa__MA_170097g0010
OG0021531	CULA09G11960	MA_8772g0010	Cula__CULA09G11960	Pa__MA_8772g0010
OG0021533	CULA09G14340	MA_10239718g0010	Cula__CULA09G14340	Pa__MA_10239718g0010
OG0021534	CULA09G15400	MA_10428303g0010	Cula__CULA09G15400	Pa__MA_10428303g0010
OG0021535	CULA09G15490	MA_73124g0010	Cula__CULA09G15490	Pa__MA_73124g0010
OG0021536	CULA09G15680	MA_9177476g0010	Cula__CULA09G15680	Pa__MA_9177476g0010
OG0021538	CULA09G17850	MA_119631g0010	Cula__CULA09G17850	Pa__MA_119631g0010
OG0021540	CULA09G19850	MA_847196g0010	Cula__CULA09G19850	Pa__MA_847196g0010
OG0021544	CULA09G20680	MA_10426873g0010	Cula__CULA09G20680	Pa__MA_10426873g0010
OG0021546	CULA09G22390	MA_10437179g0010	Cula__CULA09G22390	Pa__MA_10437179g0010
OG0021548	CULA09G24500	MA_10431932g0020	Cula__CULA09G24500	Pa__MA_10431932g0020
OG0021549	CULA09G24650	MA_127542g0010	Cula__CULA09G24650	Pa__MA_127542g0010
OG0021550	CULA09G26210	MA_9050206g0010	Cula__CULA09G26210	Pa__MA_9050206g0010
OG0021551	CULA09G26630	MA_3317g0010	Cula__CULA09G26630	Pa__MA_3317g0010
OG0021552	CULA09G28600	MA_19332g0010	Cula__CULA09G28600	Pa__MA_19332g0010
OG0021554	CULA09G30420	MA_46716g0010	Cula__CULA09G30420	Pa__MA_46716g0010
OG0021555	CULA09G30780	MA_10431188g0010	Cula__CULA09G30780	Pa__MA_10431188g0010
OG0021556	CULA09G31110	MA_54929g0010	Cula__CULA09G31110	Pa__MA_54929g0010
OG0021557	CULA09G32260	MA_464165g0010	Cula__CULA09G32260	Pa__MA_464165g0010
OG0021558	CULA09G32530	MA_363303g0010	Cula__CULA09G32530	Pa__MA_363303g0010
OG0021559	CULA09G34490	MA_15561g0010	Cula__CULA09G34490	Pa__MA_15561g0010
OG0021560	CULA09G36010	MA_5304033g0010	Cula__CULA09G36010	Pa__MA_5304033g0010
OG0021561	CULA09G37020	MA_96795g0010	Cula__CULA09G37020	Pa__MA_96795g0010
OG0021562	CULA09G37110	MA_20825g0010	Cula__CULA09G37110	Pa__MA_20825g0010
OG0021564	CULA09G38170	MA_9989575g0010	Cula__CULA09G38170	Pa__MA_9989575g0010
OG0021565	CULA09G39080	MA_458810g0010	Cula__CULA09G39080	Pa__MA_458810g0010
OG0021566	CULA09G40940	MA_2402g0010	Cula__CULA09G40940	Pa__MA_2402g0010
OG0021567	CULA09G41100	MA_496706g0010	Cula__CULA09G41100	Pa__MA_496706g0010
OG0021568	CULA09G41550	MA_10432947g0010	Cula__CULA09G41550	Pa__MA_10432947g0010
OG0021569	CULA09G42830	MA_10437249g0010	Cula__CULA09G42830	Pa__MA_10437249g0010
OG0021570	CULA09G44420	MA_10435379g0010	Cula__CULA09G44420	Pa__MA_10435379g0010
OG0021571	CULA09G44940	MA_213479g0010	Cula__CULA09G44940	Pa__MA_213479g0010
OG0021573	CULA09G46050	MA_10430437g0020	Cula__CULA09G46050	Pa__MA_10430437g0020
OG0021574	CULA09G46060	MA_179062g0010	Cula__CULA09G46060	Pa__MA_179062g0010
OG0021575	CULA09G46090	MA_86938g0010	Cula__CULA09G46090	Pa__MA_86938g0010
OG0021576	CULA10G00480	MA_235928g0010	Cula__CULA10G00480	Pa__MA_235928g0010
OG0021577	CULA10G00500	MA_127883g0010	Cula__CULA10G00500	Pa__MA_127883g0010
OG0021578	CULA10G00630	MA_938059g0010	Cula__CULA10G00630	Pa__MA_938059g0010
OG0021580	CULA10G02150	MA_6714047g0010	Cula__CULA10G02150	Pa__MA_6714047g0010
OG0021581	CULA10G04080	MA_217755g0020	Cula__CULA10G04080	Pa__MA_217755g0020
OG0021583	CULA10G05700	MA_84578g0010	Cula__CULA10G05700	Pa__MA_84578g0010
OG0021584	CULA10G07590	MA_127708g0010	Cula__CULA10G07590	Pa__MA_127708g0010
OG0021585	CULA10G08560	MA_87590g0010	Cula__CULA10G08560	Pa__MA_87590g0010
OG0021586	CULA10G08800	MA_10427480g0010	Cula__CULA10G08800	Pa__MA_10427480g0010
OG0021589	CULA10G10270	MA_7970416g0010	Cula__CULA10G10270	Pa__MA_7970416g0010
OG0021591	CULA10G10540	MA_10289712g0010	Cula__CULA10G10540	Pa__MA_10289712g0010
OG0021592	CULA10G12440	MA_10431632g0010	Cula__CULA10G12440	Pa__MA_10431632g0010
OG0021593	CULA10G12480	MA_955368g0010	Cula__CULA10G12480	Pa__MA_955368g0010
OG0021594	CULA10G17500	MA_10431465g0010	Cula__CULA10G17500	Pa__MA_10431465g0010
OG0021595	CULA10G17660	MA_48752g0010	Cula__CULA10G17660	Pa__MA_48752g0010
OG0021597	CULA10G19410	MA_2035449g0010	Cula__CULA10G19410	Pa__MA_2035449g0010
OG0021598	CULA10G21070	MA_189978g0010	Cula__CULA10G21070	Pa__MA_189978g0010
OG0021600	CULA10G21270	MA_114511g0010	Cula__CULA10G21270	Pa__MA_114511g0010
OG0021604	CULA10G24280	MA_307938g0010	Cula__CULA10G24280	Pa__MA_307938g0010
OG0021605	CULA10G25010	MA_552873g0010	Cula__CULA10G25010	Pa__MA_552873g0010
OG0021606	CULA10G25610	MA_68716g0010	Cula__CULA10G25610	Pa__MA_68716g0010
OG0021607	CULA10G25660	MA_9482g0010	Cula__CULA10G25660	Pa__MA_9482g0010
OG0021608	CULA10G25690	MA_5838g0020	Cula__CULA10G25690	Pa__MA_5838g0020
OG0021609	CULA10G26670	MA_82562g0010	Cula__CULA10G26670	Pa__MA_82562g0010
OG0021610	CULA10G27460	MA_62819g0010	Cula__CULA10G27460	Pa__MA_62819g0010
OG0021612	CULA10G28690	MA_245237g0010	Cula__CULA10G28690	Pa__MA_245237g0010
OG0021615	CULA10G32100	MA_7455834g0010	Cula__CULA10G32100	Pa__MA_7455834g0010
OG0021616	CULA10G32880	MA_10436696g0010	Cula__CULA10G32880	Pa__MA_10436696g0010
OG0021620	CULA10G34200	MA_248854g0010	Cula__CULA10G34200	Pa__MA_248854g0010
OG0021621	CULA10G34590	MA_111456g0010	Cula__CULA10G34590	Pa__MA_111456g0010
OG0021624	CULA10G40050	MA_113300g0020	Cula__CULA10G40050	Pa__MA_113300g0020
OG0021626	CULA10G40690	MA_10433721g0010	Cula__CULA10G40690	Pa__MA_10433721g0010
OG0021627	CULA10G40950	MA_77119g0020	Cula__CULA10G40950	Pa__MA_77119g0020
OG0021630	CULA10G42190	MA_13750g0010	Cula__CULA10G42190	Pa__MA_13750g0010
OG0021631	CULA10G43550	MA_20646g0010	Cula__CULA10G43550	Pa__MA_20646g0010
OG0021632	CULA10G44310	MA_10430406g0020	Cula__CULA10G44310	Pa__MA_10430406g0020
OG0021633	CULA10G44630	MA_10434569g0010	Cula__CULA10G44630	Pa__MA_10434569g0010
OG0021634	CULA10G44920	MA_54036g0010	Cula__CULA10G44920	Pa__MA_54036g0010
OG0021637	CULA11G00410	MA_71783g0010	Cula__CULA11G00410	Pa__MA_71783g0010
OG0021639	CULA11G00790	MA_68563g0010	Cula__CULA11G00790	Pa__MA_68563g0010
OG0021640	CULA11G01180	MA_71114g0010	Cula__CULA11G01180	Pa__MA_71114g0010
OG0021641	CULA11G01290	MA_294954g0010	Cula__CULA11G01290	Pa__MA_294954g0010
OG0021642	CULA11G01930	MA_10432328g0030	Cula__CULA11G01930	Pa__MA_10432328g0030
OG0021643	CULA11G03510	MA_9272517g0010	Cula__CULA11G03510	Pa__MA_9272517g0010
OG0021645	CULA11G03590	MA_10436813g0010	Cula__CULA11G03590	Pa__MA_10436813g0010
OG0021646	CULA11G04230	MA_7864930g0010	Cula__CULA11G04230	Pa__MA_7864930g0010
OG0021647	CULA11G05050	MA_10137763g0010	Cula__CULA11G05050	Pa__MA_10137763g0010
OG0021649	CULA11G06570	MA_198113g0010	Cula__CULA11G06570	Pa__MA_198113g0010
OG0021650	CULA11G08110	MA_10427810g0010	Cula__CULA11G08110	Pa__MA_10427810g0010
OG0021651	CULA11G08480	MA_101460g0010	Cula__CULA11G08480	Pa__MA_101460g0010
OG0021652	CULA11G09040	MA_10436331g0020	Cula__CULA11G09040	Pa__MA_10436331g0020
OG0021653	CULA11G09120	MA_788301g0010	Cula__CULA11G09120	Pa__MA_788301g0010
OG0021654	CULA11G09130	MA_10435301g0030	Cula__CULA11G09130	Pa__MA_10435301g0030
OG0021657	CULA11G10910	MA_925355g0010	Cula__CULA11G10910	Pa__MA_925355g0010
OG0021659	CULA11G13000	MA_37709g0010	Cula__CULA11G13000	Pa__MA_37709g0010
OG0021661	CULA11G14550	MA_760658g0020	Cula__CULA11G14550	Pa__MA_760658g0020
OG0021662	CULA11G15110	MA_8445917g0010	Cula__CULA11G15110	Pa__MA_8445917g0010
OG0021663	CULA11G17630	MA_123449g0010	Cula__CULA11G17630	Pa__MA_123449g0010
OG0021664	CULA11G18020	MA_10427217g0010	Cula__CULA11G18020	Pa__MA_10427217g0010
OG0021666	CULA11G18910	MA_10427212g0010	Cula__CULA11G18910	Pa__MA_10427212g0010
OG0021667	CULA11G18920	MA_43014g0010	Cula__CULA11G18920	Pa__MA_43014g0010
OG0021669	CULA11G20930	MA_10252471g0010	Cula__CULA11G20930	Pa__MA_10252471g0010
OG0021671	CULA11G21780	MA_10435101g0010	Cula__CULA11G21780	Pa__MA_10435101g0010
OG0021672	CULA11G23650	MA_94860g0010	Cula__CULA11G23650	Pa__MA_94860g0010
OG0021673	CULA11G23970	MA_103897g0010	Cula__CULA11G23970	Pa__MA_103897g0010
OG0021674	CULA11G24550	MA_917988g0010	Cula__CULA11G24550	Pa__MA_917988g0010
OG0021676	CULA11G28240	MA_53288g0010	Cula__CULA11G28240	Pa__MA_53288g0010
OG0021678	CULA11G29470	MA_10426328g0010	Cula__CULA11G29470	Pa__MA_10426328g0010
OG0021679	CULA11G30210	MA_16520g0010	Cula__CULA11G30210	Pa__MA_16520g0010
OG0021680	CULA11G30870	MA_10436724g0010	Cula__CULA11G30870	Pa__MA_10436724g0010
OG0021682	CULA11G32210	MA_11137g0020	Cula__CULA11G32210	Pa__MA_11137g0020
OG0021683	CULA11G33720	MA_15827g0020	Cula__CULA11G33720	Pa__MA_15827g0020
OG0021684	CULA11G34340	MA_8554602g0010	Cula__CULA11G34340	Pa__MA_8554602g0010
OG0021685	CULA11G34710	MA_90767g0010	Cula__CULA11G34710	Pa__MA_90767g0010
OG0021686	CULA11G34900	MA_407396g0010	Cula__CULA11G34900	Pa__MA_407396g0010
OG0021687	CULA11G34970	MA_10434315g0010	Cula__CULA11G34970	Pa__MA_10434315g0010
OG0021785	CULASca28940.1	MA_580566g0010	Cula__CULASca28940.1	Pa__MA_580566g0010
