Orthogroup	source	C_mollissima	Liriodendron_hybrid	V_vinifera	n_Cunninghamia_lanceolata_CULA	n_Liquidambar_formosana	n_Picea_abies	n_Quercus_suber
OG0000064	one_gene_each_in_target_3species_from_ref7_Orthogroups	Cm__CmMahoganyH2.02G168400	Lc__Lchi13911	Vv__XP_002270797.1	65	8	65	0
OG0000158	one_gene_each_in_target_3species_from_ref7_Orthogroups	Cm__CmMahoganyH2.07G057700	Lc__Lchi17489	Vv__XP_010657563.1	20	2	65	0
OG0000166	one_gene_each_in_target_3species_from_ref7_Orthogroups	Cm__CmMahoganyH2.01G350300	Lc__Lchi01860	Vv__XP_002276574.1	82	1	1	2
OG0000260	one_gene_each_in_target_3species_from_ref7_Orthogroups	Cm__CmMahoganyH2.10G090300	Lc__Lchi19197	Vv__XP_002283626.1	64	1	1	1
OG0000309	one_gene_each_in_target_3species_from_ref7_Orthogroups	Cm__CmMahoganyH2.03G150300	Lc__Lchi08447	Vv__XP_003631271.2	25	1	34	0
OG0000337	one_gene_each_in_target_3species_from_ref7_Orthogroups	Cm__CmMahoganyH2.07G093400	Lc__Lchi20876	Vv__XP_010647893.1	12	2	41	2
OG0000442	one_gene_each_in_target_3species_from_ref7_Orthogroups	Cm__CmMahoganyH2.03G160300	Lc__Lchi21389	Vv__XP_002271090.2	35	1	12	1
OG0000530	one_gene_each_in_target_3species_from_ref7_Orthogroups	Cm__CmMahoganyH2.12G113400	Lc__Lchi02056	Vv__XP_002285886.1	29	0	12	2
OG0000579	one_gene_each_in_target_3species_from_ref7_Orthogroups	Cm__CmMahoganyH2.01G106500	Lc__Lchi10601	Vv__XP_019074752.1	20	1	17	3
OG0000594	one_gene_each_in_target_3species_from_ref7_Orthogroups	Cm__CmMahoganyH2.11G069400	Lc__Lchi08033	Vv__XP_002275491.1	38	1	1	1
OG0000608	one_gene_each_in_target_3species_from_ref7_Orthogroups	Cm__CmMahoganyH2.08G110700	Lc__Lchi09448	Vv__XP_002272647.1	6	1	32	1
OG0000618	one_gene_each_in_target_3species_from_ref7_Orthogroups	Cm__CmMahoganyH2.02G029400	Lc__Lchi22844	Vv__XP_002279739.1	3	0	37	0
OG0000703	one_gene_each_in_target_3species_from_ref7_Orthogroups	Cm__CmMahoganyH2.09G142200	Lc__Lchi22253	Vv__XP_002283659.1	2	1	33	1
OG0000715	one_gene_each_in_target_3species_from_ref7_Orthogroups	Cm__CmMahoganyH2.07G091400	Lc__Lchi18604	Vv__XP_002270096.1	28	1	6	1
OG0000736	one_gene_each_in_target_3species_from_ref7_Orthogroups	Cm__CmMahoganyH2.12G136500	Lc__Lchi22530	Vv__XP_002272315.1	2	2	30	1
OG0000779	one_gene_each_in_target_3species_from_ref7_Orthogroups	Cm__CmMahoganyH2.01G154100	Lc__Lchi18507	Vv__XP_002263968.1	1	0	32	1
OG0000831	one_gene_each_in_target_3species_from_ref7_Orthogroups	Cm__CmMahoganyH2.11G063800	Lc__Lchi22092	Vv__XP_002276525.1	6	1	25	1
OG0000844	one_gene_each_in_target_3species_from_ref7_Orthogroups	Cm__CmMahoganyH2.12G068600	Lc__Lchi32219	Vv__YP_567071.1	32	0	0	0
OG0000895	one_gene_each_in_target_3species_from_ref7_Orthogroups	Cm__CmMahoganyH2.10G101400	Lc__Lchi00981	Vv__XP_010648509.1	15	2	11	3
OG0000997	one_gene_each_in_target_3species_from_ref7_Orthogroups	Cm__CmMahoganyH2.06G140300	Lc__Lchi28163	Vv__XP_010658251.1	3	1	25	0
OG0001047	one_gene_each_in_target_3species_from_ref7_Orthogroups	Cm__CmMahoganyH2.03G110800	Lc__Lchi16695	Vv__XP_002273940.1	1	1	26	0
OG0001077	one_gene_each_in_target_3species_from_ref7_Orthogroups	Cm__CmMahoganyH2.10G078500	Lc__Lchi22666	Vv__XP_019076501.1	0	1	27	0
OG0001095	one_gene_each_in_target_3species_from_ref7_Orthogroups	Cm__CmMahoganyH2.09G111800	Lc__Lchi11991	Vv__XP_002281162.1	23	1	2	1
OG0001136	one_gene_each_in_target_3species_from_ref7_Orthogroups	Cm__CmMahoganyH2.11G028700	Lc__Lchi28371	Vv__XP_002266248.1	3	3	20	1
OG0001171	one_gene_each_in_target_3species_from_ref7_Orthogroups	Cm__CmMahoganyH2.04G069200	Lc__Lchi19578	Vv__XP_002282611.1	1	2	19	4
OG0001421	one_gene_each_in_target_3species_from_ref7_Orthogroups	Cm__CmMahoganyH2.09G127300	Lc__Lchi20230	Vv__XP_010653840.1	15	1	7	1
OG0001548	one_gene_each_in_target_3species_from_ref7_Orthogroups	Cm__CmMahoganyH2.01G079900	Lc__Lchi03370	Vv__XP_002273002.1	6	3	12	1
OG0001550	one_gene_each_in_target_3species_from_ref7_Orthogroups	Cm__CmMahoganyH2.12G019400	Lc__Lchi06066	Vv__XP_019081689.1	15	2	3	2
OG0001570	one_gene_each_in_target_3species_from_ref7_Orthogroups	Cm__CmMahoganyH2.12G062500	Lc__Lchi11890	Vv__XP_002278502.1	5	1	15	1
OG0001605	one_gene_each_in_target_3species_from_ref7_Orthogroups	Cm__CmMahoganyH2.02G031200	Lc__Lchi22814	Vv__XP_002277304.1	3	12	3	4
OG0001668	one_gene_each_in_target_3species_from_ref7_Orthogroups	Cm__CmMahoganyH2.01G054000	Lc__Lchi11438	Vv__XP_019071865.1	20	1	0	0
OG0001687	one_gene_each_in_target_3species_from_ref7_Orthogroups	Cm__CmMahoganyH2.02G193200	Lc__Lchi03112	Vv__XP_002267529.1	15	2	3	1
OG0001702	one_gene_each_in_target_3species_from_ref7_Orthogroups	Cm__CmMahoganyH2.03G192900	Lc__Lchi29054	Vv__XP_010649866.1	0	1	1	19
OG0001744	one_gene_each_in_target_3species_from_ref7_Orthogroups	Cm__CmMahoganyH2.05G125300	Lc__Lchi07013	Vv__XP_002269609.2	2	1	17	1
OG0001817	one_gene_each_in_target_3species_from_ref7_Orthogroups	Cm__CmMahoganyH2.07G064200	Lc__Lchi09751	Vv__XP_002268888.1	4	1	10	5
OG0001859	one_gene_each_in_target_3species_from_ref7_Orthogroups	Cm__CmMahoganyH2.01G097400	Lc__Lchi09608	Vv__XP_002285540.1	1	1	11	7
OG0001881	one_gene_each_in_target_3species_from_ref7_Orthogroups	Cm__CmMahoganyH2.03G200800	Lc__Lchi25766	Vv__XP_002267299.2	1	4	1	14
OG0001898	one_gene_each_in_target_3species_from_ref7_Orthogroups	Cm__CmMahoganyH2.06G199400	Lc__Lchi04891	Vv__XP_010661585.1	8	1	10	1
OG0001940	one_gene_each_in_target_3species_from_ref7_Orthogroups	Cm__CmMahoganyH2.01G085200	Lc__Lchi06716	Vv__XP_002277121.1	5	1	12	1
OG0002017	one_gene_each_in_target_3species_from_ref7_Orthogroups	Cm__CmMahoganyH2.02G162500	Lc__Lchi20105	Vv__XP_002282668.1	4	1	12	2
OG0002050	one_gene_each_in_target_3species_from_ref7_Orthogroups	Cm__CmMahoganyH2.08G049200	Lc__Lchi12823	Vv__XP_002283174.1	14	1	3	1
OG0002057	one_gene_each_in_target_3species_from_ref7_Orthogroups	Cm__CmMahoganyH2.09G152100	Lc__Lchi05180	Vv__XP_010656770.1	2	1	15	1
OG0002109	one_gene_each_in_target_3species_from_ref7_Orthogroups	Cm__CmMahoganyH2.05G113400	Lc__Lchi18045	Vv__XP_019078273.1	14	2	0	2
OG0002130	one_gene_each_in_target_3species_from_ref7_Orthogroups	Cm__CmMahoganyH2.01G070700	Lc__Lchi26632	Vv__XP_002284786.1	8	1	8	1
OG0002144	one_gene_each_in_target_3species_from_ref7_Orthogroups	Cm__CmMahoganyH2.10G095800	Lc__Lchi05223	Vv__XP_002280927.1	1	4	12	1
OG0002148	one_gene_each_in_target_3species_from_ref7_Orthogroups	Cm__CmMahoganyH2.02G158300	Lc__Lchi18648	Vv__XP_002283607.1	9	1	7	1
OG0002161	one_gene_each_in_target_3species_from_ref7_Orthogroups	Cm__CmMahoganyH2.03G147200	Lc__Lchi07532	Vv__NP_001268195.1	6	3	7	2
OG0002195	one_gene_each_in_target_3species_from_ref7_Orthogroups	Cm__CmMahoganyH2.01G251600	Lc__Lchi19096	Vv__XP_002263692.1	14	2	1	1
OG0002221	one_gene_each_in_target_3species_from_ref7_Orthogroups	Cm__CmMahoganyH2.04G121400	Lc__Lchi00692	Vv__XP_010663430.1	1	1	15	1
OG0002234	one_gene_each_in_target_3species_from_ref7_Orthogroups	Cm__CmMahoganyH2.06G147400	Lc__Lchi02263	Vv__XP_002279347.1	8	1	8	1
OG0002258	one_gene_each_in_target_3species_from_ref7_Orthogroups	Cm__CmMahoganyH2.10G044000	Lc__Lchi06078	Vv__XP_010647629.1	9	1	6	2
OG0002298	one_gene_each_in_target_3species_from_ref7_Orthogroups	Cm__CmMahoganyH2.04G135900	Lc__Lchi07544	Vv__XP_002278672.1	2	1	13	1
OG0002397	one_gene_each_in_target_3species_from_ref7_Orthogroups	Cm__CmMahoganyH2.01G219600	Lc__Lchi00839	Vv__XP_010656233.2	12	1	2	2
OG0002433	one_gene_each_in_target_3species_from_ref7_Orthogroups	Cm__CmMahoganyH2.01G345800	Lc__Lchi05057	Vv__XP_002269013.2	8	2	6	1
OG0002458	one_gene_each_in_target_3species_from_ref7_Orthogroups	Cm__CmMahoganyH2.04G170000	Lc__Lchi02434	Vv__XP_002284366.1	13	1	1	2
OG0002507	one_gene_each_in_target_3species_from_ref7_Orthogroups	Cm__CmMahoganyH2.12G029800	Lc__Lchi06582	Vv__XP_002272418.1	2	1	12	2
OG0002531	one_gene_each_in_target_3species_from_ref7_Orthogroups	Cm__CmMahoganyH2.01G208800	Lc__Lchi04055	Vv__XP_002273710.2	0	2	12	2
OG0002542	one_gene_each_in_target_3species_from_ref7_Orthogroups	Cm__CmMahoganyH2.11G093200	Lc__Lchi10496	Vv__XP_002269148.1	4	1	9	2
OG0002550	one_gene_each_in_target_3species_from_ref7_Orthogroups	Cm__CmMahoganyH2.12G143300	Lc__Lchi12663	Vv__XP_010652424.1	13	1	1	1
OG0002565	one_gene_each_in_target_3species_from_ref7_Orthogroups	Cm__CmMahoganyH2.01G088600	Lc__Lchi19652	Vv__XP_002279960.1	3	1	11	1
OG0002591	one_gene_each_in_target_3species_from_ref7_Orthogroups	Cm__CmMahoganyH2.08G068600	Lc__Lchi07446	Vv__XP_002270636.1	5	1	9	1
OG0002603	one_gene_each_in_target_3species_from_ref7_Orthogroups	Cm__CmMahoganyH2.03G095300	Lc__Lchi26011	Vv__XP_002281928.1	9	1	3	3
OG0002612	one_gene_each_in_target_3species_from_ref7_Orthogroups	Cm__CmMahoganyH2.02G206100	Lc__Lchi29993	Vv__XP_002272810.2	1	1	10	4
OG0002641	one_gene_each_in_target_3species_from_ref7_Orthogroups	Cm__CmMahoganyH2.01G056500	Lc__Lchi31116	Vv__XP_010664762.1	1	1	10	4
OG0002687	one_gene_each_in_target_3species_from_ref7_Orthogroups	Cm__CmMahoganyH2.02G121800	Lc__Lchi14029	Vv__XP_002276109.2	1	1	13	1
OG0002712	one_gene_each_in_target_3species_from_ref7_Orthogroups	Cm__CmMahoganyH2.04G066900	Lc__Lchi25409	Vv__XP_019081933.1	9	1	4	2
OG0002713	one_gene_each_in_target_3species_from_ref7_Orthogroups	Cm__CmMahoganyH2.04G094700	Lc__Lchi14658	Vv__XP_002265430.1	13	1	1	1
OG0002739	one_gene_each_in_target_3species_from_ref7_Orthogroups	Cm__CmMahoganyH2.07G164000	Lc__Lchi09384	Vv__XP_019073732.1	10	1	4	1
OG0002841	one_gene_each_in_target_3species_from_ref7_Orthogroups	Cm__CmMahoganyH2.10G043400	Lc__Lchi06072	Vv__XP_010646526.2	8	1	5	1
OG0002873	one_gene_each_in_target_3species_from_ref7_Orthogroups	Cm__CmMahoganyH2.10G016600	Lc__Lchi23418	Vv__XP_002268404.1	4	4	4	3
OG0002889	one_gene_each_in_target_3species_from_ref7_Orthogroups	Cm__CmMahoganyH2.01G256000	Lc__Lchi06947	Vv__XP_002268523.1	2	1	1	11
OG0002980	one_gene_each_in_target_3species_from_ref7_Orthogroups	Cm__CmMahoganyH2.03G165100	Lc__Lchi00720	Vv__XP_002269144.1	4	1	9	1
OG0002992	one_gene_each_in_target_3species_from_ref7_Orthogroups	Cm__CmMahoganyH2.04G175300	Lc__Lchi11862	Vv__XP_002284706.1	1	1	12	1
OG0003043	one_gene_each_in_target_3species_from_ref7_Orthogroups	Cm__CmMahoganyH2.09G161800	Lc__Lchi23065	Vv__XP_002274738.1	2	2	9	2
OG0003044	one_gene_each_in_target_3species_from_ref7_Orthogroups	Cm__CmMahoganyH2.09G166900	Lc__Lchi24430	Vv__XP_002284404.1	2	2	8	3
OG0003046	one_gene_each_in_target_3species_from_ref7_Orthogroups	Cm__CmMahoganyH2.10G031900	Lc__Lchi01327	Vv__XP_010664169.1	12	1	1	1
OG0003049	one_gene_each_in_target_3species_from_ref7_Orthogroups	Cm__CmMahoganyH2.11G077400	Lc__Lchi08418	Vv__XP_010661300.1	2	1	11	1
OG0003149	one_gene_each_in_target_3species_from_ref7_Orthogroups	Cm__CmMahoganyH2.10G124500	Lc__Lchi17925	Vv__XP_002278988.1	1	4	8	1
OG0003173	one_gene_each_in_target_3species_from_ref7_Orthogroups	Cm__CmMahoganyH2.01G168500	Lc__Lchi12587	Vv__XP_010661126.1	6	2	5	1
OG0003184	one_gene_each_in_target_3species_from_ref7_Orthogroups	Cm__CmMahoganyH2.01G076800	Lc__Lchi26924	Vv__XP_019072089.1	5	1	7	1
OG0003329	one_gene_each_in_target_3species_from_ref7_Orthogroups	Cm__CmMahoganyH2.02G185100	Lc__Lchi24269	Vv__XP_002263902.1	6	1	6	1
OG0003365	one_gene_each_in_target_3species_from_ref7_Orthogroups	Cm__CmMahoganyH2.04G137100	Lc__Lchi11413	Vv__XP_010663138.1	1	3	5	5
OG0003388	one_gene_each_in_target_3species_from_ref7_Orthogroups	Cm__CmMahoganyH2.06G149300	Lc__Lchi03272	Vv__XP_002276243.1	7	1	2	4
OG0003403	one_gene_each_in_target_3species_from_ref7_Orthogroups	Cm__CmMahoganyH2.07G053200	Lc__Lchi18538	Vv__XP_002273428.1	4	1	7	2
OG0003412	one_gene_each_in_target_3species_from_ref7_Orthogroups	Cm__CmMahoganyH2.08G112900	Lc__Lchi15548	Vv__XP_002273250.3	5	1	6	2
OG0003418	one_gene_each_in_target_3species_from_ref7_Orthogroups	Cm__CmMahoganyH2.09G117600	Lc__Lchi06241	Vv__XP_002275264.2	2	1	10	1
OG0003424	one_gene_each_in_target_3species_from_ref7_Orthogroups	Cm__CmMahoganyH2.10G020900	Lc__Lchi17528	Vv__XP_002277589.1	4	1	8	1
OG0003498	one_gene_each_in_target_3species_from_ref7_Orthogroups	Cm__CmMahoganyH2.12G129400	Lc__Lchi17859	Vv__XP_010652356.1	1	1	1	10
OG0003520	one_gene_each_in_target_3species_from_ref7_Orthogroups	Cm__CmMahoganyH2.08G129500	Lc__Lchi19457	Vv__XP_010651645.1	4	2	6	1
OG0003573	one_gene_each_in_target_3species_from_ref7_Orthogroups	Cm__CmMahoganyH2.01G177900	Lc__Lchi03327	Vv__XP_010656896.1	4	2	6	1
OG0003611	one_gene_each_in_target_3species_from_ref7_Orthogroups	Cm__CmMahoganyH2.12G027600	Lc__Lchi01387	Vv__XP_003634175.1	4	1	6	2
OG0003664	one_gene_each_in_target_3species_from_ref7_Orthogroups	Cm__CmMahoganyH2.01G188500	Lc__Lchi09507	Vv__XP_002280205.1	2	1	9	1
OG0003684	one_gene_each_in_target_3species_from_ref7_Orthogroups	Cm__CmMahoganyH2.01G332600	Lc__Lchi03725	Vv__XP_003634022.1	1	1	5	6
OG0003709	one_gene_each_in_target_3species_from_ref7_Orthogroups	Cm__CmMahoganyH2.02G103700	Lc__Lchi24170	Vv__XP_019075826.1	1	2	1	9
OG0003715	one_gene_each_in_target_3species_from_ref7_Orthogroups	Cm__CmMahoganyH2.02G123300	Lc__Lchi03002	Vv__XP_002276540.1	1	5	1	6
OG0003740	one_gene_each_in_target_3species_from_ref7_Orthogroups	Cm__CmMahoganyH2.04G035600	Lc__Lchi08065	Vv__XP_002273517.1	1	3	8	1
OG0003816	one_gene_each_in_target_3species_from_ref7_Orthogroups	Cm__CmMahoganyH2.09G022500	Lc__Lchi29140	Vv__XP_010651456.1	3	1	7	2
OG0003817	one_gene_each_in_target_3species_from_ref7_Orthogroups	Cm__CmMahoganyH2.09G035500	Lc__Lchi00113	Vv__XP_002266326.1	6	2	4	1
OG0003840	one_gene_each_in_target_3species_from_ref7_Orthogroups	Cm__CmMahoganyH2.11G055300	Lc__Lchi08442	Vv__XP_002265138.1	0	1	0	12
OG0003905	one_gene_each_in_target_3species_from_ref7_Orthogroups	Cm__CmMahoganyH2.05G155600	Lc__Lchi07224	Vv__XP_002273768.2	3	3	4	2
OG0003951	one_gene_each_in_target_3species_from_ref7_Orthogroups	Cm__CmMahoganyH2.04G162800	Lc__Lchi22540	Vv__XP_002280206.1	3	1	7	1
OG0003958	one_gene_each_in_target_3species_from_ref7_Orthogroups	Cm__CmMahoganyH2.09G171100	Lc__Lchi17678	Vv__XP_002284216.1	2	1	8	1
OG0003984	one_gene_each_in_target_3species_from_ref7_Orthogroups	Cm__CmMahoganyH2.01G009100	Lc__Lchi03485	Vv__XP_002277146.1	2	1	5	4
OG0003985	one_gene_each_in_target_3species_from_ref7_Orthogroups	Cm__CmMahoganyH2.09G020800	Lc__Lchi19392	Vv__XP_002275288.1	5	1	4	2
OG0004044	one_gene_each_in_target_3species_from_ref7_Orthogroups	Cm__CmMahoganyH2.11G050900	Lc__Lchi31456	Vv__XP_002264832.1	1	1	3	7
OG0004046	one_gene_each_in_target_3species_from_ref7_Orthogroups	Cm__CmMahoganyH2.01G171500	Lc__Lchi00898	Vv__XP_002283565.3	4	1	6	1
OG0004049	one_gene_each_in_target_3species_from_ref7_Orthogroups	Cm__CmMahoganyH2.01G345900	Lc__Lchi03241	Vv__XP_010656836.1	0	2	1	9
OG0004056	one_gene_each_in_target_3species_from_ref7_Orthogroups	Cm__CmMahoganyH2.04G165900	Lc__Lchi02467	Vv__XP_010663772.1	2	2	7	1
OG0004099	one_gene_each_in_target_3species_from_ref7_Orthogroups	Cm__CmMahoganyH2.08G003000	Lc__Lchi09971	Vv__XP_002265027.3	1	1	8	2
OG0004125	one_gene_each_in_target_3species_from_ref7_Orthogroups	Cm__CmMahoganyH2.01G040000	Lc__Lchi23625	Vv__XP_002281898.1	6	1	1	4
OG0004131	one_gene_each_in_target_3species_from_ref7_Orthogroups	Cm__CmMahoganyH2.01G057200	Lc__Lchi29162	Vv__XP_010664765.1	1	1	9	1
OG0004153	one_gene_each_in_target_3species_from_ref7_Orthogroups	Cm__CmMahoganyH2.01G221500	Lc__Lchi30277	Vv__XP_002272437.1	3	1	7	1
OG0004178	one_gene_each_in_target_3species_from_ref7_Orthogroups	Cm__CmMahoganyH2.02G020600	Lc__Lchi19770	Vv__XP_002281505.1	1	2	7	2
OG0004185	one_gene_each_in_target_3species_from_ref7_Orthogroups	Cm__CmMahoganyH2.02G069000	Lc__Lchi25334	Vv__XP_002274904.1	7	2	2	1
OG0004300	one_gene_each_in_target_3species_from_ref7_Orthogroups	Cm__CmMahoganyH2.07G053400	Lc__Lchi02970	Vv__XP_010652859.1	0	1	0	11
OG0004303	one_gene_each_in_target_3species_from_ref7_Orthogroups	Cm__CmMahoganyH2.07G108600	Lc__Lchi13931	Vv__XP_002284884.1	7	1	3	1
OG0004359	one_gene_each_in_target_3species_from_ref7_Orthogroups	Cm__CmMahoganyH2.11G097000	Lc__Lchi34134	Vv__XP_002265373.1	1	1	1	9
OG0004361	one_gene_each_in_target_3species_from_ref7_Orthogroups	Cm__CmMahoganyH2.11G120500	Lc__Lchi01407	Vv__XP_002273910.2	3	1	2	6
OG0004370	one_gene_each_in_target_3species_from_ref7_Orthogroups	Cm__CmMahoganyH2.12G077700	Lc__Lchi27815	Vv__XP_002283768.1	2	3	6	1
OG0004373	one_gene_each_in_target_3species_from_ref7_Orthogroups	Cm__CmMahoganyH2.12G123200	Lc__Lchi01877	Vv__XP_010664222.1	3	1	2	6
OG0004439	one_gene_each_in_target_3species_from_ref7_Orthogroups	Cm__CmMahoganyH2.10G058500	Lc__Lchi11970	Vv__XP_002282510.2	7	2	1	1
OG0004441	one_gene_each_in_target_3species_from_ref7_Orthogroups	Cm__CmMahoganyH2.12G142700	Lc__Lchi29670	Vv__XP_010652423.1	7	1	1	2
OG0004446	one_gene_each_in_target_3species_from_ref7_Orthogroups	Cm__CmMahoganyH2.10G112000	Lc__Lchi19892	Vv__XP_002272941.1	4	1	5	1
OG0004495	one_gene_each_in_target_3species_from_ref7_Orthogroups	Cm__CmMahoganyH2.08G101300	Lc__Lchi30545	Vv__XP_010651513.1	3	1	7	0
OG0004533	one_gene_each_in_target_3species_from_ref7_Orthogroups	Cm__CmMahoganyH2.09G144200	Lc__Lchi20555	Vv__XP_010653645.1	0	0	10	1
OG0004586	one_gene_each_in_target_3species_from_ref7_Orthogroups	Cm__CmMahoganyH2.09G044300	Lc__Lchi21827	Vv__NP_001268192.1	4	1	5	1
OG0004598	one_gene_each_in_target_3species_from_ref7_Orthogroups	Cm__CmMahoganyH2.12G005500	Lc__Lchi11766	Vv__XP_002263812.1	1	3	3	4
OG0004648	one_gene_each_in_target_3species_from_ref7_Orthogroups	Cm__CmMahoganyH2.06G144300	Lc__Lchi04358	Vv__XP_002271517.1	1	1	1	8
OG0004696	one_gene_each_in_target_3species_from_ref7_Orthogroups	Cm__CmMahoganyH2.01G240300	Lc__Lchi16451	Vv__XP_002275110.1	1	1	1	8
OG0004699	one_gene_each_in_target_3species_from_ref7_Orthogroups	Cm__CmMahoganyH2.01G298000	Lc__Lchi32541	Vv__XP_002281524.1	7	1	2	1
OG0004726	one_gene_each_in_target_3species_from_ref7_Orthogroups	Cm__CmMahoganyH2.02G067800	Lc__Lchi06328	Vv__NP_001268197.1	5	1	4	1
OG0004733	one_gene_each_in_target_3species_from_ref7_Orthogroups	Cm__CmMahoganyH2.02G100000	Lc__Lchi24150	Vv__XP_010650257.1	1	2	3	5
OG0004749	one_gene_each_in_target_3species_from_ref7_Orthogroups	Cm__CmMahoganyH2.02G143100	Lc__Lchi20039	Vv__XP_002265425.2	4	1	5	1
OG0004773	one_gene_each_in_target_3species_from_ref7_Orthogroups	Cm__CmMahoganyH2.03G065300	Lc__Lchi13351	Vv__XP_010659873.1	1	2	7	1
OG0004775	one_gene_each_in_target_3species_from_ref7_Orthogroups	Cm__CmMahoganyH2.03G070500	Lc__Lchi00240	Vv__XP_002274609.1	3	1	5	2
OG0004778	one_gene_each_in_target_3species_from_ref7_Orthogroups	Cm__CmMahoganyH2.03G086500	Lc__Lchi21451	Vv__XP_003631183.1	1	1	8	1
OG0004822	one_gene_each_in_target_3species_from_ref7_Orthogroups	Cm__CmMahoganyH2.05G056700	Lc__Lchi25858	Vv__XP_010654686.1	2	1	3	5
OG0004826	one_gene_each_in_target_3species_from_ref7_Orthogroups	Cm__CmMahoganyH2.05G130500	Lc__Lchi11114	Vv__XP_002272135.2	1	4	3	3
OG0004844	one_gene_each_in_target_3species_from_ref7_Orthogroups	Cm__CmMahoganyH2.06G063800	Lc__Lchi28763	Vv__XP_002284857.1	3	0	7	1
OG0004853	one_gene_each_in_target_3species_from_ref7_Orthogroups	Cm__CmMahoganyH2.06G145900	Lc__Lchi25212	Vv__XP_002271131.2	6	1	2	2
OG0004855	one_gene_each_in_target_3species_from_ref7_Orthogroups	Cm__CmMahoganyH2.06G148900	Lc__Lchi19824	Vv__XP_010658477.1	1	2	2	6
OG0004874	one_gene_each_in_target_3species_from_ref7_Orthogroups	Cm__CmMahoganyH2.06G235000	Lc__Lchi18023	Vv__XP_002283883.1	7	1	2	1
OG0004880	one_gene_each_in_target_3species_from_ref7_Orthogroups	Cm__CmMahoganyH2.07G034300	Lc__Lchi03290	Vv__XP_002267225.2	3	1	5	2
OG0004909	one_gene_each_in_target_3species_from_ref7_Orthogroups	Cm__CmMahoganyH2.08G180100	Lc__Lchi16498	Vv__XP_019078917.1	8	1	1	1
OG0004921	one_gene_each_in_target_3species_from_ref7_Orthogroups	Cm__CmMahoganyH2.09G157900	Lc__Lchi29834	Vv__XP_002274283.2	7	2	1	1
OG0004931	one_gene_each_in_target_3species_from_ref7_Orthogroups	Cm__CmMahoganyH2.10G093500	Lc__Lchi03607	Vv__XP_002273919.1	1	2	1	7
OG0004934	one_gene_each_in_target_3species_from_ref7_Orthogroups	Cm__CmMahoganyH2.10G119000	Lc__Lchi09113	Vv__XP_003631831.1	4	1	5	1
OG0004937	one_gene_each_in_target_3species_from_ref7_Orthogroups	Cm__CmMahoganyH2.10G137700	Lc__Lchi06865	Vv__XP_002285829.1	3	1	4	3
OG0004946	one_gene_each_in_target_3species_from_ref7_Orthogroups	Cm__CmMahoganyH2.11G080100	Lc__Lchi24399	Vv__XP_002265646.1	8	1	1	1
OG0004953	one_gene_each_in_target_3species_from_ref7_Orthogroups	Cm__CmMahoganyH2.11G168600	Lc__Lchi27791	Vv__XP_010659441.1	1	1	8	1
OG0004962	one_gene_each_in_target_3species_from_ref7_Orthogroups	Cm__CmMahoganyH2.12G063700	Lc__Lchi04969	Vv__XP_002279400.3	5	1	4	1
OG0004964	one_gene_each_in_target_3species_from_ref7_Orthogroups	Cm__CmMahoganyH2.12G096700	Lc__Lchi01190	Vv__XP_002274101.1	1	3	5	2
OG0004966	one_gene_each_in_target_3species_from_ref7_Orthogroups	Cm__CmMahoganyH2.12G113100	Lc__Lchi02057	Vv__XP_002285888.1	7	1	2	1
OG0004968	one_gene_each_in_target_3species_from_ref7_Orthogroups	Cm__CmMahoganyH2.12G116900	Lc__Lchi35502	Vv__XP_010664180.1	0	1	10	0
OG0005043	one_gene_each_in_target_3species_from_ref7_Orthogroups	Cm__CmMahoganyH2.02G062600	Lc__Lchi10614	Vv__XP_002273359.1	3	1	5	1
OG0005066	one_gene_each_in_target_3species_from_ref7_Orthogroups	Cm__CmMahoganyH2.08G158200	Lc__Lchi12072	Vv__XP_002282660.2	1	2	5	2
OG0005110	one_gene_each_in_target_3species_from_ref7_Orthogroups	Cm__CmMahoganyH2.08G102100	Lc__Lchi09398	Vv__XP_002276163.1	2	1	5	2
OG0005129	one_gene_each_in_target_3species_from_ref7_Orthogroups	Cm__CmMahoganyH2.01G286400	Lc__Lchi13992	Vv__XP_010661047.1	2	1	6	1
OG0005136	one_gene_each_in_target_3species_from_ref7_Orthogroups	Cm__CmMahoganyH2.11G128700	Lc__Lchi01329	Vv__XP_002269223.2	1	2	5	2
OG0005140	one_gene_each_in_target_3species_from_ref7_Orthogroups	Cm__CmMahoganyH2.09G064400	Lc__Lchi26132	Vv__XP_002264659.1	6	1	1	2
OG0005144	one_gene_each_in_target_3species_from_ref7_Orthogroups	Cm__CmMahoganyH2.02G111200	Lc__Lchi02105	Vv__XP_002274616.3	1	2	7	0
OG0005168	one_gene_each_in_target_3species_from_ref7_Orthogroups	Cm__CmMahoganyH2.06G109000	Lc__Lchi25420	Vv__XP_019079281.1	2	3	4	1
OG0005172	one_gene_each_in_target_3species_from_ref7_Orthogroups	Cm__CmMahoganyH2.11G067300	Lc__Lchi17020	Vv__XP_002276427.1	2	1	6	1
OG0005179	one_gene_each_in_target_3species_from_ref7_Orthogroups	Cm__CmMahoganyH2.11G015400	Lc__Lchi26757	Vv__XP_002263263.1	1	1	6	2
OG0005192	one_gene_each_in_target_3species_from_ref7_Orthogroups	Cm__CmMahoganyH2.09G074000	Lc__Lchi26607	Vv__XP_010653297.1	1	1	6	2
OG0005201	one_gene_each_in_target_3species_from_ref7_Orthogroups	Cm__CmMahoganyH2.06G148000	Lc__Lchi04319	Vv__XP_010658473.1	1	2	1	6
OG0005218	one_gene_each_in_target_3species_from_ref7_Orthogroups	Cm__CmMahoganyH2.01G186700	Lc__Lchi20475	Vv__XP_010660426.1	1	1	5	3
OG0005247	one_gene_each_in_target_3species_from_ref7_Orthogroups	Cm__CmMahoganyH2.10G044500	Lc__Lchi06083	Vv__XP_003631454.1	5	1	2	2
OG0005254	one_gene_each_in_target_3species_from_ref7_Orthogroups	Cm__CmMahoganyH2.12G167400	Lc__Lchi25362	Vv__XP_010645294.1	1	1	1	7
OG0005256	one_gene_each_in_target_3species_from_ref7_Orthogroups	Cm__CmMahoganyH2.11G109500	Lc__Lchi06070	Vv__XP_002275585.1	4	1	4	1
OG0005263	one_gene_each_in_target_3species_from_ref7_Orthogroups	Cm__CmMahoganyH2.12G034300	Lc__Lchi19305	Vv__XP_002272030.1	0	1	7	2
OG0005266	one_gene_each_in_target_3species_from_ref7_Orthogroups	Cm__CmMahoganyH2.01G193700	Lc__Lchi12251	Vv__XP_002279064.2	2	1	4	3
OG0005270	one_gene_each_in_target_3species_from_ref7_Orthogroups	Cm__CmMahoganyH2.03G042400	Lc__Lchi19725	Vv__XP_002284803.3	4	2	2	2
OG0005271	one_gene_each_in_target_3species_from_ref7_Orthogroups	Cm__CmMahoganyH2.11G169700	Lc__Lchi06094	Vv__XP_002274296.2	1	4	4	1
OG0005281	one_gene_each_in_target_3species_from_ref7_Orthogroups	Cm__CmMahoganyH2.01G174600	Lc__Lchi08914	Vv__XP_002280611.1	1	1	4	4
OG0005311	one_gene_each_in_target_3species_from_ref7_Orthogroups	Cm__CmMahoganyH2.04G014700	Lc__Lchi10069	Vv__XP_002278008.1	1	3	1	5
OG0005330	one_gene_each_in_target_3species_from_ref7_Orthogroups	Cm__CmMahoganyH2.01G049500	Lc__Lchi11133	Vv__XP_002281919.1	1	1	7	1
OG0005332	one_gene_each_in_target_3species_from_ref7_Orthogroups	Cm__CmMahoganyH2.01G057900	Lc__Lchi18458	Vv__XP_010664780.1	1	1	7	1
OG0005334	one_gene_each_in_target_3species_from_ref7_Orthogroups	Cm__CmMahoganyH2.01G093800	Lc__Lchi05126	Vv__XP_010648784.1	1	2	2	5
OG0005340	one_gene_each_in_target_3species_from_ref7_Orthogroups	Cm__CmMahoganyH2.01G129500	Lc__Lchi06586	Vv__XP_002272348.1	2	1	6	1
OG0005341	one_gene_each_in_target_3species_from_ref7_Orthogroups	Cm__CmMahoganyH2.01G138100	Lc__Lchi14157	Vv__XP_002265246.1	6	1	1	2
OG0005349	one_gene_each_in_target_3species_from_ref7_Orthogroups	Cm__CmMahoganyH2.01G179300	Lc__Lchi19261	Vv__XP_002264417.1	1	2	5	2
OG0005350	one_gene_each_in_target_3species_from_ref7_Orthogroups	Cm__CmMahoganyH2.01G181900	Lc__Lchi20623	Vv__XP_002267248.1	6	2	1	1
OG0005368	one_gene_each_in_target_3species_from_ref7_Orthogroups	Cm__CmMahoganyH2.01G271800	Lc__Lchi15296	Vv__XP_002279099.1	5	1	3	1
OG0005446	one_gene_each_in_target_3species_from_ref7_Orthogroups	Cm__CmMahoganyH2.03G100300	Lc__Lchi29790	Vv__XP_010654630.1	1	1	1	7
OG0005463	one_gene_each_in_target_3species_from_ref7_Orthogroups	Cm__CmMahoganyH2.04G036400	Lc__Lchi27717	Vv__XP_002268942.2	2	5	1	2
OG0005468	one_gene_each_in_target_3species_from_ref7_Orthogroups	Cm__CmMahoganyH2.04G048200	Lc__Lchi01727	Vv__NP_001267915.1	1	1	5	3
OG0005474	one_gene_each_in_target_3species_from_ref7_Orthogroups	Cm__CmMahoganyH2.04G068300	Lc__Lchi14975	Vv__XP_002282742.1	1	1	1	7
OG0005482	one_gene_each_in_target_3species_from_ref7_Orthogroups	Cm__CmMahoganyH2.05G007100	Lc__Lchi11454	Vv__XP_010654385.1	4	4	1	1
OG0005494	one_gene_each_in_target_3species_from_ref7_Orthogroups	Cm__CmMahoganyH2.05G084900	Lc__Lchi07971	Vv__XP_010646902.1	2	1	6	1
OG0005495	one_gene_each_in_target_3species_from_ref7_Orthogroups	Cm__CmMahoganyH2.05G085800	Lc__Lchi19322	Vv__XP_002267812.1	1	2	6	1
OG0005525	one_gene_each_in_target_3species_from_ref7_Orthogroups	Cm__CmMahoganyH2.06G073000	Lc__Lchi04020	Vv__XP_002283669.1	1	1	7	1
OG0005531	one_gene_each_in_target_3species_from_ref7_Orthogroups	Cm__CmMahoganyH2.06G111600	Lc__Lchi08555	Vv__XP_002274029.1	1	3	1	5
OG0005532	one_gene_each_in_target_3species_from_ref7_Orthogroups	Cm__CmMahoganyH2.06G114900	Lc__Lchi13402	Vv__XP_010656995.1	1	1	3	5
OG0005533	one_gene_each_in_target_3species_from_ref7_Orthogroups	Cm__CmMahoganyH2.06G130900	Lc__Lchi07397	Vv__XP_002274437.1	2	1	6	1
OG0005553	one_gene_each_in_target_3species_from_ref7_Orthogroups	Cm__CmMahoganyH2.07G000400	Lc__Lchi07001	Vv__XP_010657109.1	1	1	2	6
OG0005555	one_gene_each_in_target_3species_from_ref7_Orthogroups	Cm__CmMahoganyH2.07G001800	Lc__Lchi19657	Vv__NP_001267975.1	5	1	2	2
OG0005573	one_gene_each_in_target_3species_from_ref7_Orthogroups	Cm__CmMahoganyH2.07G120300	Lc__Lchi09107	Vv__XP_003631658.1	2	1	6	1
OG0005576	one_gene_each_in_target_3species_from_ref7_Orthogroups	Cm__CmMahoganyH2.07G150700	Lc__Lchi26828	Vv__XP_010649344.1	1	4	3	2
OG0005578	one_gene_each_in_target_3species_from_ref7_Orthogroups	Cm__CmMahoganyH2.08G005200	Lc__Lchi22084	Vv__XP_002279210.1	2	1	6	1
OG0005589	one_gene_each_in_target_3species_from_ref7_Orthogroups	Cm__CmMahoganyH2.08G070300	Lc__Lchi07671	Vv__XP_010650825.2	1	1	7	1
OG0005594	one_gene_each_in_target_3species_from_ref7_Orthogroups	Cm__CmMahoganyH2.08G100000	Lc__Lchi09123	Vv__XP_002283428.1	1	1	7	1
OG0005595	one_gene_each_in_target_3species_from_ref7_Orthogroups	Cm__CmMahoganyH2.08G100800	Lc__Lchi17596	Vv__XP_002279963.2	4	1	4	1
OG0005603	one_gene_each_in_target_3species_from_ref7_Orthogroups	Cm__CmMahoganyH2.08G144600	Lc__Lchi19190	Vv__XP_010651410.1	1	1	4	4
OG0005617	one_gene_each_in_target_3species_from_ref7_Orthogroups	Cm__CmMahoganyH2.09G056200	Lc__Lchi21461	Vv__XP_002281883.1	1	2	5	2
OG0005620	one_gene_each_in_target_3species_from_ref7_Orthogroups	Cm__CmMahoganyH2.09G090300	Lc__Lchi07795	Vv__XP_002268101.2	0	1	7	2
OG0005622	one_gene_each_in_target_3species_from_ref7_Orthogroups	Cm__CmMahoganyH2.09G116200	Lc__Lchi06772	Vv__XP_002279430.1	1	4	2	3
OG0005629	one_gene_each_in_target_3species_from_ref7_Orthogroups	Cm__CmMahoganyH2.09G145300	Lc__Lchi17857	Vv__XP_010653644.1	3	1	5	1
OG0005630	one_gene_each_in_target_3species_from_ref7_Orthogroups	Cm__CmMahoganyH2.09G155300	Lc__Lchi14818	Vv__XP_002277005.1	1	3	2	4
OG0005632	one_gene_each_in_target_3species_from_ref7_Orthogroups	Cm__CmMahoganyH2.09G174900	Lc__Lchi26030	Vv__XP_010645036.1	1	1	2	6
OG0005634	one_gene_each_in_target_3species_from_ref7_Orthogroups	Cm__CmMahoganyH2.10G017400	Lc__Lchi20663	Vv__XP_002270626.2	2	2	3	3
OG0005646	one_gene_each_in_target_3species_from_ref7_Orthogroups	Cm__CmMahoganyH2.11G009200	Lc__Lchi30536	Vv__XP_002265046.1	5	2	1	2
OG0005647	one_gene_each_in_target_3species_from_ref7_Orthogroups	Cm__CmMahoganyH2.11G052900	Lc__Lchi16882	Vv__XP_010657507.1	3	1	2	4
OG0005648	one_gene_each_in_target_3species_from_ref7_Orthogroups	Cm__CmMahoganyH2.11G061900	Lc__Lchi11125	Vv__XP_002263965.2	6	1	2	1
OG0005666	one_gene_each_in_target_3species_from_ref7_Orthogroups	Cm__CmMahoganyH2.12G037600	Lc__Lchi08616	Vv__XP_002277892.3	2	2	1	5
OG0005754	one_gene_each_in_target_3species_from_ref7_Orthogroups	Cm__CmMahoganyH2.10G110900	Lc__Lchi19913	Vv__XP_002271736.1	4	2	2	1
OG0005757	one_gene_each_in_target_3species_from_ref7_Orthogroups	Cm__CmMahoganyH2.08G001000	Lc__Lchi14747	Vv__XP_002265653.2	0	1	1	7
OG0005759	one_gene_each_in_target_3species_from_ref7_Orthogroups	Cm__CmMahoganyH2.01G034300	Lc__Lchi12998	Vv__XP_002284172.1	1	1	6	1
OG0005760	one_gene_each_in_target_3species_from_ref7_Orthogroups	Cm__CmMahoganyH2.07G097700	Lc__Lchi23255	Vv__XP_010647731.2	2	4	1	2
OG0005767	one_gene_each_in_target_3species_from_ref7_Orthogroups	Cm__CmMahoganyH2.03G056300	Lc__Lchi21204	Vv__XP_010659952.1	1	1	6	1
OG0005778	one_gene_each_in_target_3species_from_ref7_Orthogroups	Cm__CmMahoganyH2.12G063400	Lc__Lchi11915	Vv__XP_002279183.3	1	0	7	1
OG0005781	one_gene_each_in_target_3species_from_ref7_Orthogroups	Cm__CmMahoganyH2.04G104000	Lc__Lchi23278	Vv__XP_002281604.2	1	4	1	3
OG0005792	one_gene_each_in_target_3species_from_ref7_Orthogroups	Cm__CmMahoganyH2.10G166300	Lc__Lchi18263	Vv__XP_002283609.2	3	1	4	1
OG0005800	one_gene_each_in_target_3species_from_ref7_Orthogroups	Cm__CmMahoganyH2.11G091800	Lc__Lchi24529	Vv__XP_002271335.1	1	1	6	1
OG0005809	one_gene_each_in_target_3species_from_ref7_Orthogroups	Cm__CmMahoganyH2.05G048300	Lc__Lchi08882	Vv__XP_002279039.1	0	2	6	1
OG0005816	one_gene_each_in_target_3species_from_ref7_Orthogroups	Cm__CmMahoganyH2.10G003400	Lc__Lchi27811	Vv__XP_019079620.1	0	1	7	1
OG0005827	one_gene_each_in_target_3species_from_ref7_Orthogroups	Cm__CmMahoganyH2.12G034900	Lc__Lchi08570	Vv__XP_002272224.1	3	3	2	1
OG0005833	one_gene_each_in_target_3species_from_ref7_Orthogroups	Cm__CmMahoganyH2.01G131700	Lc__Lchi32183	Vv__XP_002280209.2	2	1	5	1
OG0005840	one_gene_each_in_target_3species_from_ref7_Orthogroups	Cm__CmMahoganyH2.07G042500	Lc__Lchi24605	Vv__XP_002276004.2	2	2	4	1
OG0005855	one_gene_each_in_target_3species_from_ref7_Orthogroups	Cm__CmMahoganyH2.09G138300	Lc__Lchi15635	Vv__XP_002262627.2	1	2	4	2
OG0005873	one_gene_each_in_target_3species_from_ref7_Orthogroups	Cm__CmMahoganyH2.09G173700	Lc__Lchi17296	Vv__XP_010653777.1	3	2	3	1
OG0005874	one_gene_each_in_target_3species_from_ref7_Orthogroups	Cm__CmMahoganyH2.05G124800	Lc__Lchi09114	Vv__NP_001268073.1	4	1	0	4
OG0005894	one_gene_each_in_target_3species_from_ref7_Orthogroups	Cm__CmMahoganyH2.10G076500	Lc__Lchi02230	Vv__XP_002277881.1	1	1	6	1
OG0005915	one_gene_each_in_target_3species_from_ref7_Orthogroups	Cm__CmMahoganyH2.06G198800	Lc__Lchi06749	Vv__XP_002263864.2	1	2	4	2
OG0005925	one_gene_each_in_target_3species_from_ref7_Orthogroups	Cm__CmMahoganyH2.01G025300	Lc__Lchi21277	Vv__XP_002284832.1	1	3	2	3
OG0005930	one_gene_each_in_target_3species_from_ref7_Orthogroups	Cm__CmMahoganyH2.01G265400	Lc__Lchi11408	Vv__XP_002275670.1	1	1	6	1
OG0005941	one_gene_each_in_target_3species_from_ref7_Orthogroups	Cm__CmMahoganyH2.01G216300	Lc__Lchi00863	Vv__XP_002282550.1	4	3	1	1
OG0005957	one_gene_each_in_target_3species_from_ref7_Orthogroups	Cm__CmMahoganyH2.05G079900	Lc__Lchi09594	Vv__XP_010655096.1	2	1	4	2
OG0005959	one_gene_each_in_target_3species_from_ref7_Orthogroups	Cm__CmMahoganyH2.08G126300	Lc__Lchi19828	Vv__XP_002273961.1	3	1	2	3
OG0005962	one_gene_each_in_target_3species_from_ref7_Orthogroups	Cm__CmMahoganyH2.06G076500	Lc__Lchi22810	Vv__XP_002285647.1	1	3	1	4
OG0006002	one_gene_each_in_target_3species_from_ref7_Orthogroups	Cm__CmMahoganyH2.05G077700	Lc__Lchi17398	Vv__XP_002273285.1	0	7	1	1
OG0006006	one_gene_each_in_target_3species_from_ref7_Orthogroups	Cm__CmMahoganyH2.10G120500	Lc__Lchi04701	Vv__XP_002281873.1	2	1	4	2
OG0006024	one_gene_each_in_target_3species_from_ref7_Orthogroups	Cm__CmMahoganyH2.01G022800	Lc__Lchi15827	Vv__XP_010653057.1	2	3	2	2
OG0006032	one_gene_each_in_target_3species_from_ref7_Orthogroups	Cm__CmMahoganyH2.05G000900	Lc__Lchi11499	Vv__XP_002270932.2	4	1	3	1
OG0006038	one_gene_each_in_target_3species_from_ref7_Orthogroups	Cm__CmMahoganyH2.10G177700	Lc__Lchi31220	Vv__XP_010646130.1	1	1	1	6
OG0006071	one_gene_each_in_target_3species_from_ref7_Orthogroups	Cm__CmMahoganyH2.10G070900	Lc__Lchi00222	Vv__XP_002275930.1	3	1	4	1
OG0006083	one_gene_each_in_target_3species_from_ref7_Orthogroups	Cm__CmMahoganyH2.01G050300	Lc__Lchi11352	Vv__XP_010664715.1	2	1	1	5
OG0006096	one_gene_each_in_target_3species_from_ref7_Orthogroups	Cm__CmMahoganyH2.01G092200	Lc__Lchi02623	Vv__XP_010648483.1	2	2	3	2
OG0006097	one_gene_each_in_target_3species_from_ref7_Orthogroups	Cm__CmMahoganyH2.01G093400	Lc__Lchi03310	Vv__XP_002262758.1	2	1	5	1
OG0006110	one_gene_each_in_target_3species_from_ref7_Orthogroups	Cm__CmMahoganyH2.01G142000	Lc__Lchi17003	Vv__XP_002272604.1	2	1	5	1
OG0006117	one_gene_each_in_target_3species_from_ref7_Orthogroups	Cm__CmMahoganyH2.01G168900	Lc__Lchi08826	Vv__XP_002280934.3	3	1	1	4
OG0006144	one_gene_each_in_target_3species_from_ref7_Orthogroups	Cm__CmMahoganyH2.01G259400	Lc__Lchi10305	Vv__XP_002271099.1	5	1	2	1
OG0006153	one_gene_each_in_target_3species_from_ref7_Orthogroups	Cm__CmMahoganyH2.01G284300	Lc__Lchi13241	Vv__XP_002282538.1	2	1	5	1
OG0006161	one_gene_each_in_target_3species_from_ref7_Orthogroups	Cm__CmMahoganyH2.01G327500	Lc__Lchi09584	Vv__XP_002271577.1	0	1	6	2
OG0006163	one_gene_each_in_target_3species_from_ref7_Orthogroups	Cm__CmMahoganyH2.01G332700	Lc__Lchi13400	Vv__XP_002274987.1	2	1	4	2
OG0006165	one_gene_each_in_target_3species_from_ref7_Orthogroups	Cm__CmMahoganyH2.01G349000	Lc__Lchi05080	Vv__XP_002282710.1	2	1	5	1
OG0006175	one_gene_each_in_target_3species_from_ref7_Orthogroups	Cm__CmMahoganyH2.02G008900	Lc__Lchi04910	Vv__XP_002282888.1	2	1	5	1
OG0006178	one_gene_each_in_target_3species_from_ref7_Orthogroups	Cm__CmMahoganyH2.02G024700	Lc__Lchi25192	Vv__XP_010649867.1	3	1	2	3
OG0006181	one_gene_each_in_target_3species_from_ref7_Orthogroups	Cm__CmMahoganyH2.02G050200	Lc__Lchi19906	Vv__XP_002270818.1	1	1	2	5
OG0006185	one_gene_each_in_target_3species_from_ref7_Orthogroups	Cm__CmMahoganyH2.02G077800	Lc__Lchi00160	Vv__XP_010650014.1	2	0	2	5
OG0006187	one_gene_each_in_target_3species_from_ref7_Orthogroups	Cm__CmMahoganyH2.02G089000	Lc__Lchi12726	Vv__XP_010650126.1	1	2	4	2
OG0006221	one_gene_each_in_target_3species_from_ref7_Orthogroups	Cm__CmMahoganyH2.03G016400	Lc__Lchi06448	Vv__XP_002282180.1	5	1	1	2
OG0006223	one_gene_each_in_target_3species_from_ref7_Orthogroups	Cm__CmMahoganyH2.03G043100	Lc__Lchi22670	Vv__XP_002280880.3	2	2	2	3
OG0006242	one_gene_each_in_target_3species_from_ref7_Orthogroups	Cm__CmMahoganyH2.03G123800	Lc__Lchi24664	Vv__XP_002271716.1	3	4	1	1
OG0006246	one_gene_each_in_target_3species_from_ref7_Orthogroups	Cm__CmMahoganyH2.03G138000	Lc__Lchi29588	Vv__XP_010650728.1	1	1	4	3
OG0006256	one_gene_each_in_target_3species_from_ref7_Orthogroups	Cm__CmMahoganyH2.03G197200	Lc__Lchi12335	Vv__XP_010650046.1	1	2	5	1
OG0006283	one_gene_each_in_target_3species_from_ref7_Orthogroups	Cm__CmMahoganyH2.04G134500	Lc__Lchi07513	Vv__XP_002282452.1	3	1	3	2
OG0006286	one_gene_each_in_target_3species_from_ref7_Orthogroups	Cm__CmMahoganyH2.04G159800	Lc__Lchi20394	Vv__XP_002283742.1	1	1	1	6
OG0006287	one_gene_each_in_target_3species_from_ref7_Orthogroups	Cm__CmMahoganyH2.04G161300	Lc__Lchi02538	Vv__XP_019082099.1	1	2	5	1
OG0006288	one_gene_each_in_target_3species_from_ref7_Orthogroups	Cm__CmMahoganyH2.04G163300	Lc__Lchi20364	Vv__XP_002283913.1	2	2	4	1
OG0006296	one_gene_each_in_target_3species_from_ref7_Orthogroups	Cm__CmMahoganyH2.05G058800	Lc__Lchi04723	Vv__XP_002284946.2	0	1	6	2
OG0006323	one_gene_each_in_target_3species_from_ref7_Orthogroups	Cm__CmMahoganyH2.06G001300	Lc__Lchi16846	Vv__XP_002265097.1	5	1	2	1
OG0006335	one_gene_each_in_target_3species_from_ref7_Orthogroups	Cm__CmMahoganyH2.06G076800	Lc__Lchi03956	Vv__XP_002283201.2	2	2	1	4
OG0006348	one_gene_each_in_target_3species_from_ref7_Orthogroups	Cm__CmMahoganyH2.06G144400	Lc__Lchi04354	Vv__XP_002270553.2	1	1	5	2
OG0006361	one_gene_each_in_target_3species_from_ref7_Orthogroups	Cm__CmMahoganyH2.06G209800	Lc__Lchi25322	Vv__XP_002272417.2	2	1	2	4
OG0006381	one_gene_each_in_target_3species_from_ref7_Orthogroups	Cm__CmMahoganyH2.07G100400	Lc__Lchi01927	Vv__NP_001268194.1	1	2	5	1
OG0006388	one_gene_each_in_target_3species_from_ref7_Orthogroups	Cm__CmMahoganyH2.07G157100	Lc__Lchi12110	Vv__XP_002282368.1	1	1	7	0
OG0006391	one_gene_each_in_target_3species_from_ref7_Orthogroups	Cm__CmMahoganyH2.08G011600	Lc__Lchi16667	Vv__XP_002278830.1	2	1	2	4
OG0006393	one_gene_each_in_target_3species_from_ref7_Orthogroups	Cm__CmMahoganyH2.08G024900	Lc__Lchi25633	Vv__XP_002274773.1	2	1	5	1
OG0006398	one_gene_each_in_target_3species_from_ref7_Orthogroups	Cm__CmMahoganyH2.08G043700	Lc__Lchi22890	Vv__XP_002283909.1	2	2	4	1
OG0006406	one_gene_each_in_target_3species_from_ref7_Orthogroups	Cm__CmMahoganyH2.08G099000	Lc__Lchi28436	Vv__XP_002266954.1	0	1	7	1
OG0006420	one_gene_each_in_target_3species_from_ref7_Orthogroups	Cm__CmMahoganyH2.08G171400	Lc__Lchi20659	Vv__XP_002271492.1	1	3	2	3
OG0006424	one_gene_each_in_target_3species_from_ref7_Orthogroups	Cm__CmMahoganyH2.09G013100	Lc__Lchi28024	Vv__XP_002274040.1	1	2	5	1
OG0006430	one_gene_each_in_target_3species_from_ref7_Orthogroups	Cm__CmMahoganyH2.09G051200	Lc__Lchi10466	Vv__XP_002282670.1	0	3	3	3
OG0006432	one_gene_each_in_target_3species_from_ref7_Orthogroups	Cm__CmMahoganyH2.09G076700	Lc__Lchi23389	Vv__XP_002263020.1	2	1	4	2
OG0006435	one_gene_each_in_target_3species_from_ref7_Orthogroups	Cm__CmMahoganyH2.09G096300	Lc__Lchi12831	Vv__XP_002271184.3	1	1	6	1
OG0006442	one_gene_each_in_target_3species_from_ref7_Orthogroups	Cm__CmMahoganyH2.09G131700	Lc__Lchi20257	Vv__XP_002269447.1	2	1	4	2
OG0006444	one_gene_each_in_target_3species_from_ref7_Orthogroups	Cm__CmMahoganyH2.09G157500	Lc__Lchi27408	Vv__XP_002275793.1	2	2	4	1
OG0006453	one_gene_each_in_target_3species_from_ref7_Orthogroups	Cm__CmMahoganyH2.10G024200	Lc__Lchi14013	Vv__XP_002281373.1	1	1	5	2
OG0006458	one_gene_each_in_target_3species_from_ref7_Orthogroups	Cm__CmMahoganyH2.10G064600	Lc__Lchi24210	Vv__XP_002271860.1	0	2	6	1
OG0006462	one_gene_each_in_target_3species_from_ref7_Orthogroups	Cm__CmMahoganyH2.10G092400	Lc__Lchi05077	Vv__XP_002282746.1	2	2	3	2
OG0006464	one_gene_each_in_target_3species_from_ref7_Orthogroups	Cm__CmMahoganyH2.10G108300	Lc__Lchi15892	Vv__XP_002270318.1	2	3	2	2
OG0006466	one_gene_each_in_target_3species_from_ref7_Orthogroups	Cm__CmMahoganyH2.10G112900	Lc__Lchi00339	Vv__XP_002265366.1	1	1	5	2
OG0006481	one_gene_each_in_target_3species_from_ref7_Orthogroups	Cm__CmMahoganyH2.11G079200	Lc__Lchi01150	Vv__XP_010661301.1	3	0	5	1
OG0006495	one_gene_each_in_target_3species_from_ref7_Orthogroups	Cm__CmMahoganyH2.12G022500	Lc__Lchi11778	Vv__XP_002267996.1	4	1	2	2
OG0006496	one_gene_each_in_target_3species_from_ref7_Orthogroups	Cm__CmMahoganyH2.12G022800	Lc__Lchi22004	Vv__XP_002268370.1	2	1	5	1
OG0006498	one_gene_each_in_target_3species_from_ref7_Orthogroups	Cm__CmMahoganyH2.12G050200	Lc__Lchi27069	Vv__XP_002276087.1	1	2	5	1
OG0006503	one_gene_each_in_target_3species_from_ref7_Orthogroups	Cm__CmMahoganyH2.12G061600	Lc__Lchi25313	Vv__XP_002263340.2	0	3	0	6
OG0006507	one_gene_each_in_target_3species_from_ref7_Orthogroups	Cm__CmMahoganyH2.12G087200	Lc__Lchi10531	Vv__XP_002262885.1	0	1	1	7
OG0006509	one_gene_each_in_target_3species_from_ref7_Orthogroups	Cm__CmMahoganyH2.12G091100	Lc__Lchi14753	Vv__XP_010662098.1	1	5	1	2
OG0006520	one_gene_each_in_target_3species_from_ref7_Orthogroups	Cm__CmMahoganyH2.12G130300	Lc__Lchi15778	Vv__XP_010652357.1	1	1	5	2
OG0006525	one_gene_each_in_target_3species_from_ref7_Orthogroups	Cm__CmMahoganyH2.12G180200	Lc__Lchi12734	Vv__XP_002266333.1	0	1	3	5
OG0006604	one_gene_each_in_target_3species_from_ref7_Orthogroups	Cm__CmMahoganyH2.02G144000	Lc__Lchi20022	Vv__XP_003635561.1	2	1	4	1
OG0006613	one_gene_each_in_target_3species_from_ref7_Orthogroups	Cm__CmMahoganyH2.11G072800	Lc__Lchi15810	Vv__XP_002276095.2	4	1	2	1
OG0006615	one_gene_each_in_target_3species_from_ref7_Orthogroups	Cm__CmMahoganyH2.02G042200	Lc__Lchi04493	Vv__XP_002272119.1	3	2	2	1
OG0006660	one_gene_each_in_target_3species_from_ref7_Orthogroups	Cm__CmMahoganyH2.02G064200	Lc__Lchi00143	Vv__XP_002273694.1	0	3	4	1
OG0006677	one_gene_each_in_target_3species_from_ref7_Orthogroups	Cm__CmMahoganyH2.01G100700	Lc__Lchi25942	Vv__XP_002285361.1	1	1	5	1
OG0006680	one_gene_each_in_target_3species_from_ref7_Orthogroups	Cm__CmMahoganyH2.01G280900	Lc__Lchi00703	Vv__XP_002276011.1	3	1	3	1
OG0006683	one_gene_each_in_target_3species_from_ref7_Orthogroups	Cm__CmMahoganyH2.12G143400	Lc__Lchi29572	Vv__XP_010652425.1	2	1	0	5
OG0006685	one_gene_each_in_target_3species_from_ref7_Orthogroups	Cm__CmMahoganyH2.03G075300	Lc__Lchi15780	Vv__XP_010660113.1	2	1	1	4
OG0006698	one_gene_each_in_target_3species_from_ref7_Orthogroups	Cm__CmMahoganyH2.01G085300	Lc__Lchi00580	Vv__XP_002277140.1	1	1	5	1
OG0006703	one_gene_each_in_target_3species_from_ref7_Orthogroups	Cm__CmMahoganyH2.01G170400	Lc__Lchi03549	Vv__XP_002280245.2	4	2	1	1
OG0006704	one_gene_each_in_target_3species_from_ref7_Orthogroups	Cm__CmMahoganyH2.01G296700	Lc__Lchi04673	Vv__XP_002281292.2	3	1	2	2
OG0006710	one_gene_each_in_target_3species_from_ref7_Orthogroups	Cm__CmMahoganyH2.06G232900	Lc__Lchi09172	Vv__XP_010656931.2	2	3	2	1
OG0006717	one_gene_each_in_target_3species_from_ref7_Orthogroups	Cm__CmMahoganyH2.12G066700	Lc__Lchi04937	Vv__XP_019081606.1	1	1	2	4
OG0006719	one_gene_each_in_target_3species_from_ref7_Orthogroups	Cm__CmMahoganyH2.06G072700	Lc__Lchi06930	Vv__XP_002283684.1	1	1	5	1
OG0006727	one_gene_each_in_target_3species_from_ref7_Orthogroups	Cm__CmMahoganyH2.09G079900	Lc__Lchi18387	Vv__XP_010653413.1	2	1	4	1
OG0006729	one_gene_each_in_target_3species_from_ref7_Orthogroups	Cm__CmMahoganyH2.10G032700	Lc__Lchi19236	Vv__XP_019081447.1	1	2	2	3
OG0006734	one_gene_each_in_target_3species_from_ref7_Orthogroups	Cm__CmMahoganyH2.07G062500	Lc__Lchi20428	Vv__XP_019074951.1	1	1	1	5
OG0006748	one_gene_each_in_target_3species_from_ref7_Orthogroups	Cm__CmMahoganyH2.08G117400	Lc__Lchi25533	Vv__XP_002263747.2	1	1	3	3
OG0006759	one_gene_each_in_target_3species_from_ref7_Orthogroups	Cm__CmMahoganyH2.01G190100	Lc__Lchi14418	Vv__XP_002283161.1	2	1	2	3
OG0006760	one_gene_each_in_target_3species_from_ref7_Orthogroups	Cm__CmMahoganyH2.08G031000	Lc__Lchi23938	Vv__XP_002284871.1	2	2	3	1
OG0006762	one_gene_each_in_target_3species_from_ref7_Orthogroups	Cm__CmMahoganyH2.02G216600	Lc__Lchi26925	Vv__XP_019074769.1	4	1	2	1
OG0006766	one_gene_each_in_target_3species_from_ref7_Orthogroups	Cm__CmMahoganyH2.05G151500	Lc__Lchi14563	Vv__XP_003635479.1	1	1	5	1
OG0006768	one_gene_each_in_target_3species_from_ref7_Orthogroups	Cm__CmMahoganyH2.02G186700	Lc__Lchi26680	Vv__XP_010664374.1	1	2	1	4
OG0006769	one_gene_each_in_target_3species_from_ref7_Orthogroups	Cm__CmMahoganyH2.02G206000	Lc__Lchi11704	Vv__XP_002269563.3	4	1	1	2
OG0006771	one_gene_each_in_target_3species_from_ref7_Orthogroups	Cm__CmMahoganyH2.06G198900	Lc__Lchi04888	Vv__XP_002270426.2	2	2	4	0
OG0006776	one_gene_each_in_target_3species_from_ref7_Orthogroups	Cm__CmMahoganyH2.01G229200	Lc__Lchi12306	Vv__XP_002281105.1	5	0	2	1
OG0006783	one_gene_each_in_target_3species_from_ref7_Orthogroups	Cm__CmMahoganyH2.05G137400	Lc__Lchi11136	Vv__XP_010655736.1	2	1	3	2
OG0006791	one_gene_each_in_target_3species_from_ref7_Orthogroups	Cm__CmMahoganyH2.08G172800	Lc__Lchi23731	Vv__XP_003631178.2	3	2	2	1
OG0006795	one_gene_each_in_target_3species_from_ref7_Orthogroups	Cm__CmMahoganyH2.01G357100	Lc__Lchi02135	Vv__XP_002269948.1	2	3	2	1
OG0006798	one_gene_each_in_target_3species_from_ref7_Orthogroups	Cm__CmMahoganyH2.07G144300	Lc__Lchi11708	Vv__XP_002278836.1	0	2	3	3
OG0006804	one_gene_each_in_target_3species_from_ref7_Orthogroups	Cm__CmMahoganyH2.08G140300	Lc__Lchi12003	Vv__XP_010651377.1	3	1	3	1
OG0006815	one_gene_each_in_target_3species_from_ref7_Orthogroups	Cm__CmMahoganyH2.11G007700	Lc__Lchi21252	Vv__XP_010645089.1	2	1	4	1
OG0006823	one_gene_each_in_target_3species_from_ref7_Orthogroups	Cm__CmMahoganyH2.02G058100	Lc__Lchi06464	Vv__XP_002276934.1	2	1	3	2
OG0006846	one_gene_each_in_target_3species_from_ref7_Orthogroups	Cm__CmMahoganyH2.06G147700	Lc__Lchi15846	Vv__XP_002279437.1	5	1	1	1
OG0006871	one_gene_each_in_target_3species_from_ref7_Orthogroups	Cm__CmMahoganyH2.11G090900	Lc__Lchi19813	Vv__XP_002269556.1	0	1	6	1
OG0006874	one_gene_each_in_target_3species_from_ref7_Orthogroups	Cm__CmMahoganyH2.01G110700	Lc__Lchi06459	Vv__XP_002276165.1	5	1	1	1
OG0006875	one_gene_each_in_target_3species_from_ref7_Orthogroups	Cm__CmMahoganyH2.07G078900	Lc__Lchi20030	Vv__XP_002270505.1	2	1	3	2
OG0006883	one_gene_each_in_target_3species_from_ref7_Orthogroups	Cm__CmMahoganyH2.10G096000	Lc__Lchi05215	Vv__XP_002283203.1	1	1	4	2
OG0006890	one_gene_each_in_target_3species_from_ref7_Orthogroups	Cm__CmMahoganyH2.01G220300	Lc__Lchi15359	Vv__XP_010660537.1	1	2	2	3
OG0006899	one_gene_each_in_target_3species_from_ref7_Orthogroups	Cm__CmMahoganyH2.10G083900	Lc__Lchi14500	Vv__XP_002272042.2	2	1	4	1
OG0006900	one_gene_each_in_target_3species_from_ref7_Orthogroups	Cm__CmMahoganyH2.01G132700	Lc__Lchi04998	Vv__XP_002262981.1	2	1	3	2
OG0006925	one_gene_each_in_target_3species_from_ref7_Orthogroups	Cm__CmMahoganyH2.08G035000	Lc__Lchi30735	Vv__XP_010651085.1	2	2	2	2
OG0006941	one_gene_each_in_target_3species_from_ref7_Orthogroups	Cm__CmMahoganyH2.02G065600	Lc__Lchi06372	Vv__XP_003631936.1	1	2	4	1
OG0006948	one_gene_each_in_target_3species_from_ref7_Orthogroups	Cm__CmMahoganyH2.02G218900	Lc__Lchi06763	Vv__XP_010649342.1	1	2	2	3
OG0006953	one_gene_each_in_target_3species_from_ref7_Orthogroups	Cm__CmMahoganyH2.08G083100	Lc__Lchi08169	Vv__XP_002285243.1	2	1	3	2
OG0006957	one_gene_each_in_target_3species_from_ref7_Orthogroups	Cm__CmMahoganyH2.11G070100	Lc__Lchi22791	Vv__XP_010661808.1	3	1	3	1
OG0006963	one_gene_each_in_target_3species_from_ref7_Orthogroups	Cm__CmMahoganyH2.05G092400	Lc__Lchi30537	Vv__XP_002279791.2	1	2	2	3
OG0006966	one_gene_each_in_target_3species_from_ref7_Orthogroups	Cm__CmMahoganyH2.07G119600	Lc__Lchi09096	Vv__XP_003631650.1	1	1	5	1
OG0006972	one_gene_each_in_target_3species_from_ref7_Orthogroups	Cm__CmMahoganyH2.02G130600	Lc__Lchi10413	Vv__XP_002273723.2	3	2	2	1
OG0006977	one_gene_each_in_target_3species_from_ref7_Orthogroups	Cm__CmMahoganyH2.04G079500	Lc__Lchi03412	Vv__XP_002270184.2	1	1	1	5
OG0006987	one_gene_each_in_target_3species_from_ref7_Orthogroups	Cm__CmMahoganyH2.01G001300	Lc__Lchi24858	Vv__XP_002279425.2	0	2	2	4
OG0007005	one_gene_each_in_target_3species_from_ref7_Orthogroups	Cm__CmMahoganyH2.01G074100	Lc__Lchi12141	Vv__XP_002285931.1	1	1	3	3
OG0007010	one_gene_each_in_target_3species_from_ref7_Orthogroups	Cm__CmMahoganyH2.01G084100	Lc__Lchi06740	Vv__XP_003634336.3	3	1	3	1
OG0007012	one_gene_each_in_target_3species_from_ref7_Orthogroups	Cm__CmMahoganyH2.01G087000	Lc__Lchi00603	Vv__XP_019074011.1	1	1	2	4
OG0007020	one_gene_each_in_target_3species_from_ref7_Orthogroups	Cm__CmMahoganyH2.01G114400	Lc__Lchi01571	Vv__XP_003634590.1	2	1	2	3
OG0007036	one_gene_each_in_target_3species_from_ref7_Orthogroups	Cm__CmMahoganyH2.01G172200	Lc__Lchi07972	Vv__XP_002283637.1	2	2	2	2
OG0007047	one_gene_each_in_target_3species_from_ref7_Orthogroups	Cm__CmMahoganyH2.01G202000	Lc__Lchi25400	Vv__XP_002267656.1	1	2	4	1
OG0007054	one_gene_each_in_target_3species_from_ref7_Orthogroups	Cm__CmMahoganyH2.01G222500	Lc__Lchi26026	Vv__XP_002267603.1	2	1	1	4
OG0007071	one_gene_each_in_target_3species_from_ref7_Orthogroups	Cm__CmMahoganyH2.01G317300	Lc__Lchi18091	Vv__XP_002262947.2	2	1	1	4
OG0007091	one_gene_each_in_target_3species_from_ref7_Orthogroups	Cm__CmMahoganyH2.02G012700	Lc__Lchi16796	Vv__XP_002278782.2	1	2	4	1
OG0007106	one_gene_each_in_target_3species_from_ref7_Orthogroups	Cm__CmMahoganyH2.02G073200	Lc__Lchi00017	Vv__XP_002270819.1	4	1	2	1
OG0007113	one_gene_each_in_target_3species_from_ref7_Orthogroups	Cm__CmMahoganyH2.02G094800	Lc__Lchi20071	Vv__XP_002282489.2	2	1	1	4
OG0007117	one_gene_each_in_target_3species_from_ref7_Orthogroups	Cm__CmMahoganyH2.02G108600	Lc__Lchi17180	Vv__XP_002265639.1	1	2	4	1
OG0007118	one_gene_each_in_target_3species_from_ref7_Orthogroups	Cm__CmMahoganyH2.02G111100	Lc__Lchi13130	Vv__XP_010661831.1	1	1	5	1
OG0007128	one_gene_each_in_target_3species_from_ref7_Orthogroups	Cm__CmMahoganyH2.02G169400	Lc__Lchi13924	Vv__XP_019074198.1	2	2	3	1
OG0007132	one_gene_each_in_target_3species_from_ref7_Orthogroups	Cm__CmMahoganyH2.02G196700	Lc__Lchi03072	Vv__XP_019073895.1	2	1	4	1
OG0007141	one_gene_each_in_target_3species_from_ref7_Orthogroups	Cm__CmMahoganyH2.03G026300	Lc__Lchi20769	Vv__XP_010659681.1	1	1	1	5
OG0007149	one_gene_each_in_target_3species_from_ref7_Orthogroups	Cm__CmMahoganyH2.03G054100	Lc__Lchi04422	Vv__XP_002272927.1	2	1	4	1
OG0007155	one_gene_each_in_target_3species_from_ref7_Orthogroups	Cm__CmMahoganyH2.03G093900	Lc__Lchi05761	Vv__XP_002281828.1	1	2	4	1
OG0007160	one_gene_each_in_target_3species_from_ref7_Orthogroups	Cm__CmMahoganyH2.03G111100	Lc__Lchi16714	Vv__XP_002273675.1	2	1	3	2
OG0007177	one_gene_each_in_target_3species_from_ref7_Orthogroups	Cm__CmMahoganyH2.03G177500	Lc__Lchi14350	Vv__XP_002271443.2	1	1	2	4
OG0007181	one_gene_each_in_target_3species_from_ref7_Orthogroups	Cm__CmMahoganyH2.03G194800	Lc__Lchi27775	Vv__XP_002270173.1	2	2	3	1
OG0007203	one_gene_each_in_target_3species_from_ref7_Orthogroups	Cm__CmMahoganyH2.04G076400	Lc__Lchi30816	Vv__XP_002279561.1	0	2	1	5
OG0007206	one_gene_each_in_target_3species_from_ref7_Orthogroups	Cm__CmMahoganyH2.04G089300	Lc__Lchi12234	Vv__XP_002269355.1	1	1	4	2
OG0007215	one_gene_each_in_target_3species_from_ref7_Orthogroups	Cm__CmMahoganyH2.04G148900	Lc__Lchi21632	Vv__XP_002275611.1	1	3	3	1
OG0007222	one_gene_each_in_target_3species_from_ref7_Orthogroups	Cm__CmMahoganyH2.05G014900	Lc__Lchi19676	Vv__XP_002273796.1	1	1	5	1
OG0007240	one_gene_each_in_target_3species_from_ref7_Orthogroups	Cm__CmMahoganyH2.05G097500	Lc__Lchi09914	Vv__XP_002272818.1	1	2	1	4
OG0007246	one_gene_each_in_target_3species_from_ref7_Orthogroups	Cm__CmMahoganyH2.05G121200	Lc__Lchi20727	Vv__NP_001306209.1	5	1	1	1
OG0007254	one_gene_each_in_target_3species_from_ref7_Orthogroups	Cm__CmMahoganyH2.05G141200	Lc__Lchi00295	Vv__XP_002271093.2	1	1	5	1
OG0007255	one_gene_each_in_target_3species_from_ref7_Orthogroups	Cm__CmMahoganyH2.05G160100	Lc__Lchi07149	Vv__XP_010655423.1	2	1	4	1
OG0007257	one_gene_each_in_target_3species_from_ref7_Orthogroups	Cm__CmMahoganyH2.05G163300	Lc__Lchi17737	Vv__XP_002269953.1	2	1	2	3
OG0007269	one_gene_each_in_target_3species_from_ref7_Orthogroups	Cm__CmMahoganyH2.05G216500	Lc__Lchi10813	Vv__XP_002273636.1	2	1	3	2
OG0007271	one_gene_each_in_target_3species_from_ref7_Orthogroups	Cm__CmMahoganyH2.06G002200	Lc__Lchi16857	Vv__XP_002264128.1	1	1	4	2
OG0007276	one_gene_each_in_target_3species_from_ref7_Orthogroups	Cm__CmMahoganyH2.06G019400	Lc__Lchi27060	Vv__XP_002266574.1	2	1	2	3
OG0007279	one_gene_each_in_target_3species_from_ref7_Orthogroups	Cm__CmMahoganyH2.06G030300	Lc__Lchi17730	Vv__XP_002277187.1	1	2	4	1
OG0007291	one_gene_each_in_target_3species_from_ref7_Orthogroups	Cm__CmMahoganyH2.06G105800	Lc__Lchi00360	Vv__XP_002274325.3	1	1	2	4
OG0007297	one_gene_each_in_target_3species_from_ref7_Orthogroups	Cm__CmMahoganyH2.06G128000	Lc__Lchi28226	Vv__XP_002267471.3	1	1	1	5
OG0007311	one_gene_each_in_target_3species_from_ref7_Orthogroups	Cm__CmMahoganyH2.06G195000	Lc__Lchi04837	Vv__NP_001268176.1	1	3	1	3
OG0007314	one_gene_each_in_target_3species_from_ref7_Orthogroups	Cm__CmMahoganyH2.06G203600	Lc__Lchi11963	Vv__XP_002273159.1	1	1	5	1
OG0007316	one_gene_each_in_target_3species_from_ref7_Orthogroups	Cm__CmMahoganyH2.06G212600	Lc__Lchi15164	Vv__XP_002273844.1	2	1	4	1
OG0007330	one_gene_each_in_target_3species_from_ref7_Orthogroups	Cm__CmMahoganyH2.07G044600	Lc__Lchi08852	Vv__XP_002271334.2	1	4	2	1
OG0007332	one_gene_each_in_target_3species_from_ref7_Orthogroups	Cm__CmMahoganyH2.07G054300	Lc__Lchi07035	Vv__XP_002263744.1	3	1	3	1
OG0007338	one_gene_each_in_target_3species_from_ref7_Orthogroups	Cm__CmMahoganyH2.07G083900	Lc__Lchi19995	Vv__XP_002271358.1	3	1	3	1
OG0007341	one_gene_each_in_target_3species_from_ref7_Orthogroups	Cm__CmMahoganyH2.07G109900	Lc__Lchi02791	Vv__XP_002269015.2	2	3	1	2
OG0007343	one_gene_each_in_target_3species_from_ref7_Orthogroups	Cm__CmMahoganyH2.07G114900	Lc__Lchi23619	Vv__XP_002284653.1	1	2	2	3
OG0007344	one_gene_each_in_target_3species_from_ref7_Orthogroups	Cm__CmMahoganyH2.07G132000	Lc__Lchi29013	Vv__XP_010647545.1	1	2	4	1
OG0007347	one_gene_each_in_target_3species_from_ref7_Orthogroups	Cm__CmMahoganyH2.07G142000	Lc__Lchi27923	Vv__XP_002277695.1	2	3	1	2
OG0007365	one_gene_each_in_target_3species_from_ref7_Orthogroups	Cm__CmMahoganyH2.08G039700	Lc__Lchi18988	Vv__XP_002281336.1	1	1	2	4
OG0007367	one_gene_each_in_target_3species_from_ref7_Orthogroups	Cm__CmMahoganyH2.08G044300	Lc__Lchi14692	Vv__XP_002281058.2	1	4	1	2
OG0007368	one_gene_each_in_target_3species_from_ref7_Orthogroups	Cm__CmMahoganyH2.08G051700	Lc__Lchi12842	Vv__XP_002280607.2	1	2	3	2
OG0007370	one_gene_each_in_target_3species_from_ref7_Orthogroups	Cm__CmMahoganyH2.08G067700	Lc__Lchi07626	Vv__XP_010650843.1	2	2	3	1
OG0007372	one_gene_each_in_target_3species_from_ref7_Orthogroups	Cm__CmMahoganyH2.08G071300	Lc__Lchi13034	Vv__XP_002276395.2	0	3	1	4
OG0007375	one_gene_each_in_target_3species_from_ref7_Orthogroups	Cm__CmMahoganyH2.08G085400	Lc__Lchi22506	Vv__XP_010651208.1	0	1	0	7
OG0007377	one_gene_each_in_target_3species_from_ref7_Orthogroups	Cm__CmMahoganyH2.08G095300	Lc__Lchi20270	Vv__XP_010652953.1	2	1	4	1
OG0007379	one_gene_each_in_target_3species_from_ref7_Orthogroups	Cm__CmMahoganyH2.08G099100	Lc__Lchi23092	Vv__XP_002274972.2	2	1	3	2
OG0007385	one_gene_each_in_target_3species_from_ref7_Orthogroups	Cm__CmMahoganyH2.08G112800	Lc__Lchi25419	Vv__XP_010651748.1	2	1	3	2
OG0007390	one_gene_each_in_target_3species_from_ref7_Orthogroups	Cm__CmMahoganyH2.08G132200	Lc__Lchi30796	Vv__XP_010651399.1	4	1	0	3
OG0007391	one_gene_each_in_target_3species_from_ref7_Orthogroups	Cm__CmMahoganyH2.08G135500	Lc__Lchi05745	Vv__XP_002285654.1	1	1	5	1
OG0007392	one_gene_each_in_target_3species_from_ref7_Orthogroups	Cm__CmMahoganyH2.08G138500	Lc__Lchi02496	Vv__XP_010651384.1	1	1	4	2
OG0007395	one_gene_each_in_target_3species_from_ref7_Orthogroups	Cm__CmMahoganyH2.08G151800	Lc__Lchi06182	Vv__XP_010651263.1	0	1	4	3
OG0007396	one_gene_each_in_target_3species_from_ref7_Orthogroups	Cm__CmMahoganyH2.08G156100	Lc__Lchi22389	Vv__XP_002282827.2	1	1	1	5
OG0007398	one_gene_each_in_target_3species_from_ref7_Orthogroups	Cm__CmMahoganyH2.08G162900	Lc__Lchi22159	Vv__XP_002285737.1	0	1	6	1
OG0007400	one_gene_each_in_target_3species_from_ref7_Orthogroups	Cm__CmMahoganyH2.09G001000	Lc__Lchi12798	Vv__XP_002270859.1	5	1	1	1
OG0007403	one_gene_each_in_target_3species_from_ref7_Orthogroups	Cm__CmMahoganyH2.09G002900	Lc__Lchi11127	Vv__XP_010656880.1	1	2	3	2
OG0007409	one_gene_each_in_target_3species_from_ref7_Orthogroups	Cm__CmMahoganyH2.09G045100	Lc__Lchi20057	Vv__XP_002283513.1	3	2	1	2
OG0007412	one_gene_each_in_target_3species_from_ref7_Orthogroups	Cm__CmMahoganyH2.09G065200	Lc__Lchi01848	Vv__XP_010653013.1	2	1	2	3
OG0007416	one_gene_each_in_target_3species_from_ref7_Orthogroups	Cm__CmMahoganyH2.09G071700	Lc__Lchi04346	Vv__XP_010654173.1	1	1	3	3
OG0007429	one_gene_each_in_target_3species_from_ref7_Orthogroups	Cm__CmMahoganyH2.09G139300	Lc__Lchi27980	Vv__XP_002278583.1	1	1	5	1
OG0007432	one_gene_each_in_target_3species_from_ref7_Orthogroups	Cm__CmMahoganyH2.09G157600	Lc__Lchi01609	Vv__XP_002274214.2	1	2	2	3
OG0007434	one_gene_each_in_target_3species_from_ref7_Orthogroups	Cm__CmMahoganyH2.09G172900	Lc__Lchi17700	Vv__XP_002278498.1	2	1	4	1
OG0007437	one_gene_each_in_target_3species_from_ref7_Orthogroups	Cm__CmMahoganyH2.10G002600	Lc__Lchi01143	Vv__XP_002264257.2	2	2	3	1
OG0007439	one_gene_each_in_target_3species_from_ref7_Orthogroups	Cm__CmMahoganyH2.10G004700	Lc__Lchi08412	Vv__XP_002266174.1	4	1	1	2
OG0007445	one_gene_each_in_target_3species_from_ref7_Orthogroups	Cm__CmMahoganyH2.10G017100	Lc__Lchi03524	Vv__XP_002281271.1	1	1	5	1
OG0007448	one_gene_each_in_target_3species_from_ref7_Orthogroups	Cm__CmMahoganyH2.10G038500	Lc__Lchi20928	Vv__XP_010652773.1	1	3	2	2
OG0007451	one_gene_each_in_target_3species_from_ref7_Orthogroups	Cm__CmMahoganyH2.10G040900	Lc__Lchi06016	Vv__XP_002272057.2	1	3	1	3
OG0007454	one_gene_each_in_target_3species_from_ref7_Orthogroups	Cm__CmMahoganyH2.10G045400	Lc__Lchi29305	Vv__XP_010662430.1	4	1	2	1
OG0007458	one_gene_each_in_target_3species_from_ref7_Orthogroups	Cm__CmMahoganyH2.10G063600	Lc__Lchi25325	Vv__XP_002276931.1	1	2	3	2
OG0007469	one_gene_each_in_target_3species_from_ref7_Orthogroups	Cm__CmMahoganyH2.10G096200	Lc__Lchi10787	Vv__XP_002283189.1	1	1	0	6
OG0007470	one_gene_each_in_target_3species_from_ref7_Orthogroups	Cm__CmMahoganyH2.10G108400	Lc__Lchi00313	Vv__XP_002268231.1	1	1	4	2
OG0007475	one_gene_each_in_target_3species_from_ref7_Orthogroups	Cm__CmMahoganyH2.10G132400	Lc__Lchi00101	Vv__XP_002279985.1	1	5	1	1
OG0007483	one_gene_each_in_target_3species_from_ref7_Orthogroups	Cm__CmMahoganyH2.10G170200	Lc__Lchi03588	Vv__XP_010648280.1	2	1	3	2
OG0007484	one_gene_each_in_target_3species_from_ref7_Orthogroups	Cm__CmMahoganyH2.10G182600	Lc__Lchi13376	Vv__XP_002282449.1	1	1	1	5
OG0007486	one_gene_each_in_target_3species_from_ref7_Orthogroups	Cm__CmMahoganyH2.11G001000	Lc__Lchi07041	Vv__XP_002265839.2	1	1	3	3
OG0007490	one_gene_each_in_target_3species_from_ref7_Orthogroups	Cm__CmMahoganyH2.11G019500	Lc__Lchi12582	Vv__XP_002263207.2	1	1	4	2
OG0007492	one_gene_each_in_target_3species_from_ref7_Orthogroups	Cm__CmMahoganyH2.11G032400	Lc__Lchi03484	Vv__XP_002281282.1	3	2	2	1
OG0007494	one_gene_each_in_target_3species_from_ref7_Orthogroups	Cm__CmMahoganyH2.11G038900	Lc__Lchi21806	Vv__XP_002268483.1	2	1	2	3
OG0007500	one_gene_each_in_target_3species_from_ref7_Orthogroups	Cm__CmMahoganyH2.11G060300	Lc__Lchi14751	Vv__XP_010646461.1	2	2	3	1
OG0007501	one_gene_each_in_target_3species_from_ref7_Orthogroups	Cm__CmMahoganyH2.11G066400	Lc__Lchi17005	Vv__XP_010661901.1	5	1	1	1
OG0007504	one_gene_each_in_target_3species_from_ref7_Orthogroups	Cm__CmMahoganyH2.11G081700	Lc__Lchi18375	Vv__XP_002283420.1	1	2	1	4
OG0007508	one_gene_each_in_target_3species_from_ref7_Orthogroups	Cm__CmMahoganyH2.11G107200	Lc__Lchi01490	Vv__XP_010661680.1	1	2	1	4
OG0007510	one_gene_each_in_target_3species_from_ref7_Orthogroups	Cm__CmMahoganyH2.11G115700	Lc__Lchi06017	Vv__XP_002275584.1	1	4	1	2
OG0007519	one_gene_each_in_target_3species_from_ref7_Orthogroups	Cm__CmMahoganyH2.11G170700	Lc__Lchi06099	Vv__XP_002278058.1	1	1	4	2
OG0007529	one_gene_each_in_target_3species_from_ref7_Orthogroups	Cm__CmMahoganyH2.12G045800	Lc__Lchi17027	Vv__XP_002266751.1	4	2	2	0
OG0007534	one_gene_each_in_target_3species_from_ref7_Orthogroups	Cm__CmMahoganyH2.12G072100	Lc__Lchi02316	Vv__XP_002285714.1	2	1	4	1
OG0007545	one_gene_each_in_target_3species_from_ref7_Orthogroups	Cm__CmMahoganyH2.12G100800	Lc__Lchi01142	Vv__XP_002275188.2	4	1	2	1
OG0007549	one_gene_each_in_target_3species_from_ref7_Orthogroups	Cm__CmMahoganyH2.12G123500	Lc__Lchi01883	Vv__XP_002284465.2	1	1	1	5
OG0007550	one_gene_each_in_target_3species_from_ref7_Orthogroups	Cm__CmMahoganyH2.12G124000	Lc__Lchi01891	Vv__XP_002284450.1	3	1	1	3
OG0007655	one_gene_each_in_target_3species_from_ref7_Orthogroups	Cm__CmMahoganyH2.06G082000	Lc__Lchi12403	Vv__XP_002269904.1	1	2	3	1
OG0007657	one_gene_each_in_target_3species_from_ref7_Orthogroups	Cm__CmMahoganyH2.04G026300	Lc__Lchi11070	Vv__XP_002280360.1	0	1	2	4
OG0007660	one_gene_each_in_target_3species_from_ref7_Orthogroups	Cm__CmMahoganyH2.10G123900	Lc__Lchi28129	Vv__XP_002273004.1	3	1	2	1
OG0007691	one_gene_each_in_target_3species_from_ref7_Orthogroups	Cm__CmMahoganyH2.03G127600	Lc__Lchi08003	Vv__XP_002265505.1	1	4	1	1
OG0007697	one_gene_each_in_target_3species_from_ref7_Orthogroups	Cm__CmMahoganyH2.12G140500	Lc__Lchi12695	Vv__XP_002273448.1	1	3	1	2
OG0007700	one_gene_each_in_target_3species_from_ref7_Orthogroups	Cm__CmMahoganyH2.06G140700	Lc__Lchi27169	Vv__XP_002272706.1	3	1	2	1
OG0007714	one_gene_each_in_target_3species_from_ref7_Orthogroups	Cm__CmMahoganyH2.03G190700	Lc__Lchi00546	Vv__XP_002269100.1	1	1	4	1
OG0007731	one_gene_each_in_target_3species_from_ref7_Orthogroups	Cm__CmMahoganyH2.08G034800	Lc__Lchi16173	Vv__XP_002281695.1	0	3	2	2
OG0007741	one_gene_each_in_target_3species_from_ref7_Orthogroups	Cm__CmMahoganyH2.05G001000	Lc__Lchi11494	Vv__XP_010654359.1	1	1	4	1
OG0007743	one_gene_each_in_target_3species_from_ref7_Orthogroups	Cm__CmMahoganyH2.05G106100	Lc__Lchi03946	Vv__XP_002265912.2	2	1	2	2
OG0007750	one_gene_each_in_target_3species_from_ref7_Orthogroups	Cm__CmMahoganyH2.01G143400	Lc__Lchi22116	Vv__XP_002273161.1	3	2	1	1
OG0007759	one_gene_each_in_target_3species_from_ref7_Orthogroups	Cm__CmMahoganyH2.06G088200	Lc__Lchi17757	Vv__XP_002275775.1	3	1	2	1
OG0007770	one_gene_each_in_target_3species_from_ref7_Orthogroups	Cm__CmMahoganyH2.08G045100	Lc__Lchi22878	Vv__XP_003632148.1	4	1	1	1
OG0007776	one_gene_each_in_target_3species_from_ref7_Orthogroups	Cm__CmMahoganyH2.08G002600	Lc__Lchi27672	Vv__XP_002270329.1	3	1	1	2
OG0007780	one_gene_each_in_target_3species_from_ref7_Orthogroups	Cm__CmMahoganyH2.01G373900	Lc__Lchi01690	Vv__XP_002271574.1	0	5	1	1
OG0007782	one_gene_each_in_target_3species_from_ref7_Orthogroups	Cm__CmMahoganyH2.11G040300	Lc__Lchi18891	Vv__XP_010645042.1	1	1	4	1
OG0007788	one_gene_each_in_target_3species_from_ref7_Orthogroups	Cm__CmMahoganyH2.01G140000	Lc__Lchi08631	Vv__XP_010659305.1	1	1	2	3
OG0007789	one_gene_each_in_target_3species_from_ref7_Orthogroups	Cm__CmMahoganyH2.11G122900	Lc__Lchi19266	Vv__XP_002271352.1	0	1	5	1
OG0007794	one_gene_each_in_target_3species_from_ref7_Orthogroups	Cm__CmMahoganyH2.01G357700	Lc__Lchi01857	Vv__XP_010658027.1	3	0	3	1
OG0007801	one_gene_each_in_target_3species_from_ref7_Orthogroups	Cm__CmMahoganyH2.12G060700	Lc__Lchi25330	Vv__XP_002267852.1	1	1	1	4
OG0007804	one_gene_each_in_target_3species_from_ref7_Orthogroups	Cm__CmMahoganyH2.06G063500	Lc__Lchi19313	Vv__XP_002282190.1	3	2	1	1
OG0007805	one_gene_each_in_target_3species_from_ref7_Orthogroups	Cm__CmMahoganyH2.09G161900	Lc__Lchi23091	Vv__XP_003632726.1	2	1	3	1
OG0007806	one_gene_each_in_target_3species_from_ref7_Orthogroups	Cm__CmMahoganyH2.01G199900	Lc__Lchi24999	Vv__XP_002276497.1	2	1	3	1
OG0007809	one_gene_each_in_target_3species_from_ref7_Orthogroups	Cm__CmMahoganyH2.08G046000	Lc__Lchi22860	Vv__XP_002280853.1	2	1	2	2
OG0007810	one_gene_each_in_target_3species_from_ref7_Orthogroups	Cm__CmMahoganyH2.03G176000	Lc__Lchi14335	Vv__XP_002271162.1	4	1	1	1
OG0007812	one_gene_each_in_target_3species_from_ref7_Orthogroups	Cm__CmMahoganyH2.06G132200	Lc__Lchi07699	Vv__XP_002275157.2	1	1	3	2
OG0007814	one_gene_each_in_target_3species_from_ref7_Orthogroups	Cm__CmMahoganyH2.09G080200	Lc__Lchi04527	Vv__XP_010652165.1	1	1	0	5
OG0007816	one_gene_each_in_target_3species_from_ref7_Orthogroups	Cm__CmMahoganyH2.03G148000	Lc__Lchi07519	Vv__XP_010651547.1	2	0	4	1
OG0007818	one_gene_each_in_target_3species_from_ref7_Orthogroups	Cm__CmMahoganyH2.11G147900	Lc__Lchi11502	Vv__XP_002265533.1	0	1	4	2
OG0007826	one_gene_each_in_target_3species_from_ref7_Orthogroups	Cm__CmMahoganyH2.08G156300	Lc__Lchi06124	Vv__XP_002282809.1	2	1	2	2
OG0007834	one_gene_each_in_target_3species_from_ref7_Orthogroups	Cm__CmMahoganyH2.01G374500	Lc__Lchi01998	Vv__XP_002272474.1	1	1	4	1
OG0007836	one_gene_each_in_target_3species_from_ref7_Orthogroups	Cm__CmMahoganyH2.12G001100	Lc__Lchi01680	Vv__XP_010665487.1	1	1	3	2
OG0007842	one_gene_each_in_target_3species_from_ref7_Orthogroups	Cm__CmMahoganyH2.08G157700	Lc__Lchi02289	Vv__XP_002282734.1	2	1	1	3
OG0007843	one_gene_each_in_target_3species_from_ref7_Orthogroups	Cm__CmMahoganyH2.11G182900	Lc__Lchi08709	Vv__XP_002263448.2	0	1	3	3
OG0007847	one_gene_each_in_target_3species_from_ref7_Orthogroups	Cm__CmMahoganyH2.05G070300	Lc__Lchi28588	Vv__XP_002265060.2	1	1	2	3
OG0007850	one_gene_each_in_target_3species_from_ref7_Orthogroups	Cm__CmMahoganyH2.07G077000	Lc__Lchi18245	Vv__XP_002264191.1	1	3	2	1
OG0007851	one_gene_each_in_target_3species_from_ref7_Orthogroups	Cm__CmMahoganyH2.11G057000	Lc__Lchi26719	Vv__XP_002266883.1	1	1	3	2
OG0007857	one_gene_each_in_target_3species_from_ref7_Orthogroups	Cm__CmMahoganyH2.11G121300	Lc__Lchi01403	Vv__XP_002273471.2	3	1	1	2
OG0007859	one_gene_each_in_target_3species_from_ref7_Orthogroups	Cm__CmMahoganyH2.03G168200	Lc__Lchi23119	Vv__XP_002277155.2	1	1	3	2
OG0007868	one_gene_each_in_target_3species_from_ref7_Orthogroups	Cm__CmMahoganyH2.10G042600	Lc__Lchi06052	Vv__XP_019073742.1	2	1	2	2
OG0007869	one_gene_each_in_target_3species_from_ref7_Orthogroups	Cm__CmMahoganyH2.10G034000	Lc__Lchi19248	Vv__NP_001268000.1	3	1	2	1
OG0007870	one_gene_each_in_target_3species_from_ref7_Orthogroups	Cm__CmMahoganyH2.03G107900	Lc__Lchi00712	Vv__XP_002268876.2	1	2	2	2
OG0007878	one_gene_each_in_target_3species_from_ref7_Orthogroups	Cm__CmMahoganyH2.02G020400	Lc__Lchi17291	Vv__XP_002277936.1	1	3	2	1
OG0007891	one_gene_each_in_target_3species_from_ref7_Orthogroups	Cm__CmMahoganyH2.01G114500	Lc__Lchi16215	Vv__XP_002280064.2	2	1	1	3
OG0007897	one_gene_each_in_target_3species_from_ref7_Orthogroups	Cm__CmMahoganyH2.02G118600	Lc__Lchi04637	Vv__XP_002278935.2	1	3	1	2
OG0007898	one_gene_each_in_target_3species_from_ref7_Orthogroups	Cm__CmMahoganyH2.02G191000	Lc__Lchi13757	Vv__XP_010646942.1	1	2	3	1
OG0007903	one_gene_each_in_target_3species_from_ref7_Orthogroups	Cm__CmMahoganyH2.06G055400	Lc__Lchi27581	Vv__XP_003634689.2	1	2	2	2
OG0007911	one_gene_each_in_target_3species_from_ref7_Orthogroups	Cm__CmMahoganyH2.07G076600	Lc__Lchi17997	Vv__XP_010648048.1	2	2	1	2
OG0007913	one_gene_each_in_target_3species_from_ref7_Orthogroups	Cm__CmMahoganyH2.01G008600	Lc__Lchi00852	Vv__XP_002278761.1	2	1	2	2
OG0007916	one_gene_each_in_target_3species_from_ref7_Orthogroups	Cm__CmMahoganyH2.01G187700	Lc__Lchi24182	Vv__XP_002279980.2	1	2	1	3
OG0007917	one_gene_each_in_target_3species_from_ref7_Orthogroups	Cm__CmMahoganyH2.01G286300	Lc__Lchi02786	Vv__XP_002275970.1	1	1	3	2
OG0007926	one_gene_each_in_target_3species_from_ref7_Orthogroups	Cm__CmMahoganyH2.05G075400	Lc__Lchi32419	Vv__XP_002268792.1	2	2	1	2
OG0007934	one_gene_each_in_target_3species_from_ref7_Orthogroups	Cm__CmMahoganyH2.03G072100	Lc__Lchi21695	Vv__XP_002266715.2	1	1	4	1
OG0007936	one_gene_each_in_target_3species_from_ref7_Orthogroups	Cm__CmMahoganyH2.08G154300	Lc__Lchi29058	Vv__XP_002285507.2	3	1	1	2
OG0007940	one_gene_each_in_target_3species_from_ref7_Orthogroups	Cm__CmMahoganyH2.06G160100	Lc__Lchi22867	Vv__XP_002283485.1	3	1	2	1
OG0007949	one_gene_each_in_target_3species_from_ref7_Orthogroups	Cm__CmMahoganyH2.07G033700	Lc__Lchi05205	Vv__XP_002265964.3	2	1	2	2
OG0007952	one_gene_each_in_target_3species_from_ref7_Orthogroups	Cm__CmMahoganyH2.01G302100	Lc__Lchi04793	Vv__XP_002285026.1	2	1	2	2
OG0007954	one_gene_each_in_target_3species_from_ref7_Orthogroups	Cm__CmMahoganyH2.02G074500	Lc__Lchi13349	Vv__XP_002280131.1	1	1	3	2
OG0007957	one_gene_each_in_target_3species_from_ref7_Orthogroups	Cm__CmMahoganyH2.06G119300	Lc__Lchi09902	Vv__XP_002278663.1	4	1	1	1
OG0007958	one_gene_each_in_target_3species_from_ref7_Orthogroups	Cm__CmMahoganyH2.02G198200	Lc__Lchi09802	Vv__XP_002269650.3	2	1	2	2
OG0007962	one_gene_each_in_target_3species_from_ref7_Orthogroups	Cm__CmMahoganyH2.05G175300	Lc__Lchi35409	Vv__XP_010655406.1	1	3	1	2
OG0007965	one_gene_each_in_target_3species_from_ref7_Orthogroups	Cm__CmMahoganyH2.04G114800	Lc__Lchi10355	Vv__XP_002273979.2	2	1	2	2
OG0007978	one_gene_each_in_target_3species_from_ref7_Orthogroups	Cm__CmMahoganyH2.03G172100	Lc__Lchi02926	Vv__XP_002275229.1	2	2	1	2
OG0007983	one_gene_each_in_target_3species_from_ref7_Orthogroups	Cm__CmMahoganyH2.02G182800	Lc__Lchi11328	Vv__XP_010649126.1	1	1	2	3
OG0007995	one_gene_each_in_target_3species_from_ref7_Orthogroups	Cm__CmMahoganyH2.12G103200	Lc__Lchi19252	Vv__XP_002275690.1	0	2	2	3
OG0007998	one_gene_each_in_target_3species_from_ref7_Orthogroups	Cm__CmMahoganyH2.01G048100	Lc__Lchi11327	Vv__XP_002282213.1	1	2	3	1
OG0008008	one_gene_each_in_target_3species_from_ref7_Orthogroups	Cm__CmMahoganyH2.03G168500	Lc__Lchi24561	Vv__XP_002277278.1	1	1	4	1
OG0008013	one_gene_each_in_target_3species_from_ref7_Orthogroups	Cm__CmMahoganyH2.06G013100	Lc__Lchi14611	Vv__XP_002267511.2	0	1	5	1
OG0008014	one_gene_each_in_target_3species_from_ref7_Orthogroups	Cm__CmMahoganyH2.06G197900	Lc__Lchi04871	Vv__XP_002279696.1	1	2	4	0
OG0008018	one_gene_each_in_target_3species_from_ref7_Orthogroups	Cm__CmMahoganyH2.04G142000	Lc__Lchi14681	Vv__XP_010663093.1	1	1	4	1
OG0008030	one_gene_each_in_target_3species_from_ref7_Orthogroups	Cm__CmMahoganyH2.10G124800	Lc__Lchi13141	Vv__XP_002273128.2	1	1	3	2
OG0008046	one_gene_each_in_target_3species_from_ref7_Orthogroups	Cm__CmMahoganyH2.02G208200	Lc__Lchi28285	Vv__XP_002282776.1	0	1	4	2
OG0008073	one_gene_each_in_target_3species_from_ref7_Orthogroups	Cm__CmMahoganyH2.01G043300	Lc__Lchi23803	Vv__XP_002283011.1	2	3	1	1
OG0008078	one_gene_each_in_target_3species_from_ref7_Orthogroups	Cm__CmMahoganyH2.05G168500	Lc__Lchi10871	Vv__XP_010655364.1	2	1	1	3
OG0008094	one_gene_each_in_target_3species_from_ref7_Orthogroups	Cm__CmMahoganyH2.01G011700	Lc__Lchi13799	Vv__XP_010664470.1	1	1	4	1
OG0008097	one_gene_each_in_target_3species_from_ref7_Orthogroups	Cm__CmMahoganyH2.01G015200	Lc__Lchi22826	Vv__XP_002271258.1	4	1	1	1
OG0008098	one_gene_each_in_target_3species_from_ref7_Orthogroups	Cm__CmMahoganyH2.01G023000	Lc__Lchi23246	Vv__XP_010664559.1	5	1	1	0
OG0008102	one_gene_each_in_target_3species_from_ref7_Orthogroups	Cm__CmMahoganyH2.01G054400	Lc__Lchi10383	Vv__XP_002280558.1	2	1	3	1
OG0008106	one_gene_each_in_target_3species_from_ref7_Orthogroups	Cm__CmMahoganyH2.01G060300	Lc__Lchi17084	Vv__XP_002276528.2	3	2	1	1
OG0008110	one_gene_each_in_target_3species_from_ref7_Orthogroups	Cm__CmMahoganyH2.01G063900	Lc__Lchi11718	Vv__XP_002273443.1	1	1	2	3
OG0008114	one_gene_each_in_target_3species_from_ref7_Orthogroups	Cm__CmMahoganyH2.01G074800	Lc__Lchi10571	Vv__XP_002265741.1	1	2	1	3
OG0008116	one_gene_each_in_target_3species_from_ref7_Orthogroups	Cm__CmMahoganyH2.01G078700	Lc__Lchi09377	Vv__XP_002272933.1	0	1	3	3
OG0008117	one_gene_each_in_target_3species_from_ref7_Orthogroups	Cm__CmMahoganyH2.01G079500	Lc__Lchi11258	Vv__XP_002272900.1	0	1	5	1
OG0008118	one_gene_each_in_target_3species_from_ref7_Orthogroups	Cm__CmMahoganyH2.01G082200	Lc__Lchi06760	Vv__XP_002273332.1	3	1	1	2
OG0008122	one_gene_each_in_target_3species_from_ref7_Orthogroups	Cm__CmMahoganyH2.01G101200	Lc__Lchi27382	Vv__XP_002285385.1	1	1	2	3
OG0008155	one_gene_each_in_target_3species_from_ref7_Orthogroups	Cm__CmMahoganyH2.01G215300	Lc__Lchi00737	Vv__XP_002282373.1	3	1	2	1
OG0008159	one_gene_each_in_target_3species_from_ref7_Orthogroups	Cm__CmMahoganyH2.01G221100	Lc__Lchi11512	Vv__XP_002275339.1	1	2	3	1
OG0008160	one_gene_each_in_target_3species_from_ref7_Orthogroups	Cm__CmMahoganyH2.01G222800	Lc__Lchi22296	Vv__XP_019074706.1	2	3	1	1
OG0008164	one_gene_each_in_target_3species_from_ref7_Orthogroups	Cm__CmMahoganyH2.01G233600	Lc__Lchi11791	Vv__XP_002278518.2	2	1	2	2
OG0008165	one_gene_each_in_target_3species_from_ref7_Orthogroups	Cm__CmMahoganyH2.01G237100	Lc__Lchi10129	Vv__XP_002276803.1	2	1	2	2
OG0008169	one_gene_each_in_target_3species_from_ref7_Orthogroups	Cm__CmMahoganyH2.01G251800	Lc__Lchi24265	Vv__XP_002263731.1	0	4	2	1
OG0008172	one_gene_each_in_target_3species_from_ref7_Orthogroups	Cm__CmMahoganyH2.01G260000	Lc__Lchi08131	Vv__XP_002266948.1	1	1	1	4
OG0008177	one_gene_each_in_target_3species_from_ref7_Orthogroups	Cm__CmMahoganyH2.01G276700	Lc__Lchi25105	Vv__XP_010660970.1	2	1	2	2
OG0008186	one_gene_each_in_target_3species_from_ref7_Orthogroups	Cm__CmMahoganyH2.01G299100	Lc__Lchi04722	Vv__XP_002281629.1	1	1	3	2
OG0008187	one_gene_each_in_target_3species_from_ref7_Orthogroups	Cm__CmMahoganyH2.01G304400	Lc__Lchi04822	Vv__XP_002285091.1	1	1	3	2
OG0008194	one_gene_each_in_target_3species_from_ref7_Orthogroups	Cm__CmMahoganyH2.01G335000	Lc__Lchi09661	Vv__XP_002272630.1	2	2	1	2
OG0008202	one_gene_each_in_target_3species_from_ref7_Orthogroups	Cm__CmMahoganyH2.01G357400	Lc__Lchi01702	Vv__XP_002270461.1	2	1	2	2
OG0008204	one_gene_each_in_target_3species_from_ref7_Orthogroups	Cm__CmMahoganyH2.01G368700	Lc__Lchi01650	Vv__XP_010657918.1	1	2	3	1
OG0008205	one_gene_each_in_target_3species_from_ref7_Orthogroups	Cm__CmMahoganyH2.02G001500	Lc__Lchi12469	Vv__XP_002268463.1	2	2	2	1
OG0008209	one_gene_each_in_target_3species_from_ref7_Orthogroups	Cm__CmMahoganyH2.02G039800	Lc__Lchi04477	Vv__XP_002275193.1	4	1	1	1
OG0008213	one_gene_each_in_target_3species_from_ref7_Orthogroups	Cm__CmMahoganyH2.02G050500	Lc__Lchi15497	Vv__XP_002283622.1	2	1	2	2
OG0008223	one_gene_each_in_target_3species_from_ref7_Orthogroups	Cm__CmMahoganyH2.02G094400	Lc__Lchi15523	Vv__XP_002285524.1	2	2	1	2
OG0008230	one_gene_each_in_target_3species_from_ref7_Orthogroups	Cm__CmMahoganyH2.02G120800	Lc__Lchi28549	Vv__XP_002282413.1	1	1	4	1
OG0008232	one_gene_each_in_target_3species_from_ref7_Orthogroups	Cm__CmMahoganyH2.02G122700	Lc__Lchi02981	Vv__XP_002276278.2	4	1	1	1
OG0008234	one_gene_each_in_target_3species_from_ref7_Orthogroups	Cm__CmMahoganyH2.02G131800	Lc__Lchi23108	Vv__XP_010649093.1	1	2	1	3
OG0008246	one_gene_each_in_target_3species_from_ref7_Orthogroups	Cm__CmMahoganyH2.02G164300	Lc__Lchi01938	Vv__XP_002277554.1	1	1	1	4
OG0008248	one_gene_each_in_target_3species_from_ref7_Orthogroups	Cm__CmMahoganyH2.02G175000	Lc__Lchi09059	Vv__XP_002273483.2	1	3	1	2
OG0008249	one_gene_each_in_target_3species_from_ref7_Orthogroups	Cm__CmMahoganyH2.02G175500	Lc__Lchi18754	Vv__XP_002273246.1	1	3	2	1
OG0008252	one_gene_each_in_target_3species_from_ref7_Orthogroups	Cm__CmMahoganyH2.02G182900	Lc__Lchi24285	Vv__XP_002266355.2	1	1	1	4
OG0008257	one_gene_each_in_target_3species_from_ref7_Orthogroups	Cm__CmMahoganyH2.02G210400	Lc__Lchi27393	Vv__XP_002285900.1	1	3	2	1
OG0008263	one_gene_each_in_target_3species_from_ref7_Orthogroups	Cm__CmMahoganyH2.03G022100	Lc__Lchi00126	Vv__XP_002281428.1	1	1	1	4
OG0008265	one_gene_each_in_target_3species_from_ref7_Orthogroups	Cm__CmMahoganyH2.03G042500	Lc__Lchi19726	Vv__XP_002284813.1	2	2	1	2
OG0008276	one_gene_each_in_target_3species_from_ref7_Orthogroups	Cm__CmMahoganyH2.03G116800	Lc__Lchi16454	Vv__XP_002263113.1	2	1	4	0
OG0008282	one_gene_each_in_target_3species_from_ref7_Orthogroups	Cm__CmMahoganyH2.03G140700	Lc__Lchi28769	Vv__XP_002282396.1	1	1	2	3
OG0008283	one_gene_each_in_target_3species_from_ref7_Orthogroups	Cm__CmMahoganyH2.03G148300	Lc__Lchi14365	Vv__XP_002263764.1	1	1	1	4
OG0008287	one_gene_each_in_target_3species_from_ref7_Orthogroups	Cm__CmMahoganyH2.03G160600	Lc__Lchi25137	Vv__XP_002267766.1	2	1	1	3
OG0008288	one_gene_each_in_target_3species_from_ref7_Orthogroups	Cm__CmMahoganyH2.03G161100	Lc__Lchi23798	Vv__XP_002267988.1	1	1	2	3
OG0008298	one_gene_each_in_target_3species_from_ref7_Orthogroups	Cm__CmMahoganyH2.03G182500	Lc__Lchi28022	Vv__XP_010651082.1	1	2	2	2
OG0008302	one_gene_each_in_target_3species_from_ref7_Orthogroups	Cm__CmMahoganyH2.04G015300	Lc__Lchi14760	Vv__XP_002274820.2	2	1	3	1
OG0008313	one_gene_each_in_target_3species_from_ref7_Orthogroups	Cm__CmMahoganyH2.04G050100	Lc__Lchi03902	Vv__XP_002273892.2	1	2	3	1
OG0008322	one_gene_each_in_target_3species_from_ref7_Orthogroups	Cm__CmMahoganyH2.04G083000	Lc__Lchi22663	Vv__XP_002275561.2	1	1	1	4
OG0008323	one_gene_each_in_target_3species_from_ref7_Orthogroups	Cm__CmMahoganyH2.04G083700	Lc__Lchi09470	Vv__XP_002274270.2	1	1	2	3
OG0008333	one_gene_each_in_target_3species_from_ref7_Orthogroups	Cm__CmMahoganyH2.04G131800	Lc__Lchi07469	Vv__XP_002279799.3	3	1	2	1
OG0008338	one_gene_each_in_target_3species_from_ref7_Orthogroups	Cm__CmMahoganyH2.04G150900	Lc__Lchi10264	Vv__XP_002262672.1	1	4	1	1
OG0008341	one_gene_each_in_target_3species_from_ref7_Orthogroups	Cm__CmMahoganyH2.04G161000	Lc__Lchi24310	Vv__XP_002283797.1	2	1	2	2
OG0008348	one_gene_each_in_target_3species_from_ref7_Orthogroups	Cm__CmMahoganyH2.05G032100	Lc__Lchi00762	Vv__XP_010654520.1	0	1	5	1
OG0008350	one_gene_each_in_target_3species_from_ref7_Orthogroups	Cm__CmMahoganyH2.05G045600	Lc__Lchi00933	Vv__XP_002284034.1	2	1	2	2
OG0008353	one_gene_each_in_target_3species_from_ref7_Orthogroups	Cm__CmMahoganyH2.05G063200	Lc__Lchi08923	Vv__XP_010654748.1	3	1	2	1
OG0008365	one_gene_each_in_target_3species_from_ref7_Orthogroups	Cm__CmMahoganyH2.05G111500	Lc__Lchi03988	Vv__XP_002264921.1	3	3	0	1
OG0008366	one_gene_each_in_target_3species_from_ref7_Orthogroups	Cm__CmMahoganyH2.05G118900	Lc__Lchi09158	Vv__XP_002271571.1	3	1	2	1
OG0008369	one_gene_each_in_target_3species_from_ref7_Orthogroups	Cm__CmMahoganyH2.05G143400	Lc__Lchi07328	Vv__XP_002280870.1	0	1	4	2
OG0008373	one_gene_each_in_target_3species_from_ref7_Orthogroups	Cm__CmMahoganyH2.05G162500	Lc__Lchi07114	Vv__XP_002262798.3	3	1	1	2
OG0008390	one_gene_each_in_target_3species_from_ref7_Orthogroups	Cm__CmMahoganyH2.05G224200	Lc__Lchi09054	Vv__XP_002274191.1	2	1	2	2
OG0008394	one_gene_each_in_target_3species_from_ref7_Orthogroups	Cm__CmMahoganyH2.06G007500	Lc__Lchi30182	Vv__XP_002276099.1	1	1	2	3
OG0008398	one_gene_each_in_target_3species_from_ref7_Orthogroups	Cm__CmMahoganyH2.06G023800	Lc__Lchi07188	Vv__XP_002273722.1	2	3	1	1
OG0008401	one_gene_each_in_target_3species_from_ref7_Orthogroups	Cm__CmMahoganyH2.06G040600	Lc__Lchi24487	Vv__XP_002278373.1	2	1	3	1
OG0008402	one_gene_each_in_target_3species_from_ref7_Orthogroups	Cm__CmMahoganyH2.06G042100	Lc__Lchi12975	Vv__XP_002281212.1	1	2	3	1
OG0008403	one_gene_each_in_target_3species_from_ref7_Orthogroups	Cm__CmMahoganyH2.06G042700	Lc__Lchi12966	Vv__XP_010644421.1	1	1	4	1
OG0008404	one_gene_each_in_target_3species_from_ref7_Orthogroups	Cm__CmMahoganyH2.06G043600	Lc__Lchi02584	Vv__XP_002276201.1	3	1	1	2
OG0008413	one_gene_each_in_target_3species_from_ref7_Orthogroups	Cm__CmMahoganyH2.06G071100	Lc__Lchi08516	Vv__XP_010644166.1	1	2	2	2
OG0008414	one_gene_each_in_target_3species_from_ref7_Orthogroups	Cm__CmMahoganyH2.06G077000	Lc__Lchi17007	Vv__XP_002285464.2	1	1	4	1
OG0008426	one_gene_each_in_target_3species_from_ref7_Orthogroups	Cm__CmMahoganyH2.06G126100	Lc__Lchi03958	Vv__XP_002281964.1	2	2	2	1
OG0008428	one_gene_each_in_target_3species_from_ref7_Orthogroups	Cm__CmMahoganyH2.06G129100	Lc__Lchi07333	Vv__XP_002275422.2	1	1	4	1
OG0008435	one_gene_each_in_target_3species_from_ref7_Orthogroups	Cm__CmMahoganyH2.06G148200	Lc__Lchi15861	Vv__XP_002279619.1	1	3	1	2
OG0008440	one_gene_each_in_target_3species_from_ref7_Orthogroups	Cm__CmMahoganyH2.06G159900	Lc__Lchi21141	Vv__XP_002278568.2	1	2	2	2
OG0008450	one_gene_each_in_target_3species_from_ref7_Orthogroups	Cm__CmMahoganyH2.06G194300	Lc__Lchi24389	Vv__XP_002274671.2	1	2	3	1
OG0008452	one_gene_each_in_target_3species_from_ref7_Orthogroups	Cm__CmMahoganyH2.06G198700	Lc__Lchi04887	Vv__XP_002270342.1	1	2	2	2
OG0008456	one_gene_each_in_target_3species_from_ref7_Orthogroups	Cm__CmMahoganyH2.06G213000	Lc__Lchi13211	Vv__XP_002274480.2	1	2	2	2
OG0008461	one_gene_each_in_target_3species_from_ref7_Orthogroups	Cm__CmMahoganyH2.06G236700	Lc__Lchi04014	Vv__XP_010652626.1	1	1	2	3
OG0008463	one_gene_each_in_target_3species_from_ref7_Orthogroups	Cm__CmMahoganyH2.07G008800	Lc__Lchi19706	Vv__XP_002277343.1	1	1	3	2
OG0008468	one_gene_each_in_target_3species_from_ref7_Orthogroups	Cm__CmMahoganyH2.07G032300	Lc__Lchi09583	Vv__XP_002269616.1	0	2	4	1
OG0008470	one_gene_each_in_target_3species_from_ref7_Orthogroups	Cm__CmMahoganyH2.07G039300	Lc__Lchi21273	Vv__XP_002273939.1	1	1	2	3
OG0008472	one_gene_each_in_target_3species_from_ref7_Orthogroups	Cm__CmMahoganyH2.07G055200	Lc__Lchi26141	Vv__XP_019079204.1	1	1	3	2
OG0008481	one_gene_each_in_target_3species_from_ref7_Orthogroups	Cm__CmMahoganyH2.07G101200	Lc__Lchi01936	Vv__XP_002285147.1	2	1	2	2
OG0008483	one_gene_each_in_target_3species_from_ref7_Orthogroups	Cm__CmMahoganyH2.07G102500	Lc__Lchi02236	Vv__XP_002282024.1	1	2	2	2
OG0008486	one_gene_each_in_target_3species_from_ref7_Orthogroups	Cm__CmMahoganyH2.07G116500	Lc__Lchi18772	Vv__XP_002275430.1	2	2	1	2
OG0008487	one_gene_each_in_target_3species_from_ref7_Orthogroups	Cm__CmMahoganyH2.07G117100	Lc__Lchi18784	Vv__XP_003631633.1	2	1	2	2
OG0008488	one_gene_each_in_target_3species_from_ref7_Orthogroups	Cm__CmMahoganyH2.07G118400	Lc__Lchi18792	Vv__XP_003631645.1	4	1	1	1
OG0008495	one_gene_each_in_target_3species_from_ref7_Orthogroups	Cm__CmMahoganyH2.08G002400	Lc__Lchi14780	Vv__XP_010647125.2	2	1	2	2
OG0008496	one_gene_each_in_target_3species_from_ref7_Orthogroups	Cm__CmMahoganyH2.08G004700	Lc__Lchi22188	Vv__XP_002270681.2	1	1	2	3
OG0008502	one_gene_each_in_target_3species_from_ref7_Orthogroups	Cm__CmMahoganyH2.08G041000	Lc__Lchi24337	Vv__XP_002284138.1	1	1	4	1
OG0008503	one_gene_each_in_target_3species_from_ref7_Orthogroups	Cm__CmMahoganyH2.08G048400	Lc__Lchi12797	Vv__XP_002280733.1	2	2	2	1
OG0008506	one_gene_each_in_target_3species_from_ref7_Orthogroups	Cm__CmMahoganyH2.08G064200	Lc__Lchi16645	Vv__XP_003632421.1	1	1	3	2
OG0008507	one_gene_each_in_target_3species_from_ref7_Orthogroups	Cm__CmMahoganyH2.08G065900	Lc__Lchi18520	Vv__XP_002283156.1	1	0	0	6
OG0008510	one_gene_each_in_target_3species_from_ref7_Orthogroups	Cm__CmMahoganyH2.08G087300	Lc__Lchi19180	Vv__XP_002273249.1	2	2	1	2
OG0008513	one_gene_each_in_target_3species_from_ref7_Orthogroups	Cm__CmMahoganyH2.08G094200	Lc__Lchi10001	Vv__XP_002265825.2	1	3	1	2
OG0008514	one_gene_each_in_target_3species_from_ref7_Orthogroups	Cm__CmMahoganyH2.08G099300	Lc__Lchi29831	Vv__XP_002275100.1	1	1	1	4
OG0008515	one_gene_each_in_target_3species_from_ref7_Orthogroups	Cm__CmMahoganyH2.08G106000	Lc__Lchi23895	Vv__XP_002268943.1	1	1	4	1
OG0008516	one_gene_each_in_target_3species_from_ref7_Orthogroups	Cm__CmMahoganyH2.08G106300	Lc__Lchi07312	Vv__XP_002267920.1	3	1	2	1
OG0008517	one_gene_each_in_target_3species_from_ref7_Orthogroups	Cm__CmMahoganyH2.08G107700	Lc__Lchi22472	Vv__XP_002273662.1	1	2	1	3
OG0008519	one_gene_each_in_target_3species_from_ref7_Orthogroups	Cm__CmMahoganyH2.08G126900	Lc__Lchi10988	Vv__XP_002273260.1	1	1	4	1
OG0008520	one_gene_each_in_target_3species_from_ref7_Orthogroups	Cm__CmMahoganyH2.08G128100	Lc__Lchi09658	Vv__XP_003631836.1	0	1	2	4
OG0008521	one_gene_each_in_target_3species_from_ref7_Orthogroups	Cm__CmMahoganyH2.08G130900	Lc__Lchi08803	Vv__XP_002282768.1	1	4	1	1
OG0008524	one_gene_each_in_target_3species_from_ref7_Orthogroups	Cm__CmMahoganyH2.08G165000	Lc__Lchi15145	Vv__XP_002269627.2	1	2	1	3
OG0008528	one_gene_each_in_target_3species_from_ref7_Orthogroups	Cm__CmMahoganyH2.08G179200	Lc__Lchi10183	Vv__XP_002267286.2	2	1	1	3
OG0008530	one_gene_each_in_target_3species_from_ref7_Orthogroups	Cm__CmMahoganyH2.08G180500	Lc__Lchi10170	Vv__XP_002269925.1	1	1	2	3
OG0008532	one_gene_each_in_target_3species_from_ref7_Orthogroups	Cm__CmMahoganyH2.09G007300	Lc__Lchi21733	Vv__XP_002273762.2	1	2	2	2
OG0008533	one_gene_each_in_target_3species_from_ref7_Orthogroups	Cm__CmMahoganyH2.09G013500	Lc__Lchi28020	Vv__XP_002274013.2	1	2	2	2
OG0008536	one_gene_each_in_target_3species_from_ref7_Orthogroups	Cm__CmMahoganyH2.09G018000	Lc__Lchi06624	Vv__XP_002273172.1	2	2	2	1
OG0008537	one_gene_each_in_target_3species_from_ref7_Orthogroups	Cm__CmMahoganyH2.09G026800	Lc__Lchi08199	Vv__XP_010653587.1	2	2	2	1
OG0008538	one_gene_each_in_target_3species_from_ref7_Orthogroups	Cm__CmMahoganyH2.09G029200	Lc__Lchi14649	Vv__XP_002282270.1	0	2	4	1
OG0008539	one_gene_each_in_target_3species_from_ref7_Orthogroups	Cm__CmMahoganyH2.09G030200	Lc__Lchi22292	Vv__XP_010653612.1	2	2	1	2
OG0008542	one_gene_each_in_target_3species_from_ref7_Orthogroups	Cm__CmMahoganyH2.09G041200	Lc__Lchi28552	Vv__XP_002264567.1	2	2	2	1
OG0008546	one_gene_each_in_target_3species_from_ref7_Orthogroups	Cm__CmMahoganyH2.09G059800	Lc__Lchi19785	Vv__XP_010654131.1	1	1	3	2
OG0008548	one_gene_each_in_target_3species_from_ref7_Orthogroups	Cm__CmMahoganyH2.09G072800	Lc__Lchi25644	Vv__XP_010654157.1	1	1	2	3
OG0008556	one_gene_each_in_target_3species_from_ref7_Orthogroups	Cm__CmMahoganyH2.09G112100	Lc__Lchi11989	Vv__XP_002281091.1	1	1	3	2
OG0008558	one_gene_each_in_target_3species_from_ref7_Orthogroups	Cm__CmMahoganyH2.09G117200	Lc__Lchi07552	Vv__XP_010653900.1	1	1	1	4
OG0008560	one_gene_each_in_target_3species_from_ref7_Orthogroups	Cm__CmMahoganyH2.09G120200	Lc__Lchi06225	Vv__XP_010653907.1	2	1	3	1
OG0008561	one_gene_each_in_target_3species_from_ref7_Orthogroups	Cm__CmMahoganyH2.09G120600	Lc__Lchi06213	Vv__XP_002278205.1	1	1	4	1
OG0008565	one_gene_each_in_target_3species_from_ref7_Orthogroups	Cm__CmMahoganyH2.09G141100	Lc__Lchi08123	Vv__XP_002283975.1	2	1	2	2
OG0008576	one_gene_each_in_target_3species_from_ref7_Orthogroups	Cm__CmMahoganyH2.09G172500	Lc__Lchi17698	Vv__XP_010653770.1	1	1	2	3
OG0008579	one_gene_each_in_target_3species_from_ref7_Orthogroups	Cm__CmMahoganyH2.10G009000	Lc__Lchi01209	Vv__XP_002277038.2	1	1	2	3
OG0008582	one_gene_each_in_target_3species_from_ref7_Orthogroups	Cm__CmMahoganyH2.10G017800	Lc__Lchi01081	Vv__XP_002270881.1	2	1	2	2
OG0008587	one_gene_each_in_target_3species_from_ref7_Orthogroups	Cm__CmMahoganyH2.10G023500	Lc__Lchi01382	Vv__XP_010663563.1	1	2	2	2
OG0008588	one_gene_each_in_target_3species_from_ref7_Orthogroups	Cm__CmMahoganyH2.10G023800	Lc__Lchi05967	Vv__XP_002280448.1	1	2	2	2
OG0008591	one_gene_each_in_target_3species_from_ref7_Orthogroups	Cm__CmMahoganyH2.10G030500	Lc__Lchi18555	Vv__XP_010647324.1	1	1	1	4
OG0008594	one_gene_each_in_target_3species_from_ref7_Orthogroups	Cm__CmMahoganyH2.10G037900	Lc__Lchi05987	Vv__XP_010657894.1	1	2	2	2
OG0008596	one_gene_each_in_target_3species_from_ref7_Orthogroups	Cm__CmMahoganyH2.10G051300	Lc__Lchi04843	Vv__XP_010662195.1	1	2	3	1
OG0008599	one_gene_each_in_target_3species_from_ref7_Orthogroups	Cm__CmMahoganyH2.10G059700	Lc__Lchi04958	Vv__XP_002282782.1	1	1	2	3
OG0008604	one_gene_each_in_target_3species_from_ref7_Orthogroups	Cm__CmMahoganyH2.10G063000	Lc__Lchi26077	Vv__XP_002283557.1	2	1	1	3
OG0008610	one_gene_each_in_target_3species_from_ref7_Orthogroups	Cm__CmMahoganyH2.10G069500	Lc__Lchi05121	Vv__XP_002277104.1	3	2	1	1
OG0008612	one_gene_each_in_target_3species_from_ref7_Orthogroups	Cm__CmMahoganyH2.10G072100	Lc__Lchi16780	Vv__XP_003632329.1	2	2	2	1
OG0008613	one_gene_each_in_target_3species_from_ref7_Orthogroups	Cm__CmMahoganyH2.10G078000	Lc__Lchi19730	Vv__XP_010652152.1	1	1	2	3
OG0008619	one_gene_each_in_target_3species_from_ref7_Orthogroups	Cm__CmMahoganyH2.10G091000	Lc__Lchi10749	Vv__XP_010648430.1	1	1	1	4
OG0008626	one_gene_each_in_target_3species_from_ref7_Orthogroups	Cm__CmMahoganyH2.10G114000	Lc__Lchi00362	Vv__XP_002263866.1	1	2	2	2
OG0008631	one_gene_each_in_target_3species_from_ref7_Orthogroups	Cm__CmMahoganyH2.10G130500	Lc__Lchi13188	Vv__XP_019072580.1	4	0	1	2
OG0008632	one_gene_each_in_target_3species_from_ref7_Orthogroups	Cm__CmMahoganyH2.10G132600	Lc__Lchi06330	Vv__XP_010652297.1	1	2	2	2
OG0008636	one_gene_each_in_target_3species_from_ref7_Orthogroups	Cm__CmMahoganyH2.10G146100	Lc__Lchi03103	Vv__XP_002284150.2	0	1	4	2
OG0008638	one_gene_each_in_target_3species_from_ref7_Orthogroups	Cm__CmMahoganyH2.10G149800	Lc__Lchi09731	Vv__XP_002284086.2	1	2	2	2
OG0008647	one_gene_each_in_target_3species_from_ref7_Orthogroups	Cm__CmMahoganyH2.10G172100	Lc__Lchi00932	Vv__XP_002281202.1	2	1	3	1
OG0008652	one_gene_each_in_target_3species_from_ref7_Orthogroups	Cm__CmMahoganyH2.11G026700	Lc__Lchi15492	Vv__XP_002278126.1	2	2	2	1
OG0008654	one_gene_each_in_target_3species_from_ref7_Orthogroups	Cm__CmMahoganyH2.11G035000	Lc__Lchi20725	Vv__XP_002270778.1	2	1	3	1
OG0008655	one_gene_each_in_target_3species_from_ref7_Orthogroups	Cm__CmMahoganyH2.11G047200	Lc__Lchi07227	Vv__XP_002268643.1	1	2	2	2
OG0008658	one_gene_each_in_target_3species_from_ref7_Orthogroups	Cm__CmMahoganyH2.11G074000	Lc__Lchi15830	Vv__XP_002275801.1	1	1	2	3
OG0008659	one_gene_each_in_target_3species_from_ref7_Orthogroups	Cm__CmMahoganyH2.11G075000	Lc__Lchi01075	Vv__XP_002273726.1	1	1	2	3
OG0008660	one_gene_each_in_target_3species_from_ref7_Orthogroups	Cm__CmMahoganyH2.11G078400	Lc__Lchi20282	Vv__XP_002266060.1	1	1	4	1
OG0008661	one_gene_each_in_target_3species_from_ref7_Orthogroups	Cm__CmMahoganyH2.11G092900	Lc__Lchi10499	Vv__XP_002266399.1	1	1	3	2
OG0008679	one_gene_each_in_target_3species_from_ref7_Orthogroups	Cm__CmMahoganyH2.11G171200	Lc__Lchi22401	Vv__XP_010659395.1	1	2	2	2
OG0008681	one_gene_each_in_target_3species_from_ref7_Orthogroups	Cm__CmMahoganyH2.11G178300	Lc__Lchi06155	Vv__XP_003633576.1	4	1	1	1
OG0008682	one_gene_each_in_target_3species_from_ref7_Orthogroups	Cm__CmMahoganyH2.11G186300	Lc__Lchi06974	Vv__XP_003633580.1	1	1	3	2
OG0008687	one_gene_each_in_target_3species_from_ref7_Orthogroups	Cm__CmMahoganyH2.12G005200	Lc__Lchi11645	Vv__XP_002273755.1	2	1	3	1
OG0008689	one_gene_each_in_target_3species_from_ref7_Orthogroups	Cm__CmMahoganyH2.12G009000	Lc__Lchi01623	Vv__XP_002275735.1	1	1	1	4
OG0008692	one_gene_each_in_target_3species_from_ref7_Orthogroups	Cm__CmMahoganyH2.12G028200	Lc__Lchi06652	Vv__XP_010662935.1	2	2	1	2
OG0008693	one_gene_each_in_target_3species_from_ref7_Orthogroups	Cm__CmMahoganyH2.12G032000	Lc__Lchi05042	Vv__XP_010662912.1	2	2	2	1
OG0008697	one_gene_each_in_target_3species_from_ref7_Orthogroups	Cm__CmMahoganyH2.12G050800	Lc__Lchi17937	Vv__XP_002275817.1	1	3	1	2
OG0008702	one_gene_each_in_target_3species_from_ref7_Orthogroups	Cm__CmMahoganyH2.12G087600	Lc__Lchi01103	Vv__XP_002265281.1	1	2	2	2
OG0008703	one_gene_each_in_target_3species_from_ref7_Orthogroups	Cm__CmMahoganyH2.12G092600	Lc__Lchi01234	Vv__XP_002270810.2	1	1	4	1
OG0008714	one_gene_each_in_target_3species_from_ref7_Orthogroups	Cm__CmMahoganyH2.12G133900	Lc__Lchi08241	Vv__XP_002278029.1	1	1	1	4
OG0008715	one_gene_each_in_target_3species_from_ref7_Orthogroups	Cm__CmMahoganyH2.12G134500	Lc__Lchi05470	Vv__XP_002277616.2	1	1	4	1
OG0008719	one_gene_each_in_target_3species_from_ref7_Orthogroups	Cm__CmMahoganyH2.12G151000	Lc__Lchi26945	Vv__XP_010652466.1	3	1	2	1
OG0008721	one_gene_each_in_target_3species_from_ref7_Orthogroups	Cm__CmMahoganyH2.12G157200	Lc__Lchi02563	Vv__XP_002263438.2	1	1	3	2
OG0008723	one_gene_each_in_target_3species_from_ref7_Orthogroups	Cm__CmMahoganyH2.12G170800	Lc__Lchi32356	Vv__XP_003635007.3	0	1	1	5
OG0008836	one_gene_each_in_target_3species_from_ref7_Orthogroups	Cm__CmMahoganyH2.11G144900	Lc__Lchi13618	Vv__XP_002264402.1	1	1	3	1
OG0008845	one_gene_each_in_target_3species_from_ref7_Orthogroups	Cm__CmMahoganyH2.03G103100	Lc__Lchi15511	Vv__XP_019081799.1	2	1	2	1
OG0008852	one_gene_each_in_target_3species_from_ref7_Orthogroups	Cm__CmMahoganyH2.12G129000	Lc__Lchi00021	Vv__XP_002273283.1	2	0	4	0
OG0008861	one_gene_each_in_target_3species_from_ref7_Orthogroups	Cm__CmMahoganyH2.09G121800	Lc__Lchi06171	Vv__XP_010653819.1	0	2	3	1
OG0008862	one_gene_each_in_target_3species_from_ref7_Orthogroups	Cm__CmMahoganyH2.12G106300	Lc__Lchi21232	Vv__XP_010662259.1	1	2	1	2
OG0008863	one_gene_each_in_target_3species_from_ref7_Orthogroups	Cm__CmMahoganyH2.12G146500	Lc__Lchi20087	Vv__XP_002267052.1	1	1	2	2
OG0008871	one_gene_each_in_target_3species_from_ref7_Orthogroups	Cm__CmMahoganyH2.08G001400	Lc__Lchi05290	Vv__XP_003635107.1	1	1	2	2
OG0008873	one_gene_each_in_target_3species_from_ref7_Orthogroups	Cm__CmMahoganyH2.01G340000	Lc__Lchi03634	Vv__XP_002278114.1	0	1	2	3
OG0008882	one_gene_each_in_target_3species_from_ref7_Orthogroups	Cm__CmMahoganyH2.12G073800	Lc__Lchi26682	Vv__XP_002283907.4	4	0	1	1
OG0008894	one_gene_each_in_target_3species_from_ref7_Orthogroups	Cm__CmMahoganyH2.10G006800	Lc__Lchi08344	Vv__XP_010662965.1	1	2	2	1
OG0008902	one_gene_each_in_target_3species_from_ref7_Orthogroups	Cm__CmMahoganyH2.03G083000	Lc__Lchi05895	Vv__XP_002284827.1	1	1	2	2
OG0008906	one_gene_each_in_target_3species_from_ref7_Orthogroups	Cm__CmMahoganyH2.09G123300	Lc__Lchi22387	Vv__XP_002277662.2	2	1	1	2
OG0008908	one_gene_each_in_target_3species_from_ref7_Orthogroups	Cm__CmMahoganyH2.01G187200	Lc__Lchi15700	Vv__XP_002283492.1	1	1	1	3
OG0008911	one_gene_each_in_target_3species_from_ref7_Orthogroups	Cm__CmMahoganyH2.09G126600	Lc__Lchi30794	Vv__XP_002282225.1	0	1	4	1
OG0008919	one_gene_each_in_target_3species_from_ref7_Orthogroups	Cm__CmMahoganyH2.08G066300	Lc__Lchi13667	Vv__XP_002272867.1	2	1	2	1
OG0008922	one_gene_each_in_target_3species_from_ref7_Orthogroups	Cm__CmMahoganyH2.03G038200	Lc__Lchi04483	Vv__XP_010659864.1	1	3	1	1
OG0008931	one_gene_each_in_target_3species_from_ref7_Orthogroups	Cm__CmMahoganyH2.01G293300	Lc__Lchi08823	Vv__XP_002284430.2	1	2	1	2
OG0008940	one_gene_each_in_target_3species_from_ref7_Orthogroups	Cm__CmMahoganyH2.08G031400	Lc__Lchi13464	Vv__XP_010651108.1	1	2	2	1
OG0008945	one_gene_each_in_target_3species_from_ref7_Orthogroups	Cm__CmMahoganyH2.01G129300	Lc__Lchi06605	Vv__XP_010660239.1	0	1	1	4
OG0008946	one_gene_each_in_target_3species_from_ref7_Orthogroups	Cm__CmMahoganyH2.02G019400	Lc__Lchi12046	Vv__XP_002281854.1	1	1	3	1
OG0008949	one_gene_each_in_target_3species_from_ref7_Orthogroups	Cm__CmMahoganyH2.08G165500	Lc__Lchi20212	Vv__XP_019074648.1	1	1	2	2
OG0008952	one_gene_each_in_target_3species_from_ref7_Orthogroups	Cm__CmMahoganyH2.05G169000	Lc__Lchi05228	Vv__XP_010655372.1	0	1	2	3
OG0008966	one_gene_each_in_target_3species_from_ref7_Orthogroups	Cm__CmMahoganyH2.01G223600	Lc__Lchi05137	Vv__XP_002266059.1	4	1	0	1
OG0008967	one_gene_each_in_target_3species_from_ref7_Orthogroups	Cm__CmMahoganyH2.10G125200	Lc__Lchi13123	Vv__XP_002279230.2	1	2	2	1
OG0008970	one_gene_each_in_target_3species_from_ref7_Orthogroups	Cm__CmMahoganyH2.01G254800	Lc__Lchi19518	Vv__XP_010660825.2	3	1	1	1
OG0008971	one_gene_each_in_target_3species_from_ref7_Orthogroups	Cm__CmMahoganyH2.01G210100	Lc__Lchi23393	Vv__XP_019078614.1	1	1	1	3
OG0008973	one_gene_each_in_target_3species_from_ref7_Orthogroups	Cm__CmMahoganyH2.01G017100	Lc__Lchi09987	Vv__XP_002285161.2	1	1	3	1
OG0008974	one_gene_each_in_target_3species_from_ref7_Orthogroups	Cm__CmMahoganyH2.01G085100	Lc__Lchi06717	Vv__XP_002277078.1	2	1	3	0
OG0008982	one_gene_each_in_target_3species_from_ref7_Orthogroups	Cm__CmMahoganyH2.05G146800	Lc__Lchi31555	Vv__XP_002268607.1	1	2	2	1
OG0008990	one_gene_each_in_target_3species_from_ref7_Orthogroups	Cm__CmMahoganyH2.06G117600	Lc__Lchi08527	Vv__XP_002277665.1	1	1	1	3
OG0008993	one_gene_each_in_target_3species_from_ref7_Orthogroups	Cm__CmMahoganyH2.12G012000	Lc__Lchi16176	Vv__XP_002279511.1	1	1	1	3
OG0008995	one_gene_each_in_target_3species_from_ref7_Orthogroups	Cm__CmMahoganyH2.01G291200	Lc__Lchi19918	Vv__XP_002283866.1	0	3	1	2
OG0008998	one_gene_each_in_target_3species_from_ref7_Orthogroups	Cm__CmMahoganyH2.06G228100	Lc__Lchi31978	Vv__XP_002283205.1	0	2	1	3
OG0009008	one_gene_each_in_target_3species_from_ref7_Orthogroups	Cm__CmMahoganyH2.02G171700	Lc__Lchi09006	Vv__XP_002272552.1	2	1	2	1
OG0009017	one_gene_each_in_target_3species_from_ref7_Orthogroups	Cm__CmMahoganyH2.11G172700	Lc__Lchi22404	Vv__XP_002278849.1	0	2	2	2
OG0009021	one_gene_each_in_target_3species_from_ref7_Orthogroups	Cm__CmMahoganyH2.04G067400	Lc__Lchi31107	Vv__XP_010663710.1	1	2	1	2
OG0009022	one_gene_each_in_target_3species_from_ref7_Orthogroups	Cm__CmMahoganyH2.02G192100	Lc__Lchi13783	Vv__XP_002274349.1	0	2	2	2
OG0009027	one_gene_each_in_target_3species_from_ref7_Orthogroups	Cm__CmMahoganyH2.01G095900	Lc__Lchi09634	Vv__XP_002285575.1	2	1	1	2
OG0009030	one_gene_each_in_target_3species_from_ref7_Orthogroups	Cm__CmMahoganyH2.02G105300	Lc__Lchi02586	Vv__XP_002273725.1	1	4	0	1
OG0009031	one_gene_each_in_target_3species_from_ref7_Orthogroups	Cm__CmMahoganyH2.05G138700	Lc__Lchi15413	Vv__XP_002264039.1	1	1	1	3
OG0009035	one_gene_each_in_target_3species_from_ref7_Orthogroups	Cm__CmMahoganyH2.08G176200	Lc__Lchi22953	Vv__XP_002278677.2	2	1	2	1
OG0009042	one_gene_each_in_target_3species_from_ref7_Orthogroups	Cm__CmMahoganyH2.05G114900	Lc__Lchi24819	Vv__XP_019078304.1	1	1	3	1
OG0009059	one_gene_each_in_target_3species_from_ref7_Orthogroups	Cm__CmMahoganyH2.09G087900	Lc__Lchi07691	Vv__XP_002270753.1	1	1	1	3
OG0009062	one_gene_each_in_target_3species_from_ref7_Orthogroups	Cm__CmMahoganyH2.12G022300	Lc__Lchi15598	Vv__XP_002269623.1	2	1	2	1
OG0009063	one_gene_each_in_target_3species_from_ref7_Orthogroups	Cm__CmMahoganyH2.08G037400	Lc__Lchi23407	Vv__XP_002281446.1	2	1	1	2
OG0009066	one_gene_each_in_target_3species_from_ref7_Orthogroups	Cm__CmMahoganyH2.06G012700	Lc__Lchi14606	Vv__XP_002267586.3	1	1	3	1
OG0009068	one_gene_each_in_target_3species_from_ref7_Orthogroups	Cm__CmMahoganyH2.01G176300	Lc__Lchi00975	Vv__NP_001268191.1	2	2	1	1
OG0009071	one_gene_each_in_target_3species_from_ref7_Orthogroups	Cm__CmMahoganyH2.05G018300	Lc__Lchi19653	Vv__XP_010654442.1	1	3	1	1
OG0009074	one_gene_each_in_target_3species_from_ref7_Orthogroups	Cm__CmMahoganyH2.04G002600	Lc__Lchi05305	Vv__XP_002276129.1	1	1	1	3
OG0009076	one_gene_each_in_target_3species_from_ref7_Orthogroups	Cm__CmMahoganyH2.06G085700	Lc__Lchi07115	Vv__XP_002277241.1	0	2	3	1
OG0009077	one_gene_each_in_target_3species_from_ref7_Orthogroups	Cm__CmMahoganyH2.09G007500	Lc__Lchi21731	Vv__XP_002272943.1	1	1	3	1
OG0009086	one_gene_each_in_target_3species_from_ref7_Orthogroups	Cm__CmMahoganyH2.06G224200	Lc__Lchi05027	Vv__XP_002266683.1	1	1	2	2
OG0009087	one_gene_each_in_target_3species_from_ref7_Orthogroups	Cm__CmMahoganyH2.09G056300	Lc__Lchi19829	Vv__XP_002281866.1	2	2	1	1
OG0009091	one_gene_each_in_target_3species_from_ref7_Orthogroups	Cm__CmMahoganyH2.03G080300	Lc__Lchi15687	Vv__XP_002280911.1	2	1	1	2
OG0009094	one_gene_each_in_target_3species_from_ref7_Orthogroups	Cm__CmMahoganyH2.05G140200	Lc__Lchi31977	Vv__XP_002263357.4	1	3	1	1
OG0009096	one_gene_each_in_target_3species_from_ref7_Orthogroups	Cm__CmMahoganyH2.09G097600	Lc__Lchi12858	Vv__XP_010654241.1	0	2	1	3
OG0009108	one_gene_each_in_target_3species_from_ref7_Orthogroups	Cm__CmMahoganyH2.01G156500	Lc__Lchi09262	Vv__XP_002275027.1	1	1	3	1
OG0009114	one_gene_each_in_target_3species_from_ref7_Orthogroups	Cm__CmMahoganyH2.03G081700	Lc__Lchi05873	Vv__XP_002284729.1	1	2	2	1
OG0009123	one_gene_each_in_target_3species_from_ref7_Orthogroups	Cm__CmMahoganyH2.01G021800	Lc__Lchi20926	Vv__XP_002282986.2	1	1	2	2
OG0009125	one_gene_each_in_target_3species_from_ref7_Orthogroups	Cm__CmMahoganyH2.02G140900	Lc__Lchi10364	Vv__XP_010649089.1	1	2	1	2
OG0009137	one_gene_each_in_target_3species_from_ref7_Orthogroups	Cm__CmMahoganyH2.12G123800	Lc__Lchi02183	Vv__XP_002285846.1	1	1	2	2
OG0009143	one_gene_each_in_target_3species_from_ref7_Orthogroups	Cm__CmMahoganyH2.10G023100	Lc__Lchi08307	Vv__XP_010663519.1	1	1	4	0
OG0009147	one_gene_each_in_target_3species_from_ref7_Orthogroups	Cm__CmMahoganyH2.10G102600	Lc__Lchi00962	Vv__XP_010648506.1	0	1	1	4
OG0009148	one_gene_each_in_target_3species_from_ref7_Orthogroups	Cm__CmMahoganyH2.01G374400	Lc__Lchi01997	Vv__XP_002269382.1	0	2	1	3
OG0009153	one_gene_each_in_target_3species_from_ref7_Orthogroups	Cm__CmMahoganyH2.10G157100	Lc__Lchi13843	Vv__XP_010664487.1	1	2	2	1
OG0009157	one_gene_each_in_target_3species_from_ref7_Orthogroups	Cm__CmMahoganyH2.04G052100	Lc__Lchi09982	Vv__XP_002272045.1	0	1	2	3
OG0009160	one_gene_each_in_target_3species_from_ref7_Orthogroups	Cm__CmMahoganyH2.11G191200	Lc__Lchi02794	Vv__XP_002267624.1	1	2	2	1
OG0009163	one_gene_each_in_target_3species_from_ref7_Orthogroups	Cm__CmMahoganyH2.11G130200	Lc__Lchi14236	Vv__XP_002266315.1	1	1	3	1
OG0009164	one_gene_each_in_target_3species_from_ref7_Orthogroups	Cm__CmMahoganyH2.10G084800	Lc__Lchi27228	Vv__XP_002270638.2	1	1	2	2
OG0009167	one_gene_each_in_target_3species_from_ref7_Orthogroups	Cm__CmMahoganyH2.01G075600	Lc__Lchi12106	Vv__XP_002270675.1	1	1	2	2
OG0009176	one_gene_each_in_target_3species_from_ref7_Orthogroups	Cm__CmMahoganyH2.02G220700	Lc__Lchi06732	Vv__XP_002279284.1	1	1	1	3
OG0009177	one_gene_each_in_target_3species_from_ref7_Orthogroups	Cm__CmMahoganyH2.10G093800	Lc__Lchi03315	Vv__XP_002280461.1	1	2	1	2
OG0009178	one_gene_each_in_target_3species_from_ref7_Orthogroups	Cm__CmMahoganyH2.05G079700	Lc__Lchi03756	Vv__XP_010655097.1	2	2	1	1
OG0009179	one_gene_each_in_target_3species_from_ref7_Orthogroups	Cm__CmMahoganyH2.09G125300	Lc__Lchi21125	Vv__XP_002275952.1	2	1	2	1
OG0009183	one_gene_each_in_target_3species_from_ref7_Orthogroups	Cm__CmMahoganyH2.09G083900	Lc__Lchi13700	Vv__XP_010653373.1	1	1	3	1
OG0009185	one_gene_each_in_target_3species_from_ref7_Orthogroups	Cm__CmMahoganyH2.09G090100	Lc__Lchi07780	Vv__XP_019077214.1	1	1	3	1
OG0009197	one_gene_each_in_target_3species_from_ref7_Orthogroups	Cm__CmMahoganyH2.02G176200	Lc__Lchi18766	Vv__XP_010649177.1	1	1	1	3
OG0009207	one_gene_each_in_target_3species_from_ref7_Orthogroups	Cm__CmMahoganyH2.09G116000	Lc__Lchi11293	Vv__XP_002279571.1	1	2	2	1
OG0009208	one_gene_each_in_target_3species_from_ref7_Orthogroups	Cm__CmMahoganyH2.10G025800	Lc__Lchi01361	Vv__XP_002278451.1	3	1	1	1
OG0009213	one_gene_each_in_target_3species_from_ref7_Orthogroups	Cm__CmMahoganyH2.06G003200	Lc__Lchi16883	Vv__XP_002274782.1	1	1	3	1
OG0009216	one_gene_each_in_target_3species_from_ref7_Orthogroups	Cm__CmMahoganyH2.07G051000	Lc__Lchi18562	Vv__XP_002277516.1	1	2	3	0
OG0009224	one_gene_each_in_target_3species_from_ref7_Orthogroups	Cm__CmMahoganyH2.06G139500	Lc__Lchi29082	Vv__XP_010658241.1	1	1	2	2
OG0009226	one_gene_each_in_target_3species_from_ref7_Orthogroups	Cm__CmMahoganyH2.09G135000	Lc__Lchi26286	Vv__XP_002268452.1	1	2	1	2
OG0009234	one_gene_each_in_target_3species_from_ref7_Orthogroups	Cm__CmMahoganyH2.08G010500	Lc__Lchi08780	Vv__XP_002278748.1	1	1	3	1
OG0009235	one_gene_each_in_target_3species_from_ref7_Orthogroups	Cm__CmMahoganyH2.03G084800	Lc__Lchi25397	Vv__XP_002281246.1	1	1	3	1
OG0009243	one_gene_each_in_target_3species_from_ref7_Orthogroups	Cm__CmMahoganyH2.12G134000	Lc__Lchi08246	Vv__XP_002277984.1	2	1	1	2
OG0009248	one_gene_each_in_target_3species_from_ref7_Orthogroups	Cm__CmMahoganyH2.07G043800	Lc__Lchi26720	Vv__XP_003635628.2	0	1	3	2
OG0009256	one_gene_each_in_target_3species_from_ref7_Orthogroups	Cm__CmMahoganyH2.01G099900	Lc__Lchi29356	Vv__XP_002282922.1	3	1	1	1
OG0009257	one_gene_each_in_target_3species_from_ref7_Orthogroups	Cm__CmMahoganyH2.01G151100	Lc__Lchi22335	Vv__XP_002269731.1	1	1	2	2
OG0009258	one_gene_each_in_target_3species_from_ref7_Orthogroups	Cm__CmMahoganyH2.04G050400	Lc__Lchi01861	Vv__XP_002272359.1	1	1	1	3
OG0009260	one_gene_each_in_target_3species_from_ref7_Orthogroups	Cm__CmMahoganyH2.02G154100	Lc__Lchi03599	Vv__XP_002284176.1	2	1	2	1
OG0009263	one_gene_each_in_target_3species_from_ref7_Orthogroups	Cm__CmMahoganyH2.05G136300	Lc__Lchi11134	Vv__XP_003632998.2	2	1	2	1
OG0009266	one_gene_each_in_target_3species_from_ref7_Orthogroups	Cm__CmMahoganyH2.06G119700	Lc__Lchi08488	Vv__XP_002278771.1	3	1	1	1
OG0009267	one_gene_each_in_target_3species_from_ref7_Orthogroups	Cm__CmMahoganyH2.08G010100	Lc__Lchi08789	Vv__XP_002281818.1	2	0	3	1
OG0009268	one_gene_each_in_target_3species_from_ref7_Orthogroups	Cm__CmMahoganyH2.09G157400	Lc__Lchi27995	Vv__XP_002275769.1	1	2	2	1
OG0009269	one_gene_each_in_target_3species_from_ref7_Orthogroups	Cm__CmMahoganyH2.09G044100	Lc__Lchi21832	Vv__XP_002283685.1	1	1	1	3
OG0009276	one_gene_each_in_target_3species_from_ref7_Orthogroups	Cm__CmMahoganyH2.06G120000	Lc__Lchi09907	Vv__XP_002278847.1	0	1	3	2
OG0009279	one_gene_each_in_target_3species_from_ref7_Orthogroups	Cm__CmMahoganyH2.09G065400	Lc__Lchi18331	Vv__XP_002263641.2	1	1	2	2
OG0009280	one_gene_each_in_target_3species_from_ref7_Orthogroups	Cm__CmMahoganyH2.10G015400	Lc__Lchi08454	Vv__XP_002272494.1	1	1	2	2
OG0009295	one_gene_each_in_target_3species_from_ref7_Orthogroups	Cm__CmMahoganyH2.10G102100	Lc__Lchi08866	Vv__XP_002281424.1	1	2	1	2
OG0009303	one_gene_each_in_target_3species_from_ref7_Orthogroups	Cm__CmMahoganyH2.03G088900	Lc__Lchi13517	Vv__XP_002281514.1	1	1	1	3
OG0009308	one_gene_each_in_target_3species_from_ref7_Orthogroups	Cm__CmMahoganyH2.06G034600	Lc__Lchi06909	Vv__XP_019072953.1	1	1	3	1
OG0009312	one_gene_each_in_target_3species_from_ref7_Orthogroups	Cm__CmMahoganyH2.09G123200	Lc__Lchi06130	Vv__XP_002277619.1	1	1	1	3
OG0009313	one_gene_each_in_target_3species_from_ref7_Orthogroups	Cm__CmMahoganyH2.11G019700	Lc__Lchi28088	Vv__XP_002263178.1	1	1	4	0
OG0009317	one_gene_each_in_target_3species_from_ref7_Orthogroups	Cm__CmMahoganyH2.01G208100	Lc__Lchi05711	Vv__XP_002280213.2	1	1	1	3
OG0009318	one_gene_each_in_target_3species_from_ref7_Orthogroups	Cm__CmMahoganyH2.01G312900	Lc__Lchi28812	Vv__XP_002282408.1	1	2	2	1
OG0009324	one_gene_each_in_target_3species_from_ref7_Orthogroups	Cm__CmMahoganyH2.03G131000	Lc__Lchi19529	Vv__XP_002266890.3	1	1	1	3
OG0009326	one_gene_each_in_target_3species_from_ref7_Orthogroups	Cm__CmMahoganyH2.05G071200	Lc__Lchi09964	Vv__XP_003632762.1	1	1	2	2
OG0009329	one_gene_each_in_target_3species_from_ref7_Orthogroups	Cm__CmMahoganyH2.06G032300	Lc__Lchi01572	Vv__XP_002278487.1	1	2	1	2
OG0009330	one_gene_each_in_target_3species_from_ref7_Orthogroups	Cm__CmMahoganyH2.08G076500	Lc__Lchi26048	Vv__XP_002275696.3	1	2	2	1
OG0009337	one_gene_each_in_target_3species_from_ref7_Orthogroups	Cm__CmMahoganyH2.01G007000	Lc__Lchi00748	Vv__XP_002279783.1	1	1	3	1
OG0009338	one_gene_each_in_target_3species_from_ref7_Orthogroups	Cm__CmMahoganyH2.01G009000	Lc__Lchi02187	Vv__XP_010648322.1	1	3	1	1
OG0009342	one_gene_each_in_target_3species_from_ref7_Orthogroups	Cm__CmMahoganyH2.01G021700	Lc__Lchi20924	Vv__XP_002284991.1	1	1	3	1
OG0009343	one_gene_each_in_target_3species_from_ref7_Orthogroups	Cm__CmMahoganyH2.01G022600	Lc__Lchi27182	Vv__XP_002284954.1	1	1	2	2
OG0009344	one_gene_each_in_target_3species_from_ref7_Orthogroups	Cm__CmMahoganyH2.01G025100	Lc__Lchi01910	Vv__XP_010664564.1	3	1	1	1
OG0009346	one_gene_each_in_target_3species_from_ref7_Orthogroups	Cm__CmMahoganyH2.01G030000	Lc__Lchi24791	Vv__XP_002284610.1	1	1	2	2
OG0009347	one_gene_each_in_target_3species_from_ref7_Orthogroups	Cm__CmMahoganyH2.01G039300	Lc__Lchi09013	Vv__XP_002283704.1	1	1	2	2
OG0009353	one_gene_each_in_target_3species_from_ref7_Orthogroups	Cm__CmMahoganyH2.01G066400	Lc__Lchi11705	Vv__XP_002279280.1	2	2	1	1
OG0009354	one_gene_each_in_target_3species_from_ref7_Orthogroups	Cm__CmMahoganyH2.01G069000	Lc__Lchi23925	Vv__XP_002285901.2	0	1	1	4
OG0009355	one_gene_each_in_target_3species_from_ref7_Orthogroups	Cm__CmMahoganyH2.01G071700	Lc__Lchi26647	Vv__XP_002285911.1	1	0	2	3
OG0009356	one_gene_each_in_target_3species_from_ref7_Orthogroups	Cm__CmMahoganyH2.01G073200	Lc__Lchi27043	Vv__XP_002285922.1	0	1	1	4
OG0009359	one_gene_each_in_target_3species_from_ref7_Orthogroups	Cm__CmMahoganyH2.01G078600	Lc__Lchi09374	Vv__XP_002273059.1	1	1	2	2
OG0009373	one_gene_each_in_target_3species_from_ref7_Orthogroups	Cm__CmMahoganyH2.01G104300	Lc__Lchi10641	Vv__XP_002285487.1	1	1	3	1
OG0009374	one_gene_each_in_target_3species_from_ref7_Orthogroups	Cm__CmMahoganyH2.01G110500	Lc__Lchi05586	Vv__XP_010648647.1	1	1	1	3
OG0009375	one_gene_each_in_target_3species_from_ref7_Orthogroups	Cm__CmMahoganyH2.01G120100	Lc__Lchi02111	Vv__XP_002265632.1	1	1	1	3
OG0009379	one_gene_each_in_target_3species_from_ref7_Orthogroups	Cm__CmMahoganyH2.01G134800	Lc__Lchi05039	Vv__XP_010659962.1	3	1	1	1
OG0009381	one_gene_each_in_target_3species_from_ref7_Orthogroups	Cm__CmMahoganyH2.01G138300	Lc__Lchi14150	Vv__XP_002266075.1	1	1	1	3
OG0009386	one_gene_each_in_target_3species_from_ref7_Orthogroups	Cm__CmMahoganyH2.01G153500	Lc__Lchi28851	Vv__XP_002267236.2	1	3	1	1
OG0009390	one_gene_each_in_target_3species_from_ref7_Orthogroups	Cm__CmMahoganyH2.01G161900	Lc__Lchi17497	Vv__XP_002265826.1	1	2	2	1
OG0009391	one_gene_each_in_target_3species_from_ref7_Orthogroups	Cm__CmMahoganyH2.01G162600	Lc__Lchi04643	Vv__XP_002265112.1	1	2	1	2
OG0009398	one_gene_each_in_target_3species_from_ref7_Orthogroups	Cm__CmMahoganyH2.01G173600	Lc__Lchi08931	Vv__XP_002283839.1	2	1	2	1
OG0009399	one_gene_each_in_target_3species_from_ref7_Orthogroups	Cm__CmMahoganyH2.01G180000	Lc__Lchi10746	Vv__XP_002269494.1	2	1	2	1
OG0009400	one_gene_each_in_target_3species_from_ref7_Orthogroups	Cm__CmMahoganyH2.01G181600	Lc__Lchi19032	Vv__XP_002282316.1	1	1	1	3
OG0009408	one_gene_each_in_target_3species_from_ref7_Orthogroups	Cm__CmMahoganyH2.01G187800	Lc__Lchi28691	Vv__XP_002280059.1	0	1	1	4
OG0009412	one_gene_each_in_target_3species_from_ref7_Orthogroups	Cm__CmMahoganyH2.01G205100	Lc__Lchi05781	Vv__XP_002265803.1	2	2	1	1
OG0009414	one_gene_each_in_target_3species_from_ref7_Orthogroups	Cm__CmMahoganyH2.01G214800	Lc__Lchi00756	Vv__XP_002282302.1	2	1	2	1
OG0009415	one_gene_each_in_target_3species_from_ref7_Orthogroups	Cm__CmMahoganyH2.01G216200	Lc__Lchi24236	Vv__XP_010656218.1	2	1	2	1
OG0009419	one_gene_each_in_target_3species_from_ref7_Orthogroups	Cm__CmMahoganyH2.01G235000	Lc__Lchi16719	Vv__XP_010660769.1	0	1	3	2
OG0009422	one_gene_each_in_target_3species_from_ref7_Orthogroups	Cm__CmMahoganyH2.01G243500	Lc__Lchi02486	Vv__XP_002274670.1	2	1	1	2
OG0009423	one_gene_each_in_target_3species_from_ref7_Orthogroups	Cm__CmMahoganyH2.01G245900	Lc__Lchi02499	Vv__XP_002270270.1	3	1	1	1
OG0009428	one_gene_each_in_target_3species_from_ref7_Orthogroups	Cm__CmMahoganyH2.01G259000	Lc__Lchi25552	Vv__XP_002270990.1	1	1	3	1
OG0009429	one_gene_each_in_target_3species_from_ref7_Orthogroups	Cm__CmMahoganyH2.01G260300	Lc__Lchi25547	Vv__XP_002272379.1	1	1	2	2
OG0009431	one_gene_each_in_target_3species_from_ref7_Orthogroups	Cm__CmMahoganyH2.01G270900	Lc__Lchi05253	Vv__XP_002278403.1	1	1	2	2
OG0009439	one_gene_each_in_target_3species_from_ref7_Orthogroups	Cm__CmMahoganyH2.01G302800	Lc__Lchi05601	Vv__XP_019074719.1	1	2	1	2
OG0009442	one_gene_each_in_target_3species_from_ref7_Orthogroups	Cm__CmMahoganyH2.01G317400	Lc__Lchi10698	Vv__XP_002268993.1	0	2	3	1
OG0009444	one_gene_each_in_target_3species_from_ref7_Orthogroups	Cm__CmMahoganyH2.01G321300	Lc__Lchi06709	Vv__XP_010646591.1	3	1	1	1
OG0009447	one_gene_each_in_target_3species_from_ref7_Orthogroups	Cm__CmMahoganyH2.01G325200	Lc__Lchi12939	Vv__XP_002283887.1	0	4	1	1
OG0009450	one_gene_each_in_target_3species_from_ref7_Orthogroups	Cm__CmMahoganyH2.01G327300	Lc__Lchi09581	Vv__XP_002265573.2	1	1	3	1
OG0009453	one_gene_each_in_target_3species_from_ref7_Orthogroups	Cm__CmMahoganyH2.01G350800	Lc__Lchi02101	Vv__XP_002267948.1	1	1	3	1
OG0009459	one_gene_each_in_target_3species_from_ref7_Orthogroups	Cm__CmMahoganyH2.01G369200	Lc__Lchi01658	Vv__XP_002269253.1	1	2	3	0
OG0009466	one_gene_each_in_target_3species_from_ref7_Orthogroups	Cm__CmMahoganyH2.02G034600	Lc__Lchi00271	Vv__XP_002269082.2	1	2	2	1
OG0009470	one_gene_each_in_target_3species_from_ref7_Orthogroups	Cm__CmMahoganyH2.02G045300	Lc__Lchi04548	Vv__XP_010649719.1	1	1	2	2
OG0009474	one_gene_each_in_target_3species_from_ref7_Orthogroups	Cm__CmMahoganyH2.02G058200	Lc__Lchi00217	Vv__XP_002276973.1	1	1	3	1
OG0009480	one_gene_each_in_target_3species_from_ref7_Orthogroups	Cm__CmMahoganyH2.02G087700	Lc__Lchi21692	Vv__XP_010650115.1	2	1	2	1
OG0009481	one_gene_each_in_target_3species_from_ref7_Orthogroups	Cm__CmMahoganyH2.02G088900	Lc__Lchi15258	Vv__XP_002285387.1	1	1	2	2
OG0009484	one_gene_each_in_target_3species_from_ref7_Orthogroups	Cm__CmMahoganyH2.02G092200	Lc__Lchi27341	Vv__XP_010650156.1	1	1	3	1
OG0009486	one_gene_each_in_target_3species_from_ref7_Orthogroups	Cm__CmMahoganyH2.02G096400	Lc__Lchi00890	Vv__XP_010654602.1	1	2	1	2
OG0009488	one_gene_each_in_target_3species_from_ref7_Orthogroups	Cm__CmMahoganyH2.02G098000	Lc__Lchi25710	Vv__XP_002282966.2	3	1	1	1
OG0009490	one_gene_each_in_target_3species_from_ref7_Orthogroups	Cm__CmMahoganyH2.02G099200	Lc__Lchi26940	Vv__XP_002285645.1	2	1	1	2
OG0009494	one_gene_each_in_target_3species_from_ref7_Orthogroups	Cm__CmMahoganyH2.02G114600	Lc__Lchi23516	Vv__XP_002275533.1	2	2	1	1
OG0009500	one_gene_each_in_target_3species_from_ref7_Orthogroups	Cm__CmMahoganyH2.02G136800	Lc__Lchi27827	Vv__XP_019074079.1	2	1	1	2
OG0009501	one_gene_each_in_target_3species_from_ref7_Orthogroups	Cm__CmMahoganyH2.02G142200	Lc__Lchi18005	Vv__XP_010663609.1	2	1	1	2
OG0009503	one_gene_each_in_target_3species_from_ref7_Orthogroups	Cm__CmMahoganyH2.02G145300	Lc__Lchi13801	Vv__XP_019073971.1	1	2	1	2
OG0009505	one_gene_each_in_target_3species_from_ref7_Orthogroups	Cm__CmMahoganyH2.02G155000	Lc__Lchi20861	Vv__XP_002284043.1	1	3	1	1
OG0009511	one_gene_each_in_target_3species_from_ref7_Orthogroups	Cm__CmMahoganyH2.02G177700	Lc__Lchi18790	Vv__XP_002270634.1	1	2	1	2
OG0009515	one_gene_each_in_target_3species_from_ref7_Orthogroups	Cm__CmMahoganyH2.02G187200	Lc__Lchi18491	Vv__XP_010646330.1	3	1	0	2
OG0009522	one_gene_each_in_target_3species_from_ref7_Orthogroups	Cm__CmMahoganyH2.02G215100	Lc__Lchi12103	Vv__XP_003631907.1	1	2	2	1
OG0009523	one_gene_each_in_target_3species_from_ref7_Orthogroups	Cm__CmMahoganyH2.02G217000	Lc__Lchi16675	Vv__XP_002280184.1	1	2	3	0
OG0009530	one_gene_each_in_target_3species_from_ref7_Orthogroups	Cm__CmMahoganyH2.03G018500	Lc__Lchi00159	Vv__XP_002277564.2	1	1	1	3
OG0009531	one_gene_each_in_target_3species_from_ref7_Orthogroups	Cm__CmMahoganyH2.03G019500	Lc__Lchi06390	Vv__XP_010659709.1	0	2	1	3
OG0009535	one_gene_each_in_target_3species_from_ref7_Orthogroups	Cm__CmMahoganyH2.03G034200	Lc__Lchi04553	Vv__XP_002279467.1	1	1	3	1
OG0009537	one_gene_each_in_target_3species_from_ref7_Orthogroups	Cm__CmMahoganyH2.03G039400	Lc__Lchi12053	Vv__XP_002284540.1	1	1	3	1
OG0009538	one_gene_each_in_target_3species_from_ref7_Orthogroups	Cm__CmMahoganyH2.03G039600	Lc__Lchi00617	Vv__XP_002284554.2	2	1	1	2
OG0009539	one_gene_each_in_target_3species_from_ref7_Orthogroups	Cm__CmMahoganyH2.03G040800	Lc__Lchi22637	Vv__XP_002284730.2	1	1	2	2
OG0009541	one_gene_each_in_target_3species_from_ref7_Orthogroups	Cm__CmMahoganyH2.03G055500	Lc__Lchi00447	Vv__XP_002274439.1	1	1	3	1
OG0009545	one_gene_each_in_target_3species_from_ref7_Orthogroups	Cm__CmMahoganyH2.03G071600	Lc__Lchi15224	Vv__XP_002264983.1	1	1	1	3
OG0009546	one_gene_each_in_target_3species_from_ref7_Orthogroups	Cm__CmMahoganyH2.03G073400	Lc__Lchi10138	Vv__XP_010660227.1	2	1	2	1
OG0009550	one_gene_each_in_target_3species_from_ref7_Orthogroups	Cm__CmMahoganyH2.03G095600	Lc__Lchi03435	Vv__XP_002285281.1	1	3	1	1
OG0009553	one_gene_each_in_target_3species_from_ref7_Orthogroups	Cm__CmMahoganyH2.03G101900	Lc__Lchi28548	Vv__XP_002265131.1	1	1	1	3
OG0009558	one_gene_each_in_target_3species_from_ref7_Orthogroups	Cm__CmMahoganyH2.03G110100	Lc__Lchi01505	Vv__XP_002278958.1	1	1	1	3
OG0009561	one_gene_each_in_target_3species_from_ref7_Orthogroups	Cm__CmMahoganyH2.03G124500	Lc__Lchi26407	Vv__XP_002272591.2	1	1	2	2
OG0009563	one_gene_each_in_target_3species_from_ref7_Orthogroups	Cm__CmMahoganyH2.03G124900	Lc__Lchi20412	Vv__XP_002279434.1	1	2	1	2
OG0009564	one_gene_each_in_target_3species_from_ref7_Orthogroups	Cm__CmMahoganyH2.03G125100	Lc__Lchi02605	Vv__XP_002279552.1	2	2	1	1
OG0009565	one_gene_each_in_target_3species_from_ref7_Orthogroups	Cm__CmMahoganyH2.03G125200	Lc__Lchi02604	Vv__XP_002279616.1	1	1	3	1
OG0009568	one_gene_each_in_target_3species_from_ref7_Orthogroups	Cm__CmMahoganyH2.03G130900	Lc__Lchi19533	Vv__XP_010655145.1	2	3	1	0
OG0009574	one_gene_each_in_target_3species_from_ref7_Orthogroups	Cm__CmMahoganyH2.03G153700	Lc__Lchi19902	Vv__XP_002263653.1	3	1	1	1
OG0009576	one_gene_each_in_target_3species_from_ref7_Orthogroups	Cm__CmMahoganyH2.03G159200	Lc__Lchi07424	Vv__XP_002270028.1	1	1	1	3
OG0009583	one_gene_each_in_target_3species_from_ref7_Orthogroups	Cm__CmMahoganyH2.03G178900	Lc__Lchi24166	Vv__XP_002285622.1	1	1	1	3
OG0009586	one_gene_each_in_target_3species_from_ref7_Orthogroups	Cm__CmMahoganyH2.03G186500	Lc__Lchi12562	Vv__XP_002269214.1	2	2	1	1
OG0009589	one_gene_each_in_target_3species_from_ref7_Orthogroups	Cm__CmMahoganyH2.04G015500	Lc__Lchi14762	Vv__XP_002277631.1	1	1	3	1
OG0009590	one_gene_each_in_target_3species_from_ref7_Orthogroups	Cm__CmMahoganyH2.04G022400	Lc__Lchi14199	Vv__XP_002274005.1	1	3	1	1
OG0009595	one_gene_each_in_target_3species_from_ref7_Orthogroups	Cm__CmMahoganyH2.04G031300	Lc__Lchi06759	Vv__XP_002265701.2	1	2	1	2
OG0009598	one_gene_each_in_target_3species_from_ref7_Orthogroups	Cm__CmMahoganyH2.04G036200	Lc__Lchi27710	Vv__XP_002268864.3	3	1	1	1
OG0009601	one_gene_each_in_target_3species_from_ref7_Orthogroups	Cm__CmMahoganyH2.04G056300	Lc__Lchi08116	Vv__XP_003633566.1	1	2	2	1
OG0009603	one_gene_each_in_target_3species_from_ref7_Orthogroups	Cm__CmMahoganyH2.04G059400	Lc__Lchi10140	Vv__XP_010662020.1	1	1	1	3
OG0009604	one_gene_each_in_target_3species_from_ref7_Orthogroups	Cm__CmMahoganyH2.04G063700	Lc__Lchi02821	Vv__XP_002263358.2	2	2	1	1
OG0009605	one_gene_each_in_target_3species_from_ref7_Orthogroups	Cm__CmMahoganyH2.04G067300	Lc__Lchi25386	Vv__XP_002279078.1	1	2	1	2
OG0009606	one_gene_each_in_target_3species_from_ref7_Orthogroups	Cm__CmMahoganyH2.04G085600	Lc__Lchi05667	Vv__XP_002270678.1	1	1	1	3
OG0009608	one_gene_each_in_target_3species_from_ref7_Orthogroups	Cm__CmMahoganyH2.04G095500	Lc__Lchi14647	Vv__XP_002266495.2	1	1	3	1
OG0009609	one_gene_each_in_target_3species_from_ref7_Orthogroups	Cm__CmMahoganyH2.04G105000	Lc__Lchi04220	Vv__XP_003634305.1	1	1	2	2
OG0009618	one_gene_each_in_target_3species_from_ref7_Orthogroups	Cm__CmMahoganyH2.04G135500	Lc__Lchi07524	Vv__XP_002278928.1	1	2	1	2
OG0009626	one_gene_each_in_target_3species_from_ref7_Orthogroups	Cm__CmMahoganyH2.04G160700	Lc__Lchi05840	Vv__XP_002283786.1	1	1	2	2
OG0009627	one_gene_each_in_target_3species_from_ref7_Orthogroups	Cm__CmMahoganyH2.04G160800	Lc__Lchi14042	Vv__XP_002274963.1	1	1	3	1
OG0009628	one_gene_each_in_target_3species_from_ref7_Orthogroups	Cm__CmMahoganyH2.04G162700	Lc__Lchi22543	Vv__XP_002283991.2	1	2	1	2
OG0009631	one_gene_each_in_target_3species_from_ref7_Orthogroups	Cm__CmMahoganyH2.04G174700	Lc__Lchi02369	Vv__XP_002284664.1	2	1	1	2
OG0009634	one_gene_each_in_target_3species_from_ref7_Orthogroups	Cm__CmMahoganyH2.05G002400	Lc__Lchi02618	Vv__XP_002264017.1	1	1	2	2
OG0009635	one_gene_each_in_target_3species_from_ref7_Orthogroups	Cm__CmMahoganyH2.05G003200	Lc__Lchi02625	Vv__XP_002265894.1	3	1	1	1
OG0009638	one_gene_each_in_target_3species_from_ref7_Orthogroups	Cm__CmMahoganyH2.05G023300	Lc__Lchi11493	Vv__XP_002278228.1	1	1	3	1
OG0009643	one_gene_each_in_target_3species_from_ref7_Orthogroups	Cm__CmMahoganyH2.05G045700	Lc__Lchi08929	Vv__XP_002284038.1	0	2	1	3
OG0009646	one_gene_each_in_target_3species_from_ref7_Orthogroups	Cm__CmMahoganyH2.05G049500	Lc__Lchi00980	Vv__XP_002284390.1	1	1	2	2
OG0009648	one_gene_each_in_target_3species_from_ref7_Orthogroups	Cm__CmMahoganyH2.05G057100	Lc__Lchi04681	Vv__XP_010654695.1	0	2	1	3
OG0009656	one_gene_each_in_target_3species_from_ref7_Orthogroups	Cm__CmMahoganyH2.05G087300	Lc__Lchi08716	Vv__XP_010653969.1	2	2	1	1
OG0009661	one_gene_each_in_target_3species_from_ref7_Orthogroups	Cm__CmMahoganyH2.05G101000	Lc__Lchi03881	Vv__XP_002266892.1	2	1	1	2
OG0009664	one_gene_each_in_target_3species_from_ref7_Orthogroups	Cm__CmMahoganyH2.05G110100	Lc__Lchi02870	Vv__XP_002283861.1	1	1	3	1
OG0009668	one_gene_each_in_target_3species_from_ref7_Orthogroups	Cm__CmMahoganyH2.05G121800	Lc__Lchi06948	Vv__XP_002274716.1	0	1	2	3
OG0009669	one_gene_each_in_target_3species_from_ref7_Orthogroups	Cm__CmMahoganyH2.05G123400	Lc__Lchi09130	Vv__XP_010655645.1	1	2	1	2
OG0009670	one_gene_each_in_target_3species_from_ref7_Orthogroups	Cm__CmMahoganyH2.05G123600	Lc__Lchi06991	Vv__XP_002276305.1	1	2	1	2
OG0009673	one_gene_each_in_target_3species_from_ref7_Orthogroups	Cm__CmMahoganyH2.05G126300	Lc__Lchi07030	Vv__XP_019078070.1	0	4	0	2
OG0009676	one_gene_each_in_target_3species_from_ref7_Orthogroups	Cm__CmMahoganyH2.05G129100	Lc__Lchi18384	Vv__XP_002271644.2	2	1	2	1
OG0009683	one_gene_each_in_target_3species_from_ref7_Orthogroups	Cm__CmMahoganyH2.05G148200	Lc__Lchi15663	Vv__XP_002272177.2	1	1	1	3
OG0009684	one_gene_each_in_target_3species_from_ref7_Orthogroups	Cm__CmMahoganyH2.05G148600	Lc__Lchi06412	Vv__XP_002278475.1	1	2	1	2
OG0009686	one_gene_each_in_target_3species_from_ref7_Orthogroups	Cm__CmMahoganyH2.05G149500	Lc__Lchi19029	Vv__XP_002264671.3	1	1	1	3
OG0009689	one_gene_each_in_target_3species_from_ref7_Orthogroups	Cm__CmMahoganyH2.05G162800	Lc__Lchi09641	Vv__XP_019074139.1	1	2	1	2
OG0009694	one_gene_each_in_target_3species_from_ref7_Orthogroups	Cm__CmMahoganyH2.05G187700	Lc__Lchi16553	Vv__XP_002275624.1	1	2	1	2
OG0009695	one_gene_each_in_target_3species_from_ref7_Orthogroups	Cm__CmMahoganyH2.05G196700	Lc__Lchi25490	Vv__XP_003635071.1	1	1	2	2
OG0009708	one_gene_each_in_target_3species_from_ref7_Orthogroups	Cm__CmMahoganyH2.06G044800	Lc__Lchi00378	Vv__XP_002281637.1	1	1	2	2
OG0009711	one_gene_each_in_target_3species_from_ref7_Orthogroups	Cm__CmMahoganyH2.06G059600	Lc__Lchi13423	Vv__XP_002281921.2	1	1	3	1
OG0009712	one_gene_each_in_target_3species_from_ref7_Orthogroups	Cm__CmMahoganyH2.06G063300	Lc__Lchi17733	Vv__XP_002277545.1	2	2	1	1
OG0009713	one_gene_each_in_target_3species_from_ref7_Orthogroups	Cm__CmMahoganyH2.06G065700	Lc__Lchi09860	Vv__XP_002282332.2	3	1	1	1
OG0009719	one_gene_each_in_target_3species_from_ref7_Orthogroups	Cm__CmMahoganyH2.06G084300	Lc__Lchi28740	Vv__XP_002270988.3	1	1	2	2
OG0009720	one_gene_each_in_target_3species_from_ref7_Orthogroups	Cm__CmMahoganyH2.06G089700	Lc__Lchi17764	Vv__XP_002271163.1	2	1	2	1
OG0009726	one_gene_each_in_target_3species_from_ref7_Orthogroups	Cm__CmMahoganyH2.06G105500	Lc__Lchi27577	Vv__XP_002271384.1	1	1	3	1
OG0009727	one_gene_each_in_target_3species_from_ref7_Orthogroups	Cm__CmMahoganyH2.06G108000	Lc__Lchi17317	Vv__XP_010657270.1	1	1	0	4
OG0009728	one_gene_each_in_target_3species_from_ref7_Orthogroups	Cm__CmMahoganyH2.06G110500	Lc__Lchi10946	Vv__XP_002273873.2	1	2	1	2
OG0009734	one_gene_each_in_target_3species_from_ref7_Orthogroups	Cm__CmMahoganyH2.06G132700	Lc__Lchi07665	Vv__XP_002274406.2	1	1	3	1
OG0009739	one_gene_each_in_target_3species_from_ref7_Orthogroups	Cm__CmMahoganyH2.06G165000	Lc__Lchi21743	Vv__XP_010658598.1	1	1	2	2
OG0009740	one_gene_each_in_target_3species_from_ref7_Orthogroups	Cm__CmMahoganyH2.06G167100	Lc__Lchi19004	Vv__XP_002279438.1	1	3	1	1
OG0009745	one_gene_each_in_target_3species_from_ref7_Orthogroups	Cm__CmMahoganyH2.06G174400	Lc__Lchi26212	Vv__XP_002281209.1	3	1	1	1
OG0009750	one_gene_each_in_target_3species_from_ref7_Orthogroups	Cm__CmMahoganyH2.06G187600	Lc__Lchi04108	Vv__XP_002265627.1	1	1	3	1
OG0009756	one_gene_each_in_target_3species_from_ref7_Orthogroups	Cm__CmMahoganyH2.06G213100	Lc__Lchi13210	Vv__XP_002273474.1	1	1	3	1
OG0009757	one_gene_each_in_target_3species_from_ref7_Orthogroups	Cm__CmMahoganyH2.06G219400	Lc__Lchi17044	Vv__XP_002273571.1	1	1	1	3
OG0009766	one_gene_each_in_target_3species_from_ref7_Orthogroups	Cm__CmMahoganyH2.07G015200	Lc__Lchi11437	Vv__XP_002273803.1	2	1	2	1
OG0009772	one_gene_each_in_target_3species_from_ref7_Orthogroups	Cm__CmMahoganyH2.07G030600	Lc__Lchi05219	Vv__XP_010656704.1	2	1	2	1
OG0009776	one_gene_each_in_target_3species_from_ref7_Orthogroups	Cm__CmMahoganyH2.07G038000	Lc__Lchi12880	Vv__XP_010649389.1	0	1	5	0
OG0009782	one_gene_each_in_target_3species_from_ref7_Orthogroups	Cm__CmMahoganyH2.07G057100	Lc__Lchi02173	Vv__XP_002265790.1	2	1	2	1
OG0009783	one_gene_each_in_target_3species_from_ref7_Orthogroups	Cm__CmMahoganyH2.07G057800	Lc__Lchi01759	Vv__XP_002266729.1	2	1	2	1
OG0009791	one_gene_each_in_target_3species_from_ref7_Orthogroups	Cm__CmMahoganyH2.07G077200	Lc__Lchi20048	Vv__XP_002264519.3	1	1	2	2
OG0009797	one_gene_each_in_target_3species_from_ref7_Orthogroups	Cm__CmMahoganyH2.07G105800	Lc__Lchi24830	Vv__XP_002281840.1	1	1	2	2
OG0009798	one_gene_each_in_target_3species_from_ref7_Orthogroups	Cm__CmMahoganyH2.07G107100	Lc__Lchi13919	Vv__XP_010647789.1	3	1	1	1
OG0009799	one_gene_each_in_target_3species_from_ref7_Orthogroups	Cm__CmMahoganyH2.07G118000	Lc__Lchi09081	Vv__XP_003631607.1	2	1	1	2
OG0009800	one_gene_each_in_target_3species_from_ref7_Orthogroups	Cm__CmMahoganyH2.07G119800	Lc__Lchi18804	Vv__XP_003631654.1	1	1	1	3
OG0009802	one_gene_each_in_target_3species_from_ref7_Orthogroups	Cm__CmMahoganyH2.07G124700	Lc__Lchi11373	Vv__XP_002283597.1	2	1	1	2
OG0009803	one_gene_each_in_target_3species_from_ref7_Orthogroups	Cm__CmMahoganyH2.07G127600	Lc__Lchi29095	Vv__XP_002265886.1	1	1	1	3
OG0009807	one_gene_each_in_target_3species_from_ref7_Orthogroups	Cm__CmMahoganyH2.07G142300	Lc__Lchi28274	Vv__XP_002277761.1	1	2	1	2
OG0009811	one_gene_each_in_target_3species_from_ref7_Orthogroups	Cm__CmMahoganyH2.07G153200	Lc__Lchi31552	Vv__XP_002280567.1	1	2	1	2
OG0009813	one_gene_each_in_target_3species_from_ref7_Orthogroups	Cm__CmMahoganyH2.07G161000	Lc__Lchi12101	Vv__XP_002280324.1	0	1	0	5
OG0009814	one_gene_each_in_target_3species_from_ref7_Orthogroups	Cm__CmMahoganyH2.07G165300	Lc__Lchi06266	Vv__XP_002283109.1	1	1	2	2
OG0009820	one_gene_each_in_target_3species_from_ref7_Orthogroups	Cm__CmMahoganyH2.08G025400	Lc__Lchi04355	Vv__XP_002279214.1	2	1	2	1
OG0009821	one_gene_each_in_target_3species_from_ref7_Orthogroups	Cm__CmMahoganyH2.08G036100	Lc__Lchi11676	Vv__XP_002284524.1	1	1	1	3
OG0009826	one_gene_each_in_target_3species_from_ref7_Orthogroups	Cm__CmMahoganyH2.08G049600	Lc__Lchi12828	Vv__XP_002280661.1	1	1	3	1
OG0009827	one_gene_each_in_target_3species_from_ref7_Orthogroups	Cm__CmMahoganyH2.08G059700	Lc__Lchi15902	Vv__XP_002281319.1	1	1	3	1
OG0009832	one_gene_each_in_target_3species_from_ref7_Orthogroups	Cm__CmMahoganyH2.08G076400	Lc__Lchi22623	Vv__XP_002263126.1	1	3	1	1
OG0009833	one_gene_each_in_target_3species_from_ref7_Orthogroups	Cm__CmMahoganyH2.08G086700	Lc__Lchi02128	Vv__XP_002271199.1	1	2	2	1
OG0009835	one_gene_each_in_target_3species_from_ref7_Orthogroups	Cm__CmMahoganyH2.08G091700	Lc__Lchi14881	Vv__XP_002264570.1	1	1	2	2
OG0009837	one_gene_each_in_target_3species_from_ref7_Orthogroups	Cm__CmMahoganyH2.08G094900	Lc__Lchi11743	Vv__XP_002273318.1	1	0	4	1
OG0009845	one_gene_each_in_target_3species_from_ref7_Orthogroups	Cm__CmMahoganyH2.08G114400	Lc__Lchi10431	Vv__XP_019076380.1	1	2	2	1
OG0009850	one_gene_each_in_target_3species_from_ref7_Orthogroups	Cm__CmMahoganyH2.08G124500	Lc__Lchi21023	Vv__XP_002274717.1	1	1	3	1
OG0009851	one_gene_each_in_target_3species_from_ref7_Orthogroups	Cm__CmMahoganyH2.08G127200	Lc__Lchi19811	Vv__XP_002273076.2	2	1	1	2
OG0009853	one_gene_each_in_target_3species_from_ref7_Orthogroups	Cm__CmMahoganyH2.08G130800	Lc__Lchi30817	Vv__XP_002283677.1	1	2	2	1
OG0009855	one_gene_each_in_target_3species_from_ref7_Orthogroups	Cm__CmMahoganyH2.08G141000	Lc__Lchi09797	Vv__XP_010651371.1	2	1	1	2
OG0009857	one_gene_each_in_target_3species_from_ref7_Orthogroups	Cm__CmMahoganyH2.08G146500	Lc__Lchi22309	Vv__XP_002271328.1	2	2	0	2
OG0009860	one_gene_each_in_target_3species_from_ref7_Orthogroups	Cm__CmMahoganyH2.08G159800	Lc__Lchi27044	Vv__XP_002274339.2	1	1	1	3
OG0009862	one_gene_each_in_target_3species_from_ref7_Orthogroups	Cm__CmMahoganyH2.08G165600	Lc__Lchi14389	Vv__XP_010661643.1	1	1	2	2
OG0009872	one_gene_each_in_target_3species_from_ref7_Orthogroups	Cm__CmMahoganyH2.09G016100	Lc__Lchi21958	Vv__XP_002274790.1	1	1	4	0
OG0009874	one_gene_each_in_target_3species_from_ref7_Orthogroups	Cm__CmMahoganyH2.09G029000	Lc__Lchi01915	Vv__XP_002282209.1	1	2	1	2
OG0009876	one_gene_each_in_target_3species_from_ref7_Orthogroups	Cm__CmMahoganyH2.09G035700	Lc__Lchi20497	Vv__XP_010653997.1	2	2	1	1
OG0009882	one_gene_each_in_target_3species_from_ref7_Orthogroups	Cm__CmMahoganyH2.09G053600	Lc__Lchi21025	Vv__XP_002276439.2	1	1	2	2
OG0009884	one_gene_each_in_target_3species_from_ref7_Orthogroups	Cm__CmMahoganyH2.09G066900	Lc__Lchi18294	Vv__XP_002266769.1	1	3	1	1
OG0009889	one_gene_each_in_target_3species_from_ref7_Orthogroups	Cm__CmMahoganyH2.09G085500	Lc__Lchi27736	Vv__XP_003632587.1	1	2	2	1
OG0009890	one_gene_each_in_target_3species_from_ref7_Orthogroups	Cm__CmMahoganyH2.09G089600	Lc__Lchi07343	Vv__XP_002271868.1	1	1	1	3
OG0009892	one_gene_each_in_target_3species_from_ref7_Orthogroups	Cm__CmMahoganyH2.09G100000	Lc__Lchi04213	Vv__XP_002274763.1	2	1	2	1
OG0009894	one_gene_each_in_target_3species_from_ref7_Orthogroups	Cm__CmMahoganyH2.09G108000	Lc__Lchi25243	Vv__XP_002269129.1	2	1	1	2
OG0009895	one_gene_each_in_target_3species_from_ref7_Orthogroups	Cm__CmMahoganyH2.09G114400	Lc__Lchi02803	Vv__XP_002280176.2	1	2	2	1
OG0009896	one_gene_each_in_target_3species_from_ref7_Orthogroups	Cm__CmMahoganyH2.09G114500	Lc__Lchi02805	Vv__XP_002280154.1	1	2	2	1
OG0009898	one_gene_each_in_target_3species_from_ref7_Orthogroups	Cm__CmMahoganyH2.09G135500	Lc__Lchi23897	Vv__XP_002273309.1	1	3	1	1
OG0009901	one_gene_each_in_target_3species_from_ref7_Orthogroups	Cm__CmMahoganyH2.09G142300	Lc__Lchi14961	Vv__XP_002265407.1	1	2	2	1
OG0009908	one_gene_each_in_target_3species_from_ref7_Orthogroups	Cm__CmMahoganyH2.09G157800	Lc__Lchi29832	Vv__XP_002275980.1	2	2	1	1
OG0009909	one_gene_each_in_target_3species_from_ref7_Orthogroups	Cm__CmMahoganyH2.09G158500	Lc__Lchi08451	Vv__XP_002276357.1	2	2	1	1
OG0009911	one_gene_each_in_target_3species_from_ref7_Orthogroups	Cm__CmMahoganyH2.09G162500	Lc__Lchi12960	Vv__XP_002279657.2	1	2	1	2
OG0009917	one_gene_each_in_target_3species_from_ref7_Orthogroups	Cm__CmMahoganyH2.10G008700	Lc__Lchi08333	Vv__XP_002277265.1	1	1	1	3
OG0009921	one_gene_each_in_target_3species_from_ref7_Orthogroups	Cm__CmMahoganyH2.10G024500	Lc__Lchi05952	Vv__XP_002281252.1	2	2	1	1
OG0009927	one_gene_each_in_target_3species_from_ref7_Orthogroups	Cm__CmMahoganyH2.10G041000	Lc__Lchi06018	Vv__XP_010646931.1	1	1	3	1
OG0009929	one_gene_each_in_target_3species_from_ref7_Orthogroups	Cm__CmMahoganyH2.10G051000	Lc__Lchi17556	Vv__NP_001268124.1	1	3	1	1
OG0009934	one_gene_each_in_target_3species_from_ref7_Orthogroups	Cm__CmMahoganyH2.10G072300	Lc__Lchi16773	Vv__XP_019076745.1	2	1	2	1
OG0009935	one_gene_each_in_target_3species_from_ref7_Orthogroups	Cm__CmMahoganyH2.10G073200	Lc__Lchi14869	Vv__XP_003632323.1	1	1	2	2
OG0009937	one_gene_each_in_target_3species_from_ref7_Orthogroups	Cm__CmMahoganyH2.10G089700	Lc__Lchi04755	Vv__XP_002282283.2	0	5	0	1
OG0009938	one_gene_each_in_target_3species_from_ref7_Orthogroups	Cm__CmMahoganyH2.10G090600	Lc__Lchi11521	Vv__XP_002283635.1	2	1	1	2
OG0009940	one_gene_each_in_target_3species_from_ref7_Orthogroups	Cm__CmMahoganyH2.10G096600	Lc__Lchi05206	Vv__XP_002280907.1	1	2	1	2
OG0009941	one_gene_each_in_target_3species_from_ref7_Orthogroups	Cm__CmMahoganyH2.10G099600	Lc__Lchi01006	Vv__XP_019074817.1	1	1	1	3
OG0009944	one_gene_each_in_target_3species_from_ref7_Orthogroups	Cm__CmMahoganyH2.10G101600	Lc__Lchi00967	Vv__XP_002281453.1	1	1	3	1
OG0009947	one_gene_each_in_target_3species_from_ref7_Orthogroups	Cm__CmMahoganyH2.10G107100	Lc__Lchi00321	Vv__XP_002268744.1	2	1	1	2
OG0009951	one_gene_each_in_target_3species_from_ref7_Orthogroups	Cm__CmMahoganyH2.10G117600	Lc__Lchi00399	Vv__XP_002269478.3	1	1	2	2
OG0009956	one_gene_each_in_target_3species_from_ref7_Orthogroups	Cm__CmMahoganyH2.10G124000	Lc__Lchi13174	Vv__XP_002278759.1	0	3	2	1
OG0009957	one_gene_each_in_target_3species_from_ref7_Orthogroups	Cm__CmMahoganyH2.10G126000	Lc__Lchi13113	Vv__XP_002273444.1	2	2	1	1
OG0009958	one_gene_each_in_target_3species_from_ref7_Orthogroups	Cm__CmMahoganyH2.10G128300	Lc__Lchi13200	Vv__XP_019072490.1	1	1	3	1
OG0009965	one_gene_each_in_target_3species_from_ref7_Orthogroups	Cm__CmMahoganyH2.10G142100	Lc__Lchi03033	Vv__XP_002285809.1	1	1	2	2
OG0009966	one_gene_each_in_target_3species_from_ref7_Orthogroups	Cm__CmMahoganyH2.10G150100	Lc__Lchi13749	Vv__XP_010664345.1	1	1	2	2
OG0009970	one_gene_each_in_target_3species_from_ref7_Orthogroups	Cm__CmMahoganyH2.10G159500	Lc__Lchi26173	Vv__XP_002269952.1	2	2	1	1
OG0009976	one_gene_each_in_target_3species_from_ref7_Orthogroups	Cm__CmMahoganyH2.10G178900	Lc__Lchi14518	Vv__XP_002270604.1	1	1	0	4
OG0009978	one_gene_each_in_target_3species_from_ref7_Orthogroups	Cm__CmMahoganyH2.11G001400	Lc__Lchi20395	Vv__XP_002278530.1	3	1	1	1
OG0009982	one_gene_each_in_target_3species_from_ref7_Orthogroups	Cm__CmMahoganyH2.11G033900	Lc__Lchi22300	Vv__XP_002276604.1	1	2	2	1
OG0009988	one_gene_each_in_target_3species_from_ref7_Orthogroups	Cm__CmMahoganyH2.11G045600	Lc__Lchi03626	Vv__XP_002265712.1	1	1	3	1
OG0009989	one_gene_each_in_target_3species_from_ref7_Orthogroups	Cm__CmMahoganyH2.11G049600	Lc__Lchi15384	Vv__XP_002265275.1	1	1	2	2
OG0009990	one_gene_each_in_target_3species_from_ref7_Orthogroups	Cm__CmMahoganyH2.11G052600	Lc__Lchi26116	Vv__XP_002263255.1	3	1	1	1
OG0009991	one_gene_each_in_target_3species_from_ref7_Orthogroups	Cm__CmMahoganyH2.11G053600	Lc__Lchi06625	Vv__XP_010661190.1	0	1	3	2
OG0009994	one_gene_each_in_target_3species_from_ref7_Orthogroups	Cm__CmMahoganyH2.11G062100	Lc__Lchi14159	Vv__NP_001267974.1	1	1	3	1
OG0009996	one_gene_each_in_target_3species_from_ref7_Orthogroups	Cm__CmMahoganyH2.11G067700	Lc__Lchi27089	Vv__XP_002279419.1	1	1	1	3
OG0010001	one_gene_each_in_target_3species_from_ref7_Orthogroups	Cm__CmMahoganyH2.11G088700	Lc__Lchi11017	Vv__XP_002268345.2	1	2	2	1
OG0010008	one_gene_each_in_target_3species_from_ref7_Orthogroups	Cm__CmMahoganyH2.11G112500	Lc__Lchi06042	Vv__XP_002274198.1	2	2	1	1
OG0010009	one_gene_each_in_target_3species_from_ref7_Orthogroups	Cm__CmMahoganyH2.11G121100	Lc__Lchi01404	Vv__XP_002271322.1	3	1	1	1
OG0010012	one_gene_each_in_target_3species_from_ref7_Orthogroups	Cm__CmMahoganyH2.11G131400	Lc__Lchi05919	Vv__XP_002263231.1	2	2	1	1
OG0010021	one_gene_each_in_target_3species_from_ref7_Orthogroups	Cm__CmMahoganyH2.11G169000	Lc__Lchi12061	Vv__XP_010659437.1	1	2	2	1
OG0010028	one_gene_each_in_target_3species_from_ref7_Orthogroups	Cm__CmMahoganyH2.12G033900	Lc__Lchi19298	Vv__XP_002275994.2	1	1	1	3
OG0010029	one_gene_each_in_target_3species_from_ref7_Orthogroups	Cm__CmMahoganyH2.12G036300	Lc__Lchi30391	Vv__XP_002283746.1	2	1	2	1
OG0010032	one_gene_each_in_target_3species_from_ref7_Orthogroups	Cm__CmMahoganyH2.12G039100	Lc__Lchi29047	Vv__XP_003634169.1	1	1	4	0
OG0010034	one_gene_each_in_target_3species_from_ref7_Orthogroups	Cm__CmMahoganyH2.12G044800	Lc__Lchi17031	Vv__XP_002267522.1	1	1	2	2
OG0010038	one_gene_each_in_target_3species_from_ref7_Orthogroups	Cm__CmMahoganyH2.12G063100	Lc__Lchi04982	Vv__XP_002274057.2	1	1	2	2
OG0010041	one_gene_each_in_target_3species_from_ref7_Orthogroups	Cm__CmMahoganyH2.12G091600	Lc__Lchi08310	Vv__XP_002272266.1	1	1	2	2
OG0010044	one_gene_each_in_target_3species_from_ref7_Orthogroups	Cm__CmMahoganyH2.12G103400	Lc__Lchi01275	Vv__XP_002278821.1	1	2	2	1
OG0010048	one_gene_each_in_target_3species_from_ref7_Orthogroups	Cm__CmMahoganyH2.12G123600	Lc__Lchi02182	Vv__XP_002285847.1	2	1	2	1
OG0010050	one_gene_each_in_target_3species_from_ref7_Orthogroups	Cm__CmMahoganyH2.12G133600	Lc__Lchi05461	Vv__XP_010652370.1	1	1	1	3
OG0010055	one_gene_each_in_target_3species_from_ref7_Orthogroups	Cm__CmMahoganyH2.12G143100	Lc__Lchi24165	Vv__XP_002271401.1	1	1	2	2
OG0010057	one_gene_each_in_target_3species_from_ref7_Orthogroups	Cm__CmMahoganyH2.12G145400	Lc__Lchi06012	Vv__XP_002263208.1	2	2	1	1
OG0010061	one_gene_each_in_target_3species_from_ref7_Orthogroups	Cm__CmMahoganyH2.12G171200	Lc__Lchi02573	Vv__XP_003635010.1	2	1	3	0
OG0010202	one_gene_each_in_target_3species_from_ref7_Orthogroups	Cm__CmMahoganyH2.06G081100	Lc__Lchi17481	Vv__XP_019078803.1	1	2	1	1
OG0010203	one_gene_each_in_target_3species_from_ref7_Orthogroups	Cm__CmMahoganyH2.01G322000	Lc__Lchi22801	Vv__XP_019080268.1	0	1	2	2
OG0010215	one_gene_each_in_target_3species_from_ref7_Orthogroups	Cm__CmMahoganyH2.11G028600	Lc__Lchi27498	Vv__XP_002266128.1	1	2	1	1
OG0010227	one_gene_each_in_target_3species_from_ref7_Orthogroups	Cm__CmMahoganyH2.12G178800	Lc__Lchi22156	Vv__XP_002268160.2	0	1	1	3
OG0010237	one_gene_each_in_target_3species_from_ref7_Orthogroups	Cm__CmMahoganyH2.04G048800	Lc__Lchi02021	Vv__XP_003632537.1	2	1	1	1
OG0010245	one_gene_each_in_target_3species_from_ref7_Orthogroups	Cm__CmMahoganyH2.12G078000	Lc__Lchi17949	Vv__XP_003634421.1	0	1	2	2
OG0010247	one_gene_each_in_target_3species_from_ref7_Orthogroups	Cm__CmMahoganyH2.04G003000	Lc__Lchi05304	Vv__XP_010650752.1	1	1	2	1
OG0010251	one_gene_each_in_target_3species_from_ref7_Orthogroups	Cm__CmMahoganyH2.01G089500	Lc__Lchi02743	Vv__XP_002281615.2	1	1	1	2
OG0010252	one_gene_each_in_target_3species_from_ref7_Orthogroups	Cm__CmMahoganyH2.09G057400	Lc__Lchi19808	Vv__XP_002275955.2	1	1	1	2
OG0010267	one_gene_each_in_target_3species_from_ref7_Orthogroups	Cm__CmMahoganyH2.12G062800	Lc__Lchi04989	Vv__XP_002273978.2	1	1	3	0
OG0010271	one_gene_each_in_target_3species_from_ref7_Orthogroups	Cm__CmMahoganyH2.04G063400	Lc__Lchi02835	Vv__XP_002279279.1	2	1	1	1
OG0010273	one_gene_each_in_target_3species_from_ref7_Orthogroups	Cm__CmMahoganyH2.08G169400	Lc__Lchi09381	Vv__XP_019078009.1	0	1	1	3
OG0010278	one_gene_each_in_target_3species_from_ref7_Orthogroups	Cm__CmMahoganyH2.08G017100	Lc__Lchi21792	Vv__XP_002279580.1	1	1	2	1
OG0010285	one_gene_each_in_target_3species_from_ref7_Orthogroups	Cm__CmMahoganyH2.02G049300	Lc__Lchi04611	Vv__XP_002270564.1	2	1	1	1
OG0010288	one_gene_each_in_target_3species_from_ref7_Orthogroups	Cm__CmMahoganyH2.06G216800	Lc__Lchi15646	Vv__XP_010661522.1	1	1	2	1
OG0010292	one_gene_each_in_target_3species_from_ref7_Orthogroups	Cm__CmMahoganyH2.06G106100	Lc__Lchi10755	Vv__XP_002279062.1	0	1	2	2
OG0010304	one_gene_each_in_target_3species_from_ref7_Orthogroups	Cm__CmMahoganyH2.05G000800	Lc__Lchi11500	Vv__XP_019077806.1	1	1	1	2
OG0010307	one_gene_each_in_target_3species_from_ref7_Orthogroups	Cm__CmMahoganyH2.05G097400	Lc__Lchi08480	Vv__XP_002272881.1	1	2	1	1
OG0010309	one_gene_each_in_target_3species_from_ref7_Orthogroups	Cm__CmMahoganyH2.01G047700	Lc__Lchi28238	Vv__XP_002281331.1	2	1	1	1
OG0010312	one_gene_each_in_target_3species_from_ref7_Orthogroups	Cm__CmMahoganyH2.08G019000	Lc__Lchi25823	Vv__XP_010657459.1	1	1	0	3
OG0010313	one_gene_each_in_target_3species_from_ref7_Orthogroups	Cm__CmMahoganyH2.07G063100	Lc__Lchi03087	Vv__XP_002274579.1	0	1	2	2
OG0010317	one_gene_each_in_target_3species_from_ref7_Orthogroups	Cm__CmMahoganyH2.01G208300	Lc__Lchi02785	Vv__XP_019078342.1	2	1	1	1
OG0010318	one_gene_each_in_target_3species_from_ref7_Orthogroups	Cm__CmMahoganyH2.06G206100	Lc__Lchi11909	Vv__XP_002272112.1	2	1	1	1
OG0010319	one_gene_each_in_target_3species_from_ref7_Orthogroups	Cm__CmMahoganyH2.01G340300	Lc__Lchi03198	Vv__XP_010656799.1	3	0	1	1
OG0010320	one_gene_each_in_target_3species_from_ref7_Orthogroups	Cm__CmMahoganyH2.01G348400	Lc__Lchi03258	Vv__XP_002269944.1	0	1	3	1
OG0010322	one_gene_each_in_target_3species_from_ref7_Orthogroups	Cm__CmMahoganyH2.01G367300	Lc__Lchi16153	Vv__XP_002268014.1	1	1	2	1
OG0010323	one_gene_each_in_target_3species_from_ref7_Orthogroups	Cm__CmMahoganyH2.01G070600	Lc__Lchi28585	Vv__XP_019071736.1	1	1	1	2
OG0010333	one_gene_each_in_target_3species_from_ref7_Orthogroups	Cm__CmMahoganyH2.03G116500	Lc__Lchi16450	Vv__XP_002262750.1	0	1	3	1
OG0010334	one_gene_each_in_target_3species_from_ref7_Orthogroups	Cm__CmMahoganyH2.06G124900	Lc__Lchi00777	Vv__XP_002281095.2	1	2	1	1
OG0010335	one_gene_each_in_target_3species_from_ref7_Orthogroups	Cm__CmMahoganyH2.10G054900	Lc__Lchi04884	Vv__XP_002275215.1	2	0	2	1
OG0010340	one_gene_each_in_target_3species_from_ref7_Orthogroups	Cm__CmMahoganyH2.02G022400	Lc__Lchi19756	Vv__XP_010649878.1	1	1	1	2
OG0010345	one_gene_each_in_target_3species_from_ref7_Orthogroups	Cm__CmMahoganyH2.08G116500	Lc__Lchi30746	Vv__XP_002268701.1	1	2	1	1
OG0010361	one_gene_each_in_target_3species_from_ref7_Orthogroups	Cm__CmMahoganyH2.08G009900	Lc__Lchi09528	Vv__XP_002281867.1	0	1	1	3
OG0010364	one_gene_each_in_target_3species_from_ref7_Orthogroups	Cm__CmMahoganyH2.04G140700	Lc__Lchi14177	Vv__XP_010663103.1	1	1	2	1
OG0010367	one_gene_each_in_target_3species_from_ref7_Orthogroups	Cm__CmMahoganyH2.01G205200	Lc__Lchi33149	Vv__XP_002277478.1	1	2	1	1
OG0010369	one_gene_each_in_target_3species_from_ref7_Orthogroups	Cm__CmMahoganyH2.08G013500	Lc__Lchi20464	Vv__XP_002282642.1	2	1	1	1
OG0010372	one_gene_each_in_target_3species_from_ref7_Orthogroups	Cm__CmMahoganyH2.10G162500	Lc__Lchi11323	Vv__XP_002281318.1	1	1	1	2
OG0010381	one_gene_each_in_target_3species_from_ref7_Orthogroups	Cm__CmMahoganyH2.09G042600	Lc__Lchi10449	Vv__XP_002283988.1	1	1	1	2
OG0010382	one_gene_each_in_target_3species_from_ref7_Orthogroups	Cm__CmMahoganyH2.02G211700	Lc__Lchi23575	Vv__XP_003635456.1	1	1	2	1
OG0010392	one_gene_each_in_target_3species_from_ref7_Orthogroups	Cm__CmMahoganyH2.06G189000	Lc__Lchi09522	Vv__XP_002266821.1	1	1	3	0
OG0010393	one_gene_each_in_target_3species_from_ref7_Orthogroups	Cm__CmMahoganyH2.02G045700	Lc__Lchi00338	Vv__XP_002271765.1	1	2	0	2
OG0010400	one_gene_each_in_target_3species_from_ref7_Orthogroups	Cm__CmMahoganyH2.07G114800	Lc__Lchi18794	Vv__XP_003631646.1	0	3	1	1
OG0010405	one_gene_each_in_target_3species_from_ref7_Orthogroups	Cm__CmMahoganyH2.01G357500	Lc__Lchi01865	Vv__XP_002265195.1	1	1	2	1
OG0010408	one_gene_each_in_target_3species_from_ref7_Orthogroups	Cm__CmMahoganyH2.02G198900	Lc__Lchi09813	Vv__XP_002266219.3	1	1	1	2
OG0010413	one_gene_each_in_target_3species_from_ref7_Orthogroups	Cm__CmMahoganyH2.03G156500	Lc__Lchi23696	Vv__XP_002266929.1	0	1	2	2
OG0010417	one_gene_each_in_target_3species_from_ref7_Orthogroups	Cm__CmMahoganyH2.02G084700	Lc__Lchi05464	Vv__XP_010650093.1	1	1	2	1
OG0010418	one_gene_each_in_target_3species_from_ref7_Orthogroups	Cm__CmMahoganyH2.07G165800	Lc__Lchi32737	Vv__XP_002285388.1	0	3	1	1
OG0010419	one_gene_each_in_target_3species_from_ref7_Orthogroups	Cm__CmMahoganyH2.05G168100	Lc__Lchi10825	Vv__XP_003634849.1	0	1	3	1
OG0010422	one_gene_each_in_target_3species_from_ref7_Orthogroups	Cm__CmMahoganyH2.01G365400	Lc__Lchi16181	Vv__XP_002264623.1	1	2	1	1
OG0010430	one_gene_each_in_target_3species_from_ref7_Orthogroups	Cm__CmMahoganyH2.12G165600	Lc__Lchi03759	Vv__XP_002283378.1	1	1	1	2
OG0010432	one_gene_each_in_target_3species_from_ref7_Orthogroups	Cm__CmMahoganyH2.01G130300	Lc__Lchi06564	Vv__XP_002279642.1	2	1	1	1
OG0010436	one_gene_each_in_target_3species_from_ref7_Orthogroups	Cm__CmMahoganyH2.06G138800	Lc__Lchi33311	Vv__XP_002273466.1	1	2	1	1
OG0010437	one_gene_each_in_target_3species_from_ref7_Orthogroups	Cm__CmMahoganyH2.11G178400	Lc__Lchi06160	Vv__XP_003633575.1	2	1	1	1
OG0010440	one_gene_each_in_target_3species_from_ref7_Orthogroups	Cm__CmMahoganyH2.05G098700	Lc__Lchi08474	Vv__XP_010655487.1	1	2	1	1
OG0010441	one_gene_each_in_target_3species_from_ref7_Orthogroups	Cm__CmMahoganyH2.01G160700	Lc__Lchi24672	Vv__XP_010645822.2	2	1	1	1
OG0010447	one_gene_each_in_target_3species_from_ref7_Orthogroups	Cm__CmMahoganyH2.05G029800	Lc__Lchi03413	Vv__XP_010654530.1	1	1	1	2
OG0010452	one_gene_each_in_target_3species_from_ref7_Orthogroups	Cm__CmMahoganyH2.06G187400	Lc__Lchi02545	Vv__XP_010658366.1	1	1	1	2
OG0010453	one_gene_each_in_target_3species_from_ref7_Orthogroups	Cm__CmMahoganyH2.01G072700	Lc__Lchi09743	Vv__XP_002265069.1	2	1	1	1
OG0010454	one_gene_each_in_target_3species_from_ref7_Orthogroups	Cm__CmMahoganyH2.10G143500	Lc__Lchi18666	Vv__XP_019071785.1	1	1	1	2
OG0010456	one_gene_each_in_target_3species_from_ref7_Orthogroups	Cm__CmMahoganyH2.02G197400	Lc__Lchi03067	Vv__XP_019073894.1	1	2	1	1
OG0010460	one_gene_each_in_target_3species_from_ref7_Orthogroups	Cm__CmMahoganyH2.08G086500	Lc__Lchi24427	Vv__XP_010651550.1	1	1	1	2
OG0010463	one_gene_each_in_target_3species_from_ref7_Orthogroups	Cm__CmMahoganyH2.07G038600	Lc__Lchi26830	Vv__XP_002275462.3	2	1	1	1
OG0010466	one_gene_each_in_target_3species_from_ref7_Orthogroups	Cm__CmMahoganyH2.09G070000	Lc__Lchi04005	Vv__XP_002279057.1	1	2	1	1
OG0010471	one_gene_each_in_target_3species_from_ref7_Orthogroups	Cm__CmMahoganyH2.08G108700	Lc__Lchi10827	Vv__XP_002276131.1	1	1	2	1
OG0010472	one_gene_each_in_target_3species_from_ref7_Orthogroups	Cm__CmMahoganyH2.09G014100	Lc__Lchi26214	Vv__XP_010653483.1	1	1	2	1
OG0010473	one_gene_each_in_target_3species_from_ref7_Orthogroups	Cm__CmMahoganyH2.01G021000	Lc__Lchi20921	Vv__XP_002285006.1	1	1	1	2
OG0010474	one_gene_each_in_target_3species_from_ref7_Orthogroups	Cm__CmMahoganyH2.08G170000	Lc__Lchi27438	Vv__XP_002280363.3	1	1	1	2
OG0010477	one_gene_each_in_target_3species_from_ref7_Orthogroups	Cm__CmMahoganyH2.11G107900	Lc__Lchi09477	Vv__XP_003633934.2	1	2	1	1
OG0010481	one_gene_each_in_target_3species_from_ref7_Orthogroups	Cm__CmMahoganyH2.06G000700	Lc__Lchi19050	Vv__XP_002265525.3	0	1	1	3
OG0010483	one_gene_each_in_target_3species_from_ref7_Orthogroups	Cm__CmMahoganyH2.07G053600	Lc__Lchi18531	Vv__XP_002274319.3	1	1	1	2
OG0010487	one_gene_each_in_target_3species_from_ref7_Orthogroups	Cm__CmMahoganyH2.12G156200	Lc__Lchi29645	Vv__XP_010646828.1	1	1	1	2
OG0010491	one_gene_each_in_target_3species_from_ref7_Orthogroups	Cm__CmMahoganyH2.10G104300	Lc__Lchi20768	Vv__XP_010652227.1	0	2	1	2
OG0010493	one_gene_each_in_target_3species_from_ref7_Orthogroups	Cm__CmMahoganyH2.12G041900	Lc__Lchi14118	Vv__XP_002269132.1	1	1	1	2
OG0010495	one_gene_each_in_target_3species_from_ref7_Orthogroups	Cm__CmMahoganyH2.01G266400	Lc__Lchi07534	Vv__XP_002276200.2	1	1	2	1
OG0010497	one_gene_each_in_target_3species_from_ref7_Orthogroups	Cm__CmMahoganyH2.02G020800	Lc__Lchi19768	Vv__XP_002281432.1	1	2	1	1
OG0010502	one_gene_each_in_target_3species_from_ref7_Orthogroups	Cm__CmMahoganyH2.04G040700	Lc__Lchi02546	Vv__XP_002268575.1	0	2	2	1
OG0010504	one_gene_each_in_target_3species_from_ref7_Orthogroups	Cm__CmMahoganyH2.07G136700	Lc__Lchi21465	Vv__XP_002274871.1	1	1	2	1
OG0010506	one_gene_each_in_target_3species_from_ref7_Orthogroups	Cm__CmMahoganyH2.09G095600	Lc__Lchi26042	Vv__XP_002264349.1	1	1	1	2
OG0010507	one_gene_each_in_target_3species_from_ref7_Orthogroups	Cm__CmMahoganyH2.11G058800	Lc__Lchi21016	Vv__XP_003631733.1	1	1	1	2
OG0010511	one_gene_each_in_target_3species_from_ref7_Orthogroups	Cm__CmMahoganyH2.05G165500	Lc__Lchi17761	Vv__XP_010647439.1	1	1	1	2
OG0010512	one_gene_each_in_target_3species_from_ref7_Orthogroups	Cm__CmMahoganyH2.02G113500	Lc__Lchi26156	Vv__XP_002281894.1	1	2	1	1
OG0010518	one_gene_each_in_target_3species_from_ref7_Orthogroups	Cm__CmMahoganyH2.05G097200	Lc__Lchi09913	Vv__XP_019077985.1	1	2	1	1
OG0010521	one_gene_each_in_target_3species_from_ref7_Orthogroups	Cm__CmMahoganyH2.10G077300	Lc__Lchi19754	Vv__XP_002275123.1	2	1	1	1
OG0010531	one_gene_each_in_target_3species_from_ref7_Orthogroups	Cm__CmMahoganyH2.08G007300	Lc__Lchi14809	Vv__XP_002276037.1	2	1	1	1
OG0010532	one_gene_each_in_target_3species_from_ref7_Orthogroups	Cm__CmMahoganyH2.08G178400	Lc__Lchi00799	Vv__XP_002267285.1	1	1	1	2
OG0010533	one_gene_each_in_target_3species_from_ref7_Orthogroups	Cm__CmMahoganyH2.01G098500	Lc__Lchi03778	Vv__XP_010648747.1	1	1	2	1
OG0010534	one_gene_each_in_target_3species_from_ref7_Orthogroups	Cm__CmMahoganyH2.01G102100	Lc__Lchi17420	Vv__XP_002285410.1	2	1	1	1
OG0010535	one_gene_each_in_target_3species_from_ref7_Orthogroups	Cm__CmMahoganyH2.09G080500	Lc__Lchi18370	Vv__XP_010653407.1	1	1	1	2
OG0010537	one_gene_each_in_target_3species_from_ref7_Orthogroups	Cm__CmMahoganyH2.01G178700	Lc__Lchi24159	Vv__XP_002271394.1	1	1	1	2
OG0010540	one_gene_each_in_target_3species_from_ref7_Orthogroups	Cm__CmMahoganyH2.03G113700	Lc__Lchi24659	Vv__XP_002281184.1	1	2	1	1
OG0010541	one_gene_each_in_target_3species_from_ref7_Orthogroups	Cm__CmMahoganyH2.02G044700	Lc__Lchi00359	Vv__XP_002273923.1	1	1	2	1
OG0010542	one_gene_each_in_target_3species_from_ref7_Orthogroups	Cm__CmMahoganyH2.08G045500	Lc__Lchi22869	Vv__XP_002280961.1	2	1	2	0
OG0010555	one_gene_each_in_target_3species_from_ref7_Orthogroups	Cm__CmMahoganyH2.11G191500	Lc__Lchi02807	Vv__XP_002271062.1	2	2	0	1
OG0010557	one_gene_each_in_target_3species_from_ref7_Orthogroups	Cm__CmMahoganyH2.01G131300	Lc__Lchi32024	Vv__XP_002280162.1	0	1	3	1
OG0010561	one_gene_each_in_target_3species_from_ref7_Orthogroups	Cm__CmMahoganyH2.06G140900	Lc__Lchi04495	Vv__XP_002270666.1	1	1	1	2
OG0010562	one_gene_each_in_target_3species_from_ref7_Orthogroups	Cm__CmMahoganyH2.08G087600	Lc__Lchi22234	Vv__XP_019076333.1	1	1	1	2
OG0010563	one_gene_each_in_target_3species_from_ref7_Orthogroups	Cm__CmMahoganyH2.12G174200	Lc__Lchi01785	Vv__XP_002268996.1	0	1	2	2
OG0010565	one_gene_each_in_target_3species_from_ref7_Orthogroups	Cm__CmMahoganyH2.06G045100	Lc__Lchi12935	Vv__XP_002281703.1	0	1	1	3
OG0010570	one_gene_each_in_target_3species_from_ref7_Orthogroups	Cm__CmMahoganyH2.11G054900	Lc__Lchi09430	Vv__XP_010648218.1	0	2	1	2
OG0010573	one_gene_each_in_target_3species_from_ref7_Orthogroups	Cm__CmMahoganyH2.01G021200	Lc__Lchi18628	Vv__XP_002283006.1	1	1	1	2
OG0010574	one_gene_each_in_target_3species_from_ref7_Orthogroups	Cm__CmMahoganyH2.02G210200	Lc__Lchi18692	Vv__XP_002263132.3	1	2	1	1
OG0010578	one_gene_each_in_target_3species_from_ref7_Orthogroups	Cm__CmMahoganyH2.01G269800	Lc__Lchi07481	Vv__XP_002278059.1	1	0	1	3
OG0010579	one_gene_each_in_target_3species_from_ref7_Orthogroups	Cm__CmMahoganyH2.01G328700	Lc__Lchi17595	Vv__XP_002275774.2	1	0	1	3
OG0010582	one_gene_each_in_target_3species_from_ref7_Orthogroups	Cm__CmMahoganyH2.02G177600	Lc__Lchi18789	Vv__XP_002270711.1	1	2	1	1
OG0010585	one_gene_each_in_target_3species_from_ref7_Orthogroups	Cm__CmMahoganyH2.12G002600	Lc__Lchi01962	Vv__XP_002267315.1	2	1	0	2
OG0010587	one_gene_each_in_target_3species_from_ref7_Orthogroups	Cm__CmMahoganyH2.04G020300	Lc__Lchi16094	Vv__XP_002275949.1	1	1	1	2
OG0010589	one_gene_each_in_target_3species_from_ref7_Orthogroups	Cm__CmMahoganyH2.05G158200	Lc__Lchi12401	Vv__XP_002269165.1	1	1	2	1
OG0010590	one_gene_each_in_target_3species_from_ref7_Orthogroups	Cm__CmMahoganyH2.06G177400	Lc__Lchi11268	Vv__XP_002277407.1	1	1	2	1
OG0010596	one_gene_each_in_target_3species_from_ref7_Orthogroups	Cm__CmMahoganyH2.04G129800	Lc__Lchi07982	Vv__XP_002283703.1	1	1	2	1
OG0010597	one_gene_each_in_target_3species_from_ref7_Orthogroups	Cm__CmMahoganyH2.01G296100	Lc__Lchi17470	Vv__XP_002284605.1	1	1	1	2
OG0010598	one_gene_each_in_target_3species_from_ref7_Orthogroups	Cm__CmMahoganyH2.01G313400	Lc__Lchi19095	Vv__XP_010656479.2	1	1	1	2
OG0010601	one_gene_each_in_target_3species_from_ref7_Orthogroups	Cm__CmMahoganyH2.07G141000	Lc__Lchi15843	Vv__XP_002277628.1	2	2	0	1
OG0010608	one_gene_each_in_target_3species_from_ref7_Orthogroups	Cm__CmMahoganyH2.07G073000	Lc__Lchi13025	Vv__XP_002271011.1	1	1	1	2
OG0010609	one_gene_each_in_target_3species_from_ref7_Orthogroups	Cm__CmMahoganyH2.04G154500	Lc__Lchi08009	Vv__XP_002283475.1	2	0	1	2
OG0010610	one_gene_each_in_target_3species_from_ref7_Orthogroups	Cm__CmMahoganyH2.10G098500	Lc__Lchi12310	Vv__XP_003631827.2	2	1	1	1
OG0010612	one_gene_each_in_target_3species_from_ref7_Orthogroups	Cm__CmMahoganyH2.05G156900	Lc__Lchi07228	Vv__XP_002269600.2	0	2	1	2
OG0010613	one_gene_each_in_target_3species_from_ref7_Orthogroups	Cm__CmMahoganyH2.10G008100	Lc__Lchi08329	Vv__XP_002276479.1	0	1	3	1
OG0010617	one_gene_each_in_target_3species_from_ref7_Orthogroups	Cm__CmMahoganyH2.11G032300	Lc__Lchi21064	Vv__XP_002265299.1	1	1	2	1
OG0010619	one_gene_each_in_target_3species_from_ref7_Orthogroups	Cm__CmMahoganyH2.08G007500	Lc__Lchi27726	Vv__XP_002269879.2	1	1	1	2
OG0010620	one_gene_each_in_target_3species_from_ref7_Orthogroups	Cm__CmMahoganyH2.07G109300	Lc__Lchi07298	Vv__XP_002281560.2	1	1	0	3
OG0010623	one_gene_each_in_target_3species_from_ref7_Orthogroups	Cm__CmMahoganyH2.10G138600	Lc__Lchi20147	Vv__XP_002285824.1	1	1	1	2
OG0010627	one_gene_each_in_target_3species_from_ref7_Orthogroups	Cm__CmMahoganyH2.10G062000	Lc__Lchi04997	Vv__XP_019072767.1	1	2	1	1
OG0010631	one_gene_each_in_target_3species_from_ref7_Orthogroups	Cm__CmMahoganyH2.02G024300	Lc__Lchi22665	Vv__XP_002280928.1	1	1	1	2
OG0010633	one_gene_each_in_target_3species_from_ref7_Orthogroups	Cm__CmMahoganyH2.02G060700	Lc__Lchi01309	Vv__XP_002282266.1	0	1	1	3
OG0010637	one_gene_each_in_target_3species_from_ref7_Orthogroups	Cm__CmMahoganyH2.02G119800	Lc__Lchi15292	Vv__XP_002279389.1	1	2	0	2
OG0010640	one_gene_each_in_target_3species_from_ref7_Orthogroups	Cm__CmMahoganyH2.02G179200	Lc__Lchi09100	Vv__XP_002267591.1	1	2	0	2
OG0010642	one_gene_each_in_target_3species_from_ref7_Orthogroups	Cm__CmMahoganyH2.06G125300	Lc__Lchi03943	Vv__XP_002281166.1	1	1	2	1
OG0010643	one_gene_each_in_target_3species_from_ref7_Orthogroups	Cm__CmMahoganyH2.03G085700	Lc__Lchi25414	Vv__XP_010651729.1	1	1	2	1
OG0010644	one_gene_each_in_target_3species_from_ref7_Orthogroups	Cm__CmMahoganyH2.06G063100	Lc__Lchi25412	Vv__XP_002263590.1	1	1	1	2
OG0010646	one_gene_each_in_target_3species_from_ref7_Orthogroups	Cm__CmMahoganyH2.09G135600	Lc__Lchi22233	Vv__XP_002267364.1	1	1	2	1
OG0010647	one_gene_each_in_target_3species_from_ref7_Orthogroups	Cm__CmMahoganyH2.04G096500	Lc__Lchi10944	Vv__XP_010663237.1	3	1	1	0
OG0010649	one_gene_each_in_target_3species_from_ref7_Orthogroups	Cm__CmMahoganyH2.12G104600	Lc__Lchi01264	Vv__XP_002281325.1	1	2	1	1
OG0010651	one_gene_each_in_target_3species_from_ref7_Orthogroups	Cm__CmMahoganyH2.06G136700	Lc__Lchi13670	Vv__XP_002278151.2	1	1	0	3
OG0010652	one_gene_each_in_target_3species_from_ref7_Orthogroups	Cm__CmMahoganyH2.05G064200	Lc__Lchi05595	Vv__XP_002285378.1	1	1	2	1
OG0010657	one_gene_each_in_target_3species_from_ref7_Orthogroups	Cm__CmMahoganyH2.12G012100	Lc__Lchi16180	Vv__XP_002277099.1	0	2	1	2
OG0010662	one_gene_each_in_target_3species_from_ref7_Orthogroups	Cm__CmMahoganyH2.01G034200	Lc__Lchi13001	Vv__XP_010664939.1	0	1	3	1
OG0010666	one_gene_each_in_target_3species_from_ref7_Orthogroups	Cm__CmMahoganyH2.01G123900	Lc__Lchi13163	Vv__XP_002276319.1	0	3	1	1
OG0010667	one_gene_each_in_target_3species_from_ref7_Orthogroups	Cm__CmMahoganyH2.01G130500	Lc__Lchi06561	Vv__XP_002279815.1	1	1	1	2
OG0010670	one_gene_each_in_target_3species_from_ref7_Orthogroups	Cm__CmMahoganyH2.01G320500	Lc__Lchi17399	Vv__XP_002264906.1	1	1	1	2
OG0010671	one_gene_each_in_target_3species_from_ref7_Orthogroups	Cm__CmMahoganyH2.06G115900	Lc__Lchi08543	Vv__XP_010656999.1	0	1	2	2
OG0010674	one_gene_each_in_target_3species_from_ref7_Orthogroups	Cm__CmMahoganyH2.02G073800	Lc__Lchi13530	Vv__XP_002280003.2	2	1	1	1
OG0010676	one_gene_each_in_target_3species_from_ref7_Orthogroups	Cm__CmMahoganyH2.02G150900	Lc__Lchi15089	Vv__XP_003632486.1	1	2	1	1
OG0010680	one_gene_each_in_target_3species_from_ref7_Orthogroups	Cm__CmMahoganyH2.02G219800	Lc__Lchi33881	Vv__XP_002276257.1	1	1	1	2
OG0010684	one_gene_each_in_target_3species_from_ref7_Orthogroups	Cm__CmMahoganyH2.04G175500	Lc__Lchi02344	Vv__XP_002277858.1	1	1	1	2
OG0010685	one_gene_each_in_target_3species_from_ref7_Orthogroups	Cm__CmMahoganyH2.04G151700	Lc__Lchi10268	Vv__XP_019082174.1	0	1	1	3
OG0010688	one_gene_each_in_target_3species_from_ref7_Orthogroups	Cm__CmMahoganyH2.09G020700	Lc__Lchi19388	Vv__XP_002275244.1	1	1	1	2
OG0010691	one_gene_each_in_target_3species_from_ref7_Orthogroups	Cm__CmMahoganyH2.08G151700	Lc__Lchi06185	Vv__XP_002285555.1	0	1	1	3
OG0010694	one_gene_each_in_target_3species_from_ref7_Orthogroups	Cm__CmMahoganyH2.11G067800	Lc__Lchi22129	Vv__XP_002279302.1	1	1	2	1
OG0010704	one_gene_each_in_target_3species_from_ref7_Orthogroups	Cm__CmMahoganyH2.02G100900	Lc__Lchi12463	Vv__XP_010648913.1	0	1	3	1
OG0010705	one_gene_each_in_target_3species_from_ref7_Orthogroups	Cm__CmMahoganyH2.02G103600	Lc__Lchi25343	Vv__XP_002266665.3	1	2	1	1
OG0010709	one_gene_each_in_target_3species_from_ref7_Orthogroups	Cm__CmMahoganyH2.10G145300	Lc__Lchi09768	Vv__XP_002284166.1	2	1	2	0
OG0010710	one_gene_each_in_target_3species_from_ref7_Orthogroups	Cm__CmMahoganyH2.04G090200	Lc__Lchi15362	Vv__XP_002273510.2	1	1	1	2
OG0010711	one_gene_each_in_target_3species_from_ref7_Orthogroups	Cm__CmMahoganyH2.04G106400	Lc__Lchi02866	Vv__XP_002284762.1	1	1	1	2
OG0010712	one_gene_each_in_target_3species_from_ref7_Orthogroups	Cm__CmMahoganyH2.11G060400	Lc__Lchi12402	Vv__XP_010657454.1	1	2	1	1
OG0010713	one_gene_each_in_target_3species_from_ref7_Orthogroups	Cm__CmMahoganyH2.04G135400	Lc__Lchi07523	Vv__XP_003634246.1	1	1	2	1
OG0010717	one_gene_each_in_target_3species_from_ref7_Orthogroups	Cm__CmMahoganyH2.06G125200	Lc__Lchi03944	Vv__XP_002281125.1	2	1	1	1
OG0010718	one_gene_each_in_target_3species_from_ref7_Orthogroups	Cm__CmMahoganyH2.06G147200	Lc__Lchi31850	Vv__XP_002267908.1	1	1	1	2
OG0010720	one_gene_each_in_target_3species_from_ref7_Orthogroups	Cm__CmMahoganyH2.07G015000	Lc__Lchi17614	Vv__XP_002275958.1	0	2	1	2
OG0010725	one_gene_each_in_target_3species_from_ref7_Orthogroups	Cm__CmMahoganyH2.10G139300	Lc__Lchi09265	Vv__XP_002284301.2	0	0	0	5
OG0010728	one_gene_each_in_target_3species_from_ref7_Orthogroups	Cm__CmMahoganyH2.12G134900	Lc__Lchi05479	Vv__XP_002272576.3	1	3	1	0
OG0010731	one_gene_each_in_target_3species_from_ref7_Orthogroups	Cm__CmMahoganyH2.02G073100	Lc__Lchi16616	Vv__XP_002270713.1	0	1	3	1
OG0010737	one_gene_each_in_target_3species_from_ref7_Orthogroups	Cm__CmMahoganyH2.01G299500	Lc__Lchi04738	Vv__XP_002284920.3	0	0	1	4
OG0010738	one_gene_each_in_target_3species_from_ref7_Orthogroups	Cm__CmMahoganyH2.02G037400	Lc__Lchi21952	Vv__XP_002284657.1	1	2	1	1
OG0010739	one_gene_each_in_target_3species_from_ref7_Orthogroups	Cm__CmMahoganyH2.12G042400	Lc__Lchi16998	Vv__XP_010662570.1	1	1	2	1
OG0010741	one_gene_each_in_target_3species_from_ref7_Orthogroups	Cm__CmMahoganyH2.09G010100	Lc__Lchi00575	Vv__XP_002278412.1	0	2	2	1
OG0010744	one_gene_each_in_target_3species_from_ref7_Orthogroups	Cm__CmMahoganyH2.05G065300	Lc__Lchi05570	Vv__XP_002281834.1	1	1	1	2
OG0010746	one_gene_each_in_target_3species_from_ref7_Orthogroups	Cm__CmMahoganyH2.06G160700	Lc__Lchi21145	Vv__XP_002273656.1	1	1	2	1
OG0010748	one_gene_each_in_target_3species_from_ref7_Orthogroups	Cm__CmMahoganyH2.06G236800	Lc__Lchi04011	Vv__XP_002284064.1	0	1	3	1
OG0010753	one_gene_each_in_target_3species_from_ref7_Orthogroups	Cm__CmMahoganyH2.12G020200	Lc__Lchi11925	Vv__XP_002268388.1	2	1	1	1
OG0010757	one_gene_each_in_target_3species_from_ref7_Orthogroups	Cm__CmMahoganyH2.04G123000	Lc__Lchi24620	Vv__XP_002267234.1	1	0	1	3
OG0010762	one_gene_each_in_target_3species_from_ref7_Orthogroups	Cm__CmMahoganyH2.08G076300	Lc__Lchi26773	Vv__XP_010650789.1	1	1	1	2
OG0010765	one_gene_each_in_target_3species_from_ref7_Orthogroups	Cm__CmMahoganyH2.10G041600	Lc__Lchi22706	Vv__XP_010646851.1	1	3	0	1
OG0010766	one_gene_each_in_target_3species_from_ref7_Orthogroups	Cm__CmMahoganyH2.11G084500	Lc__Lchi28208	Vv__XP_002267203.1	0	1	1	3
OG0010769	one_gene_each_in_target_3species_from_ref7_Orthogroups	Cm__CmMahoganyH2.02G038800	Lc__Lchi04476	Vv__XP_003631976.1	0	2	2	1
OG0010770	one_gene_each_in_target_3species_from_ref7_Orthogroups	Cm__CmMahoganyH2.03G020400	Lc__Lchi06383	Vv__XP_010659711.1	1	1	2	1
OG0010772	one_gene_each_in_target_3species_from_ref7_Orthogroups	Cm__CmMahoganyH2.04G110400	Lc__Lchi14280	Vv__XP_002275944.1	1	1	1	2
OG0010774	one_gene_each_in_target_3species_from_ref7_Orthogroups	Cm__CmMahoganyH2.05G064000	Lc__Lchi04807	Vv__XP_002285369.1	1	1	1	2
OG0010778	one_gene_each_in_target_3species_from_ref7_Orthogroups	Cm__CmMahoganyH2.09G067800	Lc__Lchi04286	Vv__XP_010654203.1	0	2	1	2
OG0010780	one_gene_each_in_target_3species_from_ref7_Orthogroups	Cm__CmMahoganyH2.10G010900	Lc__Lchi01117	Vv__XP_010644810.1	1	1	1	2
OG0010783	one_gene_each_in_target_3species_from_ref7_Orthogroups	Cm__CmMahoganyH2.01G003500	Lc__Lchi00781	Vv__XP_002278242.1	1	1	2	1
OG0010785	one_gene_each_in_target_3species_from_ref7_Orthogroups	Cm__CmMahoganyH2.01G009300	Lc__Lchi00836	Vv__XP_002277081.1	1	1	1	2
OG0010789	one_gene_each_in_target_3species_from_ref7_Orthogroups	Cm__CmMahoganyH2.01G036200	Lc__Lchi08976	Vv__XP_002284036.1	1	1	1	2
OG0010790	one_gene_each_in_target_3species_from_ref7_Orthogroups	Cm__CmMahoganyH2.01G038800	Lc__Lchi09012	Vv__XP_010664633.1	0	2	0	3
OG0010792	one_gene_each_in_target_3species_from_ref7_Orthogroups	Cm__CmMahoganyH2.01G041300	Lc__Lchi18751	Vv__XP_002281794.2	1	1	1	2
OG0010794	one_gene_each_in_target_3species_from_ref7_Orthogroups	Cm__CmMahoganyH2.01G043500	Lc__Lchi01145	Vv__XP_010664674.2	1	2	1	1
OG0010796	one_gene_each_in_target_3species_from_ref7_Orthogroups	Cm__CmMahoganyH2.01G045500	Lc__Lchi09102	Vv__XP_002282579.1	1	1	2	1
OG0010797	one_gene_each_in_target_3species_from_ref7_Orthogroups	Cm__CmMahoganyH2.01G046400	Lc__Lchi18342	Vv__XP_002267474.1	1	1	1	2
OG0010799	one_gene_each_in_target_3species_from_ref7_Orthogroups	Cm__CmMahoganyH2.01G048900	Lc__Lchi24270	Vv__XP_002281680.1	1	1	2	1
OG0010801	one_gene_each_in_target_3species_from_ref7_Orthogroups	Cm__CmMahoganyH2.01G049900	Lc__Lchi11340	Vv__XP_002281978.2	1	2	1	1
OG0010803	one_gene_each_in_target_3species_from_ref7_Orthogroups	Cm__CmMahoganyH2.01G056800	Lc__Lchi11063	Vv__XP_002262674.1	1	1	1	2
OG0010806	one_gene_each_in_target_3species_from_ref7_Orthogroups	Cm__CmMahoganyH2.01G058500	Lc__Lchi09872	Vv__XP_010653118.1	2	1	1	1
OG0010808	one_gene_each_in_target_3species_from_ref7_Orthogroups	Cm__CmMahoganyH2.01G060700	Lc__Lchi08807	Vv__XP_002280127.1	1	1	2	1
OG0010813	one_gene_each_in_target_3species_from_ref7_Orthogroups	Cm__CmMahoganyH2.01G071800	Lc__Lchi26650	Vv__XP_002285912.1	1	2	1	1
OG0010815	one_gene_each_in_target_3species_from_ref7_Orthogroups	Cm__CmMahoganyH2.01G075800	Lc__Lchi17118	Vv__XP_002264796.2	1	2	1	1
OG0010817	one_gene_each_in_target_3species_from_ref7_Orthogroups	Cm__CmMahoganyH2.01G079000	Lc__Lchi09385	Vv__XP_002273352.1	2	1	1	1
OG0010825	one_gene_each_in_target_3species_from_ref7_Orthogroups	Cm__CmMahoganyH2.01G089200	Lc__Lchi19668	Vv__XP_002280034.3	2	1	1	1
OG0010826	one_gene_each_in_target_3species_from_ref7_Orthogroups	Cm__CmMahoganyH2.01G093200	Lc__Lchi12255	Vv__XP_002263819.1	1	2	1	1
OG0010829	one_gene_each_in_target_3species_from_ref7_Orthogroups	Cm__CmMahoganyH2.01G106100	Lc__Lchi18521	Vv__XP_019075060.1	1	1	1	2
OG0010833	one_gene_each_in_target_3species_from_ref7_Orthogroups	Cm__CmMahoganyH2.01G115600	Lc__Lchi18497	Vv__XP_010665124.1	1	1	2	1
OG0010834	one_gene_each_in_target_3species_from_ref7_Orthogroups	Cm__CmMahoganyH2.01G116700	Lc__Lchi28737	Vv__XP_002263642.1	1	1	1	2
OG0010836	one_gene_each_in_target_3species_from_ref7_Orthogroups	Cm__CmMahoganyH2.01G123800	Lc__Lchi20920	Vv__XP_002266531.1	1	1	2	1
OG0010838	one_gene_each_in_target_3species_from_ref7_Orthogroups	Cm__CmMahoganyH2.01G135100	Lc__Lchi18934	Vv__XP_002263774.1	3	0	1	1
OG0010839	one_gene_each_in_target_3species_from_ref7_Orthogroups	Cm__CmMahoganyH2.01G136300	Lc__Lchi09827	Vv__XP_002264340.1	1	2	1	1
OG0010840	one_gene_each_in_target_3species_from_ref7_Orthogroups	Cm__CmMahoganyH2.01G140700	Lc__Lchi29048	Vv__XP_002270160.1	1	1	2	1
OG0010843	one_gene_each_in_target_3species_from_ref7_Orthogroups	Cm__CmMahoganyH2.01G143500	Lc__Lchi22115	Vv__XP_002273198.1	3	1	1	0
OG0010847	one_gene_each_in_target_3species_from_ref7_Orthogroups	Cm__CmMahoganyH2.01G151800	Lc__Lchi22242	Vv__XP_002270352.2	1	1	1	2
OG0010849	one_gene_each_in_target_3species_from_ref7_Orthogroups	Cm__CmMahoganyH2.01G155900	Lc__Lchi27558	Vv__XP_002270238.2	1	1	1	2
OG0010851	one_gene_each_in_target_3species_from_ref7_Orthogroups	Cm__CmMahoganyH2.01G161700	Lc__Lchi24665	Vv__XP_002263508.2	1	2	1	1
OG0010854	one_gene_each_in_target_3species_from_ref7_Orthogroups	Cm__CmMahoganyH2.01G167200	Lc__Lchi10910	Vv__XP_003633847.1	1	1	1	2
OG0010855	one_gene_each_in_target_3species_from_ref7_Orthogroups	Cm__CmMahoganyH2.01G171000	Lc__Lchi00892	Vv__XP_002283473.1	1	2	1	1
OG0010857	one_gene_each_in_target_3species_from_ref7_Orthogroups	Cm__CmMahoganyH2.01G176600	Lc__Lchi08853	Vv__XP_002284217.1	1	1	1	2
OG0010858	one_gene_each_in_target_3species_from_ref7_Orthogroups	Cm__CmMahoganyH2.01G177100	Lc__Lchi08850	Vv__XP_002284247.1	1	1	2	1
OG0010860	one_gene_each_in_target_3species_from_ref7_Orthogroups	Cm__CmMahoganyH2.01G182100	Lc__Lchi20622	Vv__XP_002266004.1	1	2	1	1
OG0010861	one_gene_each_in_target_3species_from_ref7_Orthogroups	Cm__CmMahoganyH2.01G185300	Lc__Lchi16295	Vv__XP_002280570.2	0	1	3	1
OG0010862	one_gene_each_in_target_3species_from_ref7_Orthogroups	Cm__CmMahoganyH2.01G185700	Lc__Lchi21769	Vv__XP_002283938.1	1	1	3	0
OG0010863	one_gene_each_in_target_3species_from_ref7_Orthogroups	Cm__CmMahoganyH2.01G186500	Lc__Lchi16273	Vv__XP_002280375.1	1	1	1	2
OG0010865	one_gene_each_in_target_3species_from_ref7_Orthogroups	Cm__CmMahoganyH2.01G189900	Lc__Lchi14410	Vv__XP_002283197.1	2	1	1	1
OG0010867	one_gene_each_in_target_3species_from_ref7_Orthogroups	Cm__CmMahoganyH2.01G195100	Lc__Lchi29792	Vv__XP_002283897.1	0	1	0	4
OG0010868	one_gene_each_in_target_3species_from_ref7_Orthogroups	Cm__CmMahoganyH2.01G197900	Lc__Lchi10123	Vv__XP_002263918.1	1	2	1	1
OG0010869	one_gene_each_in_target_3species_from_ref7_Orthogroups	Cm__CmMahoganyH2.01G198900	Lc__Lchi01167	Vv__XP_003633738.2	1	0	1	3
OG0010872	one_gene_each_in_target_3species_from_ref7_Orthogroups	Cm__CmMahoganyH2.01G204900	Lc__Lchi31845	Vv__XP_002273884.1	1	1	2	1
OG0010874	one_gene_each_in_target_3species_from_ref7_Orthogroups	Cm__CmMahoganyH2.01G210300	Lc__Lchi18343	Vv__XP_002281014.1	2	1	1	1
OG0010876	one_gene_each_in_target_3species_from_ref7_Orthogroups	Cm__CmMahoganyH2.01G212400	Lc__Lchi11819	Vv__XP_002279464.2	1	1	2	1
OG0010877	one_gene_each_in_target_3species_from_ref7_Orthogroups	Cm__CmMahoganyH2.01G213800	Lc__Lchi00808	Vv__XP_010656196.1	1	1	2	1
OG0010878	one_gene_each_in_target_3species_from_ref7_Orthogroups	Cm__CmMahoganyH2.01G214600	Lc__Lchi08589	Vv__XP_002282252.1	1	2	1	1
OG0010880	one_gene_each_in_target_3species_from_ref7_Orthogroups	Cm__CmMahoganyH2.01G219500	Lc__Lchi03542	Vv__XP_002282931.1	1	1	2	1
OG0010882	one_gene_each_in_target_3species_from_ref7_Orthogroups	Cm__CmMahoganyH2.01G227000	Lc__Lchi14703	Vv__XP_002281555.2	1	1	2	1
OG0010884	one_gene_each_in_target_3species_from_ref7_Orthogroups	Cm__CmMahoganyH2.01G235200	Lc__Lchi16722	Vv__XP_002277996.1	1	1	1	2
OG0010885	one_gene_each_in_target_3species_from_ref7_Orthogroups	Cm__CmMahoganyH2.01G235400	Lc__Lchi16724	Vv__XP_019080672.1	1	1	1	2
OG0010886	one_gene_each_in_target_3species_from_ref7_Orthogroups	Cm__CmMahoganyH2.01G238200	Lc__Lchi02374	Vv__XP_002276364.1	2	1	1	1
OG0010892	one_gene_each_in_target_3species_from_ref7_Orthogroups	Cm__CmMahoganyH2.01G248400	Lc__Lchi02607	Vv__XP_002273563.2	1	1	1	2
OG0010894	one_gene_each_in_target_3species_from_ref7_Orthogroups	Cm__CmMahoganyH2.01G251900	Lc__Lchi07999	Vv__XP_002263932.1	1	1	2	1
OG0010895	one_gene_each_in_target_3species_from_ref7_Orthogroups	Cm__CmMahoganyH2.01G255800	Lc__Lchi29379	Vv__XP_010660828.1	2	1	1	1
OG0010898	one_gene_each_in_target_3species_from_ref7_Orthogroups	Cm__CmMahoganyH2.01G260800	Lc__Lchi00533	Vv__XP_002272412.3	1	1	1	2
OG0010899	one_gene_each_in_target_3species_from_ref7_Orthogroups	Cm__CmMahoganyH2.01G263600	Lc__Lchi07133	Vv__XP_002274196.2	1	1	1	2
OG0010903	one_gene_each_in_target_3species_from_ref7_Orthogroups	Cm__CmMahoganyH2.01G271400	Lc__Lchi26352	Vv__XP_002278807.1	2	1	1	1
OG0010905	one_gene_each_in_target_3species_from_ref7_Orthogroups	Cm__CmMahoganyH2.01G276900	Lc__Lchi23304	Vv__XP_002280653.1	0	1	2	2
OG0010906	one_gene_each_in_target_3species_from_ref7_Orthogroups	Cm__CmMahoganyH2.01G277300	Lc__Lchi21754	Vv__XP_002272917.1	1	1	1	2
OG0010907	one_gene_each_in_target_3species_from_ref7_Orthogroups	Cm__CmMahoganyH2.01G277800	Lc__Lchi25112	Vv__XP_010660980.1	2	1	1	1
OG0010908	one_gene_each_in_target_3species_from_ref7_Orthogroups	Cm__CmMahoganyH2.01G287400	Lc__Lchi14265	Vv__XP_002277958.2	1	1	2	1
OG0010909	one_gene_each_in_target_3species_from_ref7_Orthogroups	Cm__CmMahoganyH2.01G293600	Lc__Lchi08820	Vv__XP_002280972.1	1	1	2	1
OG0010913	one_gene_each_in_target_3species_from_ref7_Orthogroups	Cm__CmMahoganyH2.01G304300	Lc__Lchi04821	Vv__XP_002285089.1	1	1	1	2
OG0010915	one_gene_each_in_target_3species_from_ref7_Orthogroups	Cm__CmMahoganyH2.01G310000	Lc__Lchi05512	Vv__XP_002285317.1	1	1	2	1
OG0010916	one_gene_each_in_target_3species_from_ref7_Orthogroups	Cm__CmMahoganyH2.01G319300	Lc__Lchi29696	Vv__XP_002265610.1	3	1	1	0
OG0010917	one_gene_each_in_target_3species_from_ref7_Orthogroups	Cm__CmMahoganyH2.01G320100	Lc__Lchi17402	Vv__XP_002267887.1	0	1	3	1
OG0010920	one_gene_each_in_target_3species_from_ref7_Orthogroups	Cm__CmMahoganyH2.01G328200	Lc__Lchi09591	Vv__XP_002278804.1	1	1	2	1
OG0010924	one_gene_each_in_target_3species_from_ref7_Orthogroups	Cm__CmMahoganyH2.01G337000	Lc__Lchi03120	Vv__XP_002270456.1	2	1	1	1
OG0010927	one_gene_each_in_target_3species_from_ref7_Orthogroups	Cm__CmMahoganyH2.01G346100	Lc__Lchi03243	Vv__XP_002268968.1	1	2	1	1
OG0010930	one_gene_each_in_target_3species_from_ref7_Orthogroups	Cm__CmMahoganyH2.01G350500	Lc__Lchi28162	Vv__XP_002276595.1	0	1	2	2
OG0010932	one_gene_each_in_target_3species_from_ref7_Orthogroups	Cm__CmMahoganyH2.01G359300	Lc__Lchi01113	Vv__XP_002266662.1	1	1	1	2
OG0010936	one_gene_each_in_target_3species_from_ref7_Orthogroups	Cm__CmMahoganyH2.01G368400	Lc__Lchi01955	Vv__XP_002268804.1	1	2	1	1
OG0010937	one_gene_each_in_target_3species_from_ref7_Orthogroups	Cm__CmMahoganyH2.02G005400	Lc__Lchi16766	Vv__XP_002283155.1	1	1	2	1
OG0010938	one_gene_each_in_target_3species_from_ref7_Orthogroups	Cm__CmMahoganyH2.02G006100	Lc__Lchi08107	Vv__XP_010649490.1	1	1	2	1
OG0010940	one_gene_each_in_target_3species_from_ref7_Orthogroups	Cm__CmMahoganyH2.02G012900	Lc__Lchi24624	Vv__XP_010649919.1	1	1	1	2
OG0010941	one_gene_each_in_target_3species_from_ref7_Orthogroups	Cm__CmMahoganyH2.02G014300	Lc__Lchi21216	Vv__XP_002282517.1	1	2	1	1
OG0010943	one_gene_each_in_target_3species_from_ref7_Orthogroups	Cm__CmMahoganyH2.02G022500	Lc__Lchi19752	Vv__XP_002277845.1	1	1	2	1
OG0010944	one_gene_each_in_target_3species_from_ref7_Orthogroups	Cm__CmMahoganyH2.02G022600	Lc__Lchi19749	Vv__XP_002281192.1	1	1	2	1
OG0010945	one_gene_each_in_target_3species_from_ref7_Orthogroups	Cm__CmMahoganyH2.02G029300	Lc__Lchi22250	Vv__XP_002279802.1	1	1	1	2
OG0010950	one_gene_each_in_target_3species_from_ref7_Orthogroups	Cm__CmMahoganyH2.02G037500	Lc__Lchi04449	Vv__XP_002276323.1	1	1	1	2
OG0010952	one_gene_each_in_target_3species_from_ref7_Orthogroups	Cm__CmMahoganyH2.02G038900	Lc__Lchi00446	Vv__XP_002275310.1	1	1	2	1
OG0010954	one_gene_each_in_target_3species_from_ref7_Orthogroups	Cm__CmMahoganyH2.02G052100	Lc__Lchi19888	Vv__XP_010649565.1	2	1	1	1
OG0010955	one_gene_each_in_target_3species_from_ref7_Orthogroups	Cm__CmMahoganyH2.02G059100	Lc__Lchi00206	Vv__XP_002277394.1	1	2	1	1
OG0010956	one_gene_each_in_target_3species_from_ref7_Orthogroups	Cm__CmMahoganyH2.02G059500	Lc__Lchi06429	Vv__XP_002277743.1	1	1	3	0
OG0010958	one_gene_each_in_target_3species_from_ref7_Orthogroups	Cm__CmMahoganyH2.02G062400	Lc__Lchi00157	Vv__XP_002279358.1	2	1	1	1
OG0010960	one_gene_each_in_target_3species_from_ref7_Orthogroups	Cm__CmMahoganyH2.02G064500	Lc__Lchi06384	Vv__XP_002273724.1	1	1	1	2
OG0010962	one_gene_each_in_target_3species_from_ref7_Orthogroups	Cm__CmMahoganyH2.02G070300	Lc__Lchi05824	Vv__XP_002268657.1	1	1	2	1
OG0010963	one_gene_each_in_target_3species_from_ref7_Orthogroups	Cm__CmMahoganyH2.02G071100	Lc__Lchi00067	Vv__XP_010649691.1	1	1	0	3
OG0010968	one_gene_each_in_target_3species_from_ref7_Orthogroups	Cm__CmMahoganyH2.02G089200	Lc__Lchi15254	Vv__XP_002285393.1	1	2	1	1
OG0010976	one_gene_each_in_target_3species_from_ref7_Orthogroups	Cm__CmMahoganyH2.02G108000	Lc__Lchi30800	Vv__XP_002266909.1	2	1	1	1
OG0010977	one_gene_each_in_target_3species_from_ref7_Orthogroups	Cm__CmMahoganyH2.02G109800	Lc__Lchi26311	Vv__XP_002264430.1	1	1	1	2
OG0010978	one_gene_each_in_target_3species_from_ref7_Orthogroups	Cm__CmMahoganyH2.02G110200	Lc__Lchi28875	Vv__XP_002266204.2	1	1	2	1
OG0010979	one_gene_each_in_target_3species_from_ref7_Orthogroups	Cm__CmMahoganyH2.02G113100	Lc__Lchi14382	Vv__XP_002281739.1	1	1	1	2
OG0010980	one_gene_each_in_target_3species_from_ref7_Orthogroups	Cm__CmMahoganyH2.02G116300	Lc__Lchi22725	Vv__XP_002274426.1	1	1	2	1
OG0010981	one_gene_each_in_target_3species_from_ref7_Orthogroups	Cm__CmMahoganyH2.02G118100	Lc__Lchi16977	Vv__XP_010652885.1	1	1	1	2
OG0010982	one_gene_each_in_target_3species_from_ref7_Orthogroups	Cm__CmMahoganyH2.02G119400	Lc__Lchi17503	Vv__XP_002275743.1	1	2	1	1
OG0010984	one_gene_each_in_target_3species_from_ref7_Orthogroups	Cm__CmMahoganyH2.02G121000	Lc__Lchi02969	Vv__XP_002279804.1	2	1	1	1
OG0010987	one_gene_each_in_target_3species_from_ref7_Orthogroups	Cm__CmMahoganyH2.02G122500	Lc__Lchi01870	Vv__XP_002280314.1	1	2	1	1
OG0010992	one_gene_each_in_target_3species_from_ref7_Orthogroups	Cm__CmMahoganyH2.02G131700	Lc__Lchi23113	Vv__XP_002274814.1	1	2	1	1
OG0010993	one_gene_each_in_target_3species_from_ref7_Orthogroups	Cm__CmMahoganyH2.02G133100	Lc__Lchi26708	Vv__XP_002275676.1	0	2	1	2
OG0010994	one_gene_each_in_target_3species_from_ref7_Orthogroups	Cm__CmMahoganyH2.02G141100	Lc__Lchi18239	Vv__XP_010646397.1	0	1	1	3
OG0010995	one_gene_each_in_target_3species_from_ref7_Orthogroups	Cm__CmMahoganyH2.02G147200	Lc__Lchi13830	Vv__XP_002265055.1	1	1	2	1
OG0010999	one_gene_each_in_target_3species_from_ref7_Orthogroups	Cm__CmMahoganyH2.02G158100	Lc__Lchi24708	Vv__XP_002283580.1	2	1	1	1
OG0011000	one_gene_each_in_target_3species_from_ref7_Orthogroups	Cm__CmMahoganyH2.02G159100	Lc__Lchi31001	Vv__XP_002283249.1	1	1	2	1
OG0011001	one_gene_each_in_target_3species_from_ref7_Orthogroups	Cm__CmMahoganyH2.02G161500	Lc__Lchi16965	Vv__XP_002282881.1	1	1	1	2
OG0011007	one_gene_each_in_target_3species_from_ref7_Orthogroups	Cm__CmMahoganyH2.02G176800	Lc__Lchi09073	Vv__XP_002271291.1	1	2	1	1
OG0011008	one_gene_each_in_target_3species_from_ref7_Orthogroups	Cm__CmMahoganyH2.02G178700	Lc__Lchi09091	Vv__XP_002269407.1	1	1	2	1
OG0011009	one_gene_each_in_target_3species_from_ref7_Orthogroups	Cm__CmMahoganyH2.02G178800	Lc__Lchi09089	Vv__XP_002267140.1	2	1	1	1
OG0011010	one_gene_each_in_target_3species_from_ref7_Orthogroups	Cm__CmMahoganyH2.02G178900	Lc__Lchi09088	Vv__XP_002267045.3	1	1	2	1
OG0011011	one_gene_each_in_target_3species_from_ref7_Orthogroups	Cm__CmMahoganyH2.02G179300	Lc__Lchi14782	Vv__XP_002267514.1	1	1	1	2
OG0011012	one_gene_each_in_target_3species_from_ref7_Orthogroups	Cm__CmMahoganyH2.02G179400	Lc__Lchi06341	Vv__XP_002266868.1	1	1	1	2
OG0011016	one_gene_each_in_target_3species_from_ref7_Orthogroups	Cm__CmMahoganyH2.02G208600	Lc__Lchi18493	Vv__XP_002276832.1	1	1	1	2
OG0011023	one_gene_each_in_target_3species_from_ref7_Orthogroups	Cm__CmMahoganyH2.03G015700	Lc__Lchi06460	Vv__XP_002277995.2	1	1	2	1
OG0011024	one_gene_each_in_target_3species_from_ref7_Orthogroups	Cm__CmMahoganyH2.03G029100	Lc__Lchi19897	Vv__XP_002279298.1	1	1	1	2
OG0011025	one_gene_each_in_target_3species_from_ref7_Orthogroups	Cm__CmMahoganyH2.03G030100	Lc__Lchi00286	Vv__XP_002283474.1	1	1	1	2
OG0011026	one_gene_each_in_target_3species_from_ref7_Orthogroups	Cm__CmMahoganyH2.03G030500	Lc__Lchi04607	Vv__XP_010659658.1	2	1	1	1
OG0011027	one_gene_each_in_target_3species_from_ref7_Orthogroups	Cm__CmMahoganyH2.03G033500	Lc__Lchi04555	Vv__XP_010659639.1	1	1	1	2
OG0011029	one_gene_each_in_target_3species_from_ref7_Orthogroups	Cm__CmMahoganyH2.03G043800	Lc__Lchi19871	Vv__XP_003633638.1	1	1	2	1
OG0011032	one_gene_each_in_target_3species_from_ref7_Orthogroups	Cm__CmMahoganyH2.03G057600	Lc__Lchi00055	Vv__XP_002276406.1	1	2	1	1
OG0011034	one_gene_each_in_target_3species_from_ref7_Orthogroups	Cm__CmMahoganyH2.03G060300	Lc__Lchi00638	Vv__XP_002277348.2	1	1	2	1
OG0011035	one_gene_each_in_target_3species_from_ref7_Orthogroups	Cm__CmMahoganyH2.03G061200	Lc__Lchi16785	Vv__XP_002277809.1	1	0	3	1
OG0011037	one_gene_each_in_target_3species_from_ref7_Orthogroups	Cm__CmMahoganyH2.03G063900	Lc__Lchi13556	Vv__XP_002279350.1	1	1	2	1
OG0011040	one_gene_each_in_target_3species_from_ref7_Orthogroups	Cm__CmMahoganyH2.03G075200	Lc__Lchi15773	Vv__XP_002268548.1	1	1	1	2
OG0011041	one_gene_each_in_target_3species_from_ref7_Orthogroups	Cm__CmMahoganyH2.03G075400	Lc__Lchi13240	Vv__XP_002270974.1	1	1	2	1
OG0011042	one_gene_each_in_target_3species_from_ref7_Orthogroups	Cm__CmMahoganyH2.03G077500	Lc__Lchi20084	Vv__XP_002268094.2	1	1	2	1
OG0011046	one_gene_each_in_target_3species_from_ref7_Orthogroups	Cm__CmMahoganyH2.03G091700	Lc__Lchi27907	Vv__XP_010647762.1	1	2	1	1
OG0011048	one_gene_each_in_target_3species_from_ref7_Orthogroups	Cm__CmMahoganyH2.03G096100	Lc__Lchi26003	Vv__XP_003631348.1	1	2	1	1
OG0011051	one_gene_each_in_target_3species_from_ref7_Orthogroups	Cm__CmMahoganyH2.03G100800	Lc__Lchi12517	Vv__XP_002270763.1	1	2	1	1
OG0011053	one_gene_each_in_target_3species_from_ref7_Orthogroups	Cm__CmMahoganyH2.03G105800	Lc__Lchi10214	Vv__XP_002267649.1	1	2	1	1
OG0011054	one_gene_each_in_target_3species_from_ref7_Orthogroups	Cm__CmMahoganyH2.03G106300	Lc__Lchi10204	Vv__XP_002276047.1	1	1	3	0
OG0011057	one_gene_each_in_target_3species_from_ref7_Orthogroups	Cm__CmMahoganyH2.03G109400	Lc__Lchi16671	Vv__XP_002275228.1	2	1	1	1
OG0011058	one_gene_each_in_target_3species_from_ref7_Orthogroups	Cm__CmMahoganyH2.03G113000	Lc__Lchi02365	Vv__XP_002267989.1	1	1	1	2
OG0011059	one_gene_each_in_target_3species_from_ref7_Orthogroups	Cm__CmMahoganyH2.03G113100	Lc__Lchi02366	Vv__XP_002271514.1	1	1	2	1
OG0011060	one_gene_each_in_target_3species_from_ref7_Orthogroups	Cm__CmMahoganyH2.03G114400	Lc__Lchi15275	Vv__XP_002266330.2	2	1	1	1
OG0011062	one_gene_each_in_target_3species_from_ref7_Orthogroups	Cm__CmMahoganyH2.03G116900	Lc__Lchi16455	Vv__XP_002263687.1	2	1	1	1
OG0011063	one_gene_each_in_target_3species_from_ref7_Orthogroups	Cm__CmMahoganyH2.03G122200	Lc__Lchi10806	Vv__XP_010655977.1	1	1	1	2
OG0011066	one_gene_each_in_target_3species_from_ref7_Orthogroups	Cm__CmMahoganyH2.03G126100	Lc__Lchi24221	Vv__XP_002265151.2	1	1	2	1
OG0011073	one_gene_each_in_target_3species_from_ref7_Orthogroups	Cm__CmMahoganyH2.03G149900	Lc__Lchi07495	Vv__XP_002265077.1	1	1	1	2
OG0011074	one_gene_each_in_target_3species_from_ref7_Orthogroups	Cm__CmMahoganyH2.03G156400	Lc__Lchi23685	Vv__XP_010653163.1	2	1	1	1
OG0011077	one_gene_each_in_target_3species_from_ref7_Orthogroups	Cm__CmMahoganyH2.03G170000	Lc__Lchi13994	Vv__XP_002277007.1	1	1	1	2
OG0011079	one_gene_each_in_target_3species_from_ref7_Orthogroups	Cm__CmMahoganyH2.03G171900	Lc__Lchi02929	Vv__XP_002275397.2	1	1	1	2
OG0011084	one_gene_each_in_target_3species_from_ref7_Orthogroups	Cm__CmMahoganyH2.03G182400	Lc__Lchi10845	Vv__XP_002268416.1	1	1	2	1
OG0011086	one_gene_each_in_target_3species_from_ref7_Orthogroups	Cm__CmMahoganyH2.03G191200	Lc__Lchi00529	Vv__XP_002274189.1	2	1	1	1
OG0011087	one_gene_each_in_target_3species_from_ref7_Orthogroups	Cm__CmMahoganyH2.03G191300	Lc__Lchi10928	Vv__XP_002274151.1	1	1	1	2
OG0011089	one_gene_each_in_target_3species_from_ref7_Orthogroups	Cm__CmMahoganyH2.04G003100	Lc__Lchi05303	Vv__XP_010650750.1	1	1	2	1
OG0011090	one_gene_each_in_target_3species_from_ref7_Orthogroups	Cm__CmMahoganyH2.04G003300	Lc__Lchi09993	Vv__XP_002280241.2	1	1	2	1
OG0011091	one_gene_each_in_target_3species_from_ref7_Orthogroups	Cm__CmMahoganyH2.04G010400	Lc__Lchi29158	Vv__XP_002279175.1	0	2	0	3
OG0011094	one_gene_each_in_target_3species_from_ref7_Orthogroups	Cm__CmMahoganyH2.04G016500	Lc__Lchi14776	Vv__XP_002269805.1	2	1	1	1
OG0011095	one_gene_each_in_target_3species_from_ref7_Orthogroups	Cm__CmMahoganyH2.04G018000	Lc__Lchi14182	Vv__XP_002276507.1	0	1	1	3
OG0011098	one_gene_each_in_target_3species_from_ref7_Orthogroups	Cm__CmMahoganyH2.04G028700	Lc__Lchi16104	Vv__XP_002268334.2	1	1	1	2
OG0011101	one_gene_each_in_target_3species_from_ref7_Orthogroups	Cm__CmMahoganyH2.04G035100	Lc__Lchi08067	Vv__XP_002263125.1	1	1	2	1
OG0011103	one_gene_each_in_target_3species_from_ref7_Orthogroups	Cm__CmMahoganyH2.04G041400	Lc__Lchi17215	Vv__XP_002268048.1	1	1	1	2
OG0011107	one_gene_each_in_target_3species_from_ref7_Orthogroups	Cm__CmMahoganyH2.04G052200	Lc__Lchi01876	Vv__XP_002273073.1	1	1	1	2
OG0011116	one_gene_each_in_target_3species_from_ref7_Orthogroups	Cm__CmMahoganyH2.04G069700	Lc__Lchi09500	Vv__XP_002270398.3	1	1	1	2
OG0011117	one_gene_each_in_target_3species_from_ref7_Orthogroups	Cm__CmMahoganyH2.04G072000	Lc__Lchi16236	Vv__XP_002281466.1	1	1	2	1
OG0011120	one_gene_each_in_target_3species_from_ref7_Orthogroups	Cm__CmMahoganyH2.04G095700	Lc__Lchi14641	Vv__XP_002265727.3	1	2	1	1
OG0011121	one_gene_each_in_target_3species_from_ref7_Orthogroups	Cm__CmMahoganyH2.04G096700	Lc__Lchi08839	Vv__XP_002265238.2	1	2	1	1
OG0011122	one_gene_each_in_target_3species_from_ref7_Orthogroups	Cm__CmMahoganyH2.04G097400	Lc__Lchi19080	Vv__XP_010663243.1	2	1	2	0
OG0011123	one_gene_each_in_target_3species_from_ref7_Orthogroups	Cm__CmMahoganyH2.04G097500	Lc__Lchi10936	Vv__XP_002278802.2	1	1	3	0
OG0011124	one_gene_each_in_target_3species_from_ref7_Orthogroups	Cm__CmMahoganyH2.04G102500	Lc__Lchi12564	Vv__XP_003634301.1	1	1	2	1
OG0011132	one_gene_each_in_target_3species_from_ref7_Orthogroups	Cm__CmMahoganyH2.04G116200	Lc__Lchi00063	Vv__XP_002271953.1	1	2	1	1
OG0011133	one_gene_each_in_target_3species_from_ref7_Orthogroups	Cm__CmMahoganyH2.04G123800	Lc__Lchi28595	Vv__XP_002280557.1	1	2	1	1
OG0011134	one_gene_each_in_target_3species_from_ref7_Orthogroups	Cm__CmMahoganyH2.04G135800	Lc__Lchi11418	Vv__XP_002278631.2	2	1	1	1
OG0011136	one_gene_each_in_target_3species_from_ref7_Orthogroups	Cm__CmMahoganyH2.04G138000	Lc__Lchi07560	Vv__XP_010663127.1	2	1	1	1
OG0011138	one_gene_each_in_target_3species_from_ref7_Orthogroups	Cm__CmMahoganyH2.04G149100	Lc__Lchi10233	Vv__XP_002277650.1	1	2	1	1
OG0011139	one_gene_each_in_target_3species_from_ref7_Orthogroups	Cm__CmMahoganyH2.04G165500	Lc__Lchi22567	Vv__XP_002280344.2	1	1	2	1
OG0011144	one_gene_each_in_target_3species_from_ref7_Orthogroups	Cm__CmMahoganyH2.05G007200	Lc__Lchi11461	Vv__XP_002268705.1	0	1	3	1
OG0011151	one_gene_each_in_target_3species_from_ref7_Orthogroups	Cm__CmMahoganyH2.05G040200	Lc__Lchi00727	Vv__XP_010654596.1	0	1	0	4
OG0011152	one_gene_each_in_target_3species_from_ref7_Orthogroups	Cm__CmMahoganyH2.05G043300	Lc__Lchi13126	Vv__XP_002278075.3	1	1	1	2
OG0011153	one_gene_each_in_target_3species_from_ref7_Orthogroups	Cm__CmMahoganyH2.05G048400	Lc__Lchi08876	Vv__XP_002284272.1	1	2	1	1
OG0011155	one_gene_each_in_target_3species_from_ref7_Orthogroups	Cm__CmMahoganyH2.05G050700	Lc__Lchi00994	Vv__XP_002284496.1	1	1	1	2
OG0011157	one_gene_each_in_target_3species_from_ref7_Orthogroups	Cm__CmMahoganyH2.05G064400	Lc__Lchi04815	Vv__XP_003632755.1	0	1	3	1
OG0011160	one_gene_each_in_target_3species_from_ref7_Orthogroups	Cm__CmMahoganyH2.05G068700	Lc__Lchi05496	Vv__XP_002266079.2	1	1	2	1
OG0011163	one_gene_each_in_target_3species_from_ref7_Orthogroups	Cm__CmMahoganyH2.05G083000	Lc__Lchi09639	Vv__XP_002271902.2	2	1	1	1
OG0011164	one_gene_each_in_target_3species_from_ref7_Orthogroups	Cm__CmMahoganyH2.05G084000	Lc__Lchi09638	Vv__XP_002271931.1	1	1	1	2
OG0011169	one_gene_each_in_target_3species_from_ref7_Orthogroups	Cm__CmMahoganyH2.05G099500	Lc__Lchi03853	Vv__XP_002276262.1	1	2	1	1
OG0011170	one_gene_each_in_target_3species_from_ref7_Orthogroups	Cm__CmMahoganyH2.05G101700	Lc__Lchi26994	Vv__XP_002266726.1	1	1	2	1
OG0011171	one_gene_each_in_target_3species_from_ref7_Orthogroups	Cm__CmMahoganyH2.05G105900	Lc__Lchi03948	Vv__XP_002265984.2	0	1	4	0
OG0011176	one_gene_each_in_target_3species_from_ref7_Orthogroups	Cm__CmMahoganyH2.05G126000	Lc__Lchi04080	Vv__XP_002276421.1	1	1	1	2
OG0011177	one_gene_each_in_target_3species_from_ref7_Orthogroups	Cm__CmMahoganyH2.05G126100	Lc__Lchi07027	Vv__XP_010655676.1	0	1	0	4
OG0011181	one_gene_each_in_target_3species_from_ref7_Orthogroups	Cm__CmMahoganyH2.05G139400	Lc__Lchi23408	Vv__XP_002282375.1	1	1	3	0
OG0011182	one_gene_each_in_target_3species_from_ref7_Orthogroups	Cm__CmMahoganyH2.05G147100	Lc__Lchi21280	Vv__XP_002270662.1	1	2	1	1
OG0011185	one_gene_each_in_target_3species_from_ref7_Orthogroups	Cm__CmMahoganyH2.05G154500	Lc__Lchi25118	Vv__XP_010647162.1	0	1	0	4
OG0011192	one_gene_each_in_target_3species_from_ref7_Orthogroups	Cm__CmMahoganyH2.05G167600	Lc__Lchi08928	Vv__XP_010648492.1	1	1	1	2
OG0011197	one_gene_each_in_target_3species_from_ref7_Orthogroups	Cm__CmMahoganyH2.05G181800	Lc__Lchi12926	Vv__XP_002265115.2	1	1	1	2
OG0011199	one_gene_each_in_target_3species_from_ref7_Orthogroups	Cm__CmMahoganyH2.05G188300	Lc__Lchi16541	Vv__XP_003635536.2	1	2	1	1
OG0011201	one_gene_each_in_target_3species_from_ref7_Orthogroups	Cm__CmMahoganyH2.05G194600	Lc__Lchi25779	Vv__XP_003635067.2	2	1	1	1
OG0011204	one_gene_each_in_target_3species_from_ref7_Orthogroups	Cm__CmMahoganyH2.05G213100	Lc__Lchi10745	Vv__XP_002268455.2	1	1	1	2
OG0011208	one_gene_each_in_target_3species_from_ref7_Orthogroups	Cm__CmMahoganyH2.06G010800	Lc__Lchi14588	Vv__XP_002267915.3	1	1	1	2
OG0011211	one_gene_each_in_target_3species_from_ref7_Orthogroups	Cm__CmMahoganyH2.06G025400	Lc__Lchi28728	Vv__XP_002276411.1	1	1	2	1
OG0011212	one_gene_each_in_target_3species_from_ref7_Orthogroups	Cm__CmMahoganyH2.06G030200	Lc__Lchi07111	Vv__XP_002277167.1	1	2	1	1
OG0011215	one_gene_each_in_target_3species_from_ref7_Orthogroups	Cm__CmMahoganyH2.06G042200	Lc__Lchi24740	Vv__XP_002281236.1	1	1	2	1
OG0011218	one_gene_each_in_target_3species_from_ref7_Orthogroups	Cm__CmMahoganyH2.06G047000	Lc__Lchi28979	Vv__XP_003634700.1	1	1	2	1
OG0011219	one_gene_each_in_target_3species_from_ref7_Orthogroups	Cm__CmMahoganyH2.06G054100	Lc__Lchi25776	Vv__XP_002284299.1	1	1	2	1
OG0011220	one_gene_each_in_target_3species_from_ref7_Orthogroups	Cm__CmMahoganyH2.06G055200	Lc__Lchi27574	Vv__XP_002281704.1	1	1	1	2
OG0011221	one_gene_each_in_target_3species_from_ref7_Orthogroups	Cm__CmMahoganyH2.06G057700	Lc__Lchi18398	Vv__XP_002281822.1	0	2	1	2
OG0011223	one_gene_each_in_target_3species_from_ref7_Orthogroups	Cm__CmMahoganyH2.06G067800	Lc__Lchi18016	Vv__XP_002282528.1	1	1	2	1
OG0011224	one_gene_each_in_target_3species_from_ref7_Orthogroups	Cm__CmMahoganyH2.06G070900	Lc__Lchi13449	Vv__XP_010644170.1	1	1	2	1
OG0011225	one_gene_each_in_target_3species_from_ref7_Orthogroups	Cm__CmMahoganyH2.06G072100	Lc__Lchi27569	Vv__XP_002283700.2	1	1	1	2
OG0011228	one_gene_each_in_target_3species_from_ref7_Orthogroups	Cm__CmMahoganyH2.06G074100	Lc__Lchi18072	Vv__XP_002285525.1	1	1	2	1
OG0011229	one_gene_each_in_target_3species_from_ref7_Orthogroups	Cm__CmMahoganyH2.06G077700	Lc__Lchi11633	Vv__XP_002285438.1	1	1	1	2
OG0011233	one_gene_each_in_target_3species_from_ref7_Orthogroups	Cm__CmMahoganyH2.06G082100	Lc__Lchi07180	Vv__XP_002272109.1	1	1	2	1
OG0011234	one_gene_each_in_target_3species_from_ref7_Orthogroups	Cm__CmMahoganyH2.06G086900	Lc__Lchi17732	Vv__XP_002277180.1	1	1	2	1
OG0011237	one_gene_each_in_target_3species_from_ref7_Orthogroups	Cm__CmMahoganyH2.06G094900	Lc__Lchi28066	Vv__XP_010657206.1	1	2	1	1
OG0011238	one_gene_each_in_target_3species_from_ref7_Orthogroups	Cm__CmMahoganyH2.06G105400	Lc__Lchi04015	Vv__XP_002283657.2	1	1	1	2
OG0011240	one_gene_each_in_target_3species_from_ref7_Orthogroups	Cm__CmMahoganyH2.06G109300	Lc__Lchi10693	Vv__XP_002267416.1	1	1	1	2
OG0011241	one_gene_each_in_target_3species_from_ref7_Orthogroups	Cm__CmMahoganyH2.06G112400	Lc__Lchi04049	Vv__XP_002273646.1	2	1	1	1
OG0011242	one_gene_each_in_target_3species_from_ref7_Orthogroups	Cm__CmMahoganyH2.06G114000	Lc__Lchi30534	Vv__XP_010656983.1	1	1	1	2
OG0011243	one_gene_each_in_target_3species_from_ref7_Orthogroups	Cm__CmMahoganyH2.06G114300	Lc__Lchi18201	Vv__XP_010656989.1	2	2	0	1
OG0011244	one_gene_each_in_target_3species_from_ref7_Orthogroups	Cm__CmMahoganyH2.06G116600	Lc__Lchi09875	Vv__XP_002276985.1	1	1	2	1
OG0011249	one_gene_each_in_target_3species_from_ref7_Orthogroups	Cm__CmMahoganyH2.06G127600	Lc__Lchi07278	Vv__XP_002267035.1	1	1	2	1
OG0011250	one_gene_each_in_target_3species_from_ref7_Orthogroups	Cm__CmMahoganyH2.06G128600	Lc__Lchi07324	Vv__XP_002275465.1	1	2	1	1
OG0011251	one_gene_each_in_target_3species_from_ref7_Orthogroups	Cm__CmMahoganyH2.06G129500	Lc__Lchi07750	Vv__XP_002275322.2	1	1	2	1
OG0011254	one_gene_each_in_target_3species_from_ref7_Orthogroups	Cm__CmMahoganyH2.06G134800	Lc__Lchi16953	Vv__XP_002274126.3	1	1	2	1
OG0011255	one_gene_each_in_target_3species_from_ref7_Orthogroups	Cm__CmMahoganyH2.06G136500	Lc__Lchi25903	Vv__XP_002278231.1	1	1	2	1
OG0011261	one_gene_each_in_target_3species_from_ref7_Orthogroups	Cm__CmMahoganyH2.06G148800	Lc__Lchi04291	Vv__XP_002263049.1	1	2	1	1
OG0011263	one_gene_each_in_target_3species_from_ref7_Orthogroups	Cm__CmMahoganyH2.06G156400	Lc__Lchi04184	Vv__XP_002282933.1	1	1	2	1
OG0011268	one_gene_each_in_target_3species_from_ref7_Orthogroups	Cm__CmMahoganyH2.06G182000	Lc__Lchi08152	Vv__XP_010658405.1	2	1	1	1
OG0011273	one_gene_each_in_target_3species_from_ref7_Orthogroups	Cm__CmMahoganyH2.06G199800	Lc__Lchi26167	Vv__XP_002275558.3	1	1	1	2
OG0011274	one_gene_each_in_target_3species_from_ref7_Orthogroups	Cm__CmMahoganyH2.06G202300	Lc__Lchi25504	Vv__XP_002274705.1	1	1	1	2
OG0011275	one_gene_each_in_target_3species_from_ref7_Orthogroups	Cm__CmMahoganyH2.06G203800	Lc__Lchi11954	Vv__XP_002270274.1	1	1	1	2
OG0011277	one_gene_each_in_target_3species_from_ref7_Orthogroups	Cm__CmMahoganyH2.06G205800	Lc__Lchi11918	Vv__XP_002272895.1	2	1	1	1
OG0011279	one_gene_each_in_target_3species_from_ref7_Orthogroups	Cm__CmMahoganyH2.06G216200	Lc__Lchi21992	Vv__XP_002272556.1	2	1	1	1
OG0011281	one_gene_each_in_target_3species_from_ref7_Orthogroups	Cm__CmMahoganyH2.06G218900	Lc__Lchi06636	Vv__XP_010661498.1	2	1	1	1
OG0011286	one_gene_each_in_target_3species_from_ref7_Orthogroups	Cm__CmMahoganyH2.06G235800	Lc__Lchi04023	Vv__XP_002279952.1	1	1	2	1
OG0011288	one_gene_each_in_target_3species_from_ref7_Orthogroups	Cm__CmMahoganyH2.07G000600	Lc__Lchi01892	Vv__XP_002273377.1	1	1	1	2
OG0011291	one_gene_each_in_target_3species_from_ref7_Orthogroups	Cm__CmMahoganyH2.07G014200	Lc__Lchi02647	Vv__XP_002274576.1	1	2	1	1
OG0011292	one_gene_each_in_target_3species_from_ref7_Orthogroups	Cm__CmMahoganyH2.07G021700	Lc__Lchi10763	Vv__XP_002269268.1	1	1	2	1
OG0011294	one_gene_each_in_target_3species_from_ref7_Orthogroups	Cm__CmMahoganyH2.07G030000	Lc__Lchi10794	Vv__XP_002275354.2	1	1	1	2
OG0011296	one_gene_each_in_target_3species_from_ref7_Orthogroups	Cm__CmMahoganyH2.07G034100	Lc__Lchi05199	Vv__XP_002264528.1	1	1	2	1
OG0011297	one_gene_each_in_target_3species_from_ref7_Orthogroups	Cm__CmMahoganyH2.07G036400	Lc__Lchi04056	Vv__XP_010646174.1	1	1	2	1
OG0011298	one_gene_each_in_target_3species_from_ref7_Orthogroups	Cm__CmMahoganyH2.07G038400	Lc__Lchi26833	Vv__XP_002272698.1	0	3	1	1
OG0011299	one_gene_each_in_target_3species_from_ref7_Orthogroups	Cm__CmMahoganyH2.07G045900	Lc__Lchi10739	Vv__XP_003633192.1	0	1	2	2
OG0011301	one_gene_each_in_target_3species_from_ref7_Orthogroups	Cm__CmMahoganyH2.07G048600	Lc__Lchi18573	Vv__XP_002276461.1	2	1	1	1
OG0011304	one_gene_each_in_target_3species_from_ref7_Orthogroups	Cm__CmMahoganyH2.07G057200	Lc__Lchi02172	Vv__XP_002265691.1	1	1	2	1
OG0011307	one_gene_each_in_target_3species_from_ref7_Orthogroups	Cm__CmMahoganyH2.07G062700	Lc__Lchi14651	Vv__XP_002265916.2	1	1	2	1
OG0011309	one_gene_each_in_target_3species_from_ref7_Orthogroups	Cm__CmMahoganyH2.07G079600	Lc__Lchi18266	Vv__XP_019074596.1	2	1	1	1
OG0011312	one_gene_each_in_target_3species_from_ref7_Orthogroups	Cm__CmMahoganyH2.07G094200	Lc__Lchi20893	Vv__XP_002285372.1	1	1	2	1
OG0011314	one_gene_each_in_target_3species_from_ref7_Orthogroups	Cm__CmMahoganyH2.07G114700	Lc__Lchi09046	Vv__XP_002281077.1	1	1	1	2
OG0011316	one_gene_each_in_target_3species_from_ref7_Orthogroups	Cm__CmMahoganyH2.07G118700	Lc__Lchi09087	Vv__XP_003631649.1	2	1	1	1
OG0011317	one_gene_each_in_target_3species_from_ref7_Orthogroups	Cm__CmMahoganyH2.07G120000	Lc__Lchi28766	Vv__XP_003631656.1	2	1	1	1
OG0011322	one_gene_each_in_target_3species_from_ref7_Orthogroups	Cm__CmMahoganyH2.07G127000	Lc__Lchi10411	Vv__XP_010647682.1	1	1	0	3
OG0011327	one_gene_each_in_target_3species_from_ref7_Orthogroups	Cm__CmMahoganyH2.07G147200	Lc__Lchi11194	Vv__XP_003631541.1	1	1	2	1
OG0011328	one_gene_each_in_target_3species_from_ref7_Orthogroups	Cm__CmMahoganyH2.07G147600	Lc__Lchi16364	Vv__XP_002279626.1	2	1	1	1
OG0011331	one_gene_each_in_target_3species_from_ref7_Orthogroups	Cm__CmMahoganyH2.07G154600	Lc__Lchi23594	Vv__XP_002279494.2	2	1	1	1
OG0011333	one_gene_each_in_target_3species_from_ref7_Orthogroups	Cm__CmMahoganyH2.07G159200	Lc__Lchi12142	Vv__XP_002278811.1	1	2	1	1
OG0011336	one_gene_each_in_target_3species_from_ref7_Orthogroups	Cm__CmMahoganyH2.07G167600	Lc__Lchi12304	Vv__XP_002280082.1	1	1	1	2
OG0011337	one_gene_each_in_target_3species_from_ref7_Orthogroups	Cm__CmMahoganyH2.08G004600	Lc__Lchi22925	Vv__XP_002277021.2	0	2	1	2
OG0011343	one_gene_each_in_target_3species_from_ref7_Orthogroups	Cm__CmMahoganyH2.08G012600	Lc__Lchi15719	Vv__XP_010647784.1	1	1	1	2
OG0011349	one_gene_each_in_target_3species_from_ref7_Orthogroups	Cm__CmMahoganyH2.08G037900	Lc__Lchi19005	Vv__XP_002284406.1	0	1	2	2
OG0011350	one_gene_each_in_target_3species_from_ref7_Orthogroups	Cm__CmMahoganyH2.08G040100	Lc__Lchi24352	Vv__XP_002284193.1	1	1	1	2
OG0011351	one_gene_each_in_target_3species_from_ref7_Orthogroups	Cm__CmMahoganyH2.08G040800	Lc__Lchi18967	Vv__XP_002281203.1	1	2	1	1
OG0011355	one_gene_each_in_target_3species_from_ref7_Orthogroups	Cm__CmMahoganyH2.08G064000	Lc__Lchi04318	Vv__XP_019076024.1	1	1	1	2
OG0011356	one_gene_each_in_target_3species_from_ref7_Orthogroups	Cm__CmMahoganyH2.08G065400	Lc__Lchi13635	Vv__XP_003632127.1	1	2	1	1
OG0011357	one_gene_each_in_target_3species_from_ref7_Orthogroups	Cm__CmMahoganyH2.08G075700	Lc__Lchi07273	Vv__XP_002275876.3	2	1	0	2
OG0011363	one_gene_each_in_target_3species_from_ref7_Orthogroups	Cm__CmMahoganyH2.08G099200	Lc__Lchi20216	Vv__XP_002278992.1	1	1	1	2
OG0011366	one_gene_each_in_target_3species_from_ref7_Orthogroups	Cm__CmMahoganyH2.08G107900	Lc__Lchi30061	Vv__XP_010651804.1	1	2	1	1
OG0011367	one_gene_each_in_target_3species_from_ref7_Orthogroups	Cm__CmMahoganyH2.08G108900	Lc__Lchi25038	Vv__XP_002273308.1	1	2	1	1
OG0011369	one_gene_each_in_target_3species_from_ref7_Orthogroups	Cm__CmMahoganyH2.08G114100	Lc__Lchi10433	Vv__XP_010651743.1	0	2	1	2
OG0011370	one_gene_each_in_target_3species_from_ref7_Orthogroups	Cm__CmMahoganyH2.08G116700	Lc__Lchi25507	Vv__XP_002270787.2	1	2	1	1
OG0011372	one_gene_each_in_target_3species_from_ref7_Orthogroups	Cm__CmMahoganyH2.08G127000	Lc__Lchi28483	Vv__XP_002273234.1	1	1	1	2
OG0011375	one_gene_each_in_target_3species_from_ref7_Orthogroups	Cm__CmMahoganyH2.08G138600	Lc__Lchi12017	Vv__XP_002285726.1	1	1	1	2
OG0011376	one_gene_each_in_target_3species_from_ref7_Orthogroups	Cm__CmMahoganyH2.08G142300	Lc__Lchi00671	Vv__XP_010651359.1	2	1	1	1
OG0011379	one_gene_each_in_target_3species_from_ref7_Orthogroups	Cm__CmMahoganyH2.08G153500	Lc__Lchi09995	Vv__XP_002265872.2	1	1	2	1
OG0011380	one_gene_each_in_target_3species_from_ref7_Orthogroups	Cm__CmMahoganyH2.08G155200	Lc__Lchi06138	Vv__XP_002285473.1	2	1	1	1
OG0011381	one_gene_each_in_target_3species_from_ref7_Orthogroups	Cm__CmMahoganyH2.08G155500	Lc__Lchi06134	Vv__XP_010651248.1	1	1	2	1
OG0011385	one_gene_each_in_target_3species_from_ref7_Orthogroups	Cm__CmMahoganyH2.08G176400	Lc__Lchi23741	Vv__XP_002281301.1	1	1	1	2
OG0011390	one_gene_each_in_target_3species_from_ref7_Orthogroups	Cm__CmMahoganyH2.09G012300	Lc__Lchi05210	Vv__XP_002267835.1	1	1	2	1
OG0011391	one_gene_each_in_target_3species_from_ref7_Orthogroups	Cm__CmMahoganyH2.09G012900	Lc__Lchi25421	Vv__XP_002274142.1	0	2	2	1
OG0011392	one_gene_each_in_target_3species_from_ref7_Orthogroups	Cm__CmMahoganyH2.09G018100	Lc__Lchi24072	Vv__XP_010653447.1	1	1	1	2
OG0011393	one_gene_each_in_target_3species_from_ref7_Orthogroups	Cm__CmMahoganyH2.09G020000	Lc__Lchi19415	Vv__XP_002279741.1	1	1	2	1
OG0011394	one_gene_each_in_target_3species_from_ref7_Orthogroups	Cm__CmMahoganyH2.09G021900	Lc__Lchi23903	Vv__XP_002280406.2	1	1	2	1
OG0011395	one_gene_each_in_target_3species_from_ref7_Orthogroups	Cm__CmMahoganyH2.09G029300	Lc__Lchi30067	Vv__XP_002282285.1	1	1	1	2
OG0011397	one_gene_each_in_target_3species_from_ref7_Orthogroups	Cm__CmMahoganyH2.09G032000	Lc__Lchi17283	Vv__XP_002266366.1	1	1	2	1
OG0011399	one_gene_each_in_target_3species_from_ref7_Orthogroups	Cm__CmMahoganyH2.09G035000	Lc__Lchi09449	Vv__XP_002267396.1	0	1	3	1
OG0011402	one_gene_each_in_target_3species_from_ref7_Orthogroups	Cm__CmMahoganyH2.09G048500	Lc__Lchi21507	Vv__XP_002283153.2	1	1	1	2
OG0011403	one_gene_each_in_target_3species_from_ref7_Orthogroups	Cm__CmMahoganyH2.09G051100	Lc__Lchi10470	Vv__XP_002282694.1	1	1	1	2
OG0011406	one_gene_each_in_target_3species_from_ref7_Orthogroups	Cm__CmMahoganyH2.09G053400	Lc__Lchi21033	Vv__XP_002276489.1	0	1	3	1
OG0011409	one_gene_each_in_target_3species_from_ref7_Orthogroups	Cm__CmMahoganyH2.09G067400	Lc__Lchi04277	Vv__XP_002277900.1	0	1	1	3
OG0011410	one_gene_each_in_target_3species_from_ref7_Orthogroups	Cm__CmMahoganyH2.09G068500	Lc__Lchi04293	Vv__XP_002274014.1	1	1	2	1
OG0011411	one_gene_each_in_target_3species_from_ref7_Orthogroups	Cm__CmMahoganyH2.09G073700	Lc__Lchi27412	Vv__XP_002280330.1	1	1	1	2
OG0011417	one_gene_each_in_target_3species_from_ref7_Orthogroups	Cm__CmMahoganyH2.09G087700	Lc__Lchi07682	Vv__XP_002270471.1	1	1	2	1
OG0011418	one_gene_each_in_target_3species_from_ref7_Orthogroups	Cm__CmMahoganyH2.09G089000	Lc__Lchi07742	Vv__XP_002267558.1	2	1	1	1
OG0011420	one_gene_each_in_target_3species_from_ref7_Orthogroups	Cm__CmMahoganyH2.09G096400	Lc__Lchi04143	Vv__XP_002271005.2	1	1	2	1
OG0011421	one_gene_each_in_target_3species_from_ref7_Orthogroups	Cm__CmMahoganyH2.09G098900	Lc__Lchi12871	Vv__XP_002273489.1	1	1	2	1
OG0011422	one_gene_each_in_target_3species_from_ref7_Orthogroups	Cm__CmMahoganyH2.09G099000	Lc__Lchi08926	Vv__XP_010648449.1	1	1	1	2
OG0011425	one_gene_each_in_target_3species_from_ref7_Orthogroups	Cm__CmMahoganyH2.09G106300	Lc__Lchi18298	Vv__XP_002269283.1	1	1	1	2
OG0011426	one_gene_each_in_target_3species_from_ref7_Orthogroups	Cm__CmMahoganyH2.09G107400	Lc__Lchi25240	Vv__XP_002269554.1	1	1	1	2
OG0011427	one_gene_each_in_target_3species_from_ref7_Orthogroups	Cm__CmMahoganyH2.09G108300	Lc__Lchi27592	Vv__XP_002267321.1	1	1	1	2
OG0011428	one_gene_each_in_target_3species_from_ref7_Orthogroups	Cm__CmMahoganyH2.09G108700	Lc__Lchi00592	Vv__XP_002266156.1	1	0	3	1
OG0011429	one_gene_each_in_target_3species_from_ref7_Orthogroups	Cm__CmMahoganyH2.09G108900	Lc__Lchi27770	Vv__XP_010653227.1	1	1	3	0
OG0011430	one_gene_each_in_target_3species_from_ref7_Orthogroups	Cm__CmMahoganyH2.09G109300	Lc__Lchi26574	Vv__XP_002265324.2	1	0	1	3
OG0011431	one_gene_each_in_target_3species_from_ref7_Orthogroups	Cm__CmMahoganyH2.09G109700	Lc__Lchi00662	Vv__XP_002276728.2	1	2	1	1
OG0011432	one_gene_each_in_target_3species_from_ref7_Orthogroups	Cm__CmMahoganyH2.09G110600	Lc__Lchi00666	Vv__XP_010653854.1	2	1	1	1
OG0011434	one_gene_each_in_target_3species_from_ref7_Orthogroups	Cm__CmMahoganyH2.09G113800	Lc__Lchi02796	Vv__XP_002280431.1	1	1	1	2
OG0011435	one_gene_each_in_target_3species_from_ref7_Orthogroups	Cm__CmMahoganyH2.09G114200	Lc__Lchi02802	Vv__XP_002275839.1	1	2	1	1
OG0011436	one_gene_each_in_target_3species_from_ref7_Orthogroups	Cm__CmMahoganyH2.09G115500	Lc__Lchi11309	Vv__XP_002279787.1	1	2	1	1
OG0011442	one_gene_each_in_target_3species_from_ref7_Orthogroups	Cm__CmMahoganyH2.09G123100	Lc__Lchi22388	Vv__XP_002283367.1	1	1	2	1
OG0011443	one_gene_each_in_target_3species_from_ref7_Orthogroups	Cm__CmMahoganyH2.09G127600	Lc__Lchi20233	Vv__XP_002282088.1	1	1	1	2
OG0011444	one_gene_each_in_target_3species_from_ref7_Orthogroups	Cm__CmMahoganyH2.09G127800	Lc__Lchi24646	Vv__XP_002281972.2	2	1	1	1
OG0011446	one_gene_each_in_target_3species_from_ref7_Orthogroups	Cm__CmMahoganyH2.09G140100	Lc__Lchi27973	Vv__XP_002283849.1	0	3	1	1
OG0011447	one_gene_each_in_target_3species_from_ref7_Orthogroups	Cm__CmMahoganyH2.09G140300	Lc__Lchi27970	Vv__XP_002283892.1	1	2	1	1
OG0011448	one_gene_each_in_target_3species_from_ref7_Orthogroups	Cm__CmMahoganyH2.09G143800	Lc__Lchi09204	Vv__XP_002283436.1	1	2	2	0
OG0011450	one_gene_each_in_target_3species_from_ref7_Orthogroups	Cm__CmMahoganyH2.09G152400	Lc__Lchi09408	Vv__XP_002267056.1	1	1	1	2
OG0011452	one_gene_each_in_target_3species_from_ref7_Orthogroups	Cm__CmMahoganyH2.09G158300	Lc__Lchi03284	Vv__XP_002274379.2	1	2	1	1
OG0011454	one_gene_each_in_target_3species_from_ref7_Orthogroups	Cm__CmMahoganyH2.09G173300	Lc__Lchi07131	Vv__XP_002278289.1	1	1	2	1
OG0011455	one_gene_each_in_target_3species_from_ref7_Orthogroups	Cm__CmMahoganyH2.09G174200	Lc__Lchi06091	Vv__XP_002278051.2	1	1	1	2
OG0011457	one_gene_each_in_target_3species_from_ref7_Orthogroups	Cm__CmMahoganyH2.10G005100	Lc__Lchi08417	Vv__XP_002263042.2	1	1	0	3
OG0011460	one_gene_each_in_target_3species_from_ref7_Orthogroups	Cm__CmMahoganyH2.10G009200	Lc__Lchi24711	Vv__XP_002277416.1	0	1	3	1
OG0011463	one_gene_each_in_target_3species_from_ref7_Orthogroups	Cm__CmMahoganyH2.10G013600	Lc__Lchi01107	Vv__XP_010644675.1	1	1	1	2
OG0011465	one_gene_each_in_target_3species_from_ref7_Orthogroups	Cm__CmMahoganyH2.10G015900	Lc__Lchi25378	Vv__XP_010644481.1	1	1	2	1
OG0011469	one_gene_each_in_target_3species_from_ref7_Orthogroups	Cm__CmMahoganyH2.10G025000	Lc__Lchi05944	Vv__XP_002281049.1	2	1	1	1
OG0011472	one_gene_each_in_target_3species_from_ref7_Orthogroups	Cm__CmMahoganyH2.10G042000	Lc__Lchi01449	Vv__XP_019073746.1	1	1	2	1
OG0011474	one_gene_each_in_target_3species_from_ref7_Orthogroups	Cm__CmMahoganyH2.10G044300	Lc__Lchi01479	Vv__XP_010662493.1	1	1	1	2
OG0011482	one_gene_each_in_target_3species_from_ref7_Orthogroups	Cm__CmMahoganyH2.10G055900	Lc__Lchi04909	Vv__XP_002281850.1	1	1	1	2
OG0011483	one_gene_each_in_target_3species_from_ref7_Orthogroups	Cm__CmMahoganyH2.10G059600	Lc__Lchi04957	Vv__XP_002282807.1	2	1	1	1
OG0011484	one_gene_each_in_target_3species_from_ref7_Orthogroups	Cm__CmMahoganyH2.10G070700	Lc__Lchi06457	Vv__XP_002276329.1	2	1	1	1
OG0011485	one_gene_each_in_target_3species_from_ref7_Orthogroups	Cm__CmMahoganyH2.10G075900	Lc__Lchi12049	Vv__XP_002278163.1	1	1	2	1
OG0011486	one_gene_each_in_target_3species_from_ref7_Orthogroups	Cm__CmMahoganyH2.10G078300	Lc__Lchi22649	Vv__NP_001268182.1	1	1	2	1
OG0011487	one_gene_each_in_target_3species_from_ref7_Orthogroups	Cm__CmMahoganyH2.10G081000	Lc__Lchi07878	Vv__XP_002274008.1	1	1	2	1
OG0011488	one_gene_each_in_target_3species_from_ref7_Orthogroups	Cm__CmMahoganyH2.10G082200	Lc__Lchi07858	Vv__XP_002274278.1	1	1	1	2
OG0011489	one_gene_each_in_target_3species_from_ref7_Orthogroups	Cm__CmMahoganyH2.10G082900	Lc__Lchi22807	Vv__XP_002273337.1	2	1	1	1
OG0011493	one_gene_each_in_target_3species_from_ref7_Orthogroups	Cm__CmMahoganyH2.10G092000	Lc__Lchi13114	Vv__XP_002280681.2	1	1	1	2
OG0011496	one_gene_each_in_target_3species_from_ref7_Orthogroups	Cm__CmMahoganyH2.10G100600	Lc__Lchi00993	Vv__XP_002284115.1	1	1	2	1
OG0011498	one_gene_each_in_target_3species_from_ref7_Orthogroups	Cm__CmMahoganyH2.10G107000	Lc__Lchi00323	Vv__XP_002268658.1	1	1	1	2
OG0011501	one_gene_each_in_target_3species_from_ref7_Orthogroups	Cm__CmMahoganyH2.10G123000	Lc__Lchi13152	Vv__XP_010658382.2	1	1	2	1
OG0011502	one_gene_each_in_target_3species_from_ref7_Orthogroups	Cm__CmMahoganyH2.10G125300	Lc__Lchi17896	Vv__XP_002273245.1	1	3	0	1
OG0011503	one_gene_each_in_target_3species_from_ref7_Orthogroups	Cm__CmMahoganyH2.10G128500	Lc__Lchi15177	Vv__XP_002270198.3	2	1	1	1
OG0011507	one_gene_each_in_target_3species_from_ref7_Orthogroups	Cm__CmMahoganyH2.10G143000	Lc__Lchi03051	Vv__XP_010664311.1	0	3	1	1
OG0011509	one_gene_each_in_target_3species_from_ref7_Orthogroups	Cm__CmMahoganyH2.10G159600	Lc__Lchi04889	Vv__XP_002269873.2	1	1	2	1
OG0011511	one_gene_each_in_target_3species_from_ref7_Orthogroups	Cm__CmMahoganyH2.10G168600	Lc__Lchi28796	Vv__XP_002275650.1	1	1	1	2
OG0011518	one_gene_each_in_target_3species_from_ref7_Orthogroups	Cm__CmMahoganyH2.11G000500	Lc__Lchi07038	Vv__XP_002265884.2	1	2	1	1
OG0011519	one_gene_each_in_target_3species_from_ref7_Orthogroups	Cm__CmMahoganyH2.11G005800	Lc__Lchi26078	Vv__XP_002266781.1	1	2	1	1
OG0011521	one_gene_each_in_target_3species_from_ref7_Orthogroups	Cm__CmMahoganyH2.11G032800	Lc__Lchi18537	Vv__XP_002266198.2	1	1	1	2
OG0011524	one_gene_each_in_target_3species_from_ref7_Orthogroups	Cm__CmMahoganyH2.11G051500	Lc__Lchi25760	Vv__XP_002263850.1	1	1	2	1
OG0011525	one_gene_each_in_target_3species_from_ref7_Orthogroups	Cm__CmMahoganyH2.11G054000	Lc__Lchi26831	Vv__XP_002263190.1	1	1	2	1
OG0011526	one_gene_each_in_target_3species_from_ref7_Orthogroups	Cm__CmMahoganyH2.11G054100	Lc__Lchi26836	Vv__XP_010648224.1	1	1	1	2
OG0011528	one_gene_each_in_target_3species_from_ref7_Orthogroups	Cm__CmMahoganyH2.11G059800	Lc__Lchi29046	Vv__XP_002281690.1	1	1	2	1
OG0011529	one_gene_each_in_target_3species_from_ref7_Orthogroups	Cm__CmMahoganyH2.11G062600	Lc__Lchi27515	Vv__XP_010665423.1	1	1	2	1
OG0011533	one_gene_each_in_target_3species_from_ref7_Orthogroups	Cm__CmMahoganyH2.11G069300	Lc__Lchi22585	Vv__XP_002276965.1	2	1	1	1
OG0011535	one_gene_each_in_target_3species_from_ref7_Orthogroups	Cm__CmMahoganyH2.11G074200	Lc__Lchi22374	Vv__XP_010663715.1	1	1	2	1
OG0011536	one_gene_each_in_target_3species_from_ref7_Orthogroups	Cm__CmMahoganyH2.11G075100	Lc__Lchi01079	Vv__XP_010661180.1	1	1	1	2
OG0011538	one_gene_each_in_target_3species_from_ref7_Orthogroups	Cm__CmMahoganyH2.11G091400	Lc__Lchi24532	Vv__XP_002269488.1	1	2	1	1
OG0011539	one_gene_each_in_target_3species_from_ref7_Orthogroups	Cm__CmMahoganyH2.11G095000	Lc__Lchi10519	Vv__XP_002264979.1	1	1	1	2
OG0011540	one_gene_each_in_target_3species_from_ref7_Orthogroups	Cm__CmMahoganyH2.11G101400	Lc__Lchi21862	Vv__XP_002271647.1	0	3	1	1
OG0011541	one_gene_each_in_target_3species_from_ref7_Orthogroups	Cm__CmMahoganyH2.11G106100	Lc__Lchi29296	Vv__XP_010661655.1	1	1	1	2
OG0011542	one_gene_each_in_target_3species_from_ref7_Orthogroups	Cm__CmMahoganyH2.11G107500	Lc__Lchi06084	Vv__XP_003633924.1	1	2	1	1
OG0011543	one_gene_each_in_target_3species_from_ref7_Orthogroups	Cm__CmMahoganyH2.11G108300	Lc__Lchi01477	Vv__XP_002275849.3	1	1	1	2
OG0011546	one_gene_each_in_target_3species_from_ref7_Orthogroups	Cm__CmMahoganyH2.11G119400	Lc__Lchi01424	Vv__XP_003633894.1	1	1	1	2
OG0011549	one_gene_each_in_target_3species_from_ref7_Orthogroups	Cm__CmMahoganyH2.11G121800	Lc__Lchi05976	Vv__XP_010661403.1	1	1	1	2
OG0011552	one_gene_each_in_target_3species_from_ref7_Orthogroups	Cm__CmMahoganyH2.11G150100	Lc__Lchi20180	Vv__XP_002272325.1	1	2	1	1
OG0011559	one_gene_each_in_target_3species_from_ref7_Orthogroups	Cm__CmMahoganyH2.11G171300	Lc__Lchi11173	Vv__XP_002278255.1	1	1	2	1
OG0011560	one_gene_each_in_target_3species_from_ref7_Orthogroups	Cm__CmMahoganyH2.11G174600	Lc__Lchi06126	Vv__XP_002275403.1	1	1	2	1
OG0011561	one_gene_each_in_target_3species_from_ref7_Orthogroups	Cm__CmMahoganyH2.11G182400	Lc__Lchi06216	Vv__XP_002265835.1	0	2	1	2
OG0011562	one_gene_each_in_target_3species_from_ref7_Orthogroups	Cm__CmMahoganyH2.11G182500	Lc__Lchi06826	Vv__XP_002265629.1	1	1	1	2
OG0011563	one_gene_each_in_target_3species_from_ref7_Orthogroups	Cm__CmMahoganyH2.12G001500	Lc__Lchi01995	Vv__XP_002263734.1	2	1	1	1
OG0011564	one_gene_each_in_target_3species_from_ref7_Orthogroups	Cm__CmMahoganyH2.12G003100	Lc__Lchi01653	Vv__XP_002269541.1	1	1	2	1
OG0011565	one_gene_each_in_target_3species_from_ref7_Orthogroups	Cm__CmMahoganyH2.12G003200	Lc__Lchi01652	Vv__XP_002267634.1	1	1	1	2
OG0011568	one_gene_each_in_target_3species_from_ref7_Orthogroups	Cm__CmMahoganyH2.12G017400	Lc__Lchi20310	Vv__XP_002272639.2	2	1	1	1
OG0011570	one_gene_each_in_target_3species_from_ref7_Orthogroups	Cm__CmMahoganyH2.12G021000	Lc__Lchi31300	Vv__XP_002267657.1	1	1	2	1
OG0011573	one_gene_each_in_target_3species_from_ref7_Orthogroups	Cm__CmMahoganyH2.12G034700	Lc__Lchi09840	Vv__XP_002276645.1	1	1	2	1
OG0011576	one_gene_each_in_target_3species_from_ref7_Orthogroups	Cm__CmMahoganyH2.12G045700	Lc__Lchi17028	Vv__XP_002265174.1	0	2	2	1
OG0011581	one_gene_each_in_target_3species_from_ref7_Orthogroups	Cm__CmMahoganyH2.12G062600	Lc__Lchi11892	Vv__XP_002273881.1	1	1	2	1
OG0011582	one_gene_each_in_target_3species_from_ref7_Orthogroups	Cm__CmMahoganyH2.12G064600	Lc__Lchi11936	Vv__XP_019081520.1	1	1	1	2
OG0011583	one_gene_each_in_target_3species_from_ref7_Orthogroups	Cm__CmMahoganyH2.12G064700	Lc__Lchi11937	Vv__XP_002274702.1	1	1	0	3
OG0011587	one_gene_each_in_target_3species_from_ref7_Orthogroups	Cm__CmMahoganyH2.12G066800	Lc__Lchi04935	Vv__XP_002280422.2	1	1	1	2
OG0011590	one_gene_each_in_target_3species_from_ref7_Orthogroups	Cm__CmMahoganyH2.12G081400	Lc__Lchi17553	Vv__XP_002265919.1	1	2	1	1
OG0011594	one_gene_each_in_target_3species_from_ref7_Orthogroups	Cm__CmMahoganyH2.12G085800	Lc__Lchi01492	Vv__XP_002266334.1	1	1	1	2
OG0011597	one_gene_each_in_target_3species_from_ref7_Orthogroups	Cm__CmMahoganyH2.12G088900	Lc__Lchi02485	Vv__XP_002267090.1	1	1	2	1
OG0011599	one_gene_each_in_target_3species_from_ref7_Orthogroups	Cm__CmMahoganyH2.12G091000	Lc__Lchi01390	Vv__XP_002271653.1	1	1	1	2
OG0011600	one_gene_each_in_target_3species_from_ref7_Orthogroups	Cm__CmMahoganyH2.12G092700	Lc__Lchi12531	Vv__XP_010648522.1	2	1	1	1
OG0011601	one_gene_each_in_target_3species_from_ref7_Orthogroups	Cm__CmMahoganyH2.12G096600	Lc__Lchi08353	Vv__XP_002276949.1	1	2	1	1
OG0011604	one_gene_each_in_target_3species_from_ref7_Orthogroups	Cm__CmMahoganyH2.12G108700	Lc__Lchi02092	Vv__XP_002266110.1	1	1	1	2
OG0011606	one_gene_each_in_target_3species_from_ref7_Orthogroups	Cm__CmMahoganyH2.12G111200	Lc__Lchi01694	Vv__XP_010664863.1	1	1	1	2
OG0011608	one_gene_each_in_target_3species_from_ref7_Orthogroups	Cm__CmMahoganyH2.12G114300	Lc__Lchi01741	Vv__XP_002284617.1	0	1	2	2
OG0011615	one_gene_each_in_target_3species_from_ref7_Orthogroups	Cm__CmMahoganyH2.12G129300	Lc__Lchi16642	Vv__XP_002282028.2	1	1	1	2
OG0011616	one_gene_each_in_target_3species_from_ref7_Orthogroups	Cm__CmMahoganyH2.12G135100	Lc__Lchi21671	Vv__XP_002276998.1	1	1	1	2
OG0011617	one_gene_each_in_target_3species_from_ref7_Orthogroups	Cm__CmMahoganyH2.12G140700	Lc__Lchi12692	Vv__XP_002270391.2	1	1	1	2
OG0011618	one_gene_each_in_target_3species_from_ref7_Orthogroups	Cm__CmMahoganyH2.12G140900	Lc__Lchi15221	Vv__XP_002270355.2	0	1	3	1
OG0011619	one_gene_each_in_target_3species_from_ref7_Orthogroups	Cm__CmMahoganyH2.12G142600	Lc__Lchi20074	Vv__XP_002271666.1	1	1	1	2
OG0011621	one_gene_each_in_target_3species_from_ref7_Orthogroups	Cm__CmMahoganyH2.12G148100	Lc__Lchi20085	Vv__XP_002266424.1	1	3	0	1
OG0011623	one_gene_each_in_target_3species_from_ref7_Orthogroups	Cm__CmMahoganyH2.12G165500	Lc__Lchi20438	Vv__XP_002271056.1	1	1	1	2
OG0011793	one_gene_each_in_target_3species_from_ref7_Orthogroups	Cm__CmMahoganyH2.04G017900	Lc__Lchi17000	Vv__XP_002276948.1	0	0	0	4
OG0011794	one_gene_each_in_target_3species_from_ref7_Orthogroups	Cm__CmMahoganyH2.09G042100	Lc__Lchi10428	Vv__XP_002277923.1	0	1	1	2
OG0011795	one_gene_each_in_target_3species_from_ref7_Orthogroups	Cm__CmMahoganyH2.07G165600	Lc__Lchi06273	Vv__XP_002279974.1	0	1	2	1
OG0011797	one_gene_each_in_target_3species_from_ref7_Orthogroups	Cm__CmMahoganyH2.08G129000	Lc__Lchi03354	Vv__XP_019072030.1	0	1	1	2
OG0011799	one_gene_each_in_target_3species_from_ref7_Orthogroups	Cm__CmMahoganyH2.10G140300	Lc__Lchi03010	Vv__XP_010664278.1	1	1	1	1
OG0011810	one_gene_each_in_target_3species_from_ref7_Orthogroups	Cm__CmMahoganyH2.01G321200	Lc__Lchi17381	Vv__XP_002264530.2	0	1	1	2
OG0011811	one_gene_each_in_target_3species_from_ref7_Orthogroups	Cm__CmMahoganyH2.01G064400	Lc__Lchi27946	Vv__XP_002279563.1	0	1	1	2
OG0011815	one_gene_each_in_target_3species_from_ref7_Orthogroups	Cm__CmMahoganyH2.06G060400	Lc__Lchi17315	Vv__XP_002284668.1	1	1	1	1
OG0011821	one_gene_each_in_target_3species_from_ref7_Orthogroups	Cm__CmMahoganyH2.03G164500	Lc__Lchi00710	Vv__XP_002268965.1	1	1	1	1
OG0011823	one_gene_each_in_target_3species_from_ref7_Orthogroups	Cm__CmMahoganyH2.06G234900	Lc__Lchi18190	Vv__XP_003633223.1	1	1	1	1
OG0011828	one_gene_each_in_target_3species_from_ref7_Orthogroups	Cm__CmMahoganyH2.06G064200	Lc__Lchi28759	Vv__XP_002282241.3	1	1	1	1
OG0011830	one_gene_each_in_target_3species_from_ref7_Orthogroups	Cm__CmMahoganyH2.09G094900	Lc__Lchi26047	Vv__XP_002265437.1	1	1	1	1
OG0011848	one_gene_each_in_target_3species_from_ref7_Orthogroups	Cm__CmMahoganyH2.01G334700	Lc__Lchi03691	Vv__XP_003633168.1	0	2	0	2
OG0011851	one_gene_each_in_target_3species_from_ref7_Orthogroups	Cm__CmMahoganyH2.06G191600	Lc__Lchi23791	Vv__XP_002271754.2	1	2	0	1
OG0011853	one_gene_each_in_target_3species_from_ref7_Orthogroups	Cm__CmMahoganyH2.10G159000	Lc__Lchi04908	Vv__XP_002270958.1	1	1	1	1
OG0011856	one_gene_each_in_target_3species_from_ref7_Orthogroups	Cm__CmMahoganyH2.11G193300	Lc__Lchi30013	Vv__XP_010659613.1	1	1	0	2
OG0011857	one_gene_each_in_target_3species_from_ref7_Orthogroups	Cm__CmMahoganyH2.08G024300	Lc__Lchi04362	Vv__XP_003632132.1	1	1	1	1
OG0011862	one_gene_each_in_target_3species_from_ref7_Orthogroups	Cm__CmMahoganyH2.04G088800	Lc__Lchi03782	Vv__XP_002269751.1	1	1	1	1
OG0011863	one_gene_each_in_target_3species_from_ref7_Orthogroups	Cm__CmMahoganyH2.05G095100	Lc__Lchi06189	Vv__XP_002264961.1	0	1	1	2
OG0011870	one_gene_each_in_target_3species_from_ref7_Orthogroups	Cm__CmMahoganyH2.03G076600	Lc__Lchi20064	Vv__XP_010648946.1	0	2	0	2
OG0011878	one_gene_each_in_target_3species_from_ref7_Orthogroups	Cm__CmMahoganyH2.09G043400	Lc__Lchi21843	Vv__XP_002283857.1	1	1	1	1
OG0011880	one_gene_each_in_target_3species_from_ref7_Orthogroups	Cm__CmMahoganyH2.08G101800	Lc__Lchi28199	Vv__XP_002276021.1	1	1	1	1
OG0011882	one_gene_each_in_target_3species_from_ref7_Orthogroups	Cm__CmMahoganyH2.06G164400	Lc__Lchi28034	Vv__XP_019080189.1	1	1	1	1
OG0011885	one_gene_each_in_target_3species_from_ref7_Orthogroups	Cm__CmMahoganyH2.06G083900	Lc__Lchi07155	Vv__XP_002262661.3	1	1	1	1
OG0011887	one_gene_each_in_target_3species_from_ref7_Orthogroups	Cm__CmMahoganyH2.12G120100	Lc__Lchi02152	Vv__XP_002284503.3	1	1	1	1
OG0011888	one_gene_each_in_target_3species_from_ref7_Orthogroups	Cm__CmMahoganyH2.06G120200	Lc__Lchi09915	Vv__XP_002275891.1	2	1	0	1
OG0011890	one_gene_each_in_target_3species_from_ref7_Orthogroups	Cm__CmMahoganyH2.06G021100	Lc__Lchi07221	Vv__XP_002264297.1	1	1	1	1
OG0011891	one_gene_each_in_target_3species_from_ref7_Orthogroups	Cm__CmMahoganyH2.10G001600	Lc__Lchi01183	Vv__XP_002270360.1	1	2	0	1
OG0011892	one_gene_each_in_target_3species_from_ref7_Orthogroups	Cm__CmMahoganyH2.12G087300	Lc__Lchi10529	Vv__XP_010651909.1	1	1	0	2
OG0011894	one_gene_each_in_target_3species_from_ref7_Orthogroups	Cm__CmMahoganyH2.07G008700	Lc__Lchi02705	Vv__XP_002277323.2	1	1	1	1
OG0011898	one_gene_each_in_target_3species_from_ref7_Orthogroups	Cm__CmMahoganyH2.01G243800	Lc__Lchi02490	Vv__XP_002274559.2	1	1	1	1
OG0011907	one_gene_each_in_target_3species_from_ref7_Orthogroups	Cm__CmMahoganyH2.10G135700	Lc__Lchi00060	Vv__XP_010652336.1	1	1	1	1
OG0011908	one_gene_each_in_target_3species_from_ref7_Orthogroups	Cm__CmMahoganyH2.08G077300	Lc__Lchi23364	Vv__XP_002285017.1	1	1	1	1
OG0011910	one_gene_each_in_target_3species_from_ref7_Orthogroups	Cm__CmMahoganyH2.12G077600	Lc__Lchi27817	Vv__XP_002285663.1	1	1	1	1
OG0011913	one_gene_each_in_target_3species_from_ref7_Orthogroups	Cm__CmMahoganyH2.04G058800	Lc__Lchi01554	Vv__XP_002262978.1	2	1	1	0
OG0011919	one_gene_each_in_target_3species_from_ref7_Orthogroups	Cm__CmMahoganyH2.01G266300	Lc__Lchi07539	Vv__XP_010660886.1	1	1	1	1
OG0011921	one_gene_each_in_target_3species_from_ref7_Orthogroups	Cm__CmMahoganyH2.03G076000	Lc__Lchi22185	Vv__XP_002270792.1	1	1	1	1
OG0011925	one_gene_each_in_target_3species_from_ref7_Orthogroups	Cm__CmMahoganyH2.08G025800	Lc__Lchi04350	Vv__XP_002278413.1	1	1	1	1
OG0011927	one_gene_each_in_target_3species_from_ref7_Orthogroups	Cm__CmMahoganyH2.11G136400	Lc__Lchi05962	Vv__XP_010661258.1	0	1	2	1
OG0011929	one_gene_each_in_target_3species_from_ref7_Orthogroups	Cm__CmMahoganyH2.06G131400	Lc__Lchi07385	Vv__XP_002279730.1	1	1	2	0
OG0011932	one_gene_each_in_target_3species_from_ref7_Orthogroups	Cm__CmMahoganyH2.08G001100	Lc__Lchi14744	Vv__XP_010646452.1	0	2	1	1
OG0011937	one_gene_each_in_target_3species_from_ref7_Orthogroups	Cm__CmMahoganyH2.03G057500	Lc__Lchi24634	Vv__XP_010659929.1	1	2	0	1
OG0011938	one_gene_each_in_target_3species_from_ref7_Orthogroups	Cm__CmMahoganyH2.01G312800	Lc__Lchi19136	Vv__XP_002285418.2	0	1	2	1
OG0011940	one_gene_each_in_target_3species_from_ref7_Orthogroups	Cm__CmMahoganyH2.05G008700	Lc__Lchi31297	Vv__XP_010654396.1	0	1	1	2
OG0011941	one_gene_each_in_target_3species_from_ref7_Orthogroups	Cm__CmMahoganyH2.01G119600	Lc__Lchi01817	Vv__XP_010664880.1	0	1	2	1
OG0011943	one_gene_each_in_target_3species_from_ref7_Orthogroups	Cm__CmMahoganyH2.05G174600	Lc__Lchi28052	Vv__XP_002274769.1	1	1	1	1
OG0011944	one_gene_each_in_target_3species_from_ref7_Orthogroups	Cm__CmMahoganyH2.06G040900	Lc__Lchi21758	Vv__XP_002278488.2	1	0	2	1
OG0011947	one_gene_each_in_target_3species_from_ref7_Orthogroups	Cm__CmMahoganyH2.01G126700	Lc__Lchi15638	Vv__XP_002277877.2	1	1	1	1
OG0011950	one_gene_each_in_target_3species_from_ref7_Orthogroups	Cm__CmMahoganyH2.03G066900	Lc__Lchi11506	Vv__XP_002268421.2	1	0	2	1
OG0011951	one_gene_each_in_target_3species_from_ref7_Orthogroups	Cm__CmMahoganyH2.07G018200	Lc__Lchi16356	Vv__XP_002274388.1	1	1	1	1
OG0011954	one_gene_each_in_target_3species_from_ref7_Orthogroups	Cm__CmMahoganyH2.06G186500	Lc__Lchi30059	Vv__XP_002270699.1	1	1	0	2
OG0011961	one_gene_each_in_target_3species_from_ref7_Orthogroups	Cm__CmMahoganyH2.01G318200	Lc__Lchi17436	Vv__XP_002268309.1	0	1	1	2
OG0011962	one_gene_each_in_target_3species_from_ref7_Orthogroups	Cm__CmMahoganyH2.07G042900	Lc__Lchi26723	Vv__XP_002275249.1	0	1	1	2
OG0011963	one_gene_each_in_target_3species_from_ref7_Orthogroups	Cm__CmMahoganyH2.03G047400	Lc__Lchi35237	Vv__XP_010660073.1	0	2	1	1
OG0011972	one_gene_each_in_target_3species_from_ref7_Orthogroups	Cm__CmMahoganyH2.04G068200	Lc__Lchi24982	Vv__XP_002278856.1	1	2	0	1
OG0011973	one_gene_each_in_target_3species_from_ref7_Orthogroups	Cm__CmMahoganyH2.12G074100	Lc__Lchi02299	Vv__XP_002285696.1	1	1	1	1
OG0011975	one_gene_each_in_target_3species_from_ref7_Orthogroups	Cm__CmMahoganyH2.10G153400	Lc__Lchi15062	Vv__XP_010664515.1	1	1	1	1
OG0011982	one_gene_each_in_target_3species_from_ref7_Orthogroups	Cm__CmMahoganyH2.09G145500	Lc__Lchi17850	Vv__XP_003632618.1	0	2	1	1
OG0011983	one_gene_each_in_target_3species_from_ref7_Orthogroups	Cm__CmMahoganyH2.09G085300	Lc__Lchi27738	Vv__XP_002267147.1	1	1	0	2
OG0011984	one_gene_each_in_target_3species_from_ref7_Orthogroups	Cm__CmMahoganyH2.01G054500	Lc__Lchi10384	Vv__XP_002280937.1	2	1	0	1
OG0011986	one_gene_each_in_target_3species_from_ref7_Orthogroups	Cm__CmMahoganyH2.01G151300	Lc__Lchi20326	Vv__XP_002268373.1	1	1	1	1
OG0011987	one_gene_each_in_target_3species_from_ref7_Orthogroups	Cm__CmMahoganyH2.01G240400	Lc__Lchi16452	Vv__XP_019080656.1	1	2	0	1
OG0011988	one_gene_each_in_target_3species_from_ref7_Orthogroups	Cm__CmMahoganyH2.10G087400	Lc__Lchi04421	Vv__XP_002269127.1	1	1	1	1
OG0011989	one_gene_each_in_target_3species_from_ref7_Orthogroups	Cm__CmMahoganyH2.07G063900	Lc__Lchi09753	Vv__XP_019073151.1	0	1	1	2
OG0011991	one_gene_each_in_target_3species_from_ref7_Orthogroups	Cm__CmMahoganyH2.05G079600	Lc__Lchi03785	Vv__XP_002273454.1	0	2	1	1
OG0011995	one_gene_each_in_target_3species_from_ref7_Orthogroups	Cm__CmMahoganyH2.09G174700	Lc__Lchi06102	Vv__XP_010653790.1	1	1	1	1
OG0011996	one_gene_each_in_target_3species_from_ref7_Orthogroups	Cm__CmMahoganyH2.11G003000	Lc__Lchi18189	Vv__XP_002263612.1	1	1	1	1
OG0011997	one_gene_each_in_target_3species_from_ref7_Orthogroups	Cm__CmMahoganyH2.04G139800	Lc__Lchi11385	Vv__XP_010663108.1	0	1	2	1
OG0011998	one_gene_each_in_target_3species_from_ref7_Orthogroups	Cm__CmMahoganyH2.01G319000	Lc__Lchi17418	Vv__XP_002267328.2	1	1	1	1
OG0012000	one_gene_each_in_target_3species_from_ref7_Orthogroups	Cm__CmMahoganyH2.02G150400	Lc__Lchi03017	Vv__XP_002271482.1	1	2	1	0
OG0012001	one_gene_each_in_target_3species_from_ref7_Orthogroups	Cm__CmMahoganyH2.08G003500	Lc__Lchi29957	Vv__XP_002279984.3	1	1	1	1
OG0012003	one_gene_each_in_target_3species_from_ref7_Orthogroups	Cm__CmMahoganyH2.01G122300	Lc__Lchi01754	Vv__XP_002269515.1	1	1	1	1
OG0012004	one_gene_each_in_target_3species_from_ref7_Orthogroups	Cm__CmMahoganyH2.01G130600	Lc__Lchi29420	Vv__XP_002272607.2	1	1	1	1
OG0012006	one_gene_each_in_target_3species_from_ref7_Orthogroups	Cm__CmMahoganyH2.02G050900	Lc__Lchi00296	Vv__XP_002272388.1	1	1	1	1
OG0012007	one_gene_each_in_target_3species_from_ref7_Orthogroups	Cm__CmMahoganyH2.03G128000	Lc__Lchi19575	Vv__XP_003631322.1	1	1	1	1
OG0012009	one_gene_each_in_target_3species_from_ref7_Orthogroups	Cm__CmMahoganyH2.07G099200	Lc__Lchi01918	Vv__XP_002282255.1	1	2	0	1
OG0012012	one_gene_each_in_target_3species_from_ref7_Orthogroups	Cm__CmMahoganyH2.01G316500	Lc__Lchi10673	Vv__XP_002263200.2	1	1	1	1
OG0012015	one_gene_each_in_target_3species_from_ref7_Orthogroups	Cm__CmMahoganyH2.05G000700	Lc__Lchi11513	Vv__XP_010654356.1	0	2	1	1
OG0012017	one_gene_each_in_target_3species_from_ref7_Orthogroups	Cm__CmMahoganyH2.06G040500	Lc__Lchi21752	Vv__XP_010644443.1	0	2	1	1
OG0012022	one_gene_each_in_target_3species_from_ref7_Orthogroups	Cm__CmMahoganyH2.01G364000	Lc__Lchi16193	Vv__XP_002263798.1	0	1	2	1
OG0012027	one_gene_each_in_target_3species_from_ref7_Orthogroups	Cm__CmMahoganyH2.08G024800	Lc__Lchi25630	Vv__XP_002278579.1	1	1	1	1
OG0012029	one_gene_each_in_target_3species_from_ref7_Orthogroups	Cm__CmMahoganyH2.05G163900	Lc__Lchi17745	Vv__XP_010647145.1	1	1	1	1
OG0012031	one_gene_each_in_target_3species_from_ref7_Orthogroups	Cm__CmMahoganyH2.12G000400	Lc__Lchi01671	Vv__XP_002264380.3	1	1	1	1
OG0012033	one_gene_each_in_target_3species_from_ref7_Orthogroups	Cm__CmMahoganyH2.11G137600	Lc__Lchi00120	Vv__XP_002279193.1	1	2	1	0
OG0012038	one_gene_each_in_target_3species_from_ref7_Orthogroups	Cm__CmMahoganyH2.03G182200	Lc__Lchi10842	Vv__XP_002267888.1	1	1	2	0
OG0012040	one_gene_each_in_target_3species_from_ref7_Orthogroups	Cm__CmMahoganyH2.12G096300	Lc__Lchi01200	Vv__XP_002274994.1	1	1	1	1
OG0012041	one_gene_each_in_target_3species_from_ref7_Orthogroups	Cm__CmMahoganyH2.02G190200	Lc__Lchi13750	Vv__XP_010652673.1	1	1	0	2
OG0012045	one_gene_each_in_target_3species_from_ref7_Orthogroups	Cm__CmMahoganyH2.05G011200	Lc__Lchi02674	Vv__XP_002272317.2	0	1	1	2
OG0012047	one_gene_each_in_target_3species_from_ref7_Orthogroups	Cm__CmMahoganyH2.06G170100	Lc__Lchi13399	Vv__XP_002282535.1	1	2	0	1
OG0012054	one_gene_each_in_target_3species_from_ref7_Orthogroups	Cm__CmMahoganyH2.12G135500	Lc__Lchi21678	Vv__XP_002272465.2	1	2	1	0
OG0012055	one_gene_each_in_target_3species_from_ref7_Orthogroups	Cm__CmMahoganyH2.01G050900	Lc__Lchi07597	Vv__XP_003634371.1	1	2	1	0
OG0012066	one_gene_each_in_target_3species_from_ref7_Orthogroups	Cm__CmMahoganyH2.01G158900	Lc__Lchi20289	Vv__XP_002264617.2	1	1	1	1
OG0012067	one_gene_each_in_target_3species_from_ref7_Orthogroups	Cm__CmMahoganyH2.01G293400	Lc__Lchi01018	Vv__XP_002280953.1	1	1	1	1
OG0012069	one_gene_each_in_target_3species_from_ref7_Orthogroups	Cm__CmMahoganyH2.03G105200	Lc__Lchi26337	Vv__XP_003631230.1	1	1	1	1
OG0012075	one_gene_each_in_target_3species_from_ref7_Orthogroups	Cm__CmMahoganyH2.07G114100	Lc__Lchi09038	Vv__XP_002284659.1	0	0	1	3
OG0012076	one_gene_each_in_target_3species_from_ref7_Orthogroups	Cm__CmMahoganyH2.08G008500	Lc__Lchi14810	Vv__XP_002276273.1	1	1	1	1
OG0012078	one_gene_each_in_target_3species_from_ref7_Orthogroups	Cm__CmMahoganyH2.02G112100	Lc__Lchi02121	Vv__XP_002275141.2	1	1	1	1
OG0012080	one_gene_each_in_target_3species_from_ref7_Orthogroups	Cm__CmMahoganyH2.05G122800	Lc__Lchi17626	Vv__XP_002272874.2	1	1	1	1
OG0012081	one_gene_each_in_target_3species_from_ref7_Orthogroups	Cm__CmMahoganyH2.08G063800	Lc__Lchi04297	Vv__XP_002279721.1	1	1	1	1
OG0012082	one_gene_each_in_target_3species_from_ref7_Orthogroups	Cm__CmMahoganyH2.02G105100	Lc__Lchi02591	Vv__XP_002271213.1	1	1	1	1
OG0012087	one_gene_each_in_target_3species_from_ref7_Orthogroups	Cm__CmMahoganyH2.04G065500	Lc__Lchi19611	Vv__XP_002267281.3	1	1	1	1
OG0012088	one_gene_each_in_target_3species_from_ref7_Orthogroups	Cm__CmMahoganyH2.04G140400	Lc__Lchi28425	Vv__XP_010663104.1	1	1	1	1
OG0012091	one_gene_each_in_target_3species_from_ref7_Orthogroups	Cm__CmMahoganyH2.09G140200	Lc__Lchi08109	Vv__XP_002283874.2	1	2	1	0
OG0012093	one_gene_each_in_target_3species_from_ref7_Orthogroups	Cm__CmMahoganyH2.09G166400	Lc__Lchi24449	Vv__XP_002284451.1	1	0	1	2
OG0012094	one_gene_each_in_target_3species_from_ref7_Orthogroups	Cm__CmMahoganyH2.08G174900	Lc__Lchi16382	Vv__XP_002284395.2	1	1	1	1
OG0012095	one_gene_each_in_target_3species_from_ref7_Orthogroups	Cm__CmMahoganyH2.12G130000	Lc__Lchi15784	Vv__XP_010652358.1	0	1	2	1
OG0012097	one_gene_each_in_target_3species_from_ref7_Orthogroups	Cm__CmMahoganyH2.08G031600	Lc__Lchi24082	Vv__XP_002282009.1	0	2	1	1
OG0012099	one_gene_each_in_target_3species_from_ref7_Orthogroups	Cm__CmMahoganyH2.10G043000	Lc__Lchi06057	Vv__XP_002267185.2	1	1	1	1
OG0012100	one_gene_each_in_target_3species_from_ref7_Orthogroups	Cm__CmMahoganyH2.01G092100	Lc__Lchi11450	Vv__XP_002282370.1	1	2	0	1
OG0012102	one_gene_each_in_target_3species_from_ref7_Orthogroups	Cm__CmMahoganyH2.01G179200	Lc__Lchi05168	Vv__XP_002264373.1	1	1	1	1
OG0012105	one_gene_each_in_target_3species_from_ref7_Orthogroups	Cm__CmMahoganyH2.09G008700	Lc__Lchi18993	Vv__XP_002278867.1	1	1	1	1
OG0012106	one_gene_each_in_target_3species_from_ref7_Orthogroups	Cm__CmMahoganyH2.03G024200	Lc__Lchi16651	Vv__XP_002278555.1	0	1	2	1
OG0012107	one_gene_each_in_target_3species_from_ref7_Orthogroups	Cm__CmMahoganyH2.05G002900	Lc__Lchi11436	Vv__XP_002265294.2	0	2	1	1
OG0012108	one_gene_each_in_target_3species_from_ref7_Orthogroups	Cm__CmMahoganyH2.04G088000	Lc__Lchi15317	Vv__XP_002274334.1	1	0	1	2
OG0012115	one_gene_each_in_target_3species_from_ref7_Orthogroups	Cm__CmMahoganyH2.01G235300	Lc__Lchi16723	Vv__XP_002277874.1	1	1	0	2
OG0012116	one_gene_each_in_target_3species_from_ref7_Orthogroups	Cm__CmMahoganyH2.03G083100	Lc__Lchi05897	Vv__XP_002284829.1	0	1	1	2
OG0012117	one_gene_each_in_target_3species_from_ref7_Orthogroups	Cm__CmMahoganyH2.01G303100	Lc__Lchi05599	Vv__XP_002285044.1	1	1	1	1
OG0012118	one_gene_each_in_target_3species_from_ref7_Orthogroups	Cm__CmMahoganyH2.02G014600	Lc__Lchi21211	Vv__XP_002278494.1	1	1	1	1
OG0012120	one_gene_each_in_target_3species_from_ref7_Orthogroups	Cm__CmMahoganyH2.03G084100	Lc__Lchi05859	Vv__XP_002284969.1	1	1	1	1
OG0012121	one_gene_each_in_target_3species_from_ref7_Orthogroups	Cm__CmMahoganyH2.04G013300	Lc__Lchi14745	Vv__XP_002275033.1	1	2	1	0
OG0012125	one_gene_each_in_target_3species_from_ref7_Orthogroups	Cm__CmMahoganyH2.12G148300	Lc__Lchi29667	Vv__XP_010652447.1	1	1	1	1
OG0012127	one_gene_each_in_target_3species_from_ref7_Orthogroups	Cm__CmMahoganyH2.07G130300	Lc__Lchi29170	Vv__XP_002268532.1	1	0	2	1
OG0012128	one_gene_each_in_target_3species_from_ref7_Orthogroups	Cm__CmMahoganyH2.06G146300	Lc__Lchi25214	Vv__XP_002268768.3	1	1	1	1
OG0012134	one_gene_each_in_target_3species_from_ref7_Orthogroups	Cm__CmMahoganyH2.12G022000	Lc__Lchi08468	Vv__XP_002264216.1	1	1	1	1
OG0012139	one_gene_each_in_target_3species_from_ref7_Orthogroups	Cm__CmMahoganyH2.12G135300	Lc__Lchi21673	Vv__XP_002276857.2	1	1	1	1
OG0012140	one_gene_each_in_target_3species_from_ref7_Orthogroups	Cm__CmMahoganyH2.09G081700	Lc__Lchi13636	Vv__XP_002263502.1	1	1	0	2
OG0012141	one_gene_each_in_target_3species_from_ref7_Orthogroups	Cm__CmMahoganyH2.04G002400	Lc__Lchi23986	Vv__XP_002280402.1	1	0	1	2
OG0012145	one_gene_each_in_target_3species_from_ref7_Orthogroups	Cm__CmMahoganyH2.05G133000	Lc__Lchi18933	Vv__XP_002280537.1	1	1	1	1
OG0012146	one_gene_each_in_target_3species_from_ref7_Orthogroups	Cm__CmMahoganyH2.06G132900	Lc__Lchi07399	Vv__XP_002274385.2	1	1	1	1
OG0012148	one_gene_each_in_target_3species_from_ref7_Orthogroups	Cm__CmMahoganyH2.08G031700	Lc__Lchi11239	Vv__XP_002284848.1	1	1	1	1
OG0012149	one_gene_each_in_target_3species_from_ref7_Orthogroups	Cm__CmMahoganyH2.10G176400	Lc__Lchi25031	Vv__XP_002280519.2	1	1	1	1
OG0012150	one_gene_each_in_target_3species_from_ref7_Orthogroups	Cm__CmMahoganyH2.08G051400	Lc__Lchi01179	Vv__XP_002280634.1	1	1	1	1
OG0012155	one_gene_each_in_target_3species_from_ref7_Orthogroups	Cm__CmMahoganyH2.12G010700	Lc__Lchi16166	Vv__XP_003634940.1	1	1	1	1
OG0012157	one_gene_each_in_target_3species_from_ref7_Orthogroups	Cm__CmMahoganyH2.02G111300	Lc__Lchi29995	Vv__XP_010649380.1	1	1	1	1
OG0012159	one_gene_each_in_target_3species_from_ref7_Orthogroups	Cm__CmMahoganyH2.01G095800	Lc__Lchi03699	Vv__XP_002283410.2	1	1	1	1
OG0012162	one_gene_each_in_target_3species_from_ref7_Orthogroups	Cm__CmMahoganyH2.10G080800	Lc__Lchi26877	Vv__XP_002276328.2	1	1	1	1
OG0012164	one_gene_each_in_target_3species_from_ref7_Orthogroups	Cm__CmMahoganyH2.01G291600	Lc__Lchi02865	Vv__XP_002283932.1	1	1	1	1
OG0012167	one_gene_each_in_target_3species_from_ref7_Orthogroups	Cm__CmMahoganyH2.04G017800	Lc__Lchi14105	Vv__XP_002281157.1	1	0	1	2
OG0012172	one_gene_each_in_target_3species_from_ref7_Orthogroups	Cm__CmMahoganyH2.03G144200	Lc__Lchi11393	Vv__XP_002272590.2	1	1	1	1
OG0012173	one_gene_each_in_target_3species_from_ref7_Orthogroups	Cm__CmMahoganyH2.08G016500	Lc__Lchi30613	Vv__XP_002283449.1	1	1	1	1
OG0012176	one_gene_each_in_target_3species_from_ref7_Orthogroups	Cm__CmMahoganyH2.08G002900	Lc__Lchi05325	Vv__XP_002266252.1	1	1	1	1
OG0012179	one_gene_each_in_target_3species_from_ref7_Orthogroups	Cm__CmMahoganyH2.06G203500	Lc__Lchi08395	Vv__XP_002263861.1	1	1	1	1
OG0012181	one_gene_each_in_target_3species_from_ref7_Orthogroups	Cm__CmMahoganyH2.09G052500	Lc__Lchi22423	Vv__XP_002282520.1	0	1	1	2
OG0012183	one_gene_each_in_target_3species_from_ref7_Orthogroups	Cm__CmMahoganyH2.09G131000	Lc__Lchi19960	Vv__XP_002263213.1	1	1	1	1
OG0012189	one_gene_each_in_target_3species_from_ref7_Orthogroups	Cm__CmMahoganyH2.05G079400	Lc__Lchi09550	Vv__XP_002272988.1	1	1	1	1
OG0012190	one_gene_each_in_target_3species_from_ref7_Orthogroups	Cm__CmMahoganyH2.10G179200	Lc__Lchi13555	Vv__XP_003634993.2	1	1	0	2
OG0012203	one_gene_each_in_target_3species_from_ref7_Orthogroups	Cm__CmMahoganyH2.10G036200	Lc__Lchi19272	Vv__XP_002264869.2	1	1	1	1
OG0012208	one_gene_each_in_target_3species_from_ref7_Orthogroups	Cm__CmMahoganyH2.06G017300	Lc__Lchi29865	Vv__XP_002268825.1	1	1	1	1
OG0012209	one_gene_each_in_target_3species_from_ref7_Orthogroups	Cm__CmMahoganyH2.11G112800	Lc__Lchi01443	Vv__XP_002276642.1	0	1	2	1
OG0012210	one_gene_each_in_target_3species_from_ref7_Orthogroups	Cm__CmMahoganyH2.07G135900	Lc__Lchi18440	Vv__XP_002276653.1	0	2	1	1
OG0012215	one_gene_each_in_target_3species_from_ref7_Orthogroups	Cm__CmMahoganyH2.10G147200	Lc__Lchi13789	Vv__XP_002285788.1	1	1	1	1
OG0012223	one_gene_each_in_target_3species_from_ref7_Orthogroups	Cm__CmMahoganyH2.10G070400	Lc__Lchi00212	Vv__XP_002275043.1	1	1	1	1
OG0012224	one_gene_each_in_target_3species_from_ref7_Orthogroups	Cm__CmMahoganyH2.01G084400	Lc__Lchi06737	Vv__XP_002276622.1	2	1	1	0
OG0012226	one_gene_each_in_target_3species_from_ref7_Orthogroups	Cm__CmMahoganyH2.01G096200	Lc__Lchi09631	Vv__XP_002283376.1	0	2	1	1
OG0012227	one_gene_each_in_target_3species_from_ref7_Orthogroups	Cm__CmMahoganyH2.02G032700	Lc__Lchi23040	Vv__XP_003631980.1	1	1	1	1
OG0012228	one_gene_each_in_target_3species_from_ref7_Orthogroups	Cm__CmMahoganyH2.01G280600	Lc__Lchi04814	Vv__XP_002281420.1	1	1	1	1
OG0012229	one_gene_each_in_target_3species_from_ref7_Orthogroups	Cm__CmMahoganyH2.01G289000	Lc__Lchi14298	Vv__XP_002283393.2	1	1	1	1
OG0012232	one_gene_each_in_target_3species_from_ref7_Orthogroups	Cm__CmMahoganyH2.02G099600	Lc__Lchi25728	Vv__XP_010650232.1	0	2	1	1
OG0012234	one_gene_each_in_target_3species_from_ref7_Orthogroups	Cm__CmMahoganyH2.10G139900	Lc__Lchi09278	Vv__XP_002285817.1	1	1	1	1
OG0012236	one_gene_each_in_target_3species_from_ref7_Orthogroups	Cm__CmMahoganyH2.02G163000	Lc__Lchi01922	Vv__NP_001268202.1	1	1	1	1
OG0012238	one_gene_each_in_target_3species_from_ref7_Orthogroups	Cm__CmMahoganyH2.02G166300	Lc__Lchi24822	Vv__XP_010646914.1	0	1	1	2
OG0012239	one_gene_each_in_target_3species_from_ref7_Orthogroups	Cm__CmMahoganyH2.05G009800	Lc__Lchi11471	Vv__XP_002272277.1	1	1	1	1
OG0012240	one_gene_each_in_target_3species_from_ref7_Orthogroups	Cm__CmMahoganyH2.03G032800	Lc__Lchi23789	Vv__XP_002266748.1	1	1	1	1
OG0012243	one_gene_each_in_target_3species_from_ref7_Orthogroups	Cm__CmMahoganyH2.03G055300	Lc__Lchi04426	Vv__XP_002274195.1	1	1	1	1
OG0012247	one_gene_each_in_target_3species_from_ref7_Orthogroups	Cm__CmMahoganyH2.03G120400	Lc__Lchi02534	Vv__XP_002273495.1	1	1	0	2
OG0012252	one_gene_each_in_target_3species_from_ref7_Orthogroups	Cm__CmMahoganyH2.10G057100	Lc__Lchi17883	Vv__XP_002275649.1	1	1	1	1
OG0012256	one_gene_each_in_target_3species_from_ref7_Orthogroups	Cm__CmMahoganyH2.01G077000	Lc__Lchi09354	Vv__XP_002272189.1	1	1	1	1
OG0012257	one_gene_each_in_target_3species_from_ref7_Orthogroups	Cm__CmMahoganyH2.01G099400	Lc__Lchi03814	Vv__XP_002282880.1	1	1	1	1
OG0012261	one_gene_each_in_target_3species_from_ref7_Orthogroups	Cm__CmMahoganyH2.02G154300	Lc__Lchi11720	Vv__XP_002279446.1	1	1	1	1
OG0012262	one_gene_each_in_target_3species_from_ref7_Orthogroups	Cm__CmMahoganyH2.03G016300	Lc__Lchi15562	Vv__XP_002277942.2	1	1	1	1
OG0012263	one_gene_each_in_target_3species_from_ref7_Orthogroups	Cm__CmMahoganyH2.03G062000	Lc__Lchi26842	Vv__XP_002278422.1	1	1	1	1
OG0012270	one_gene_each_in_target_3species_from_ref7_Orthogroups	Cm__CmMahoganyH2.08G167400	Lc__Lchi10122	Vv__XP_002283981.1	1	1	1	1
OG0012273	one_gene_each_in_target_3species_from_ref7_Orthogroups	Cm__CmMahoganyH2.05G030600	Lc__Lchi03462	Vv__XP_002282044.2	0	2	1	1
OG0012276	one_gene_each_in_target_3species_from_ref7_Orthogroups	Cm__CmMahoganyH2.02G109600	Lc__Lchi17197	Vv__XP_002264227.1	1	1	1	1
OG0012279	one_gene_each_in_target_3species_from_ref7_Orthogroups	Cm__CmMahoganyH2.05G093900	Lc__Lchi08529	Vv__XP_010655463.1	1	1	1	1
OG0012280	one_gene_each_in_target_3species_from_ref7_Orthogroups	Cm__CmMahoganyH2.05G118200	Lc__Lchi07058	Vv__XP_002284987.1	0	2	1	1
OG0012281	one_gene_each_in_target_3species_from_ref7_Orthogroups	Cm__CmMahoganyH2.09G045700	Lc__Lchi25514	Vv__XP_002283381.1	1	1	1	1
OG0012282	one_gene_each_in_target_3species_from_ref7_Orthogroups	Cm__CmMahoganyH2.07G098700	Lc__Lchi01928	Vv__XP_002285245.1	0	2	1	1
OG0012286	one_gene_each_in_target_3species_from_ref7_Orthogroups	Cm__CmMahoganyH2.12G028700	Lc__Lchi21317	Vv__XP_010662931.1	0	2	1	1
OG0012287	one_gene_each_in_target_3species_from_ref7_Orthogroups	Cm__CmMahoganyH2.01G099800	Lc__Lchi03824	Vv__XP_002282918.2	2	1	0	1
OG0012288	one_gene_each_in_target_3species_from_ref7_Orthogroups	Cm__CmMahoganyH2.04G136900	Lc__Lchi11880	Vv__XP_002263667.2	1	1	1	1
OG0012290	one_gene_each_in_target_3species_from_ref7_Orthogroups	Cm__CmMahoganyH2.07G024600	Lc__Lchi05130	Vv__XP_002267083.1	1	1	1	1
OG0012292	one_gene_each_in_target_3species_from_ref7_Orthogroups	Cm__CmMahoganyH2.06G126200	Lc__Lchi03959	Vv__XP_002281976.1	0	2	1	1
OG0012294	one_gene_each_in_target_3species_from_ref7_Orthogroups	Cm__CmMahoganyH2.04G054100	Lc__Lchi10111	Vv__XP_002268625.1	1	1	1	1
OG0012295	one_gene_each_in_target_3species_from_ref7_Orthogroups	Cm__CmMahoganyH2.04G109900	Lc__Lchi02914	Vv__XP_002284929.1	1	1	1	1
OG0012296	one_gene_each_in_target_3species_from_ref7_Orthogroups	Cm__CmMahoganyH2.05G068800	Lc__Lchi10625	Vv__XP_002265369.1	0	2	1	1
OG0012300	one_gene_each_in_target_3species_from_ref7_Orthogroups	Cm__CmMahoganyH2.09G072400	Lc__Lchi25649	Vv__XP_002279834.1	1	2	0	1
OG0012302	one_gene_each_in_target_3species_from_ref7_Orthogroups	Cm__CmMahoganyH2.06G164300	Lc__Lchi21583	Vv__XP_002279143.2	1	1	1	1
OG0012303	one_gene_each_in_target_3species_from_ref7_Orthogroups	Cm__CmMahoganyH2.06G228800	Lc__Lchi18522	Vv__XP_002283267.1	1	1	1	1
OG0012304	one_gene_each_in_target_3species_from_ref7_Orthogroups	Cm__CmMahoganyH2.07G110300	Lc__Lchi13976	Vv__XP_010647831.1	0	1	1	2
OG0012307	one_gene_each_in_target_3species_from_ref7_Orthogroups	Cm__CmMahoganyH2.08G111800	Lc__Lchi30311	Vv__XP_002274037.1	0	1	2	1
OG0012309	one_gene_each_in_target_3species_from_ref7_Orthogroups	Cm__CmMahoganyH2.09G129600	Lc__Lchi08275	Vv__XP_002268271.1	1	1	0	2
OG0012312	one_gene_each_in_target_3species_from_ref7_Orthogroups	Cm__CmMahoganyH2.12G108800	Lc__Lchi01790	Vv__XP_002278571.1	0	1	2	1
OG0012314	one_gene_each_in_target_3species_from_ref7_Orthogroups	Cm__CmMahoganyH2.01G029900	Lc__Lchi24795	Vv__XP_002282636.1	2	1	1	0
OG0012315	one_gene_each_in_target_3species_from_ref7_Orthogroups	Cm__CmMahoganyH2.01G264800	Lc__Lchi02386	Vv__XP_010660870.1	1	1	1	1
OG0012316	one_gene_each_in_target_3species_from_ref7_Orthogroups	Cm__CmMahoganyH2.02G044000	Lc__Lchi04524	Vv__XP_002273600.1	0	2	1	1
OG0012317	one_gene_each_in_target_3species_from_ref7_Orthogroups	Cm__CmMahoganyH2.02G069700	Lc__Lchi06302	Vv__XP_002267959.1	0	1	2	1
OG0012318	one_gene_each_in_target_3species_from_ref7_Orthogroups	Cm__CmMahoganyH2.04G090400	Lc__Lchi12212	Vv__XP_002273412.2	1	1	1	1
OG0012319	one_gene_each_in_target_3species_from_ref7_Orthogroups	Cm__CmMahoganyH2.03G110700	Lc__Lchi17244	Vv__XP_002273831.1	1	1	1	1
OG0012320	one_gene_each_in_target_3species_from_ref7_Orthogroups	Cm__CmMahoganyH2.05G061700	Lc__Lchi04758	Vv__XP_002281013.1	1	1	1	1
OG0012321	one_gene_each_in_target_3species_from_ref7_Orthogroups	Cm__CmMahoganyH2.06G194400	Lc__Lchi23493	Vv__XP_010661662.1	1	2	1	0
OG0012323	one_gene_each_in_target_3species_from_ref7_Orthogroups	Cm__CmMahoganyH2.09G129400	Lc__Lchi00651	Vv__XP_002281697.1	1	1	1	1
OG0012324	one_gene_each_in_target_3species_from_ref7_Orthogroups	Cm__CmMahoganyH2.10G030800	Lc__Lchi06579	Vv__XP_010664072.1	0	1	2	1
OG0012326	one_gene_each_in_target_3species_from_ref7_Orthogroups	Cm__CmMahoganyH2.12G136900	Lc__Lchi22526	Vv__XP_002275953.1	1	1	1	1
OG0012330	one_gene_each_in_target_3species_from_ref7_Orthogroups	Cm__CmMahoganyH2.02G197500	Lc__Lchi03066	Vv__XP_010646786.1	0	1	1	2
OG0012331	one_gene_each_in_target_3species_from_ref7_Orthogroups	Cm__CmMahoganyH2.03G069900	Lc__Lchi13089	Vv__XP_003633692.1	1	1	1	1
OG0012332	one_gene_each_in_target_3species_from_ref7_Orthogroups	Cm__CmMahoganyH2.03G156700	Lc__Lchi23702	Vv__XP_002269008.1	1	1	1	1
OG0012333	one_gene_each_in_target_3species_from_ref7_Orthogroups	Cm__CmMahoganyH2.04G167400	Lc__Lchi02460	Vv__XP_003634223.1	1	1	1	1
OG0012334	one_gene_each_in_target_3species_from_ref7_Orthogroups	Cm__CmMahoganyH2.06G019600	Lc__Lchi12362	Vv__XP_003634757.1	1	0	2	1
OG0012335	one_gene_each_in_target_3species_from_ref7_Orthogroups	Cm__CmMahoganyH2.06G139600	Lc__Lchi29086	Vv__XP_002273082.1	1	1	1	1
OG0012336	one_gene_each_in_target_3species_from_ref7_Orthogroups	Cm__CmMahoganyH2.08G015100	Lc__Lchi16271	Vv__XP_002283553.1	1	1	1	1
OG0012337	one_gene_each_in_target_3species_from_ref7_Orthogroups	Cm__CmMahoganyH2.09G100400	Lc__Lchi16502	Vv__XP_002275006.1	1	1	1	1
OG0012338	one_gene_each_in_target_3species_from_ref7_Orthogroups	Cm__CmMahoganyH2.10G068600	Lc__Lchi06416	Vv__XP_002271180.1	1	1	1	1
OG0012339	one_gene_each_in_target_3species_from_ref7_Orthogroups	Cm__CmMahoganyH2.10G068700	Lc__Lchi06417	Vv__XP_002271147.1	1	1	1	1
OG0012340	one_gene_each_in_target_3species_from_ref7_Orthogroups	Cm__CmMahoganyH2.12G036000	Lc__Lchi08585	Vv__XP_002277330.1	1	1	1	1
OG0012342	one_gene_each_in_target_3species_from_ref7_Orthogroups	Cm__CmMahoganyH2.01G002700	Lc__Lchi16764	Vv__XP_003631808.1	1	1	1	1
OG0012343	one_gene_each_in_target_3species_from_ref7_Orthogroups	Cm__CmMahoganyH2.01G005300	Lc__Lchi03415	Vv__XP_002279110.1	1	1	1	1
OG0012344	one_gene_each_in_target_3species_from_ref7_Orthogroups	Cm__CmMahoganyH2.01G005800	Lc__Lchi03461	Vv__XP_019075088.1	1	1	1	1
OG0012346	one_gene_each_in_target_3species_from_ref7_Orthogroups	Cm__CmMahoganyH2.01G010800	Lc__Lchi03477	Vv__XP_002276450.1	0	1	1	2
OG0012348	one_gene_each_in_target_3species_from_ref7_Orthogroups	Cm__CmMahoganyH2.01G014600	Lc__Lchi09689	Vv__XP_002285742.1	0	1	1	2
OG0012350	one_gene_each_in_target_3species_from_ref7_Orthogroups	Cm__CmMahoganyH2.01G023100	Lc__Lchi13167	Vv__XP_002282947.3	1	1	1	1
OG0012352	one_gene_each_in_target_3species_from_ref7_Orthogroups	Cm__CmMahoganyH2.01G030400	Lc__Lchi02237	Vv__XP_002284591.1	1	0	2	1
OG0012353	one_gene_each_in_target_3species_from_ref7_Orthogroups	Cm__CmMahoganyH2.01G033700	Lc__Lchi13901	Vv__XP_010664597.1	1	1	1	1
OG0012354	one_gene_each_in_target_3species_from_ref7_Orthogroups	Cm__CmMahoganyH2.01G039400	Lc__Lchi23638	Vv__XP_010664636.1	1	1	1	1
OG0012355	one_gene_each_in_target_3species_from_ref7_Orthogroups	Cm__CmMahoganyH2.01G039700	Lc__Lchi23628	Vv__XP_002283650.1	1	1	1	1
OG0012357	one_gene_each_in_target_3species_from_ref7_Orthogroups	Cm__CmMahoganyH2.01G043600	Lc__Lchi18773	Vv__XP_002281567.2	1	1	1	1
OG0012358	one_gene_each_in_target_3species_from_ref7_Orthogroups	Cm__CmMahoganyH2.01G045100	Lc__Lchi18801	Vv__XP_002281468.1	1	1	1	1
OG0012361	one_gene_each_in_target_3species_from_ref7_Orthogroups	Cm__CmMahoganyH2.01G057000	Lc__Lchi29166	Vv__XP_002280655.1	1	1	1	1
OG0012363	one_gene_each_in_target_3species_from_ref7_Orthogroups	Cm__CmMahoganyH2.01G067900	Lc__Lchi11201	Vv__XP_003634361.1	1	1	0	2
OG0012364	one_gene_each_in_target_3species_from_ref7_Orthogroups	Cm__CmMahoganyH2.01G069200	Lc__Lchi11233	Vv__XP_002285902.1	1	1	1	1
OG0012365	one_gene_each_in_target_3species_from_ref7_Orthogroups	Cm__CmMahoganyH2.01G069600	Lc__Lchi18683	Vv__XP_002285904.1	1	1	1	1
OG0012367	one_gene_each_in_target_3species_from_ref7_Orthogroups	Cm__CmMahoganyH2.01G074500	Lc__Lchi12120	Vv__XP_002272226.1	1	1	1	1
OG0012368	one_gene_each_in_target_3species_from_ref7_Orthogroups	Cm__CmMahoganyH2.01G074600	Lc__Lchi12119	Vv__XP_002270277.2	1	1	1	1
OG0012369	one_gene_each_in_target_3species_from_ref7_Orthogroups	Cm__CmMahoganyH2.01G075200	Lc__Lchi26640	Vv__XP_002285933.1	1	1	1	1
OG0012371	one_gene_each_in_target_3species_from_ref7_Orthogroups	Cm__CmMahoganyH2.01G080100	Lc__Lchi33882	Vv__XP_002273127.1	1	1	1	1
OG0012372	one_gene_each_in_target_3species_from_ref7_Orthogroups	Cm__CmMahoganyH2.01G080300	Lc__Lchi11279	Vv__XP_002274365.1	1	1	1	1
OG0012373	one_gene_each_in_target_3species_from_ref7_Orthogroups	Cm__CmMahoganyH2.01G080500	Lc__Lchi03366	Vv__XP_002274272.1	1	1	1	1
OG0012374	one_gene_each_in_target_3species_from_ref7_Orthogroups	Cm__CmMahoganyH2.01G087700	Lc__Lchi00613	Vv__XP_002263052.1	1	1	1	1
OG0012375	one_gene_each_in_target_3species_from_ref7_Orthogroups	Cm__CmMahoganyH2.01G088800	Lc__Lchi19663	Vv__XP_002281444.2	1	1	2	0
OG0012376	one_gene_each_in_target_3species_from_ref7_Orthogroups	Cm__CmMahoganyH2.01G090500	Lc__Lchi19688	Vv__XP_002281957.1	1	1	1	1
OG0012377	one_gene_each_in_target_3species_from_ref7_Orthogroups	Cm__CmMahoganyH2.01G096000	Lc__Lchi09633	Vv__XP_002285573.1	1	1	1	1
OG0012378	one_gene_each_in_target_3species_from_ref7_Orthogroups	Cm__CmMahoganyH2.01G096100	Lc__Lchi09632	Vv__XP_010648770.1	0	1	2	1
OG0012379	one_gene_each_in_target_3species_from_ref7_Orthogroups	Cm__CmMahoganyH2.01G102000	Lc__Lchi29694	Vv__XP_002283008.2	0	1	2	1
OG0012381	one_gene_each_in_target_3species_from_ref7_Orthogroups	Cm__CmMahoganyH2.01G115900	Lc__Lchi25671	Vv__XP_019072270.1	3	1	0	0
OG0012384	one_gene_each_in_target_3species_from_ref7_Orthogroups	Cm__CmMahoganyH2.01G131900	Lc__Lchi06496	Vv__XP_010660021.1	1	1	1	1
OG0012385	one_gene_each_in_target_3species_from_ref7_Orthogroups	Cm__CmMahoganyH2.01G134300	Lc__Lchi06480	Vv__XP_002280885.1	1	1	1	1
OG0012387	one_gene_each_in_target_3species_from_ref7_Orthogroups	Cm__CmMahoganyH2.01G140100	Lc__Lchi00022	Vv__XP_002269912.1	1	1	1	1
OG0012389	one_gene_each_in_target_3species_from_ref7_Orthogroups	Cm__CmMahoganyH2.01G150800	Lc__Lchi33526	Vv__XP_002269211.1	1	1	1	1
OG0012391	one_gene_each_in_target_3species_from_ref7_Orthogroups	Cm__CmMahoganyH2.01G159500	Lc__Lchi14004	Vv__XP_002265135.1	1	1	1	1
OG0012392	one_gene_each_in_target_3species_from_ref7_Orthogroups	Cm__CmMahoganyH2.01G161400	Lc__Lchi24668	Vv__XP_002263332.1	0	2	1	1
OG0012395	one_gene_each_in_target_3species_from_ref7_Orthogroups	Cm__CmMahoganyH2.01G167100	Lc__Lchi29504	Vv__XP_010661108.1	1	1	1	1
OG0012397	one_gene_each_in_target_3species_from_ref7_Orthogroups	Cm__CmMahoganyH2.01G167600	Lc__Lchi27190	Vv__XP_002284191.1	1	1	1	1
OG0012398	one_gene_each_in_target_3species_from_ref7_Orthogroups	Cm__CmMahoganyH2.01G168800	Lc__Lchi01008	Vv__XP_002280942.1	1	1	1	1
OG0012399	one_gene_each_in_target_3species_from_ref7_Orthogroups	Cm__CmMahoganyH2.01G172400	Lc__Lchi03571	Vv__XP_002280407.1	1	1	1	1
OG0012404	one_gene_each_in_target_3species_from_ref7_Orthogroups	Cm__CmMahoganyH2.01G191400	Lc__Lchi05683	Vv__XP_002283034.1	0	1	2	1
OG0012405	one_gene_each_in_target_3species_from_ref7_Orthogroups	Cm__CmMahoganyH2.01G197800	Lc__Lchi10142	Vv__XP_002263956.1	1	2	1	0
OG0012406	one_gene_each_in_target_3species_from_ref7_Orthogroups	Cm__CmMahoganyH2.01G199800	Lc__Lchi25002	Vv__XP_019080686.1	1	1	1	1
OG0012407	one_gene_each_in_target_3species_from_ref7_Orthogroups	Cm__CmMahoganyH2.01G200400	Lc__Lchi05896	Vv__XP_002274836.2	1	1	1	1
OG0012408	one_gene_each_in_target_3species_from_ref7_Orthogroups	Cm__CmMahoganyH2.01G202700	Lc__Lchi19582	Vv__XP_002270157.1	1	1	1	1
OG0012409	one_gene_each_in_target_3species_from_ref7_Orthogroups	Cm__CmMahoganyH2.01G202800	Lc__Lchi05815	Vv__XP_002264144.1	1	1	1	1
OG0012410	one_gene_each_in_target_3species_from_ref7_Orthogroups	Cm__CmMahoganyH2.01G209500	Lc__Lchi16802	Vv__XP_002280767.1	1	1	1	1
OG0012412	one_gene_each_in_target_3species_from_ref7_Orthogroups	Cm__CmMahoganyH2.01G212100	Lc__Lchi05176	Vv__XP_002281553.1	1	1	1	1
OG0012413	one_gene_each_in_target_3species_from_ref7_Orthogroups	Cm__CmMahoganyH2.01G213200	Lc__Lchi03463	Vv__XP_002282032.1	0	1	2	1
OG0012414	one_gene_each_in_target_3species_from_ref7_Orthogroups	Cm__CmMahoganyH2.01G214900	Lc__Lchi00757	Vv__XP_002282308.1	1	1	1	1
OG0012415	one_gene_each_in_target_3species_from_ref7_Orthogroups	Cm__CmMahoganyH2.01G215400	Lc__Lchi00734	Vv__XP_002282381.1	1	1	1	1
OG0012416	one_gene_each_in_target_3species_from_ref7_Orthogroups	Cm__CmMahoganyH2.01G223400	Lc__Lchi03318	Vv__XP_002265583.1	1	0	2	1
OG0012417	one_gene_each_in_target_3species_from_ref7_Orthogroups	Cm__CmMahoganyH2.01G224500	Lc__Lchi12201	Vv__XP_002278556.2	1	1	1	1
OG0012419	one_gene_each_in_target_3species_from_ref7_Orthogroups	Cm__CmMahoganyH2.01G226800	Lc__Lchi07950	Vv__XP_002278111.1	1	1	1	1
OG0012422	one_gene_each_in_target_3species_from_ref7_Orthogroups	Cm__CmMahoganyH2.01G237600	Lc__Lchi02364	Vv__XP_002276522.1	1	1	1	1
OG0012424	one_gene_each_in_target_3species_from_ref7_Orthogroups	Cm__CmMahoganyH2.01G245700	Lc__Lchi22554	Vv__XP_002270554.1	1	1	1	1
OG0012425	one_gene_each_in_target_3species_from_ref7_Orthogroups	Cm__CmMahoganyH2.01G246800	Lc__Lchi26421	Vv__XP_002273946.1	0	1	1	2
OG0012428	one_gene_each_in_target_3species_from_ref7_Orthogroups	Cm__CmMahoganyH2.01G247700	Lc__Lchi20407	Vv__XP_003633767.1	1	1	1	1
OG0012429	one_gene_each_in_target_3species_from_ref7_Orthogroups	Cm__CmMahoganyH2.01G260500	Lc__Lchi11687	Vv__XP_002272292.2	1	1	1	1
OG0012432	one_gene_each_in_target_3species_from_ref7_Orthogroups	Cm__CmMahoganyH2.01G266800	Lc__Lchi22882	Vv__XP_002273877.1	1	1	1	1
OG0012433	one_gene_each_in_target_3species_from_ref7_Orthogroups	Cm__CmMahoganyH2.01G268000	Lc__Lchi14375	Vv__XP_002277200.1	1	1	1	1
OG0012434	one_gene_each_in_target_3species_from_ref7_Orthogroups	Cm__CmMahoganyH2.01G268100	Lc__Lchi14377	Vv__XP_002277258.1	1	1	0	2
OG0012435	one_gene_each_in_target_3species_from_ref7_Orthogroups	Cm__CmMahoganyH2.01G275700	Lc__Lchi23340	Vv__XP_002275276.3	1	1	1	1
OG0012438	one_gene_each_in_target_3species_from_ref7_Orthogroups	Cm__CmMahoganyH2.01G284400	Lc__Lchi23114	Vv__XP_002277137.1	1	1	1	1
OG0012439	one_gene_each_in_target_3species_from_ref7_Orthogroups	Cm__CmMahoganyH2.01G284700	Lc__Lchi27594	Vv__XP_002282568.1	1	1	2	0
OG0012440	one_gene_each_in_target_3species_from_ref7_Orthogroups	Cm__CmMahoganyH2.01G287000	Lc__Lchi16431	Vv__XP_002275669.2	1	1	1	1
OG0012441	one_gene_each_in_target_3species_from_ref7_Orthogroups	Cm__CmMahoganyH2.01G293100	Lc__Lchi16081	Vv__XP_010661103.2	1	1	1	1
OG0012442	one_gene_each_in_target_3species_from_ref7_Orthogroups	Cm__CmMahoganyH2.01G297300	Lc__Lchi04685	Vv__XP_002281353.1	1	1	1	1
OG0012443	one_gene_each_in_target_3species_from_ref7_Orthogroups	Cm__CmMahoganyH2.01G298200	Lc__Lchi04697	Vv__XP_002281531.1	1	1	1	1
OG0012444	one_gene_each_in_target_3species_from_ref7_Orthogroups	Cm__CmMahoganyH2.01G299000	Lc__Lchi04721	Vv__XP_002284876.1	1	1	1	1
OG0012447	one_gene_each_in_target_3species_from_ref7_Orthogroups	Cm__CmMahoganyH2.01G315400	Lc__Lchi03313	Vv__XP_002264212.1	1	1	1	1
OG0012448	one_gene_each_in_target_3species_from_ref7_Orthogroups	Cm__CmMahoganyH2.01G318600	Lc__Lchi28817	Vv__XP_002267969.1	0	1	2	1
OG0012449	one_gene_each_in_target_3species_from_ref7_Orthogroups	Cm__CmMahoganyH2.01G322300	Lc__Lchi07034	Vv__XP_010662843.1	1	1	1	1
OG0012451	one_gene_each_in_target_3species_from_ref7_Orthogroups	Cm__CmMahoganyH2.01G327000	Lc__Lchi20258	Vv__XP_002277066.1	1	1	1	1
OG0012452	one_gene_each_in_target_3species_from_ref7_Orthogroups	Cm__CmMahoganyH2.01G328500	Lc__Lchi15634	Vv__XP_010656613.1	1	1	1	1
OG0012453	one_gene_each_in_target_3species_from_ref7_Orthogroups	Cm__CmMahoganyH2.01G330300	Lc__Lchi03742	Vv__XP_002277519.1	1	1	1	1
OG0012455	one_gene_each_in_target_3species_from_ref7_Orthogroups	Cm__CmMahoganyH2.01G333300	Lc__Lchi03698	Vv__XP_002273237.1	1	1	1	1
OG0012457	one_gene_each_in_target_3species_from_ref7_Orthogroups	Cm__CmMahoganyH2.01G338100	Lc__Lchi03665	Vv__XP_002263171.1	1	1	1	1
OG0012458	one_gene_each_in_target_3species_from_ref7_Orthogroups	Cm__CmMahoganyH2.01G343100	Lc__Lchi03228	Vv__XP_002270551.1	1	1	1	1
OG0012459	one_gene_each_in_target_3species_from_ref7_Orthogroups	Cm__CmMahoganyH2.01G345700	Lc__Lchi03238	Vv__XP_002271751.1	0	2	1	1
OG0012460	one_gene_each_in_target_3species_from_ref7_Orthogroups	Cm__CmMahoganyH2.01G346800	Lc__Lchi05128	Vv__XP_002271128.1	1	1	1	1
OG0012462	one_gene_each_in_target_3species_from_ref7_Orthogroups	Cm__CmMahoganyH2.01G360500	Lc__Lchi18508	Vv__XP_002263809.1	1	1	1	1
OG0012464	one_gene_each_in_target_3species_from_ref7_Orthogroups	Cm__CmMahoganyH2.01G369400	Lc__Lchi01977	Vv__XP_002269518.2	1	1	1	1
OG0012467	one_gene_each_in_target_3species_from_ref7_Orthogroups	Cm__CmMahoganyH2.02G000500	Lc__Lchi13563	Vv__XP_002283837.1	0	2	1	1
OG0012470	one_gene_each_in_target_3species_from_ref7_Orthogroups	Cm__CmMahoganyH2.02G006900	Lc__Lchi16793	Vv__XP_010649942.1	1	1	1	1
OG0012471	one_gene_each_in_target_3species_from_ref7_Orthogroups	Cm__CmMahoganyH2.02G015500	Lc__Lchi03895	Vv__XP_002282361.1	1	1	1	1
OG0012472	one_gene_each_in_target_3species_from_ref7_Orthogroups	Cm__CmMahoganyH2.02G016400	Lc__Lchi12036	Vv__XP_002282170.1	1	1	1	1
OG0012473	one_gene_each_in_target_3species_from_ref7_Orthogroups	Cm__CmMahoganyH2.02G023900	Lc__Lchi19724	Vv__NP_001268077.1	1	1	1	1
OG0012474	one_gene_each_in_target_3species_from_ref7_Orthogroups	Cm__CmMahoganyH2.02G026300	Lc__Lchi19855	Vv__XP_002277614.1	1	1	1	1
OG0012475	one_gene_each_in_target_3species_from_ref7_Orthogroups	Cm__CmMahoganyH2.02G026400	Lc__Lchi19846	Vv__XP_002280269.1	1	1	1	1
OG0012476	one_gene_each_in_target_3species_from_ref7_Orthogroups	Cm__CmMahoganyH2.02G026800	Lc__Lchi15505	Vv__XP_002272283.1	1	1	1	1
OG0012478	one_gene_each_in_target_3species_from_ref7_Orthogroups	Cm__CmMahoganyH2.02G030000	Lc__Lchi07871	Vv__XP_002277396.2	1	1	1	1
OG0012479	one_gene_each_in_target_3species_from_ref7_Orthogroups	Cm__CmMahoganyH2.02G030300	Lc__Lchi16657	Vv__XP_010649846.1	1	1	1	1
OG0012480	one_gene_each_in_target_3species_from_ref7_Orthogroups	Cm__CmMahoganyH2.02G033600	Lc__Lchi14512	Vv__XP_002277039.1	1	1	1	1
OG0012481	one_gene_each_in_target_3species_from_ref7_Orthogroups	Cm__CmMahoganyH2.02G037600	Lc__Lchi00474	Vv__XP_002276628.1	1	1	1	1
OG0012482	one_gene_each_in_target_3species_from_ref7_Orthogroups	Cm__CmMahoganyH2.02G038400	Lc__Lchi04456	Vv__XP_002275787.1	1	1	1	1
OG0012483	one_gene_each_in_target_3species_from_ref7_Orthogroups	Cm__CmMahoganyH2.02G042800	Lc__Lchi00398	Vv__XP_002272645.1	1	2	1	0
OG0012484	one_gene_each_in_target_3species_from_ref7_Orthogroups	Cm__CmMahoganyH2.02G047300	Lc__Lchi13887	Vv__XP_002262991.2	1	1	1	1
OG0012485	one_gene_each_in_target_3species_from_ref7_Orthogroups	Cm__CmMahoganyH2.02G051000	Lc__Lchi04626	Vv__XP_010649572.1	0	1	2	1
OG0012486	one_gene_each_in_target_3species_from_ref7_Orthogroups	Cm__CmMahoganyH2.02G051200	Lc__Lchi32017	Vv__XP_002272681.1	0	1	2	1
OG0012490	one_gene_each_in_target_3species_from_ref7_Orthogroups	Cm__CmMahoganyH2.02G058300	Lc__Lchi00216	Vv__XP_002276956.1	1	1	1	1
OG0012491	one_gene_each_in_target_3species_from_ref7_Orthogroups	Cm__CmMahoganyH2.02G059600	Lc__Lchi06428	Vv__XP_010649520.1	2	1	1	0
OG0012492	one_gene_each_in_target_3species_from_ref7_Orthogroups	Cm__CmMahoganyH2.02G062900	Lc__Lchi00152	Vv__XP_002279647.1	1	1	1	1
OG0012493	one_gene_each_in_target_3species_from_ref7_Orthogroups	Cm__CmMahoganyH2.02G065800	Lc__Lchi00123	Vv__XP_002280604.1	1	2	1	0
OG0012494	one_gene_each_in_target_3species_from_ref7_Orthogroups	Cm__CmMahoganyH2.02G066400	Lc__Lchi06344	Vv__XP_002262955.1	1	1	1	1
OG0012495	one_gene_each_in_target_3species_from_ref7_Orthogroups	Cm__CmMahoganyH2.02G067000	Lc__Lchi06358	Vv__XP_002263820.1	0	1	1	2
OG0012498	one_gene_each_in_target_3species_from_ref7_Orthogroups	Cm__CmMahoganyH2.02G074200	Lc__Lchi13348	Vv__XP_002280086.2	1	2	0	1
OG0012500	one_gene_each_in_target_3species_from_ref7_Orthogroups	Cm__CmMahoganyH2.02G081000	Lc__Lchi24187	Vv__XP_002284752.1	1	1	1	1
OG0012502	one_gene_each_in_target_3species_from_ref7_Orthogroups	Cm__CmMahoganyH2.02G087900	Lc__Lchi21696	Vv__XP_010650116.1	1	1	1	1
OG0012503	one_gene_each_in_target_3species_from_ref7_Orthogroups	Cm__CmMahoganyH2.02G091400	Lc__Lchi12685	Vv__XP_002285452.1	1	1	1	1
OG0012506	one_gene_each_in_target_3species_from_ref7_Orthogroups	Cm__CmMahoganyH2.02G097300	Lc__Lchi08261	Vv__XP_002265849.1	1	1	1	1
OG0012507	one_gene_each_in_target_3species_from_ref7_Orthogroups	Cm__CmMahoganyH2.02G097500	Lc__Lchi29543	Vv__XP_002285610.1	1	1	1	1
OG0012508	one_gene_each_in_target_3species_from_ref7_Orthogroups	Cm__CmMahoganyH2.02G098200	Lc__Lchi20092	Vv__XP_002285620.1	1	1	1	1
OG0012509	one_gene_each_in_target_3species_from_ref7_Orthogroups	Cm__CmMahoganyH2.02G101600	Lc__Lchi08289	Vv__XP_002267189.2	1	1	1	1
OG0012513	one_gene_each_in_target_3species_from_ref7_Orthogroups	Cm__CmMahoganyH2.02G114200	Lc__Lchi26151	Vv__XP_002282176.1	1	1	1	1
OG0012514	one_gene_each_in_target_3species_from_ref7_Orthogroups	Cm__CmMahoganyH2.02G115600	Lc__Lchi22360	Vv__XP_002272192.1	0	1	1	2
OG0012516	one_gene_each_in_target_3species_from_ref7_Orthogroups	Cm__CmMahoganyH2.02G120900	Lc__Lchi14015	Vv__XP_019076612.1	1	1	1	1
OG0012517	one_gene_each_in_target_3species_from_ref7_Orthogroups	Cm__CmMahoganyH2.02G122600	Lc__Lchi02983	Vv__XP_002280295.1	1	1	1	1
OG0012518	one_gene_each_in_target_3species_from_ref7_Orthogroups	Cm__CmMahoganyH2.02G127700	Lc__Lchi18460	Vv__XP_002269841.1	1	1	1	1
OG0012519	one_gene_each_in_target_3species_from_ref7_Orthogroups	Cm__CmMahoganyH2.02G137100	Lc__Lchi27822	Vv__XP_010647329.1	1	2	0	1
OG0012521	one_gene_each_in_target_3species_from_ref7_Orthogroups	Cm__CmMahoganyH2.02G143300	Lc__Lchi18260	Vv__NP_001290013.1	1	1	1	1
OG0012523	one_gene_each_in_target_3species_from_ref7_Orthogroups	Cm__CmMahoganyH2.02G149100	Lc__Lchi13893	Vv__XP_003635231.2	0	1	2	1
OG0012526	one_gene_each_in_target_3species_from_ref7_Orthogroups	Cm__CmMahoganyH2.02G153900	Lc__Lchi08098	Vv__XP_002284222.1	1	1	1	1
OG0012527	one_gene_each_in_target_3species_from_ref7_Orthogroups	Cm__CmMahoganyH2.02G161400	Lc__Lchi16963	Vv__XP_002282885.1	1	1	1	1
OG0012528	one_gene_each_in_target_3species_from_ref7_Orthogroups	Cm__CmMahoganyH2.02G161900	Lc__Lchi28037	Vv__XP_010652806.1	1	1	1	1
OG0012529	one_gene_each_in_target_3species_from_ref7_Orthogroups	Cm__CmMahoganyH2.02G163200	Lc__Lchi02203	Vv__XP_002282485.1	1	2	1	0
OG0012534	one_gene_each_in_target_3species_from_ref7_Orthogroups	Cm__CmMahoganyH2.02G171400	Lc__Lchi09005	Vv__XP_003635085.1	1	1	1	1
OG0012536	one_gene_each_in_target_3species_from_ref7_Orthogroups	Cm__CmMahoganyH2.02G180300	Lc__Lchi33577	Vv__XP_010649139.1	1	1	1	1
OG0012539	one_gene_each_in_target_3species_from_ref7_Orthogroups	Cm__CmMahoganyH2.02G188300	Lc__Lchi09679	Vv__XP_019074071.1	1	1	1	1
OG0012542	one_gene_each_in_target_3species_from_ref7_Orthogroups	Cm__CmMahoganyH2.02G195400	Lc__Lchi09774	Vv__XP_002268717.2	1	1	1	1
OG0012543	one_gene_each_in_target_3species_from_ref7_Orthogroups	Cm__CmMahoganyH2.02G201700	Lc__Lchi14056	Vv__XP_010652841.1	1	1	1	1
OG0012545	one_gene_each_in_target_3species_from_ref7_Orthogroups	Cm__CmMahoganyH2.02G208300	Lc__Lchi04367	Vv__XP_002282764.2	1	1	1	1
OG0012546	one_gene_each_in_target_3species_from_ref7_Orthogroups	Cm__CmMahoganyH2.02G209200	Lc__Lchi11206	Vv__XP_019074015.1	1	1	1	1
OG0012548	one_gene_each_in_target_3species_from_ref7_Orthogroups	Cm__CmMahoganyH2.02G212100	Lc__Lchi23595	Vv__XP_002278598.1	1	1	1	1
OG0012549	one_gene_each_in_target_3species_from_ref7_Orthogroups	Cm__CmMahoganyH2.02G220900	Lc__Lchi06730	Vv__XP_002263266.1	2	1	1	0
OG0012550	one_gene_each_in_target_3species_from_ref7_Orthogroups	Cm__CmMahoganyH2.03G007800	Lc__Lchi00076	Vv__XP_010659746.1	1	1	1	1
OG0012551	one_gene_each_in_target_3species_from_ref7_Orthogroups	Cm__CmMahoganyH2.03G015600	Lc__Lchi06461	Vv__XP_002278016.3	1	1	1	1
OG0012552	one_gene_each_in_target_3species_from_ref7_Orthogroups	Cm__CmMahoganyH2.03G020500	Lc__Lchi00141	Vv__XP_002281646.1	1	1	1	1
OG0012553	one_gene_each_in_target_3species_from_ref7_Orthogroups	Cm__CmMahoganyH2.03G021600	Lc__Lchi06373	Vv__XP_002281448.2	1	1	1	1
OG0012554	one_gene_each_in_target_3species_from_ref7_Orthogroups	Cm__CmMahoganyH2.03G025900	Lc__Lchi20764	Vv__XP_002278296.1	1	1	1	1
OG0012555	one_gene_each_in_target_3species_from_ref7_Orthogroups	Cm__CmMahoganyH2.03G037000	Lc__Lchi00397	Vv__XP_002279749.2	1	1	1	1
OG0012556	one_gene_each_in_target_3species_from_ref7_Orthogroups	Cm__CmMahoganyH2.03G039500	Lc__Lchi12054	Vv__XP_002284549.1	1	1	1	1
OG0012557	one_gene_each_in_target_3species_from_ref7_Orthogroups	Cm__CmMahoganyH2.03G040600	Lc__Lchi24675	Vv__XP_002284712.1	1	1	0	2
OG0012558	one_gene_each_in_target_3species_from_ref7_Orthogroups	Cm__CmMahoganyH2.03G046100	Lc__Lchi22840	Vv__XP_002284943.1	0	1	1	2
OG0012559	one_gene_each_in_target_3species_from_ref7_Orthogroups	Cm__CmMahoganyH2.03G046200	Lc__Lchi22841	Vv__XP_002284939.1	1	1	1	1
OG0012560	one_gene_each_in_target_3species_from_ref7_Orthogroups	Cm__CmMahoganyH2.03G051300	Lc__Lchi23030	Vv__XP_002266567.1	0	1	2	1
OG0012563	one_gene_each_in_target_3species_from_ref7_Orthogroups	Cm__CmMahoganyH2.03G072700	Lc__Lchi10789	Vv__XP_002269450.1	1	1	1	1
OG0012564	one_gene_each_in_target_3species_from_ref7_Orthogroups	Cm__CmMahoganyH2.03G075800	Lc__Lchi17236	Vv__XP_010660117.1	1	1	1	1
OG0012565	one_gene_each_in_target_3species_from_ref7_Orthogroups	Cm__CmMahoganyH2.03G081000	Lc__Lchi16350	Vv__XP_002284666.1	1	2	0	1
OG0012566	one_gene_each_in_target_3species_from_ref7_Orthogroups	Cm__CmMahoganyH2.03G086200	Lc__Lchi05823	Vv__XP_002285010.1	2	1	0	1
OG0012568	one_gene_each_in_target_3species_from_ref7_Orthogroups	Cm__CmMahoganyH2.03G095400	Lc__Lchi22281	Vv__XP_002285291.1	1	2	0	1
OG0012569	one_gene_each_in_target_3species_from_ref7_Orthogroups	Cm__CmMahoganyH2.03G096300	Lc__Lchi25996	Vv__XP_002268359.2	0	1	0	3
OG0012571	one_gene_each_in_target_3species_from_ref7_Orthogroups	Cm__CmMahoganyH2.03G100600	Lc__Lchi12511	Vv__XP_002271878.2	1	1	1	1
OG0012572	one_gene_each_in_target_3species_from_ref7_Orthogroups	Cm__CmMahoganyH2.03G101200	Lc__Lchi12523	Vv__XP_010654554.1	1	1	1	1
OG0012573	one_gene_each_in_target_3species_from_ref7_Orthogroups	Cm__CmMahoganyH2.03G107400	Lc__Lchi11769	Vv__XP_002275396.1	1	1	1	1
OG0012575	one_gene_each_in_target_3species_from_ref7_Orthogroups	Cm__CmMahoganyH2.03G109000	Lc__Lchi12229	Vv__XP_002271276.1	1	1	1	1
OG0012577	one_gene_each_in_target_3species_from_ref7_Orthogroups	Cm__CmMahoganyH2.03G113600	Lc__Lchi02372	Vv__XP_002270985.1	1	1	1	1
OG0012578	one_gene_each_in_target_3species_from_ref7_Orthogroups	Cm__CmMahoganyH2.03G114800	Lc__Lchi16429	Vv__XP_010657252.1	1	1	1	1
OG0012580	one_gene_each_in_target_3species_from_ref7_Orthogroups	Cm__CmMahoganyH2.03G117900	Lc__Lchi02477	Vv__XP_002265340.1	1	1	1	1
OG0012581	one_gene_each_in_target_3species_from_ref7_Orthogroups	Cm__CmMahoganyH2.03G119300	Lc__Lchi02483	Vv__XP_002266409.2	1	1	1	1
OG0012582	one_gene_each_in_target_3species_from_ref7_Orthogroups	Cm__CmMahoganyH2.03G121500	Lc__Lchi22537	Vv__XP_002276787.1	1	1	1	1
OG0012583	one_gene_each_in_target_3species_from_ref7_Orthogroups	Cm__CmMahoganyH2.03G122100	Lc__Lchi22556	Vv__XP_010655984.1	1	1	1	1
OG0012585	one_gene_each_in_target_3species_from_ref7_Orthogroups	Cm__CmMahoganyH2.03G126700	Lc__Lchi08030	Vv__XP_010655451.1	1	1	1	1
OG0012587	one_gene_each_in_target_3species_from_ref7_Orthogroups	Cm__CmMahoganyH2.03G139300	Lc__Lchi08719	Vv__XP_002285492.1	0	1	1	2
OG0012588	one_gene_each_in_target_3species_from_ref7_Orthogroups	Cm__CmMahoganyH2.03G142900	Lc__Lchi10089	Vv__XP_002272662.1	1	1	1	1
OG0012590	one_gene_each_in_target_3species_from_ref7_Orthogroups	Cm__CmMahoganyH2.03G144300	Lc__Lchi11394	Vv__XP_010646484.1	1	1	1	1
OG0012592	one_gene_each_in_target_3species_from_ref7_Orthogroups	Cm__CmMahoganyH2.03G156300	Lc__Lchi23684	Vv__XP_002266222.1	1	1	1	1
OG0012593	one_gene_each_in_target_3species_from_ref7_Orthogroups	Cm__CmMahoganyH2.03G157300	Lc__Lchi23712	Vv__XP_010653065.1	1	1	1	1
OG0012594	one_gene_each_in_target_3species_from_ref7_Orthogroups	Cm__CmMahoganyH2.03G166700	Lc__Lchi25982	Vv__XP_003631283.1	1	1	1	1
OG0012595	one_gene_each_in_target_3species_from_ref7_Orthogroups	Cm__CmMahoganyH2.03G170900	Lc__Lchi22868	Vv__XP_010657804.1	1	1	1	1
OG0012596	one_gene_each_in_target_3species_from_ref7_Orthogroups	Cm__CmMahoganyH2.03G177100	Lc__Lchi02880	Vv__XP_010651872.1	1	1	1	1
OG0012597	one_gene_each_in_target_3species_from_ref7_Orthogroups	Cm__CmMahoganyH2.03G177400	Lc__Lchi14349	Vv__XP_010655344.2	1	1	1	1
OG0012602	one_gene_each_in_target_3species_from_ref7_Orthogroups	Cm__CmMahoganyH2.03G190400	Lc__Lchi12658	Vv__XP_002274321.2	1	1	1	1
OG0012604	one_gene_each_in_target_3species_from_ref7_Orthogroups	Cm__CmMahoganyH2.03G194400	Lc__Lchi14678	Vv__XP_002265598.1	1	1	1	1
OG0012605	one_gene_each_in_target_3species_from_ref7_Orthogroups	Cm__CmMahoganyH2.04G000600	Lc__Lchi11756	Vv__XP_002280840.1	1	1	1	1
OG0012606	one_gene_each_in_target_3species_from_ref7_Orthogroups	Cm__CmMahoganyH2.04G000700	Lc__Lchi26038	Vv__XP_002272730.1	1	1	1	1
OG0012607	one_gene_each_in_target_3species_from_ref7_Orthogroups	Cm__CmMahoganyH2.04G003200	Lc__Lchi09988	Vv__XP_002280271.1	0	1	1	2
OG0012608	one_gene_each_in_target_3species_from_ref7_Orthogroups	Cm__CmMahoganyH2.04G013700	Lc__Lchi14750	Vv__XP_002278183.2	1	1	1	1
OG0012609	one_gene_each_in_target_3species_from_ref7_Orthogroups	Cm__CmMahoganyH2.04G022300	Lc__Lchi16057	Vv__XP_002274062.2	1	1	1	1
OG0012611	one_gene_each_in_target_3species_from_ref7_Orthogroups	Cm__CmMahoganyH2.04G026800	Lc__Lchi15554	Vv__XP_003632076.1	0	2	1	1
OG0012613	one_gene_each_in_target_3species_from_ref7_Orthogroups	Cm__CmMahoganyH2.04G032900	Lc__Lchi16137	Vv__XP_002264387.1	1	1	1	1
OG0012614	one_gene_each_in_target_3species_from_ref7_Orthogroups	Cm__CmMahoganyH2.04G033000	Lc__Lchi17347	Vv__XP_010657283.1	1	1	1	1
OG0012615	one_gene_each_in_target_3species_from_ref7_Orthogroups	Cm__CmMahoganyH2.04G033800	Lc__Lchi16139	Vv__XP_002264306.1	1	1	1	1
OG0012617	one_gene_each_in_target_3species_from_ref7_Orthogroups	Cm__CmMahoganyH2.04G035400	Lc__Lchi27670	Vv__XP_002263044.1	1	1	1	1
OG0012618	one_gene_each_in_target_3species_from_ref7_Orthogroups	Cm__CmMahoganyH2.04G039400	Lc__Lchi08032	Vv__XP_010650469.1	0	1	0	3
OG0012620	one_gene_each_in_target_3species_from_ref7_Orthogroups	Cm__CmMahoganyH2.04G042900	Lc__Lchi01782	Vv__XP_002274138.2	1	1	1	1
OG0012621	one_gene_each_in_target_3species_from_ref7_Orthogroups	Cm__CmMahoganyH2.04G043300	Lc__Lchi01779	Vv__XP_002262727.1	1	1	1	1
OG0012622	one_gene_each_in_target_3species_from_ref7_Orthogroups	Cm__CmMahoganyH2.04G052300	Lc__Lchi02179	Vv__XP_002272614.1	0	0	4	0
OG0012623	one_gene_each_in_target_3species_from_ref7_Orthogroups	Cm__CmMahoganyH2.04G055300	Lc__Lchi06641	Vv__XP_010653032.1	1	1	1	1
OG0012624	one_gene_each_in_target_3species_from_ref7_Orthogroups	Cm__CmMahoganyH2.04G058100	Lc__Lchi10172	Vv__XP_002263375.1	2	1	1	0
OG0012625	one_gene_each_in_target_3species_from_ref7_Orthogroups	Cm__CmMahoganyH2.04G060400	Lc__Lchi01647	Vv__XP_002267329.1	1	1	1	1
OG0012626	one_gene_each_in_target_3species_from_ref7_Orthogroups	Cm__CmMahoganyH2.04G062400	Lc__Lchi10176	Vv__XP_002263858.1	1	1	1	1
OG0012627	one_gene_each_in_target_3species_from_ref7_Orthogroups	Cm__CmMahoganyH2.04G065700	Lc__Lchi19716	Vv__XP_002271255.1	1	1	1	1
OG0012628	one_gene_each_in_target_3species_from_ref7_Orthogroups	Cm__CmMahoganyH2.04G068500	Lc__Lchi27959	Vv__XP_010663693.1	1	0	1	2
OG0012629	one_gene_each_in_target_3species_from_ref7_Orthogroups	Cm__CmMahoganyH2.04G070700	Lc__Lchi16378	Vv__XP_002278278.1	1	1	1	1
OG0012630	one_gene_each_in_target_3species_from_ref7_Orthogroups	Cm__CmMahoganyH2.04G070900	Lc__Lchi16379	Vv__XP_003634204.1	1	1	1	1
OG0012632	one_gene_each_in_target_3species_from_ref7_Orthogroups	Cm__CmMahoganyH2.04G073800	Lc__Lchi20624	Vv__XP_002277812.1	1	1	1	1
OG0012633	one_gene_each_in_target_3species_from_ref7_Orthogroups	Cm__CmMahoganyH2.04G074800	Lc__Lchi16206	Vv__XP_002280234.1	1	1	1	1
OG0012634	one_gene_each_in_target_3species_from_ref7_Orthogroups	Cm__CmMahoganyH2.04G079900	Lc__Lchi08335	Vv__XP_002276810.1	0	1	2	1
OG0012635	one_gene_each_in_target_3species_from_ref7_Orthogroups	Cm__CmMahoganyH2.04G080700	Lc__Lchi24105	Vv__XP_002276428.1	1	1	1	1
OG0012637	one_gene_each_in_target_3species_from_ref7_Orthogroups	Cm__CmMahoganyH2.04G085800	Lc__Lchi14421	Vv__XP_002273001.3	1	1	1	1
OG0012638	one_gene_each_in_target_3species_from_ref7_Orthogroups	Cm__CmMahoganyH2.04G088300	Lc__Lchi29573	Vv__XP_019081976.1	1	1	1	1
OG0012643	one_gene_each_in_target_3species_from_ref7_Orthogroups	Cm__CmMahoganyH2.04G107800	Lc__Lchi14337	Vv__XP_002284856.1	1	1	1	1
OG0012644	one_gene_each_in_target_3species_from_ref7_Orthogroups	Cm__CmMahoganyH2.04G114500	Lc__Lchi14384	Vv__XP_002282612.1	1	1	1	1
OG0012646	one_gene_each_in_target_3species_from_ref7_Orthogroups	Cm__CmMahoganyH2.04G137000	Lc__Lchi11412	Vv__XP_002263464.1	0	1	1	2
OG0012647	one_gene_each_in_target_3species_from_ref7_Orthogroups	Cm__CmMahoganyH2.04G137400	Lc__Lchi07554	Vv__XP_003634267.1	1	1	0	2
OG0012649	one_gene_each_in_target_3species_from_ref7_Orthogroups	Cm__CmMahoganyH2.04G143000	Lc__Lchi10308	Vv__XP_002276849.2	1	1	1	1
OG0012650	one_gene_each_in_target_3species_from_ref7_Orthogroups	Cm__CmMahoganyH2.04G146400	Lc__Lchi25555	Vv__XP_002278792.2	1	1	1	1
OG0012651	one_gene_each_in_target_3species_from_ref7_Orthogroups	Cm__CmMahoganyH2.04G150500	Lc__Lchi10261	Vv__XP_002276501.1	1	1	1	1
OG0012653	one_gene_each_in_target_3species_from_ref7_Orthogroups	Cm__CmMahoganyH2.04G157500	Lc__Lchi02606	Vv__XP_002279916.1	1	1	1	1
OG0012654	one_gene_each_in_target_3species_from_ref7_Orthogroups	Cm__CmMahoganyH2.04G158800	Lc__Lchi20403	Vv__XP_002283714.1	0	1	1	2
OG0012655	one_gene_each_in_target_3species_from_ref7_Orthogroups	Cm__CmMahoganyH2.04G162600	Lc__Lchi02505	Vv__XP_002280221.1	1	1	1	1
OG0012659	one_gene_each_in_target_3species_from_ref7_Orthogroups	Cm__CmMahoganyH2.04G175200	Lc__Lchi02362	Vv__XP_002284699.1	0	1	2	1
OG0012661	one_gene_each_in_target_3species_from_ref7_Orthogroups	Cm__CmMahoganyH2.05G015600	Lc__Lchi02745	Vv__XP_002274016.1	1	1	1	1
OG0012662	one_gene_each_in_target_3species_from_ref7_Orthogroups	Cm__CmMahoganyH2.05G015700	Lc__Lchi02746	Vv__XP_002273108.1	0	1	1	2
OG0012665	one_gene_each_in_target_3species_from_ref7_Orthogroups	Cm__CmMahoganyH2.05G026700	Lc__Lchi15500	Vv__XP_002272694.1	1	1	1	1
OG0012666	one_gene_each_in_target_3species_from_ref7_Orthogroups	Cm__CmMahoganyH2.05G028600	Lc__Lchi00793	Vv__XP_010654541.1	1	1	1	1
OG0012669	one_gene_each_in_target_3species_from_ref7_Orthogroups	Cm__CmMahoganyH2.05G043100	Lc__Lchi00911	Vv__XP_010654620.1	1	1	1	1
OG0012670	one_gene_each_in_target_3species_from_ref7_Orthogroups	Cm__CmMahoganyH2.05G045000	Lc__Lchi07503	Vv__XP_002267500.1	1	1	1	1
OG0012671	one_gene_each_in_target_3species_from_ref7_Orthogroups	Cm__CmMahoganyH2.05G055700	Lc__Lchi08821	Vv__XP_010654675.1	1	1	1	1
OG0012673	one_gene_each_in_target_3species_from_ref7_Orthogroups	Cm__CmMahoganyH2.05G059500	Lc__Lchi33394	Vv__XP_019077955.1	1	1	1	1
OG0012676	one_gene_each_in_target_3species_from_ref7_Orthogroups	Cm__CmMahoganyH2.05G081300	Lc__Lchi19344	Vv__XP_002270799.3	1	1	1	1
OG0012677	one_gene_each_in_target_3species_from_ref7_Orthogroups	Cm__CmMahoganyH2.05G082300	Lc__Lchi17339	Vv__XP_010646777.1	1	1	1	1
OG0012678	one_gene_each_in_target_3species_from_ref7_Orthogroups	Cm__CmMahoganyH2.05G083900	Lc__Lchi03695	Vv__XP_002272047.2	1	1	1	1
OG0012679	one_gene_each_in_target_3species_from_ref7_Orthogroups	Cm__CmMahoganyH2.05G086000	Lc__Lchi19316	Vv__XP_003635420.1	1	1	1	1
OG0012680	one_gene_each_in_target_3species_from_ref7_Orthogroups	Cm__CmMahoganyH2.05G086900	Lc__Lchi19309	Vv__XP_010655426.1	1	1	1	1
OG0012681	one_gene_each_in_target_3species_from_ref7_Orthogroups	Cm__CmMahoganyH2.05G088400	Lc__Lchi09856	Vv__XP_019073823.1	0	2	1	1
OG0012682	one_gene_each_in_target_3species_from_ref7_Orthogroups	Cm__CmMahoganyH2.05G092300	Lc__Lchi13392	Vv__XP_002279760.1	0	3	0	1
OG0012683	one_gene_each_in_target_3species_from_ref7_Orthogroups	Cm__CmMahoganyH2.05G107000	Lc__Lchi11597	Vv__XP_010655543.1	1	0	2	1
OG0012684	one_gene_each_in_target_3species_from_ref7_Orthogroups	Cm__CmMahoganyH2.05G120100	Lc__Lchi06938	Vv__XP_002274043.1	0	2	1	1
OG0012686	one_gene_each_in_target_3species_from_ref7_Orthogroups	Cm__CmMahoganyH2.05G123000	Lc__Lchi06988	Vv__XP_002276135.1	1	1	1	1
OG0012687	one_gene_each_in_target_3species_from_ref7_Orthogroups	Cm__CmMahoganyH2.05G124200	Lc__Lchi09117	Vv__XP_002276613.1	1	1	1	1
OG0012690	one_gene_each_in_target_3species_from_ref7_Orthogroups	Cm__CmMahoganyH2.05G129300	Lc__Lchi18890	Vv__XP_002267244.1	1	1	1	1
OG0012691	one_gene_each_in_target_3species_from_ref7_Orthogroups	Cm__CmMahoganyH2.05G132400	Lc__Lchi27851	Vv__XP_002267109.1	1	1	1	1
OG0012692	one_gene_each_in_target_3species_from_ref7_Orthogroups	Cm__CmMahoganyH2.05G133800	Lc__Lchi30204	Vv__XP_002280687.1	1	1	1	1
OG0012693	one_gene_each_in_target_3species_from_ref7_Orthogroups	Cm__CmMahoganyH2.05G135600	Lc__Lchi11130	Vv__XP_002281594.1	1	1	1	1
OG0012694	one_gene_each_in_target_3species_from_ref7_Orthogroups	Cm__CmMahoganyH2.05G137500	Lc__Lchi15447	Vv__XP_002263658.2	1	1	1	1
OG0012696	one_gene_each_in_target_3species_from_ref7_Orthogroups	Cm__CmMahoganyH2.05G139900	Lc__Lchi18514	Vv__XP_003634953.1	0	1	1	2
OG0012697	one_gene_each_in_target_3species_from_ref7_Orthogroups	Cm__CmMahoganyH2.05G141300	Lc__Lchi20733	Vv__XP_002276285.1	1	1	0	2
OG0012698	one_gene_each_in_target_3species_from_ref7_Orthogroups	Cm__CmMahoganyH2.05G146100	Lc__Lchi27270	Vv__XP_010655787.1	1	1	1	1
OG0012700	one_gene_each_in_target_3species_from_ref7_Orthogroups	Cm__CmMahoganyH2.05G152300	Lc__Lchi14602	Vv__XP_002265269.2	1	1	1	1
OG0012704	one_gene_each_in_target_3species_from_ref7_Orthogroups	Cm__CmMahoganyH2.05G180400	Lc__Lchi21881	Vv__XP_002267126.1	1	1	1	1
OG0012705	one_gene_each_in_target_3species_from_ref7_Orthogroups	Cm__CmMahoganyH2.05G182000	Lc__Lchi12921	Vv__XP_002268248.1	1	1	1	1
OG0012710	one_gene_each_in_target_3species_from_ref7_Orthogroups	Cm__CmMahoganyH2.05G213500	Lc__Lchi10821	Vv__XP_002270513.2	1	2	1	0
OG0012712	one_gene_each_in_target_3species_from_ref7_Orthogroups	Cm__CmMahoganyH2.06G000300	Lc__Lchi19052	Vv__XP_002267156.1	1	1	1	1
OG0012713	one_gene_each_in_target_3species_from_ref7_Orthogroups	Cm__CmMahoganyH2.06G001700	Lc__Lchi19038	Vv__XP_002264233.2	1	1	1	1
OG0012714	one_gene_each_in_target_3species_from_ref7_Orthogroups	Cm__CmMahoganyH2.06G021200	Lc__Lchi12399	Vv__XP_002265045.1	1	1	1	1
OG0012716	one_gene_each_in_target_3species_from_ref7_Orthogroups	Cm__CmMahoganyH2.06G025800	Lc__Lchi07151	Vv__XP_002274964.1	1	1	1	1
OG0012717	one_gene_each_in_target_3species_from_ref7_Orthogroups	Cm__CmMahoganyH2.06G025900	Lc__Lchi07150	Vv__XP_002276560.2	1	0	1	2
OG0012720	one_gene_each_in_target_3species_from_ref7_Orthogroups	Cm__CmMahoganyH2.06G033500	Lc__Lchi09247	Vv__XP_003634715.1	1	1	1	1
OG0012721	one_gene_each_in_target_3species_from_ref7_Orthogroups	Cm__CmMahoganyH2.06G038500	Lc__Lchi23015	Vv__XP_002279971.1	1	1	1	1
OG0012722	one_gene_each_in_target_3species_from_ref7_Orthogroups	Cm__CmMahoganyH2.06G043100	Lc__Lchi12963	Vv__XP_002281441.1	1	1	1	1
OG0012723	one_gene_each_in_target_3species_from_ref7_Orthogroups	Cm__CmMahoganyH2.06G046500	Lc__Lchi28101	Vv__XP_002282205.1	0	2	0	2
OG0012727	one_gene_each_in_target_3species_from_ref7_Orthogroups	Cm__CmMahoganyH2.06G054000	Lc__Lchi25777	Vv__XP_002281410.1	1	1	1	1
OG0012728	one_gene_each_in_target_3species_from_ref7_Orthogroups	Cm__CmMahoganyH2.06G056100	Lc__Lchi17371	Vv__XP_002284509.1	1	1	1	1
OG0012729	one_gene_each_in_target_3species_from_ref7_Orthogroups	Cm__CmMahoganyH2.06G057400	Lc__Lchi05193	Vv__XP_002267174.1	1	1	1	1
OG0012730	one_gene_each_in_target_3species_from_ref7_Orthogroups	Cm__CmMahoganyH2.06G059700	Lc__Lchi13422	Vv__XP_002284643.3	1	1	1	1
OG0012731	one_gene_each_in_target_3species_from_ref7_Orthogroups	Cm__CmMahoganyH2.06G061800	Lc__Lchi06209	Vv__XP_002270029.1	1	1	1	1
OG0012732	one_gene_each_in_target_3species_from_ref7_Orthogroups	Cm__CmMahoganyH2.06G068100	Lc__Lchi18021	Vv__XP_002285056.1	1	1	1	1
OG0012733	one_gene_each_in_target_3species_from_ref7_Orthogroups	Cm__CmMahoganyH2.06G068500	Lc__Lchi18206	Vv__XP_002285093.1	1	1	1	1
OG0012734	one_gene_each_in_target_3species_from_ref7_Orthogroups	Cm__CmMahoganyH2.06G069300	Lc__Lchi18205	Vv__XP_002282613.1	0	2	1	1
OG0012735	one_gene_each_in_target_3species_from_ref7_Orthogroups	Cm__CmMahoganyH2.06G069400	Lc__Lchi13415	Vv__XP_002285142.1	0	2	1	1
OG0012736	one_gene_each_in_target_3species_from_ref7_Orthogroups	Cm__CmMahoganyH2.06G069700	Lc__Lchi07054	Vv__XP_002285149.1	0	1	2	1
OG0012737	one_gene_each_in_target_3species_from_ref7_Orthogroups	Cm__CmMahoganyH2.06G071400	Lc__Lchi09893	Vv__XP_002282834.1	1	1	1	1
OG0012738	one_gene_each_in_target_3species_from_ref7_Orthogroups	Cm__CmMahoganyH2.06G072500	Lc__Lchi04008	Vv__XP_002285616.1	0	2	1	1
OG0012739	one_gene_each_in_target_3species_from_ref7_Orthogroups	Cm__CmMahoganyH2.06G073500	Lc__Lchi08494	Vv__XP_002285254.1	1	1	1	1
OG0012740	one_gene_each_in_target_3species_from_ref7_Orthogroups	Cm__CmMahoganyH2.06G074000	Lc__Lchi08491	Vv__XP_002282870.1	1	1	1	1
OG0012741	one_gene_each_in_target_3species_from_ref7_Orthogroups	Cm__CmMahoganyH2.06G077800	Lc__Lchi11638	Vv__XP_002283120.2	1	1	1	1
OG0012742	one_gene_each_in_target_3species_from_ref7_Orthogroups	Cm__CmMahoganyH2.06G083400	Lc__Lchi07163	Vv__XP_002272703.1	1	1	1	1
OG0012744	one_gene_each_in_target_3species_from_ref7_Orthogroups	Cm__CmMahoganyH2.06G085300	Lc__Lchi07134	Vv__XP_010657194.1	1	1	1	1
OG0012746	one_gene_each_in_target_3species_from_ref7_Orthogroups	Cm__CmMahoganyH2.06G090700	Lc__Lchi01176	Vv__XP_002271026.1	1	1	1	1
OG0012747	one_gene_each_in_target_3species_from_ref7_Orthogroups	Cm__CmMahoganyH2.06G090900	Lc__Lchi10850	Vv__XP_002273465.1	1	1	1	1
OG0012748	one_gene_each_in_target_3species_from_ref7_Orthogroups	Cm__CmMahoganyH2.06G091400	Lc__Lchi29960	Vv__XP_002273297.1	1	1	1	1
OG0012750	one_gene_each_in_target_3species_from_ref7_Orthogroups	Cm__CmMahoganyH2.06G098000	Lc__Lchi12927	Vv__XP_002273999.2	1	1	1	1
OG0012752	one_gene_each_in_target_3species_from_ref7_Orthogroups	Cm__CmMahoganyH2.06G118200	Lc__Lchi08512	Vv__XP_002277888.1	1	1	1	1
OG0012753	one_gene_each_in_target_3species_from_ref7_Orthogroups	Cm__CmMahoganyH2.06G126900	Lc__Lchi01697	Vv__XP_002262834.2	1	1	1	1
OG0012754	one_gene_each_in_target_3species_from_ref7_Orthogroups	Cm__CmMahoganyH2.06G127400	Lc__Lchi07277	Vv__XP_002266989.1	1	1	1	1
OG0012755	one_gene_each_in_target_3species_from_ref7_Orthogroups	Cm__CmMahoganyH2.06G127700	Lc__Lchi07279	Vv__XP_002267177.1	1	1	1	1
OG0012756	one_gene_each_in_target_3species_from_ref7_Orthogroups	Cm__CmMahoganyH2.06G128200	Lc__Lchi07299	Vv__XP_002270952.1	1	1	1	1
OG0012757	one_gene_each_in_target_3species_from_ref7_Orthogroups	Cm__CmMahoganyH2.06G130400	Lc__Lchi07717	Vv__XP_002280158.1	1	1	1	1
OG0012758	one_gene_each_in_target_3species_from_ref7_Orthogroups	Cm__CmMahoganyH2.06G131100	Lc__Lchi07387	Vv__XP_002279538.1	1	1	1	1
OG0012759	one_gene_each_in_target_3species_from_ref7_Orthogroups	Cm__CmMahoganyH2.06G139400	Lc__Lchi29081	Vv__XP_002273190.2	0	2	0	2
OG0012761	one_gene_each_in_target_3species_from_ref7_Orthogroups	Cm__CmMahoganyH2.06G142900	Lc__Lchi28080	Vv__XP_019080132.1	0	1	1	2
OG0012762	one_gene_each_in_target_3species_from_ref7_Orthogroups	Cm__CmMahoganyH2.06G147500	Lc__Lchi04324	Vv__XP_019080117.1	1	1	1	1
OG0012764	one_gene_each_in_target_3species_from_ref7_Orthogroups	Cm__CmMahoganyH2.06G160300	Lc__Lchi22872	Vv__XP_002283725.1	1	1	1	1
OG0012766	one_gene_each_in_target_3species_from_ref7_Orthogroups	Cm__CmMahoganyH2.06G163300	Lc__Lchi18957	Vv__XP_002278627.2	1	1	1	1
OG0012767	one_gene_each_in_target_3species_from_ref7_Orthogroups	Cm__CmMahoganyH2.06G164000	Lc__Lchi24338	Vv__XP_002283841.1	1	1	1	1
OG0012768	one_gene_each_in_target_3species_from_ref7_Orthogroups	Cm__CmMahoganyH2.06G165100	Lc__Lchi21737	Vv__XP_002279262.1	1	1	1	1
OG0012769	one_gene_each_in_target_3species_from_ref7_Orthogroups	Cm__CmMahoganyH2.06G173200	Lc__Lchi26213	Vv__XP_002275667.3	1	1	1	1
OG0012770	one_gene_each_in_target_3species_from_ref7_Orthogroups	Cm__CmMahoganyH2.06G174500	Lc__Lchi26222	Vv__XP_002281167.1	1	1	1	1
OG0012772	one_gene_each_in_target_3species_from_ref7_Orthogroups	Cm__CmMahoganyH2.06G179300	Lc__Lchi08103	Vv__XP_002276217.1	0	2	0	2
OG0012773	one_gene_each_in_target_3species_from_ref7_Orthogroups	Cm__CmMahoganyH2.06G180100	Lc__Lchi05364	Vv__XP_002275552.1	0	1	2	1
OG0012775	one_gene_each_in_target_3species_from_ref7_Orthogroups	Cm__CmMahoganyH2.06G187700	Lc__Lchi17266	Vv__XP_002269222.1	1	1	1	1
OG0012776	one_gene_each_in_target_3species_from_ref7_Orthogroups	Cm__CmMahoganyH2.06G197000	Lc__Lchi04859	Vv__XP_002279226.1	1	1	2	0
OG0012777	one_gene_each_in_target_3species_from_ref7_Orthogroups	Cm__CmMahoganyH2.06G198600	Lc__Lchi14203	Vv__XP_002274583.1	0	2	1	1
OG0012778	one_gene_each_in_target_3species_from_ref7_Orthogroups	Cm__CmMahoganyH2.06G200700	Lc__Lchi13081	Vv__XP_010661598.1	1	1	1	1
OG0012779	one_gene_each_in_target_3species_from_ref7_Orthogroups	Cm__CmMahoganyH2.06G202700	Lc__Lchi04922	Vv__XP_002278537.1	0	1	1	2
OG0012780	one_gene_each_in_target_3species_from_ref7_Orthogroups	Cm__CmMahoganyH2.06G204000	Lc__Lchi11953	Vv__XP_002274443.1	1	1	1	1
OG0012784	one_gene_each_in_target_3species_from_ref7_Orthogroups	Cm__CmMahoganyH2.06G215800	Lc__Lchi14217	Vv__XP_002270273.1	1	1	1	1
OG0012786	one_gene_each_in_target_3species_from_ref7_Orthogroups	Cm__CmMahoganyH2.06G224800	Lc__Lchi05000	Vv__XP_002265908.1	1	1	1	1
OG0012788	one_gene_each_in_target_3species_from_ref7_Orthogroups	Cm__CmMahoganyH2.06G229800	Lc__Lchi09129	Vv__XP_002283386.1	1	1	1	1
OG0012789	one_gene_each_in_target_3species_from_ref7_Orthogroups	Cm__CmMahoganyH2.06G235100	Lc__Lchi18024	Vv__XP_002279871.1	1	1	1	1
OG0012790	one_gene_each_in_target_3species_from_ref7_Orthogroups	Cm__CmMahoganyH2.06G237300	Lc__Lchi14267	Vv__XP_002278150.1	2	1	1	0
OG0012796	one_gene_each_in_target_3species_from_ref7_Orthogroups	Cm__CmMahoganyH2.07G016700	Lc__Lchi02617	Vv__XP_002277240.1	1	1	1	1
OG0012797	one_gene_each_in_target_3species_from_ref7_Orthogroups	Cm__CmMahoganyH2.07G018600	Lc__Lchi14417	Vv__XP_002272414.3	1	1	1	1
OG0012800	one_gene_each_in_target_3species_from_ref7_Orthogroups	Cm__CmMahoganyH2.07G025200	Lc__Lchi11515	Vv__XP_010656063.1	1	1	1	1
OG0012801	one_gene_each_in_target_3species_from_ref7_Orthogroups	Cm__CmMahoganyH2.07G025700	Lc__Lchi16621	Vv__XP_002281390.1	0	2	1	1
OG0012802	one_gene_each_in_target_3species_from_ref7_Orthogroups	Cm__CmMahoganyH2.07G034800	Lc__Lchi05123	Vv__XP_003633217.2	1	1	2	0
OG0012804	one_gene_each_in_target_3species_from_ref7_Orthogroups	Cm__CmMahoganyH2.07G040400	Lc__Lchi21288	Vv__XP_002274221.1	0	3	0	1
OG0012806	one_gene_each_in_target_3species_from_ref7_Orthogroups	Cm__CmMahoganyH2.07G048200	Lc__Lchi24717	Vv__XP_002276440.3	1	1	1	1
OG0012808	one_gene_each_in_target_3species_from_ref7_Orthogroups	Cm__CmMahoganyH2.07G054500	Lc__Lchi02184	Vv__XP_002271347.1	1	1	1	1
OG0012810	one_gene_each_in_target_3species_from_ref7_Orthogroups	Cm__CmMahoganyH2.07G058000	Lc__Lchi14033	Vv__XP_002266648.2	1	1	1	1
OG0012811	one_gene_each_in_target_3species_from_ref7_Orthogroups	Cm__CmMahoganyH2.07G066600	Lc__Lchi13764	Vv__XP_002272947.1	0	1	2	1
OG0012812	one_gene_each_in_target_3species_from_ref7_Orthogroups	Cm__CmMahoganyH2.07G072900	Lc__Lchi13021	Vv__XP_002268313.1	1	1	1	1
OG0012813	one_gene_each_in_target_3species_from_ref7_Orthogroups	Cm__CmMahoganyH2.07G087000	Lc__Lchi13892	Vv__XP_002267727.1	1	1	1	1
OG0012814	one_gene_each_in_target_3species_from_ref7_Orthogroups	Cm__CmMahoganyH2.07G090000	Lc__Lchi30889	Vv__XP_002271696.1	1	1	1	1
OG0012816	one_gene_each_in_target_3species_from_ref7_Orthogroups	Cm__CmMahoganyH2.07G093200	Lc__Lchi15946	Vv__XP_019074684.1	1	1	1	1
OG0012817	one_gene_each_in_target_3species_from_ref7_Orthogroups	Cm__CmMahoganyH2.07G108400	Lc__Lchi08968	Vv__XP_002284886.1	1	1	1	1
OG0012818	one_gene_each_in_target_3species_from_ref7_Orthogroups	Cm__CmMahoganyH2.07G111200	Lc__Lchi13981	Vv__XP_002284741.1	1	1	1	1
OG0012819	one_gene_each_in_target_3species_from_ref7_Orthogroups	Cm__CmMahoganyH2.07G113900	Lc__Lchi23627	Vv__XP_002281086.1	1	1	1	1
OG0012822	one_gene_each_in_target_3species_from_ref7_Orthogroups	Cm__CmMahoganyH2.07G122900	Lc__Lchi24274	Vv__XP_019074377.1	1	1	1	1
OG0012823	one_gene_each_in_target_3species_from_ref7_Orthogroups	Cm__CmMahoganyH2.07G124500	Lc__Lchi07591	Vv__XP_010645323.1	0	1	0	3
OG0012824	one_gene_each_in_target_3species_from_ref7_Orthogroups	Cm__CmMahoganyH2.07G126700	Lc__Lchi02747	Vv__XP_002274534.1	1	1	1	1
OG0012825	one_gene_each_in_target_3species_from_ref7_Orthogroups	Cm__CmMahoganyH2.07G130400	Lc__Lchi29168	Vv__XP_002268617.1	1	1	1	1
OG0012830	one_gene_each_in_target_3species_from_ref7_Orthogroups	Cm__CmMahoganyH2.07G152400	Lc__Lchi23574	Vv__XP_002278390.1	0	1	2	1
OG0012831	one_gene_each_in_target_3species_from_ref7_Orthogroups	Cm__CmMahoganyH2.07G155800	Lc__Lchi23597	Vv__XP_002282206.1	1	1	1	1
OG0012832	one_gene_each_in_target_3species_from_ref7_Orthogroups	Cm__CmMahoganyH2.07G159600	Lc__Lchi12169	Vv__XP_002278825.1	0	3	0	1
OG0012833	one_gene_each_in_target_3species_from_ref7_Orthogroups	Cm__CmMahoganyH2.07G164900	Lc__Lchi11284	Vv__XP_002283038.1	1	1	1	1
OG0012834	one_gene_each_in_target_3species_from_ref7_Orthogroups	Cm__CmMahoganyH2.07G168200	Lc__Lchi17958	Vv__NP_001267910.1	1	1	1	1
OG0012835	one_gene_each_in_target_3species_from_ref7_Orthogroups	Cm__CmMahoganyH2.08G003300	Lc__Lchi12736	Vv__XP_002264024.1	0	2	0	2
OG0012836	one_gene_each_in_target_3species_from_ref7_Orthogroups	Cm__CmMahoganyH2.08G005900	Lc__Lchi30801	Vv__XP_002278780.1	1	1	1	1
OG0012837	one_gene_each_in_target_3species_from_ref7_Orthogroups	Cm__CmMahoganyH2.08G009400	Lc__Lchi09518	Vv__XP_002282011.1	0	2	1	1
OG0012838	one_gene_each_in_target_3species_from_ref7_Orthogroups	Cm__CmMahoganyH2.08G010700	Lc__Lchi08777	Vv__XP_002281668.1	1	1	1	1
OG0012840	one_gene_each_in_target_3species_from_ref7_Orthogroups	Cm__CmMahoganyH2.08G014400	Lc__Lchi15692	Vv__XP_002279311.2	1	1	1	1
OG0012841	one_gene_each_in_target_3species_from_ref7_Orthogroups	Cm__CmMahoganyH2.08G019300	Lc__Lchi25818	Vv__XP_002275144.1	2	1	1	0
OG0012842	one_gene_each_in_target_3species_from_ref7_Orthogroups	Cm__CmMahoganyH2.08G021400	Lc__Lchi18377	Vv__XP_002276231.1	1	1	0	2
OG0012843	one_gene_each_in_target_3species_from_ref7_Orthogroups	Cm__CmMahoganyH2.08G028300	Lc__Lchi15842	Vv__XP_002280087.1	0	1	2	1
OG0012844	one_gene_each_in_target_3species_from_ref7_Orthogroups	Cm__CmMahoganyH2.08G033400	Lc__Lchi28612	Vv__XP_002284705.2	1	1	1	1
OG0012845	one_gene_each_in_target_3species_from_ref7_Orthogroups	Cm__CmMahoganyH2.08G036700	Lc__Lchi29191	Vv__XP_002281474.1	1	1	0	2
OG0012846	one_gene_each_in_target_3species_from_ref7_Orthogroups	Cm__CmMahoganyH2.08G037000	Lc__Lchi23410	Vv__XP_010651069.1	1	1	1	1
OG0012848	one_gene_each_in_target_3species_from_ref7_Orthogroups	Cm__CmMahoganyH2.08G046400	Lc__Lchi22858	Vv__XP_002283455.1	0	1	1	2
OG0012851	one_gene_each_in_target_3species_from_ref7_Orthogroups	Cm__CmMahoganyH2.08G051800	Lc__Lchi12843	Vv__XP_019076105.1	1	1	1	1
OG0012852	one_gene_each_in_target_3species_from_ref7_Orthogroups	Cm__CmMahoganyH2.08G054400	Lc__Lchi31521	Vv__XP_002282124.1	0	1	1	2
OG0012853	one_gene_each_in_target_3species_from_ref7_Orthogroups	Cm__CmMahoganyH2.08G059500	Lc__Lchi07075	Vv__XP_019075977.1	0	2	1	1
OG0012854	one_gene_each_in_target_3species_from_ref7_Orthogroups	Cm__CmMahoganyH2.08G070100	Lc__Lchi07395	Vv__XP_002268576.1	1	1	1	1
OG0012855	one_gene_each_in_target_3species_from_ref7_Orthogroups	Cm__CmMahoganyH2.08G073000	Lc__Lchi07311	Vv__XP_002265739.1	0	3	0	1
OG0012856	one_gene_each_in_target_3species_from_ref7_Orthogroups	Cm__CmMahoganyH2.08G077200	Lc__Lchi19390	Vv__XP_010651140.1	1	1	1	1
OG0012857	one_gene_each_in_target_3species_from_ref7_Orthogroups	Cm__CmMahoganyH2.08G080100	Lc__Lchi30881	Vv__XP_002285095.1	1	1	1	1
OG0012858	one_gene_each_in_target_3species_from_ref7_Orthogroups	Cm__CmMahoganyH2.08G080800	Lc__Lchi05370	Vv__XP_002285130.1	1	1	1	1
OG0012859	one_gene_each_in_target_3species_from_ref7_Orthogroups	Cm__CmMahoganyH2.08G081200	Lc__Lchi08142	Vv__XP_002285144.1	1	1	1	1
OG0012860	one_gene_each_in_target_3species_from_ref7_Orthogroups	Cm__CmMahoganyH2.08G081900	Lc__Lchi19008	Vv__XP_002285170.1	1	1	1	1
OG0012862	one_gene_each_in_target_3species_from_ref7_Orthogroups	Cm__CmMahoganyH2.08G091400	Lc__Lchi02141	Vv__XP_010651659.1	0	1	1	2
OG0012863	one_gene_each_in_target_3species_from_ref7_Orthogroups	Cm__CmMahoganyH2.08G101500	Lc__Lchi28186	Vv__XP_002280089.1	1	1	0	2
OG0012864	one_gene_each_in_target_3species_from_ref7_Orthogroups	Cm__CmMahoganyH2.08G102300	Lc__Lchi20371	Vv__XP_002280404.1	1	1	1	1
OG0012865	one_gene_each_in_target_3species_from_ref7_Orthogroups	Cm__CmMahoganyH2.08G103300	Lc__Lchi08084	Vv__XP_010651534.1	1	1	1	1
OG0012866	one_gene_each_in_target_3species_from_ref7_Orthogroups	Cm__CmMahoganyH2.08G105000	Lc__Lchi13087	Vv__XP_002265210.1	1	1	1	1
OG0012867	one_gene_each_in_target_3species_from_ref7_Orthogroups	Cm__CmMahoganyH2.08G111200	Lc__Lchi15477	Vv__XP_002274311.1	1	1	1	1
OG0012868	one_gene_each_in_target_3species_from_ref7_Orthogroups	Cm__CmMahoganyH2.08G111600	Lc__Lchi20532	Vv__XP_002274210.1	1	1	1	1
OG0012870	one_gene_each_in_target_3species_from_ref7_Orthogroups	Cm__CmMahoganyH2.08G114900	Lc__Lchi21859	Vv__XP_003632267.1	0	2	1	1
OG0012871	one_gene_each_in_target_3species_from_ref7_Orthogroups	Cm__CmMahoganyH2.08G115100	Lc__Lchi21837	Vv__XP_002270388.1	1	1	1	1
OG0012872	one_gene_each_in_target_3species_from_ref7_Orthogroups	Cm__CmMahoganyH2.08G116200	Lc__Lchi31435	Vv__XP_002270926.1	1	1	1	1
OG0012873	one_gene_each_in_target_3species_from_ref7_Orthogroups	Cm__CmMahoganyH2.08G118900	Lc__Lchi17428	Vv__XP_002269920.2	1	1	1	1
OG0012874	one_gene_each_in_target_3species_from_ref7_Orthogroups	Cm__CmMahoganyH2.08G127400	Lc__Lchi19806	Vv__XP_002273037.1	1	0	1	2
OG0012875	one_gene_each_in_target_3species_from_ref7_Orthogroups	Cm__CmMahoganyH2.08G131700	Lc__Lchi31267	Vv__XP_002285744.1	1	1	1	1
OG0012876	one_gene_each_in_target_3species_from_ref7_Orthogroups	Cm__CmMahoganyH2.08G137600	Lc__Lchi06245	Vv__XP_002285621.1	1	1	1	1
OG0012877	one_gene_each_in_target_3species_from_ref7_Orthogroups	Cm__CmMahoganyH2.08G138200	Lc__Lchi19167	Vv__XP_019076177.1	1	1	1	1
OG0012880	one_gene_each_in_target_3species_from_ref7_Orthogroups	Cm__CmMahoganyH2.08G143700	Lc__Lchi05721	Vv__XP_010651351.1	1	1	1	1
OG0012883	one_gene_each_in_target_3species_from_ref7_Orthogroups	Cm__CmMahoganyH2.08G157400	Lc__Lchi22408	Vv__XP_002285411.1	1	1	1	1
OG0012887	one_gene_each_in_target_3species_from_ref7_Orthogroups	Cm__CmMahoganyH2.08G175500	Lc__Lchi16332	Vv__XP_002284469.1	1	1	1	1
OG0012888	one_gene_each_in_target_3species_from_ref7_Orthogroups	Cm__CmMahoganyH2.08G180400	Lc__Lchi01549	Vv__XP_002269816.1	1	1	1	1
OG0012889	one_gene_each_in_target_3species_from_ref7_Orthogroups	Cm__CmMahoganyH2.08G181200	Lc__Lchi01558	Vv__XP_002271306.1	1	1	1	1
OG0012891	one_gene_each_in_target_3species_from_ref7_Orthogroups	Cm__CmMahoganyH2.09G013600	Lc__Lchi11707	Vv__XP_002273989.2	0	2	0	2
OG0012892	one_gene_each_in_target_3species_from_ref7_Orthogroups	Cm__CmMahoganyH2.09G024100	Lc__Lchi05383	Vv__XP_002281344.1	0	1	0	3
OG0012893	one_gene_each_in_target_3species_from_ref7_Orthogroups	Cm__CmMahoganyH2.09G025200	Lc__Lchi08184	Vv__XP_002281642.1	1	1	1	1
OG0012894	one_gene_each_in_target_3species_from_ref7_Orthogroups	Cm__CmMahoganyH2.09G027200	Lc__Lchi14460	Vv__XP_002281908.2	1	1	1	1
OG0012898	one_gene_each_in_target_3species_from_ref7_Orthogroups	Cm__CmMahoganyH2.09G032800	Lc__Lchi20421	Vv__XP_002269130.1	1	1	1	1
OG0012900	one_gene_each_in_target_3species_from_ref7_Orthogroups	Cm__CmMahoganyH2.09G041600	Lc__Lchi10420	Vv__XP_002264435.1	1	1	1	1
OG0012903	one_gene_each_in_target_3species_from_ref7_Orthogroups	Cm__CmMahoganyH2.09G045500	Lc__Lchi29930	Vv__XP_002283448.1	1	1	1	1
OG0012905	one_gene_each_in_target_3species_from_ref7_Orthogroups	Cm__CmMahoganyH2.09G055200	Lc__Lchi21395	Vv__XP_002282116.1	0	1	1	2
OG0012906	one_gene_each_in_target_3species_from_ref7_Orthogroups	Cm__CmMahoganyH2.09G055700	Lc__Lchi22467	Vv__XP_002282010.2	1	1	1	1
OG0012907	one_gene_each_in_target_3species_from_ref7_Orthogroups	Cm__CmMahoganyH2.09G061100	Lc__Lchi16829	Vv__XP_002266103.2	1	1	1	1
OG0012909	one_gene_each_in_target_3species_from_ref7_Orthogroups	Cm__CmMahoganyH2.09G064000	Lc__Lchi19174	Vv__XP_002274655.1	1	1	1	1
OG0012910	one_gene_each_in_target_3species_from_ref7_Orthogroups	Cm__CmMahoganyH2.09G067100	Lc__Lchi15884	Vv__XP_002277594.1	1	1	1	1
OG0012911	one_gene_each_in_target_3species_from_ref7_Orthogroups	Cm__CmMahoganyH2.09G067200	Lc__Lchi15883	Vv__XP_002277660.1	1	1	1	1
OG0012912	one_gene_each_in_target_3species_from_ref7_Orthogroups	Cm__CmMahoganyH2.09G073200	Lc__Lchi10633	Vv__XP_010654154.1	1	1	1	1
OG0012913	one_gene_each_in_target_3species_from_ref7_Orthogroups	Cm__CmMahoganyH2.09G076000	Lc__Lchi29903	Vv__XP_002263823.1	1	1	1	1
OG0012914	one_gene_each_in_target_3species_from_ref7_Orthogroups	Cm__CmMahoganyH2.09G076400	Lc__Lchi23376	Vv__XP_002263271.1	0	1	1	2
OG0012915	one_gene_each_in_target_3species_from_ref7_Orthogroups	Cm__CmMahoganyH2.09G079500	Lc__Lchi28174	Vv__XP_002271217.1	1	1	1	1
OG0012916	one_gene_each_in_target_3species_from_ref7_Orthogroups	Cm__CmMahoganyH2.09G089100	Lc__Lchi07743	Vv__XP_010653334.2	0	1	2	1
OG0012917	one_gene_each_in_target_3species_from_ref7_Orthogroups	Cm__CmMahoganyH2.09G090200	Lc__Lchi07783	Vv__XP_002268056.2	1	1	1	1
OG0012921	one_gene_each_in_target_3species_from_ref7_Orthogroups	Cm__CmMahoganyH2.09G106400	Lc__Lchi18297	Vv__XP_002264531.1	1	1	1	1
OG0012923	one_gene_each_in_target_3species_from_ref7_Orthogroups	Cm__CmMahoganyH2.09G120000	Lc__Lchi06226	Vv__XP_002275225.2	1	1	1	1
OG0012924	one_gene_each_in_target_3species_from_ref7_Orthogroups	Cm__CmMahoganyH2.09G121100	Lc__Lchi06840	Vv__XP_002282707.1	1	1	1	1
OG0012926	one_gene_each_in_target_3species_from_ref7_Orthogroups	Cm__CmMahoganyH2.09G122200	Lc__Lchi06861	Vv__XP_002283060.1	0	2	1	1
OG0012928	one_gene_each_in_target_3species_from_ref7_Orthogroups	Cm__CmMahoganyH2.09G127200	Lc__Lchi20228	Vv__XP_003632714.1	1	1	1	1
OG0012929	one_gene_each_in_target_3species_from_ref7_Orthogroups	Cm__CmMahoganyH2.09G128300	Lc__Lchi12029	Vv__XP_002276836.3	1	1	1	1
OG0012930	one_gene_each_in_target_3species_from_ref7_Orthogroups	Cm__CmMahoganyH2.09G128600	Lc__Lchi00646	Vv__XP_002276799.1	1	1	1	1
OG0012931	one_gene_each_in_target_3species_from_ref7_Orthogroups	Cm__CmMahoganyH2.09G132500	Lc__Lchi19924	Vv__XP_002269768.2	1	1	1	1
OG0012933	one_gene_each_in_target_3species_from_ref7_Orthogroups	Cm__CmMahoganyH2.09G145200	Lc__Lchi23896	Vv__XP_019076972.1	1	1	1	1
OG0012934	one_gene_each_in_target_3species_from_ref7_Orthogroups	Cm__CmMahoganyH2.09G150100	Lc__Lchi26066	Vv__XP_002266626.1	0	2	1	1
OG0012935	one_gene_each_in_target_3species_from_ref7_Orthogroups	Cm__CmMahoganyH2.09G150200	Lc__Lchi26515	Vv__XP_010653973.1	1	1	1	1
OG0012936	one_gene_each_in_target_3species_from_ref7_Orthogroups	Cm__CmMahoganyH2.09G152900	Lc__Lchi30543	Vv__XP_002273524.1	1	1	1	1
OG0012938	one_gene_each_in_target_3species_from_ref7_Orthogroups	Cm__CmMahoganyH2.09G158900	Lc__Lchi05209	Vv__XP_010661810.1	1	1	1	1
OG0012939	one_gene_each_in_target_3species_from_ref7_Orthogroups	Cm__CmMahoganyH2.09G173500	Lc__Lchi32968	Vv__NP_001268078.1	1	1	1	1
OG0012940	one_gene_each_in_target_3species_from_ref7_Orthogroups	Cm__CmMahoganyH2.09G174400	Lc__Lchi12073	Vv__XP_002283838.1	1	1	1	1
OG0012941	one_gene_each_in_target_3species_from_ref7_Orthogroups	Cm__CmMahoganyH2.10G001000	Lc__Lchi08352	Vv__XP_002274688.1	1	1	1	1
OG0012943	one_gene_each_in_target_3species_from_ref7_Orthogroups	Cm__CmMahoganyH2.10G002200	Lc__Lchi08363	Vv__XP_019080543.1	1	1	1	1
OG0012944	one_gene_each_in_target_3species_from_ref7_Orthogroups	Cm__CmMahoganyH2.10G007200	Lc__Lchi01216	Vv__XP_002278506.1	1	1	2	0
OG0012946	one_gene_each_in_target_3species_from_ref7_Orthogroups	Cm__CmMahoganyH2.10G012500	Lc__Lchi08431	Vv__XP_002268442.1	2	1	0	1
OG0012947	one_gene_each_in_target_3species_from_ref7_Orthogroups	Cm__CmMahoganyH2.10G019700	Lc__Lchi14673	Vv__XP_019075040.1	1	1	1	1
OG0012948	one_gene_each_in_target_3species_from_ref7_Orthogroups	Cm__CmMahoganyH2.10G020100	Lc__Lchi01223	Vv__XP_010663311.1	1	1	1	1
OG0012952	one_gene_each_in_target_3species_from_ref7_Orthogroups	Cm__CmMahoganyH2.10G026000	Lc__Lchi05942	Vv__XP_002280752.1	1	1	1	1
OG0012954	one_gene_each_in_target_3species_from_ref7_Orthogroups	Cm__CmMahoganyH2.10G027500	Lc__Lchi05927	Vv__XP_002279208.1	0	1	1	2
OG0012956	one_gene_each_in_target_3species_from_ref7_Orthogroups	Cm__CmMahoganyH2.10G029200	Lc__Lchi01300	Vv__XP_010663867.1	0	2	0	2
OG0012957	one_gene_each_in_target_3species_from_ref7_Orthogroups	Cm__CmMahoganyH2.10G031500	Lc__Lchi19226	Vv__XP_002279644.2	1	1	1	1
OG0012958	one_gene_each_in_target_3species_from_ref7_Orthogroups	Cm__CmMahoganyH2.10G032000	Lc__Lchi19229	Vv__XP_002282850.1	1	1	1	1
OG0012959	one_gene_each_in_target_3species_from_ref7_Orthogroups	Cm__CmMahoganyH2.10G035900	Lc__Lchi19268	Vv__NP_001268081.1	1	1	1	1
OG0012960	one_gene_each_in_target_3species_from_ref7_Orthogroups	Cm__CmMahoganyH2.10G036800	Lc__Lchi01257	Vv__XP_002265622.4	0	1	1	2
OG0012961	one_gene_each_in_target_3species_from_ref7_Orthogroups	Cm__CmMahoganyH2.10G037200	Lc__Lchi04205	Vv__XP_002282298.1	1	1	1	1
OG0012963	one_gene_each_in_target_3species_from_ref7_Orthogroups	Cm__CmMahoganyH2.10G038100	Lc__Lchi01399	Vv__XP_002273584.1	1	1	1	1
OG0012964	one_gene_each_in_target_3species_from_ref7_Orthogroups	Cm__CmMahoganyH2.10G042500	Lc__Lchi06051	Vv__XP_003635126.1	1	1	1	1
OG0012965	one_gene_each_in_target_3species_from_ref7_Orthogroups	Cm__CmMahoganyH2.10G043800	Lc__Lchi01475	Vv__XP_002269360.1	1	1	1	1
OG0012966	one_gene_each_in_target_3species_from_ref7_Orthogroups	Cm__CmMahoganyH2.10G044200	Lc__Lchi01478	Vv__XP_002270066.1	1	1	1	1
OG0012967	one_gene_each_in_target_3species_from_ref7_Orthogroups	Cm__CmMahoganyH2.10G044400	Lc__Lchi01481	Vv__XP_002266460.2	1	1	1	1
OG0012968	one_gene_each_in_target_3species_from_ref7_Orthogroups	Cm__CmMahoganyH2.10G046400	Lc__Lchi29293	Vv__XP_010662384.1	0	1	1	2
OG0012969	one_gene_each_in_target_3species_from_ref7_Orthogroups	Cm__CmMahoganyH2.10G047100	Lc__Lchi24358	Vv__XP_010662335.1	0	1	0	3
OG0012970	one_gene_each_in_target_3species_from_ref7_Orthogroups	Cm__CmMahoganyH2.10G049300	Lc__Lchi23486	Vv__XP_003635686.2	1	1	1	1
OG0012971	one_gene_each_in_target_3species_from_ref7_Orthogroups	Cm__CmMahoganyH2.10G050900	Lc__Lchi17555	Vv__XP_002267811.1	1	1	1	1
OG0012973	one_gene_each_in_target_3species_from_ref7_Orthogroups	Cm__CmMahoganyH2.10G053100	Lc__Lchi04863	Vv__XP_002266380.1	1	1	1	1
OG0012975	one_gene_each_in_target_3species_from_ref7_Orthogroups	Cm__CmMahoganyH2.10G058800	Lc__Lchi04936	Vv__XP_002282656.1	1	1	1	1
OG0012977	one_gene_each_in_target_3species_from_ref7_Orthogroups	Cm__CmMahoganyH2.10G066500	Lc__Lchi00136	Vv__XP_002278510.1	1	1	1	1
OG0012980	one_gene_each_in_target_3species_from_ref7_Orthogroups	Cm__CmMahoganyH2.10G075300	Lc__Lchi12039	Vv__XP_002272980.1	1	1	1	1
OG0012981	one_gene_each_in_target_3species_from_ref7_Orthogroups	Cm__CmMahoganyH2.10G075500	Lc__Lchi12045	Vv__XP_010651968.1	1	1	1	1
OG0012982	one_gene_each_in_target_3species_from_ref7_Orthogroups	Cm__CmMahoganyH2.10G075700	Lc__Lchi00625	Vv__XP_002278246.1	1	1	1	1
OG0012983	one_gene_each_in_target_3species_from_ref7_Orthogroups	Cm__CmMahoganyH2.10G077200	Lc__Lchi19755	Vv__XP_002275066.1	1	1	1	1
OG0012986	one_gene_each_in_target_3species_from_ref7_Orthogroups	Cm__CmMahoganyH2.10G078100	Lc__Lchi17302	Vv__XP_002272463.2	1	1	1	1
OG0012988	one_gene_each_in_target_3species_from_ref7_Orthogroups	Cm__CmMahoganyH2.10G085700	Lc__Lchi14526	Vv__XP_002270390.1	1	1	1	1
OG0012991	one_gene_each_in_target_3species_from_ref7_Orthogroups	Cm__CmMahoganyH2.10G091100	Lc__Lchi10750	Vv__XP_002282879.1	1	2	1	0
OG0012992	one_gene_each_in_target_3species_from_ref7_Orthogroups	Cm__CmMahoganyH2.10G098200	Lc__Lchi17477	Vv__XP_002284484.1	1	1	1	1
OG0012993	one_gene_each_in_target_3species_from_ref7_Orthogroups	Cm__CmMahoganyH2.10G100700	Lc__Lchi00991	Vv__XP_019074718.1	1	1	1	1
OG0012994	one_gene_each_in_target_3species_from_ref7_Orthogroups	Cm__CmMahoganyH2.10G101100	Lc__Lchi00984	Vv__XP_002284059.1	1	1	1	1
OG0012995	one_gene_each_in_target_3species_from_ref7_Orthogroups	Cm__CmMahoganyH2.10G101700	Lc__Lchi08873	Vv__XP_002284012.1	1	1	1	1
OG0012998	one_gene_each_in_target_3species_from_ref7_Orthogroups	Cm__CmMahoganyH2.10G106800	Lc__Lchi04565	Vv__XP_010649587.1	1	1	1	1
OG0012999	one_gene_each_in_target_3species_from_ref7_Orthogroups	Cm__CmMahoganyH2.10G108200	Lc__Lchi00315	Vv__XP_010652194.1	1	1	1	1
OG0013000	one_gene_each_in_target_3species_from_ref7_Orthogroups	Cm__CmMahoganyH2.10G108700	Lc__Lchi04590	Vv__XP_002268380.1	1	1	1	1
OG0013002	one_gene_each_in_target_3species_from_ref7_Orthogroups	Cm__CmMahoganyH2.10G113300	Lc__Lchi00345	Vv__XP_002264804.1	1	1	1	1
OG0013003	one_gene_each_in_target_3species_from_ref7_Orthogroups	Cm__CmMahoganyH2.10G117700	Lc__Lchi00396	Vv__XP_010652054.1	0	1	1	2
OG0013004	one_gene_each_in_target_3species_from_ref7_Orthogroups	Cm__CmMahoganyH2.10G118500	Lc__Lchi08683	Vv__XP_010648467.1	1	1	1	1
OG0013006	one_gene_each_in_target_3species_from_ref7_Orthogroups	Cm__CmMahoganyH2.10G125900	Lc__Lchi10759	Vv__XP_010656785.1	1	1	1	1
OG0013007	one_gene_each_in_target_3species_from_ref7_Orthogroups	Cm__CmMahoganyH2.10G126100	Lc__Lchi24158	Vv__XP_002279641.1	1	1	1	1
OG0013008	one_gene_each_in_target_3species_from_ref7_Orthogroups	Cm__CmMahoganyH2.10G137500	Lc__Lchi02174	Vv__XP_002285830.1	0	2	1	1
OG0013009	one_gene_each_in_target_3species_from_ref7_Orthogroups	Cm__CmMahoganyH2.10G140600	Lc__Lchi03011	Vv__XP_010664280.1	1	1	1	1
OG0013010	one_gene_each_in_target_3species_from_ref7_Orthogroups	Cm__CmMahoganyH2.10G141600	Lc__Lchi03030	Vv__XP_010664299.1	1	1	1	1
OG0013012	one_gene_each_in_target_3species_from_ref7_Orthogroups	Cm__CmMahoganyH2.10G154800	Lc__Lchi15098	Vv__XP_002283343.1	1	1	0	2
OG0013013	one_gene_each_in_target_3species_from_ref7_Orthogroups	Cm__CmMahoganyH2.10G167600	Lc__Lchi20006	Vv__XP_010652377.1	1	1	1	1
OG0013015	one_gene_each_in_target_3species_from_ref7_Orthogroups	Cm__CmMahoganyH2.10G173300	Lc__Lchi08924	Vv__XP_002281239.2	2	1	1	0
OG0013016	one_gene_each_in_target_3species_from_ref7_Orthogroups	Cm__CmMahoganyH2.10G180700	Lc__Lchi13354	Vv__XP_002281875.1	1	1	1	1
OG0013017	one_gene_each_in_target_3species_from_ref7_Orthogroups	Cm__CmMahoganyH2.10G181700	Lc__Lchi13365	Vv__XP_002275636.1	1	1	1	1
OG0013020	one_gene_each_in_target_3species_from_ref7_Orthogroups	Cm__CmMahoganyH2.11G008200	Lc__Lchi21265	Vv__XP_010645098.1	1	1	1	1
OG0013021	one_gene_each_in_target_3species_from_ref7_Orthogroups	Cm__CmMahoganyH2.11G019100	Lc__Lchi28069	Vv__XP_010645115.1	1	1	0	2
OG0013022	one_gene_each_in_target_3species_from_ref7_Orthogroups	Cm__CmMahoganyH2.11G031900	Lc__Lchi21053	Vv__XP_002266045.2	1	1	1	1
OG0013023	one_gene_each_in_target_3species_from_ref7_Orthogroups	Cm__CmMahoganyH2.11G034600	Lc__Lchi11176	Vv__XP_002271727.1	1	1	1	1
OG0013024	one_gene_each_in_target_3species_from_ref7_Orthogroups	Cm__CmMahoganyH2.11G046300	Lc__Lchi06999	Vv__XP_002267684.1	1	0	1	2
OG0013025	one_gene_each_in_target_3species_from_ref7_Orthogroups	Cm__CmMahoganyH2.11G047300	Lc__Lchi07226	Vv__XP_002268250.1	1	2	0	1
OG0013026	one_gene_each_in_target_3species_from_ref7_Orthogroups	Cm__CmMahoganyH2.11G053200	Lc__Lchi32173	Vv__XP_002273201.1	1	1	1	1
OG0013027	one_gene_each_in_target_3species_from_ref7_Orthogroups	Cm__CmMahoganyH2.11G053400	Lc__Lchi11161	Vv__XP_010656946.1	1	1	0	2
OG0013029	one_gene_each_in_target_3species_from_ref7_Orthogroups	Cm__CmMahoganyH2.11G061000	Lc__Lchi08611	Vv__XP_002263519.1	1	1	1	1
OG0013030	one_gene_each_in_target_3species_from_ref7_Orthogroups	Cm__CmMahoganyH2.11G061600	Lc__Lchi08603	Vv__XP_019081108.1	1	1	1	1
OG0013032	one_gene_each_in_target_3species_from_ref7_Orthogroups	Cm__CmMahoganyH2.11G069200	Lc__Lchi27071	Vv__XP_002275513.1	1	1	1	1
OG0013033	one_gene_each_in_target_3species_from_ref7_Orthogroups	Cm__CmMahoganyH2.11G069700	Lc__Lchi13165	Vv__XP_002275425.2	1	1	1	1
OG0013035	one_gene_each_in_target_3species_from_ref7_Orthogroups	Cm__CmMahoganyH2.11G076200	Lc__Lchi01110	Vv__XP_002264736.2	1	2	0	1
OG0013036	one_gene_each_in_target_3species_from_ref7_Orthogroups	Cm__CmMahoganyH2.11G081800	Lc__Lchi27653	Vv__XP_002274914.1	1	1	1	1
OG0013037	one_gene_each_in_target_3species_from_ref7_Orthogroups	Cm__CmMahoganyH2.11G085600	Lc__Lchi28140	Vv__XP_002264200.1	1	1	1	1
OG0013040	one_gene_each_in_target_3species_from_ref7_Orthogroups	Cm__CmMahoganyH2.11G090300	Lc__Lchi19471	Vv__XP_002268344.2	0	1	1	2
OG0013046	one_gene_each_in_target_3species_from_ref7_Orthogroups	Cm__CmMahoganyH2.11G134200	Lc__Lchi01288	Vv__XP_002265199.1	0	1	1	2
OG0013047	one_gene_each_in_target_3species_from_ref7_Orthogroups	Cm__CmMahoganyH2.11G134300	Lc__Lchi05935	Vv__XP_002265039.1	1	1	1	1
OG0013049	one_gene_each_in_target_3species_from_ref7_Orthogroups	Cm__CmMahoganyH2.11G140500	Lc__Lchi01721	Vv__XP_002266585.2	1	1	1	1
OG0013051	one_gene_each_in_target_3species_from_ref7_Orthogroups	Cm__CmMahoganyH2.11G142900	Lc__Lchi26065	Vv__XP_002262773.1	1	1	1	1
OG0013052	one_gene_each_in_target_3species_from_ref7_Orthogroups	Cm__CmMahoganyH2.11G145100	Lc__Lchi09415	Vv__XP_002264063.1	1	1	1	1
OG0013055	one_gene_each_in_target_3species_from_ref7_Orthogroups	Cm__CmMahoganyH2.11G170200	Lc__Lchi12074	Vv__XP_002285578.1	0	1	1	2
OG0013059	one_gene_each_in_target_3species_from_ref7_Orthogroups	Cm__CmMahoganyH2.12G000200	Lc__Lchi01982	Vv__XP_002264295.1	1	1	1	1
OG0013061	one_gene_each_in_target_3species_from_ref7_Orthogroups	Cm__CmMahoganyH2.12G006400	Lc__Lchi01627	Vv__XP_010645864.1	1	1	1	1
OG0013062	one_gene_each_in_target_3species_from_ref7_Orthogroups	Cm__CmMahoganyH2.12G011200	Lc__Lchi16169	Vv__XP_003634942.1	1	1	1	1
OG0013063	one_gene_each_in_target_3species_from_ref7_Orthogroups	Cm__CmMahoganyH2.12G012200	Lc__Lchi01606	Vv__XP_002277122.2	1	1	1	1
OG0013066	one_gene_each_in_target_3species_from_ref7_Orthogroups	Cm__CmMahoganyH2.12G033200	Lc__Lchi05007	Vv__XP_002275469.2	1	1	1	1
OG0013067	one_gene_each_in_target_3species_from_ref7_Orthogroups	Cm__CmMahoganyH2.12G033300	Lc__Lchi05008	Vv__XP_010662900.1	0	1	2	1
OG0013070	one_gene_each_in_target_3species_from_ref7_Orthogroups	Cm__CmMahoganyH2.12G042900	Lc__Lchi22123	Vv__XP_002268709.1	0	1	1	2
OG0013072	one_gene_each_in_target_3species_from_ref7_Orthogroups	Cm__CmMahoganyH2.12G052100	Lc__Lchi14834	Vv__XP_010662680.1	1	1	1	1
OG0013073	one_gene_each_in_target_3species_from_ref7_Orthogroups	Cm__CmMahoganyH2.12G054100	Lc__Lchi17923	Vv__XP_002273527.1	1	1	1	1
OG0013074	one_gene_each_in_target_3species_from_ref7_Orthogroups	Cm__CmMahoganyH2.12G054800	Lc__Lchi01157	Vv__XP_002272741.1	1	1	1	1
OG0013076	one_gene_each_in_target_3species_from_ref7_Orthogroups	Cm__CmMahoganyH2.12G057600	Lc__Lchi27465	Vv__XP_002272050.1	1	1	1	1
OG0013078	one_gene_each_in_target_3species_from_ref7_Orthogroups	Cm__CmMahoganyH2.12G059700	Lc__Lchi13180	Vv__XP_010662753.1	0	2	1	1
OG0013081	one_gene_each_in_target_3species_from_ref7_Orthogroups	Cm__CmMahoganyH2.12G073600	Lc__Lchi26686	Vv__XP_002285702.1	1	1	1	1
OG0013083	one_gene_each_in_target_3species_from_ref7_Orthogroups	Cm__CmMahoganyH2.12G097000	Lc__Lchi01180	Vv__XP_003634010.1	0	1	1	2
OG0013084	one_gene_each_in_target_3species_from_ref7_Orthogroups	Cm__CmMahoganyH2.12G097300	Lc__Lchi08360	Vv__XP_002276966.1	1	1	1	1
OG0013085	one_gene_each_in_target_3species_from_ref7_Orthogroups	Cm__CmMahoganyH2.12G101900	Lc__Lchi05912	Vv__XP_002278704.1	0	2	1	1
OG0013086	one_gene_each_in_target_3species_from_ref7_Orthogroups	Cm__CmMahoganyH2.12G116800	Lc__Lchi02033	Vv__XP_002285874.1	1	1	1	1
OG0013087	one_gene_each_in_target_3species_from_ref7_Orthogroups	Cm__CmMahoganyH2.12G118300	Lc__Lchi04585	Vv__XP_002285871.1	1	1	1	1
OG0013088	one_gene_each_in_target_3species_from_ref7_Orthogroups	Cm__CmMahoganyH2.12G118800	Lc__Lchi02013	Vv__XP_002285868.1	1	1	1	1
OG0013089	one_gene_each_in_target_3species_from_ref7_Orthogroups	Cm__CmMahoganyH2.12G120500	Lc__Lchi33155	Vv__XP_002285862.1	0	1	2	1
OG0013090	one_gene_each_in_target_3species_from_ref7_Orthogroups	Cm__CmMahoganyH2.12G121300	Lc__Lchi08697	Vv__XP_002285859.1	1	1	1	1
OG0013091	one_gene_each_in_target_3species_from_ref7_Orthogroups	Cm__CmMahoganyH2.12G124800	Lc__Lchi01900	Vv__XP_010664229.1	1	1	1	1
OG0013092	one_gene_each_in_target_3species_from_ref7_Orthogroups	Cm__CmMahoganyH2.12G126500	Lc__Lchi20118	Vv__XP_010664247.1	0	1	0	3
OG0013093	one_gene_each_in_target_3species_from_ref7_Orthogroups	Cm__CmMahoganyH2.12G129800	Lc__Lchi13242	Vv__XP_002263238.1	1	1	1	1
OG0013094	one_gene_each_in_target_3species_from_ref7_Orthogroups	Cm__CmMahoganyH2.12G133200	Lc__Lchi08230	Vv__XP_002278457.1	1	1	2	0
OG0013097	one_gene_each_in_target_3species_from_ref7_Orthogroups	Cm__CmMahoganyH2.12G153500	Lc__Lchi10023	Vv__XP_010645307.2	1	1	1	1
OG0013098	one_gene_each_in_target_3species_from_ref7_Orthogroups	Cm__CmMahoganyH2.12G156100	Lc__Lchi17176	Vv__XP_002266557.3	1	1	1	1
OG0013099	one_gene_each_in_target_3species_from_ref7_Orthogroups	Cm__CmMahoganyH2.12G158200	Lc__Lchi17205	Vv__XP_002263684.2	1	1	1	1
OG0013103	one_gene_each_in_target_3species_from_ref7_Orthogroups	Cm__CmMahoganyH2.12G168200	Lc__Lchi26979	Vv__XP_002271890.1	1	1	1	1
OG0013104	one_gene_each_in_target_3species_from_ref7_Orthogroups	Cm__CmMahoganyH2.12G171100	Lc__Lchi02572	Vv__XP_002265905.2	1	1	1	1
OG0013315	one_gene_each_in_target_3species_from_ref7_Orthogroups	Cm__CmMahoganyH2.05G061600	Lc__Lchi04757	Vv__XP_002285225.2	0	1	1	1
OG0013319	one_gene_each_in_target_3species_from_ref7_Orthogroups	Cm__CmMahoganyH2.02G126300	Lc__Lchi14045	Vv__XP_019076618.1	0	1	1	1
OG0013322	one_gene_each_in_target_3species_from_ref7_Orthogroups	Cm__CmMahoganyH2.05G049900	Lc__Lchi04063	Vv__XP_002284545.2	0	0	2	1
OG0013336	one_gene_each_in_target_3species_from_ref7_Orthogroups	Cm__CmMahoganyH2.03G000100	Lc__Lchi01981	Vv__XP_002264688.1	0	2	0	1
OG0013351	one_gene_each_in_target_3species_from_ref7_Orthogroups	Cm__CmMahoganyH2.05G002200	Lc__Lchi11486	Vv__XP_002263215.1	1	1	0	1
OG0013354	one_gene_each_in_target_3species_from_ref7_Orthogroups	Cm__CmMahoganyH2.07G034500	Lc__Lchi03299	Vv__XP_002268396.1	0	1	1	1
OG0013357	one_gene_each_in_target_3species_from_ref7_Orthogroups	Cm__CmMahoganyH2.01G248700	Lc__Lchi02603	Vv__XP_002262831.1	0	1	2	0
OG0013360	one_gene_each_in_target_3species_from_ref7_Orthogroups	Cm__CmMahoganyH2.10G020400	Lc__Lchi01229	Vv__XP_002277547.1	1	0	1	1
OG0013372	one_gene_each_in_target_3species_from_ref7_Orthogroups	Cm__CmMahoganyH2.07G161500	Lc__Lchi12090	Vv__XP_010645909.1	0	1	1	1
OG0013374	one_gene_each_in_target_3species_from_ref7_Orthogroups	Cm__CmMahoganyH2.02G103900	Lc__Lchi25345	Vv__XP_002264895.1	0	1	0	2
OG0013377	one_gene_each_in_target_3species_from_ref7_Orthogroups	Cm__CmMahoganyH2.09G133800	Lc__Lchi19969	Vv__XP_002276331.1	1	1	0	1
OG0013384	one_gene_each_in_target_3species_from_ref7_Orthogroups	Cm__CmMahoganyH2.10G078200	Lc__Lchi28640	Vv__XP_002277634.1	0	1	1	1
OG0013386	one_gene_each_in_target_3species_from_ref7_Orthogroups	Cm__CmMahoganyH2.12G030100	Lc__Lchi29411	Vv__XP_002271388.1	0	1	1	1
OG0013390	one_gene_each_in_target_3species_from_ref7_Orthogroups	Cm__CmMahoganyH2.01G087100	Lc__Lchi06697	Vv__XP_002277713.1	1	1	0	1
OG0013391	one_gene_each_in_target_3species_from_ref7_Orthogroups	Cm__CmMahoganyH2.01G330900	Lc__Lchi09616	Vv__XP_002276890.2	1	0	1	1
OG0013393	one_gene_each_in_target_3species_from_ref7_Orthogroups	Cm__CmMahoganyH2.06G177500	Lc__Lchi03964	Vv__XP_019072470.1	1	0	1	1
OG0013401	one_gene_each_in_target_3species_from_ref7_Orthogroups	Cm__CmMahoganyH2.02G049200	Lc__Lchi04606	Vv__XP_002270507.1	1	0	1	1
OG0013406	one_gene_each_in_target_3species_from_ref7_Orthogroups	Cm__CmMahoganyH2.11G045700	Lc__Lchi07000	Vv__XP_010644774.1	0	1	0	2
OG0013407	one_gene_each_in_target_3species_from_ref7_Orthogroups	Cm__CmMahoganyH2.02G110300	Lc__Lchi25952	Vv__XP_002274337.1	1	1	0	1
OG0013418	one_gene_each_in_target_3species_from_ref7_Orthogroups	Cm__CmMahoganyH2.01G034800	Lc__Lchi13914	Vv__XP_002282221.2	1	1	0	1
OG0013425	one_gene_each_in_target_3species_from_ref7_Orthogroups	Cm__CmMahoganyH2.08G104900	Lc__Lchi17807	Vv__XP_010651546.1	0	1	1	1
OG0013433	one_gene_each_in_target_3species_from_ref7_Orthogroups	Cm__CmMahoganyH2.05G177200	Lc__Lchi34041	Vv__XP_010654300.2	1	1	0	1
OG0013436	one_gene_each_in_target_3species_from_ref7_Orthogroups	Cm__CmMahoganyH2.01G299600	Lc__Lchi04741	Vv__XP_002281635.1	0	1	1	1
OG0013440	one_gene_each_in_target_3species_from_ref7_Orthogroups	Cm__CmMahoganyH2.08G145700	Lc__Lchi00780	Vv__XP_002275678.1	0	1	1	1
OG0013442	one_gene_each_in_target_3species_from_ref7_Orthogroups	Cm__CmMahoganyH2.01G150100	Lc__Lchi27078	Vv__XP_002277529.1	1	0	1	1
OG0013444	one_gene_each_in_target_3species_from_ref7_Orthogroups	Cm__CmMahoganyH2.11G140300	Lc__Lchi23885	Vv__XP_002266804.1	0	0	2	1
OG0013445	one_gene_each_in_target_3species_from_ref7_Orthogroups	Cm__CmMahoganyH2.12G082500	Lc__Lchi23474	Vv__XP_010662396.1	0	1	0	2
OG0013446	one_gene_each_in_target_3species_from_ref7_Orthogroups	Cm__CmMahoganyH2.09G133100	Lc__Lchi20250	Vv__XP_002270169.1	1	0	1	1
OG0013448	one_gene_each_in_target_3species_from_ref7_Orthogroups	Cm__CmMahoganyH2.10G107400	Lc__Lchi00320	Vv__XP_002268787.1	1	1	0	1
OG0013451	one_gene_each_in_target_3species_from_ref7_Orthogroups	Cm__CmMahoganyH2.02G051100	Lc__Lchi04623	Vv__XP_002272426.1	1	1	0	1
OG0013452	one_gene_each_in_target_3species_from_ref7_Orthogroups	Cm__CmMahoganyH2.11G123900	Lc__Lchi19264	Vv__XP_002270492.1	1	1	0	1
OG0013457	one_gene_each_in_target_3species_from_ref7_Orthogroups	Cm__CmMahoganyH2.09G131800	Lc__Lchi19946	Vv__XP_002271115.1	0	1	1	1
OG0013461	one_gene_each_in_target_3species_from_ref7_Orthogroups	Cm__CmMahoganyH2.02G125500	Lc__Lchi03008	Vv__XP_002280917.1	1	1	1	0
OG0013464	one_gene_each_in_target_3species_from_ref7_Orthogroups	Cm__CmMahoganyH2.01G150400	Lc__Lchi22145	Vv__XP_002277816.1	1	1	1	0
OG0013477	one_gene_each_in_target_3species_from_ref7_Orthogroups	Cm__CmMahoganyH2.03G117300	Lc__Lchi02431	Vv__XP_002263688.1	0	1	1	1
OG0013481	one_gene_each_in_target_3species_from_ref7_Orthogroups	Cm__CmMahoganyH2.11G058500	Lc__Lchi24726	Vv__XP_010648195.1	0	1	1	1
OG0013486	one_gene_each_in_target_3species_from_ref7_Orthogroups	Cm__CmMahoganyH2.06G217200	Lc__Lchi15648	Vv__XP_010661507.1	0	1	1	1
OG0013489	one_gene_each_in_target_3species_from_ref7_Orthogroups	Cm__CmMahoganyH2.03G085000	Lc__Lchi05836	Vv__XP_002284902.1	0	1	1	1
OG0013491	one_gene_each_in_target_3species_from_ref7_Orthogroups	Cm__CmMahoganyH2.04G072300	Lc__Lchi01562	Vv__XP_003634254.1	0	1	1	1
OG0013494	one_gene_each_in_target_3species_from_ref7_Orthogroups	Cm__CmMahoganyH2.01G125900	Lc__Lchi30222	Vv__XP_002277018.1	1	1	1	0
OG0013496	one_gene_each_in_target_3species_from_ref7_Orthogroups	Cm__CmMahoganyH2.02G060200	Lc__Lchi00175	Vv__XP_010649517.1	0	2	1	0
OG0013498	one_gene_each_in_target_3species_from_ref7_Orthogroups	Cm__CmMahoganyH2.11G110700	Lc__Lchi06061	Vv__XP_002277033.1	1	1	1	0
OG0013499	one_gene_each_in_target_3species_from_ref7_Orthogroups	Cm__CmMahoganyH2.03G194500	Lc__Lchi12313	Vv__XP_002264175.1	0	1	0	2
OG0013500	one_gene_each_in_target_3species_from_ref7_Orthogroups	Cm__CmMahoganyH2.12G031700	Lc__Lchi06499	Vv__XP_002273913.1	0	1	1	1
OG0013501	one_gene_each_in_target_3species_from_ref7_Orthogroups	Cm__CmMahoganyH2.08G134200	Lc__Lchi05734	Vv__XP_002283346.1	1	1	0	1
OG0013502	one_gene_each_in_target_3species_from_ref7_Orthogroups	Cm__CmMahoganyH2.02G088300	Lc__Lchi04779	Vv__XP_002282428.2	1	1	0	1
OG0013503	one_gene_each_in_target_3species_from_ref7_Orthogroups	Cm__CmMahoganyH2.04G085500	Lc__Lchi05665	Vv__XP_002275136.2	1	1	1	0
OG0013504	one_gene_each_in_target_3species_from_ref7_Orthogroups	Cm__CmMahoganyH2.10G139200	Lc__Lchi28847	Vv__XP_002284303.2	1	1	0	1
OG0013510	one_gene_each_in_target_3species_from_ref7_Orthogroups	Cm__CmMahoganyH2.01G350100	Lc__Lchi01863	Vv__XP_002276310.1	2	0	0	1
OG0013514	one_gene_each_in_target_3species_from_ref7_Orthogroups	Cm__CmMahoganyH2.06G047700	Lc__Lchi33597	Vv__XP_002282637.2	0	1	1	1
OG0013515	one_gene_each_in_target_3species_from_ref7_Orthogroups	Cm__CmMahoganyH2.12G174400	Lc__Lchi02590	Vv__XP_002267796.1	1	1	1	0
OG0013516	one_gene_each_in_target_3species_from_ref7_Orthogroups	Cm__CmMahoganyH2.01G302200	Lc__Lchi05608	Vv__XP_010656399.1	1	1	0	1
OG0013524	one_gene_each_in_target_3species_from_ref7_Orthogroups	Cm__CmMahoganyH2.07G093900	Lc__Lchi20891	Vv__XP_002285382.1	1	0	1	1
OG0013525	one_gene_each_in_target_3species_from_ref7_Orthogroups	Cm__CmMahoganyH2.07G094000	Lc__Lchi20892	Vv__XP_002285375.1	1	1	0	1
OG0013528	one_gene_each_in_target_3species_from_ref7_Orthogroups	Cm__CmMahoganyH2.10G155900	Lc__Lchi13880	Vv__XP_002283423.1	1	0	1	1
OG0013533	one_gene_each_in_target_3species_from_ref7_Orthogroups	Cm__CmMahoganyH2.10G169200	Lc__Lchi00891	Vv__XP_002275030.1	0	1	1	1
OG0013536	one_gene_each_in_target_3species_from_ref7_Orthogroups	Cm__CmMahoganyH2.12G123300	Lc__Lchi01879	Vv__XP_002285848.1	0	1	1	1
OG0013537	one_gene_each_in_target_3species_from_ref7_Orthogroups	Cm__CmMahoganyH2.10G107600	Lc__Lchi00317	Vv__XP_002268904.1	1	1	0	1
OG0013539	one_gene_each_in_target_3species_from_ref7_Orthogroups	Cm__CmMahoganyH2.01G228000	Lc__Lchi12321	Vv__XP_002278039.1	1	1	1	0
OG0013540	one_gene_each_in_target_3species_from_ref7_Orthogroups	Cm__CmMahoganyH2.12G036800	Lc__Lchi14153	Vv__XP_002272792.1	1	0	1	1
OG0013541	one_gene_each_in_target_3species_from_ref7_Orthogroups	Cm__CmMahoganyH2.08G033200	Lc__Lchi30094	Vv__XP_002284710.1	0	1	1	1
OG0013545	one_gene_each_in_target_3species_from_ref7_Orthogroups	Cm__CmMahoganyH2.07G000700	Lc__Lchi01897	Vv__XP_002275577.1	1	0	0	2
OG0013547	one_gene_each_in_target_3species_from_ref7_Orthogroups	Cm__CmMahoganyH2.01G218100	Lc__Lchi03499	Vv__XP_002282822.1	0	0	2	1
OG0013549	one_gene_each_in_target_3species_from_ref7_Orthogroups	Cm__CmMahoganyH2.05G117500	Lc__Lchi13424	Vv__XP_002272365.1	1	1	1	0
OG0013552	one_gene_each_in_target_3species_from_ref7_Orthogroups	Cm__CmMahoganyH2.02G203800	Lc__Lchi25063	Vv__XP_010649000.1	0	1	1	1
OG0013555	one_gene_each_in_target_3species_from_ref7_Orthogroups	Cm__CmMahoganyH2.01G125700	Lc__Lchi16637	Vv__XP_010661957.1	2	1	0	0
OG0013561	one_gene_each_in_target_3species_from_ref7_Orthogroups	Cm__CmMahoganyH2.01G200000	Lc__Lchi25000	Vv__XP_002276386.1	0	1	1	1
OG0013562	one_gene_each_in_target_3species_from_ref7_Orthogroups	Cm__CmMahoganyH2.01G325300	Lc__Lchi03819	Vv__XP_010656604.1	0	1	1	1
OG0013571	one_gene_each_in_target_3species_from_ref7_Orthogroups	Cm__CmMahoganyH2.02G078900	Lc__Lchi15790	Vv__XP_010650052.1	0	1	1	1
OG0013572	one_gene_each_in_target_3species_from_ref7_Orthogroups	Cm__CmMahoganyH2.03G092300	Lc__Lchi05773	Vv__XP_002281730.1	0	1	1	1
OG0013575	one_gene_each_in_target_3species_from_ref7_Orthogroups	Cm__CmMahoganyH2.07G041200	Lc__Lchi29244	Vv__XP_002275843.2	1	0	1	1
OG0013579	one_gene_each_in_target_3species_from_ref7_Orthogroups	Cm__CmMahoganyH2.02G144500	Lc__Lchi20000	Vv__XP_010647489.1	0	1	1	1
OG0013585	one_gene_each_in_target_3species_from_ref7_Orthogroups	Cm__CmMahoganyH2.01G035300	Lc__Lchi13928	Vv__XP_002284114.1	1	1	0	1
OG0013588	one_gene_each_in_target_3species_from_ref7_Orthogroups	Cm__CmMahoganyH2.12G016900	Lc__Lchi01585	Vv__XP_002282036.1	1	1	0	1
OG0013590	one_gene_each_in_target_3species_from_ref7_Orthogroups	Cm__CmMahoganyH2.01G335400	Lc__Lchi03685	Vv__XP_002272377.2	1	0	0	2
OG0013598	one_gene_each_in_target_3species_from_ref7_Orthogroups	Cm__CmMahoganyH2.01G354600	Lc__Lchi17115	Vv__XP_002269617.1	2	0	0	1
OG0013603	one_gene_each_in_target_3species_from_ref7_Orthogroups	Cm__CmMahoganyH2.01G176800	Lc__Lchi00985	Vv__XP_002284283.1	1	1	0	1
OG0013610	one_gene_each_in_target_3species_from_ref7_Orthogroups	Cm__CmMahoganyH2.08G025700	Lc__Lchi25648	Vv__XP_010650909.1	0	1	1	1
OG0013621	one_gene_each_in_target_3species_from_ref7_Orthogroups	Cm__CmMahoganyH2.03G147600	Lc__Lchi00089	Vv__XP_002267079.1	1	1	0	1
OG0013623	one_gene_each_in_target_3species_from_ref7_Orthogroups	Cm__CmMahoganyH2.08G013800	Lc__Lchi09490	Vv__XP_002282549.1	0	1	1	1
OG0013629	one_gene_each_in_target_3species_from_ref7_Orthogroups	Cm__CmMahoganyH2.06G041100	Lc__Lchi24748	Vv__XP_002280849.1	1	1	0	1
OG0013630	one_gene_each_in_target_3species_from_ref7_Orthogroups	Cm__CmMahoganyH2.08G165100	Lc__Lchi14385	Vv__XP_010662289.1	1	1	0	1
OG0013631	one_gene_each_in_target_3species_from_ref7_Orthogroups	Cm__CmMahoganyH2.07G144500	Lc__Lchi11570	Vv__XP_002278931.1	1	1	0	1
OG0013632	one_gene_each_in_target_3species_from_ref7_Orthogroups	Cm__CmMahoganyH2.08G008600	Lc__Lchi10689	Vv__XP_003631882.1	0	1	1	1
OG0013635	one_gene_each_in_target_3species_from_ref7_Orthogroups	Cm__CmMahoganyH2.02G076300	Lc__Lchi29380	Vv__XP_010650006.1	1	1	0	1
OG0013637	one_gene_each_in_target_3species_from_ref7_Orthogroups	Cm__CmMahoganyH2.10G082800	Lc__Lchi07881	Vv__XP_002271361.1	0	1	1	1
OG0013648	one_gene_each_in_target_3species_from_ref7_Orthogroups	Cm__CmMahoganyH2.07G063200	Lc__Lchi03088	Vv__XP_002274497.1	1	0	1	1
OG0013651	one_gene_each_in_target_3species_from_ref7_Orthogroups	Cm__CmMahoganyH2.02G103500	Lc__Lchi02560	Vv__XP_002266276.1	0	1	1	1
OG0013657	one_gene_each_in_target_3species_from_ref7_Orthogroups	Cm__CmMahoganyH2.11G130800	Lc__Lchi01304	Vv__XP_002265765.1	1	1	0	1
OG0013658	one_gene_each_in_target_3species_from_ref7_Orthogroups	Cm__CmMahoganyH2.09G054500	Lc__Lchi22441	Vv__XP_010654103.1	1	0	1	1
OG0013664	one_gene_each_in_target_3species_from_ref7_Orthogroups	Cm__CmMahoganyH2.01G228500	Lc__Lchi12312	Vv__XP_002281305.1	0	1	2	0
OG0013666	one_gene_each_in_target_3species_from_ref7_Orthogroups	Cm__CmMahoganyH2.03G107600	Lc__Lchi22902	Vv__XP_002269057.2	1	1	0	1
OG0013671	one_gene_each_in_target_3species_from_ref7_Orthogroups	Cm__CmMahoganyH2.07G165000	Lc__Lchi06261	Vv__XP_002283053.1	0	1	1	1
OG0013672	one_gene_each_in_target_3species_from_ref7_Orthogroups	Cm__CmMahoganyH2.06G041000	Lc__Lchi07832	Vv__XP_010644435.1	0	1	1	1
OG0013673	one_gene_each_in_target_3species_from_ref7_Orthogroups	Cm__CmMahoganyH2.07G064500	Lc__Lchi13792	Vv__XP_002272705.1	1	1	0	1
OG0013674	one_gene_each_in_target_3species_from_ref7_Orthogroups	Cm__CmMahoganyH2.01G216500	Lc__Lchi00861	Vv__XP_002279837.2	1	1	1	0
OG0013677	one_gene_each_in_target_3species_from_ref7_Orthogroups	Cm__CmMahoganyH2.02G202700	Lc__Lchi27933	Vv__XP_002265670.1	0	1	1	1
OG0013679	one_gene_each_in_target_3species_from_ref7_Orthogroups	Cm__CmMahoganyH2.01G285200	Lc__Lchi17525	Vv__XP_002277245.1	1	0	1	1
OG0013680	one_gene_each_in_target_3species_from_ref7_Orthogroups	Cm__CmMahoganyH2.02G027300	Lc__Lchi26882	Vv__XP_002280143.1	0	1	1	1
OG0013693	one_gene_each_in_target_3species_from_ref7_Orthogroups	Cm__CmMahoganyH2.10G100800	Lc__Lchi08844	Vv__XP_002284106.1	1	1	1	0
OG0013695	one_gene_each_in_target_3species_from_ref7_Orthogroups	Cm__CmMahoganyH2.08G010200	Lc__Lchi23752	Vv__XP_002281785.1	1	1	1	0
OG0013696	one_gene_each_in_target_3species_from_ref7_Orthogroups	Cm__CmMahoganyH2.08G126400	Lc__Lchi10979	Vv__NP_001304061.1	1	1	0	1
OG0013703	one_gene_each_in_target_3species_from_ref7_Orthogroups	Cm__CmMahoganyH2.01G315200	Lc__Lchi18125	Vv__XP_010656516.1	0	1	1	1
OG0013704	one_gene_each_in_target_3species_from_ref7_Orthogroups	Cm__CmMahoganyH2.01G256800	Lc__Lchi10221	Vv__XP_002268929.1	0	1	1	1
OG0013708	one_gene_each_in_target_3species_from_ref7_Orthogroups	Cm__CmMahoganyH2.01G289600	Lc__Lchi14329	Vv__XP_002283702.1	0	1	1	1
OG0013709	one_gene_each_in_target_3species_from_ref7_Orthogroups	Cm__CmMahoganyH2.12G149900	Lc__Lchi03224	Vv__XP_002263334.1	0	1	1	1
OG0013714	one_gene_each_in_target_3species_from_ref7_Orthogroups	Cm__CmMahoganyH2.09G149300	Lc__Lchi17783	Vv__XP_002282532.1	0	1	1	1
OG0013718	one_gene_each_in_target_3species_from_ref7_Orthogroups	Cm__CmMahoganyH2.06G039100	Lc__Lchi22998	Vv__XP_010644452.1	1	1	0	1
OG0013722	one_gene_each_in_target_3species_from_ref7_Orthogroups	Cm__CmMahoganyH2.05G048200	Lc__Lchi13734	Vv__XP_010653802.1	1	1	0	1
OG0013723	one_gene_each_in_target_3species_from_ref7_Orthogroups	Cm__CmMahoganyH2.05G050100	Lc__Lchi00989	Vv__XP_002284537.1	0	1	1	1
OG0013725	one_gene_each_in_target_3species_from_ref7_Orthogroups	Cm__CmMahoganyH2.11G167100	Lc__Lchi17286	Vv__XP_002274498.1	1	1	1	0
OG0013735	one_gene_each_in_target_3species_from_ref7_Orthogroups	Cm__CmMahoganyH2.10G156600	Lc__Lchi13844	Vv__XP_002285433.1	1	1	1	0
OG0013741	one_gene_each_in_target_3species_from_ref7_Orthogroups	Cm__CmMahoganyH2.07G163100	Lc__Lchi26928	Vv__XP_003631559.1	0	1	1	1
OG0013742	one_gene_each_in_target_3species_from_ref7_Orthogroups	Cm__CmMahoganyH2.01G168000	Lc__Lchi18306	Vv__XP_002284243.1	1	1	0	1
OG0013744	one_gene_each_in_target_3species_from_ref7_Orthogroups	Cm__CmMahoganyH2.02G109200	Lc__Lchi17199	Vv__XP_002264053.1	0	1	1	1
OG0013750	one_gene_each_in_target_3species_from_ref7_Orthogroups	Cm__CmMahoganyH2.08G110400	Lc__Lchi20919	Vv__XP_002272683.2	1	1	0	1
OG0013751	one_gene_each_in_target_3species_from_ref7_Orthogroups	Cm__CmMahoganyH2.09G139900	Lc__Lchi08108	Vv__XP_010653673.1	0	1	1	1
OG0013752	one_gene_each_in_target_3species_from_ref7_Orthogroups	Cm__CmMahoganyH2.10G003900	Lc__Lchi08478	Vv__XP_002266185.1	0	1	1	1
OG0013756	one_gene_each_in_target_3species_from_ref7_Orthogroups	Cm__CmMahoganyH2.08G085800	Lc__Lchi22495	Vv__XP_002277357.2	1	1	0	1
OG0013757	one_gene_each_in_target_3species_from_ref7_Orthogroups	Cm__CmMahoganyH2.07G049600	Lc__Lchi18564	Vv__XP_010648810.1	1	1	0	1
OG0013760	one_gene_each_in_target_3species_from_ref7_Orthogroups	Cm__CmMahoganyH2.12G128300	Lc__Lchi16611	Vv__XP_002273486.1	1	1	1	0
OG0013768	one_gene_each_in_target_3species_from_ref7_Orthogroups	Cm__CmMahoganyH2.05G044300	Lc__Lchi08946	Vv__XP_002278331.1	0	1	1	1
OG0013769	one_gene_each_in_target_3species_from_ref7_Orthogroups	Cm__CmMahoganyH2.06G141500	Lc__Lchi18424	Vv__XP_002272219.1	0	1	1	1
OG0013777	one_gene_each_in_target_3species_from_ref7_Orthogroups	Cm__CmMahoganyH2.10G099100	Lc__Lchi01019	Vv__XP_002284239.1	1	1	1	0
OG0013780	one_gene_each_in_target_3species_from_ref7_Orthogroups	Cm__CmMahoganyH2.01G091900	Lc__Lchi02660	Vv__XP_010648408.1	0	1	1	1
OG0013781	one_gene_each_in_target_3species_from_ref7_Orthogroups	Cm__CmMahoganyH2.01G115400	Lc__Lchi26154	Vv__XP_002269230.1	1	0	1	1
OG0013789	one_gene_each_in_target_3species_from_ref7_Orthogroups	Cm__CmMahoganyH2.10G128100	Lc__Lchi15194	Vv__XP_002270348.2	1	1	0	1
OG0013790	one_gene_each_in_target_3species_from_ref7_Orthogroups	Cm__CmMahoganyH2.12G120400	Lc__Lchi28264	Vv__XP_003634429.1	1	1	0	1
OG0013794	one_gene_each_in_target_3species_from_ref7_Orthogroups	Cm__CmMahoganyH2.01G255200	Lc__Lchi10263	Vv__XP_002271170.1	1	1	0	1
OG0013795	one_gene_each_in_target_3species_from_ref7_Orthogroups	Cm__CmMahoganyH2.01G353700	Lc__Lchi29084	Vv__XP_010657683.1	0	1	1	1
OG0013797	one_gene_each_in_target_3species_from_ref7_Orthogroups	Cm__CmMahoganyH2.04G107000	Lc__Lchi02873	Vv__XP_002281830.3	1	1	0	1
OG0013800	one_gene_each_in_target_3species_from_ref7_Orthogroups	Cm__CmMahoganyH2.06G138100	Lc__Lchi25835	Vv__XP_002273715.1	1	1	0	1
OG0013801	one_gene_each_in_target_3species_from_ref7_Orthogroups	Cm__CmMahoganyH2.06G186800	Lc__Lchi30070	Vv__XP_002270458.2	2	0	0	1
OG0013804	one_gene_each_in_target_3species_from_ref7_Orthogroups	Cm__CmMahoganyH2.07G140500	Lc__Lchi26204	Vv__XP_002277145.1	1	1	0	1
OG0013806	one_gene_each_in_target_3species_from_ref7_Orthogroups	Cm__CmMahoganyH2.10G010800	Lc__Lchi08389	Vv__XP_002263043.1	1	0	1	1
OG0013813	one_gene_each_in_target_3species_from_ref7_Orthogroups	Cm__CmMahoganyH2.01G271000	Lc__Lchi07468	Vv__XP_002278444.1	0	1	1	1
OG0013817	one_gene_each_in_target_3species_from_ref7_Orthogroups	Cm__CmMahoganyH2.10G049400	Lc__Lchi24385	Vv__XP_002264221.2	1	1	0	1
OG0013818	one_gene_each_in_target_3species_from_ref7_Orthogroups	Cm__CmMahoganyH2.11G112100	Lc__Lchi04339	Vv__XP_010661352.1	1	1	0	1
OG0013820	one_gene_each_in_target_3species_from_ref7_Orthogroups	Cm__CmMahoganyH2.06G237400	Lc__Lchi02185	Vv__XP_002273123.1	1	1	1	0
OG0013821	one_gene_each_in_target_3species_from_ref7_Orthogroups	Cm__CmMahoganyH2.07G081100	Lc__Lchi26967	Vv__XP_010647998.1	0	1	1	1
OG0013822	one_gene_each_in_target_3species_from_ref7_Orthogroups	Cm__CmMahoganyH2.12G050600	Lc__Lchi01560	Vv__XP_002274318.1	0	1	1	1
OG0013823	one_gene_each_in_target_3species_from_ref7_Orthogroups	Cm__CmMahoganyH2.01G009200	Lc__Lchi00837	Vv__XP_002277123.1	1	1	0	1
OG0013827	one_gene_each_in_target_3species_from_ref7_Orthogroups	Cm__CmMahoganyH2.01G045600	Lc__Lchi09103	Vv__XP_002281439.2	0	1	1	1
OG0013828	one_gene_each_in_target_3species_from_ref7_Orthogroups	Cm__CmMahoganyH2.01G073500	Lc__Lchi09285	Vv__XP_002285925.1	0	1	1	1
OG0013830	one_gene_each_in_target_3species_from_ref7_Orthogroups	Cm__CmMahoganyH2.01G087800	Lc__Lchi02767	Vv__XP_002281227.1	1	1	0	1
OG0013831	one_gene_each_in_target_3species_from_ref7_Orthogroups	Cm__CmMahoganyH2.01G089100	Lc__Lchi19666	Vv__XP_010648388.1	0	1	1	1
OG0013833	one_gene_each_in_target_3species_from_ref7_Orthogroups	Cm__CmMahoganyH2.01G094100	Lc__Lchi09635	Vv__XP_002285576.1	1	0	1	1
OG0013835	one_gene_each_in_target_3species_from_ref7_Orthogroups	Cm__CmMahoganyH2.01G096700	Lc__Lchi03721	Vv__XP_002285565.2	0	1	1	1
OG0013838	one_gene_each_in_target_3species_from_ref7_Orthogroups	Cm__CmMahoganyH2.01G104000	Lc__Lchi10648	Vv__XP_002285482.1	1	1	0	1
OG0013841	one_gene_each_in_target_3species_from_ref7_Orthogroups	Cm__CmMahoganyH2.01G117700	Lc__Lchi01835	Vv__XP_002278042.2	0	1	0	2
OG0013843	one_gene_each_in_target_3species_from_ref7_Orthogroups	Cm__CmMahoganyH2.01G132300	Lc__Lchi05046	Vv__XP_002280751.1	0	1	1	1
OG0013844	one_gene_each_in_target_3species_from_ref7_Orthogroups	Cm__CmMahoganyH2.01G135400	Lc__Lchi09842	Vv__XP_010659745.1	0	2	0	1
OG0013845	one_gene_each_in_target_3species_from_ref7_Orthogroups	Cm__CmMahoganyH2.01G138800	Lc__Lchi08615	Vv__XP_002265404.1	1	1	0	1
OG0013846	one_gene_each_in_target_3species_from_ref7_Orthogroups	Cm__CmMahoganyH2.01G139800	Lc__Lchi08629	Vv__XP_002269278.1	0	1	1	1
OG0013847	one_gene_each_in_target_3species_from_ref7_Orthogroups	Cm__CmMahoganyH2.01G141600	Lc__Lchi16995	Vv__XP_002270561.2	0	1	0	2
OG0013851	one_gene_each_in_target_3species_from_ref7_Orthogroups	Cm__CmMahoganyH2.01G156100	Lc__Lchi17098	Vv__XP_010665036.1	0	1	0	2
OG0013856	one_gene_each_in_target_3species_from_ref7_Orthogroups	Cm__CmMahoganyH2.01G173700	Lc__Lchi00944	Vv__XP_002280521.1	1	1	0	1
OG0013857	one_gene_each_in_target_3species_from_ref7_Orthogroups	Cm__CmMahoganyH2.01G175800	Lc__Lchi08878	Vv__XP_002284090.1	0	1	0	2
OG0013858	one_gene_each_in_target_3species_from_ref7_Orthogroups	Cm__CmMahoganyH2.01G176000	Lc__Lchi08877	Vv__XP_002284097.1	1	1	0	1
OG0013859	one_gene_each_in_target_3species_from_ref7_Orthogroups	Cm__CmMahoganyH2.01G176900	Lc__Lchi08847	Vv__XP_002280803.3	0	0	0	3
OG0013860	one_gene_each_in_target_3species_from_ref7_Orthogroups	Cm__CmMahoganyH2.01G184000	Lc__Lchi21802	Vv__XP_002284149.1	0	2	0	1
OG0013863	one_gene_each_in_target_3species_from_ref7_Orthogroups	Cm__CmMahoganyH2.01G192400	Lc__Lchi13061	Vv__XP_002282805.1	0	1	0	2
OG0013864	one_gene_each_in_target_3species_from_ref7_Orthogroups	Cm__CmMahoganyH2.01G192500	Lc__Lchi12270	Vv__XP_002279124.3	0	1	1	1
OG0013865	one_gene_each_in_target_3species_from_ref7_Orthogroups	Cm__CmMahoganyH2.01G196900	Lc__Lchi30132	Vv__XP_002265589.1	0	1	1	1
OG0013867	one_gene_each_in_target_3species_from_ref7_Orthogroups	Cm__CmMahoganyH2.01G210900	Lc__Lchi03471	Vv__XP_010656491.1	0	1	1	1
OG0013868	one_gene_each_in_target_3species_from_ref7_Orthogroups	Cm__CmMahoganyH2.01G215100	Lc__Lchi15342	Vv__XP_002282348.2	0	0	1	2
OG0013869	one_gene_each_in_target_3species_from_ref7_Orthogroups	Cm__CmMahoganyH2.01G215700	Lc__Lchi00731	Vv__XP_002279746.4	0	1	0	2
OG0013870	one_gene_each_in_target_3species_from_ref7_Orthogroups	Cm__CmMahoganyH2.01G217200	Lc__Lchi00856	Vv__XP_002282754.1	0	1	1	1
OG0013871	one_gene_each_in_target_3species_from_ref7_Orthogroups	Cm__CmMahoganyH2.01G231500	Lc__Lchi14635	Vv__XP_002280011.3	1	1	0	1
OG0013875	one_gene_each_in_target_3species_from_ref7_Orthogroups	Cm__CmMahoganyH2.01G250800	Lc__Lchi18701	Vv__XP_010660788.1	0	1	1	1
OG0013876	one_gene_each_in_target_3species_from_ref7_Orthogroups	Cm__CmMahoganyH2.01G251500	Lc__Lchi09977	Vv__XP_002270526.1	0	1	1	1
OG0013877	one_gene_each_in_target_3species_from_ref7_Orthogroups	Cm__CmMahoganyH2.01G257200	Lc__Lchi26465	Vv__XP_002271417.1	1	1	0	1
OG0013878	one_gene_each_in_target_3species_from_ref7_Orthogroups	Cm__CmMahoganyH2.01G268600	Lc__Lchi00218	Vv__XP_002277524.1	0	1	1	1
OG0013883	one_gene_each_in_target_3species_from_ref7_Orthogroups	Cm__CmMahoganyH2.01G289400	Lc__Lchi10133	Vv__XP_002283688.1	0	1	1	1
OG0013885	one_gene_each_in_target_3species_from_ref7_Orthogroups	Cm__CmMahoganyH2.01G291300	Lc__Lchi16644	Vv__XP_002283890.1	0	1	1	1
OG0013888	one_gene_each_in_target_3species_from_ref7_Orthogroups	Cm__CmMahoganyH2.01G297400	Lc__Lchi04686	Vv__XP_002284711.1	0	2	0	1
OG0013890	one_gene_each_in_target_3species_from_ref7_Orthogroups	Cm__CmMahoganyH2.01G303800	Lc__Lchi05589	Vv__XP_002285073.1	0	1	0	2
OG0013893	one_gene_each_in_target_3species_from_ref7_Orthogroups	Cm__CmMahoganyH2.01G318500	Lc__Lchi28813	Vv__XP_002268060.1	1	1	0	1
OG0013894	one_gene_each_in_target_3species_from_ref7_Orthogroups	Cm__CmMahoganyH2.01G320600	Lc__Lchi17397	Vv__XP_002264815.2	0	2	0	1
OG0013899	one_gene_each_in_target_3species_from_ref7_Orthogroups	Cm__CmMahoganyH2.01G348300	Lc__Lchi03257	Vv__XP_002270052.1	0	1	1	1
OG0013901	one_gene_each_in_target_3species_from_ref7_Orthogroups	Cm__CmMahoganyH2.01G373800	Lc__Lchi01689	Vv__XP_010657905.1	0	2	0	1
OG0013903	one_gene_each_in_target_3species_from_ref7_Orthogroups	Cm__CmMahoganyH2.02G013200	Lc__Lchi03761	Vv__XP_002282622.1	0	1	0	2
OG0013904	one_gene_each_in_target_3species_from_ref7_Orthogroups	Cm__CmMahoganyH2.02G020700	Lc__Lchi19769	Vv__XP_002277898.2	0	2	0	1
OG0013907	one_gene_each_in_target_3species_from_ref7_Orthogroups	Cm__CmMahoganyH2.02G031400	Lc__Lchi22808	Vv__XP_003631963.1	0	1	1	1
OG0013908	one_gene_each_in_target_3species_from_ref7_Orthogroups	Cm__CmMahoganyH2.02G038300	Lc__Lchi04460	Vv__XP_010649774.1	0	1	2	0
OG0013909	one_gene_each_in_target_3species_from_ref7_Orthogroups	Cm__CmMahoganyH2.02G041800	Lc__Lchi00433	Vv__XP_010649754.1	1	0	1	1
OG0013911	one_gene_each_in_target_3species_from_ref7_Orthogroups	Cm__CmMahoganyH2.02G045000	Lc__Lchi04545	Vv__XP_010649722.1	0	1	0	2
OG0013912	one_gene_each_in_target_3species_from_ref7_Orthogroups	Cm__CmMahoganyH2.02G058800	Lc__Lchi00211	Vv__XP_010649525.1	0	1	1	1
OG0013916	one_gene_each_in_target_3species_from_ref7_Orthogroups	Cm__CmMahoganyH2.02G089400	Lc__Lchi15248	Vv__XP_002285403.3	0	1	0	2
OG0013919	one_gene_each_in_target_3species_from_ref7_Orthogroups	Cm__CmMahoganyH2.02G107100	Lc__Lchi02557	Vv__XP_002268156.2	1	1	0	1
OG0013920	one_gene_each_in_target_3species_from_ref7_Orthogroups	Cm__CmMahoganyH2.02G110500	Lc__Lchi01802	Vv__XP_002274417.2	0	1	1	1
OG0013921	one_gene_each_in_target_3species_from_ref7_Orthogroups	Cm__CmMahoganyH2.02G119700	Lc__Lchi04979	Vv__XP_002267245.1	0	1	1	1
OG0013923	one_gene_each_in_target_3species_from_ref7_Orthogroups	Cm__CmMahoganyH2.02G127300	Lc__Lchi14209	Vv__XP_002269473.1	1	1	1	0
OG0013926	one_gene_each_in_target_3species_from_ref7_Orthogroups	Cm__CmMahoganyH2.02G141200	Lc__Lchi18240	Vv__XP_002272055.2	2	1	0	0
OG0013927	one_gene_each_in_target_3species_from_ref7_Orthogroups	Cm__CmMahoganyH2.02G152600	Lc__Lchi14941	Vv__XP_002267703.1	0	1	0	2
OG0013928	one_gene_each_in_target_3species_from_ref7_Orthogroups	Cm__CmMahoganyH2.02G154500	Lc__Lchi20818	Vv__XP_002284127.1	0	1	0	2
OG0013930	one_gene_each_in_target_3species_from_ref7_Orthogroups	Cm__CmMahoganyH2.02G170300	Lc__Lchi13936	Vv__XP_019076403.1	1	1	0	1
OG0013935	one_gene_each_in_target_3species_from_ref7_Orthogroups	Cm__CmMahoganyH2.02G185000	Lc__Lchi19757	Vv__XP_002266026.1	0	2	0	1
OG0013936	one_gene_each_in_target_3species_from_ref7_Orthogroups	Cm__CmMahoganyH2.02G209800	Lc__Lchi11217	Vv__XP_002263471.1	0	2	0	1
OG0013940	one_gene_each_in_target_3species_from_ref7_Orthogroups	Cm__CmMahoganyH2.02G216000	Lc__Lchi31076	Vv__XP_002272512.1	0	2	0	1
OG0013944	one_gene_each_in_target_3species_from_ref7_Orthogroups	Cm__CmMahoganyH2.03G022300	Lc__Lchi00122	Vv__XP_002281395.1	0	1	1	1
OG0013946	one_gene_each_in_target_3species_from_ref7_Orthogroups	Cm__CmMahoganyH2.03G037500	Lc__Lchi00422	Vv__XP_010659616.1	0	1	1	1
OG0013948	one_gene_each_in_target_3species_from_ref7_Orthogroups	Cm__CmMahoganyH2.03G050900	Lc__Lchi14502	Vv__XP_002264214.1	0	2	0	1
OG0013950	one_gene_each_in_target_3species_from_ref7_Orthogroups	Cm__CmMahoganyH2.03G066600	Lc__Lchi13361	Vv__XP_002264422.1	1	0	1	1
OG0013952	one_gene_each_in_target_3species_from_ref7_Orthogroups	Cm__CmMahoganyH2.03G081200	Lc__Lchi23739	Vv__XP_002284679.3	0	2	0	1
OG0013953	one_gene_each_in_target_3species_from_ref7_Orthogroups	Cm__CmMahoganyH2.03G085500	Lc__Lchi05828	Vv__XP_010651782.1	0	1	1	1
OG0013956	one_gene_each_in_target_3species_from_ref7_Orthogroups	Cm__CmMahoganyH2.03G101000	Lc__Lchi15552	Vv__XP_002273118.1	0	0	0	3
OG0013959	one_gene_each_in_target_3species_from_ref7_Orthogroups	Cm__CmMahoganyH2.03G105500	Lc__Lchi05680	Vv__XP_010648221.1	0	1	1	1
OG0013961	one_gene_each_in_target_3species_from_ref7_Orthogroups	Cm__CmMahoganyH2.03G119000	Lc__Lchi16470	Vv__XP_002265828.1	0	1	1	1
OG0013962	one_gene_each_in_target_3species_from_ref7_Orthogroups	Cm__CmMahoganyH2.03G123000	Lc__Lchi02543	Vv__XP_010655886.1	1	1	0	1
OG0013964	one_gene_each_in_target_3species_from_ref7_Orthogroups	Cm__CmMahoganyH2.03G154800	Lc__Lchi24473	Vv__XP_002265190.1	0	1	1	1
OG0013965	one_gene_each_in_target_3species_from_ref7_Orthogroups	Cm__CmMahoganyH2.03G157400	Lc__Lchi23341	Vv__XP_010653091.1	0	1	1	1
OG0013968	one_gene_each_in_target_3species_from_ref7_Orthogroups	Cm__CmMahoganyH2.03G167900	Lc__Lchi14907	Vv__XP_002270049.1	0	1	0	2
OG0013970	one_gene_each_in_target_3species_from_ref7_Orthogroups	Cm__CmMahoganyH2.03G174500	Lc__Lchi02900	Vv__XP_002269694.1	0	1	0	2
OG0013973	one_gene_each_in_target_3species_from_ref7_Orthogroups	Cm__CmMahoganyH2.04G002100	Lc__Lchi09972	Vv__XP_010650758.1	0	1	0	2
OG0013974	one_gene_each_in_target_3species_from_ref7_Orthogroups	Cm__CmMahoganyH2.04G014800	Lc__Lchi10065	Vv__XP_002277983.1	0	2	0	1
OG0013976	one_gene_each_in_target_3species_from_ref7_Orthogroups	Cm__CmMahoganyH2.04G019200	Lc__Lchi16103	Vv__XP_002273955.1	0	1	1	1
OG0013979	one_gene_each_in_target_3species_from_ref7_Orthogroups	Cm__CmMahoganyH2.04G040100	Lc__Lchi26316	Vv__XP_010650421.1	0	1	1	1
OG0013981	one_gene_each_in_target_3species_from_ref7_Orthogroups	Cm__CmMahoganyH2.04G043500	Lc__Lchi04572	Vv__XP_010646090.1	1	1	0	1
OG0013982	one_gene_each_in_target_3species_from_ref7_Orthogroups	Cm__CmMahoganyH2.04G044600	Lc__Lchi02073	Vv__XP_002264325.1	0	1	1	1
OG0013984	one_gene_each_in_target_3species_from_ref7_Orthogroups	Cm__CmMahoganyH2.04G066100	Lc__Lchi19593	Vv__XP_002285098.1	0	2	0	1
OG0013985	one_gene_each_in_target_3species_from_ref7_Orthogroups	Cm__CmMahoganyH2.04G066700	Lc__Lchi00352	Vv__XP_003632919.1	0	1	1	1
OG0013986	one_gene_each_in_target_3species_from_ref7_Orthogroups	Cm__CmMahoganyH2.04G067100	Lc__Lchi25396	Vv__XP_019075067.1	0	3	0	0
OG0013987	one_gene_each_in_target_3species_from_ref7_Orthogroups	Cm__CmMahoganyH2.04G075900	Lc__Lchi23754	Vv__XP_010663641.1	1	1	1	0
OG0013990	one_gene_each_in_target_3species_from_ref7_Orthogroups	Cm__CmMahoganyH2.04G087400	Lc__Lchi21268	Vv__XP_002273557.1	0	1	1	1
OG0013991	one_gene_each_in_target_3species_from_ref7_Orthogroups	Cm__CmMahoganyH2.04G099500	Lc__Lchi10919	Vv__XP_002284280.2	0	1	1	1
OG0013993	one_gene_each_in_target_3species_from_ref7_Orthogroups	Cm__CmMahoganyH2.04G108400	Lc__Lchi02889	Vv__XP_002284877.1	0	1	1	1
OG0013994	one_gene_each_in_target_3species_from_ref7_Orthogroups	Cm__CmMahoganyH2.04G109200	Lc__Lchi13209	Vv__XP_002284935.1	0	0	2	1
OG0013995	one_gene_each_in_target_3species_from_ref7_Orthogroups	Cm__CmMahoganyH2.04G135000	Lc__Lchi14364	Vv__XP_002282383.1	0	1	1	1
OG0013996	one_gene_each_in_target_3species_from_ref7_Orthogroups	Cm__CmMahoganyH2.04G135700	Lc__Lchi07526	Vv__XP_002282273.2	0	1	1	1
OG0013997	one_gene_each_in_target_3species_from_ref7_Orthogroups	Cm__CmMahoganyH2.04G137900	Lc__Lchi07558	Vv__XP_003634262.1	0	1	0	2
OG0013999	one_gene_each_in_target_3species_from_ref7_Orthogroups	Cm__CmMahoganyH2.04G139600	Lc__Lchi07570	Vv__XP_002278116.1	0	1	1	1
OG0014000	one_gene_each_in_target_3species_from_ref7_Orthogroups	Cm__CmMahoganyH2.04G140800	Lc__Lchi21318	Vv__XP_010663101.1	0	2	0	1
OG0014001	one_gene_each_in_target_3species_from_ref7_Orthogroups	Cm__CmMahoganyH2.04G147700	Lc__Lchi21615	Vv__XP_002278192.3	0	2	0	1
OG0014002	one_gene_each_in_target_3species_from_ref7_Orthogroups	Cm__CmMahoganyH2.04G161100	Lc__Lchi20376	Vv__XP_002283817.1	1	1	0	1
OG0014008	one_gene_each_in_target_3species_from_ref7_Orthogroups	Cm__CmMahoganyH2.05G018500	Lc__Lchi19650	Vv__XP_003632796.1	0	2	0	1
OG0014009	one_gene_each_in_target_3species_from_ref7_Orthogroups	Cm__CmMahoganyH2.05G035700	Lc__Lchi00825	Vv__XP_002276511.3	1	0	1	1
OG0014010	one_gene_each_in_target_3species_from_ref7_Orthogroups	Cm__CmMahoganyH2.05G048700	Lc__Lchi08871	Vv__XP_002279072.1	0	1	1	1
OG0014011	one_gene_each_in_target_3species_from_ref7_Orthogroups	Cm__CmMahoganyH2.05G050200	Lc__Lchi00992	Vv__XP_002284502.1	0	1	0	2
OG0014013	one_gene_each_in_target_3species_from_ref7_Orthogroups	Cm__CmMahoganyH2.05G071400	Lc__Lchi19140	Vv__XP_002265327.1	1	0	1	1
OG0014014	one_gene_each_in_target_3species_from_ref7_Orthogroups	Cm__CmMahoganyH2.05G078600	Lc__Lchi09270	Vv__XP_002271967.2	0	1	1	1
OG0014015	one_gene_each_in_target_3species_from_ref7_Orthogroups	Cm__CmMahoganyH2.05G079300	Lc__Lchi03816	Vv__XP_019077762.1	0	1	1	1
OG0014016	one_gene_each_in_target_3species_from_ref7_Orthogroups	Cm__CmMahoganyH2.05G080500	Lc__Lchi09592	Vv__XP_002264393.2	1	1	0	1
OG0014018	one_gene_each_in_target_3species_from_ref7_Orthogroups	Cm__CmMahoganyH2.05G096900	Lc__Lchi09908	Vv__XP_002273121.1	0	2	0	1
OG0014019	one_gene_each_in_target_3species_from_ref7_Orthogroups	Cm__CmMahoganyH2.05G101300	Lc__Lchi26267	Vv__XP_002274637.3	0	1	1	1
OG0014020	one_gene_each_in_target_3species_from_ref7_Orthogroups	Cm__CmMahoganyH2.05G109700	Lc__Lchi31922	Vv__XP_002265546.1	1	1	1	0
OG0014023	one_gene_each_in_target_3species_from_ref7_Orthogroups	Cm__CmMahoganyH2.05G120000	Lc__Lchi09202	Vv__XP_002273992.1	0	2	0	1
OG0014024	one_gene_each_in_target_3species_from_ref7_Orthogroups	Cm__CmMahoganyH2.05G122700	Lc__Lchi06987	Vv__XP_002275908.1	0	1	1	1
OG0014025	one_gene_each_in_target_3species_from_ref7_Orthogroups	Cm__CmMahoganyH2.05G124700	Lc__Lchi07003	Vv__XP_002269426.2	0	1	1	1
OG0014029	one_gene_each_in_target_3species_from_ref7_Orthogroups	Cm__CmMahoganyH2.05G137700	Lc__Lchi32270	Vv__XP_010655746.1	0	2	0	1
OG0014031	one_gene_each_in_target_3species_from_ref7_Orthogroups	Cm__CmMahoganyH2.05G143200	Lc__Lchi28391	Vv__XP_010655768.1	0	1	0	2
OG0014033	one_gene_each_in_target_3species_from_ref7_Orthogroups	Cm__CmMahoganyH2.05G158500	Lc__Lchi12404	Vv__XP_003635380.1	0	1	1	1
OG0014035	one_gene_each_in_target_3species_from_ref7_Orthogroups	Cm__CmMahoganyH2.05G163000	Lc__Lchi07104	Vv__XP_002264133.2	0	1	0	2
OG0014037	one_gene_each_in_target_3species_from_ref7_Orthogroups	Cm__CmMahoganyH2.05G168200	Lc__Lchi10886	Vv__XP_002267221.2	0	1	1	1
OG0014038	one_gene_each_in_target_3species_from_ref7_Orthogroups	Cm__CmMahoganyH2.05G176300	Lc__Lchi24763	Vv__XP_002266891.1	0	1	1	1
OG0014040	one_gene_each_in_target_3species_from_ref7_Orthogroups	Cm__CmMahoganyH2.05G176700	Lc__Lchi24743	Vv__XP_002271379.3	0	1	1	1
OG0014042	one_gene_each_in_target_3species_from_ref7_Orthogroups	Cm__CmMahoganyH2.05G181600	Lc__Lchi28060	Vv__XP_002265032.1	0	1	0	2
OG0014044	one_gene_each_in_target_3species_from_ref7_Orthogroups	Cm__CmMahoganyH2.05G193000	Lc__Lchi23219	Vv__XP_010646880.1	0	1	0	2
OG0014046	one_gene_each_in_target_3species_from_ref7_Orthogroups	Cm__CmMahoganyH2.05G205400	Lc__Lchi03624	Vv__XP_002273313.1	0	2	0	1
OG0014047	one_gene_each_in_target_3species_from_ref7_Orthogroups	Cm__CmMahoganyH2.06G003500	Lc__Lchi16886	Vv__XP_002268897.1	1	1	0	1
OG0014049	one_gene_each_in_target_3species_from_ref7_Orthogroups	Cm__CmMahoganyH2.06G013900	Lc__Lchi18872	Vv__XP_002267354.1	0	2	0	1
OG0014050	one_gene_each_in_target_3species_from_ref7_Orthogroups	Cm__CmMahoganyH2.06G018200	Lc__Lchi30255	Vv__XP_002267869.1	0	1	1	1
OG0014053	one_gene_each_in_target_3species_from_ref7_Orthogroups	Cm__CmMahoganyH2.06G063900	Lc__Lchi22184	Vv__NP_001304059.1	1	1	0	1
OG0014056	one_gene_each_in_target_3species_from_ref7_Orthogroups	Cm__CmMahoganyH2.06G083600	Lc__Lchi07161	Vv__XP_002270802.2	1	1	1	0
OG0014057	one_gene_each_in_target_3species_from_ref7_Orthogroups	Cm__CmMahoganyH2.06G086100	Lc__Lchi07121	Vv__XP_002267502.4	0	2	0	1
OG0014060	one_gene_each_in_target_3species_from_ref7_Orthogroups	Cm__CmMahoganyH2.06G099800	Lc__Lchi26443	Vv__XP_002281003.2	0	1	1	1
OG0014069	one_gene_each_in_target_3species_from_ref7_Orthogroups	Cm__CmMahoganyH2.06G134300	Lc__Lchi07434	Vv__XP_002274265.1	0	1	2	0
OG0014072	one_gene_each_in_target_3species_from_ref7_Orthogroups	Cm__CmMahoganyH2.06G163400	Lc__Lchi18958	Vv__XP_002278609.1	0	1	1	1
OG0014074	one_gene_each_in_target_3species_from_ref7_Orthogroups	Cm__CmMahoganyH2.06G170500	Lc__Lchi23415	Vv__NP_001267992.1	0	1	1	1
OG0014077	one_gene_each_in_target_3species_from_ref7_Orthogroups	Cm__CmMahoganyH2.06G178100	Lc__Lchi29973	Vv__XP_002277030.1	1	1	0	1
OG0014078	one_gene_each_in_target_3species_from_ref7_Orthogroups	Cm__CmMahoganyH2.06G180000	Lc__Lchi30882	Vv__XP_002274556.1	1	1	1	0
OG0014080	one_gene_each_in_target_3species_from_ref7_Orthogroups	Cm__CmMahoganyH2.06G182700	Lc__Lchi05395	Vv__XP_002273502.1	0	1	0	2
OG0014092	one_gene_each_in_target_3species_from_ref7_Orthogroups	Cm__CmMahoganyH2.07G032200	Lc__Lchi10783	Vv__XP_002269243.1	0	1	1	1
OG0014096	one_gene_each_in_target_3species_from_ref7_Orthogroups	Cm__CmMahoganyH2.07G059800	Lc__Lchi14552	Vv__XP_002263201.1	1	1	0	1
OG0014097	one_gene_each_in_target_3species_from_ref7_Orthogroups	Cm__CmMahoganyH2.07G073200	Lc__Lchi13031	Vv__XP_002270826.2	0	1	1	1
OG0014098	one_gene_each_in_target_3species_from_ref7_Orthogroups	Cm__CmMahoganyH2.07G073400	Lc__Lchi13043	Vv__XP_010645168.1	0	2	1	0
OG0014103	one_gene_each_in_target_3species_from_ref7_Orthogroups	Cm__CmMahoganyH2.07G100600	Lc__Lchi01931	Vv__XP_010647750.1	0	0	1	2
OG0014104	one_gene_each_in_target_3species_from_ref7_Orthogroups	Cm__CmMahoganyH2.07G102000	Lc__Lchi02229	Vv__XP_002285205.1	0	1	1	1
OG0014105	one_gene_each_in_target_3species_from_ref7_Orthogroups	Cm__CmMahoganyH2.07G112500	Lc__Lchi23639	Vv__XP_002281140.2	1	1	1	0
OG0014106	one_gene_each_in_target_3species_from_ref7_Orthogroups	Cm__CmMahoganyH2.07G116400	Lc__Lchi01146	Vv__XP_019074542.1	0	2	0	1
OG0014111	one_gene_each_in_target_3species_from_ref7_Orthogroups	Cm__CmMahoganyH2.07G137500	Lc__Lchi25697	Vv__XP_002275899.1	0	1	0	2
OG0014112	one_gene_each_in_target_3species_from_ref7_Orthogroups	Cm__CmMahoganyH2.07G141200	Lc__Lchi28064	Vv__XP_010647019.1	0	2	0	1
OG0014114	one_gene_each_in_target_3species_from_ref7_Orthogroups	Cm__CmMahoganyH2.08G006600	Lc__Lchi24219	Vv__XP_002272643.1	0	1	1	1
OG0014115	one_gene_each_in_target_3species_from_ref7_Orthogroups	Cm__CmMahoganyH2.08G020600	Lc__Lchi29088	Vv__XP_002278434.1	1	1	1	0
OG0014118	one_gene_each_in_target_3species_from_ref7_Orthogroups	Cm__CmMahoganyH2.08G026400	Lc__Lchi04345	Vv__XP_002279360.1	0	1	0	2
OG0014120	one_gene_each_in_target_3species_from_ref7_Orthogroups	Cm__CmMahoganyH2.08G031300	Lc__Lchi24080	Vv__XP_002284859.3	0	2	0	1
OG0014125	one_gene_each_in_target_3species_from_ref7_Orthogroups	Cm__CmMahoganyH2.08G054000	Lc__Lchi04203	Vv__XP_002280428.1	0	2	0	1
OG0014126	one_gene_each_in_target_3species_from_ref7_Orthogroups	Cm__CmMahoganyH2.08G065300	Lc__Lchi07651	Vv__XP_002273518.2	0	1	1	1
OG0014131	one_gene_each_in_target_3species_from_ref7_Orthogroups	Cm__CmMahoganyH2.08G076200	Lc__Lchi26050	Vv__XP_002275983.1	0	1	1	1
OG0014133	one_gene_each_in_target_3species_from_ref7_Orthogroups	Cm__CmMahoganyH2.08G089700	Lc__Lchi02170	Vv__XP_002274209.2	0	2	0	1
OG0014134	one_gene_each_in_target_3species_from_ref7_Orthogroups	Cm__CmMahoganyH2.08G103000	Lc__Lchi08088	Vv__XP_002276538.1	0	1	1	1
OG0014135	one_gene_each_in_target_3species_from_ref7_Orthogroups	Cm__CmMahoganyH2.08G104700	Lc__Lchi26088	Vv__XP_002265808.2	1	1	0	1
OG0014136	one_gene_each_in_target_3species_from_ref7_Orthogroups	Cm__CmMahoganyH2.08G105600	Lc__Lchi20591	Vv__XP_002280699.1	1	1	1	0
OG0014138	one_gene_each_in_target_3species_from_ref7_Orthogroups	Cm__CmMahoganyH2.08G117000	Lc__Lchi25528	Vv__XP_002268144.1	0	2	0	1
OG0014139	one_gene_each_in_target_3species_from_ref7_Orthogroups	Cm__CmMahoganyH2.08G118300	Lc__Lchi10581	Vv__XP_002266468.1	0	1	1	1
OG0014143	one_gene_each_in_target_3species_from_ref7_Orthogroups	Cm__CmMahoganyH2.08G128700	Lc__Lchi32347	Vv__XP_010651851.1	1	1	1	0
OG0014144	one_gene_each_in_target_3species_from_ref7_Orthogroups	Cm__CmMahoganyH2.08G131000	Lc__Lchi30815	Vv__XP_010664878.1	0	2	0	1
OG0014145	one_gene_each_in_target_3species_from_ref7_Orthogroups	Cm__CmMahoganyH2.08G133100	Lc__Lchi31441	Vv__XP_002285757.1	1	1	1	0
OG0014146	one_gene_each_in_target_3species_from_ref7_Orthogroups	Cm__CmMahoganyH2.08G145300	Lc__Lchi19209	Vv__XP_010651418.1	1	0	1	1
OG0014148	one_gene_each_in_target_3species_from_ref7_Orthogroups	Cm__CmMahoganyH2.08G154100	Lc__Lchi06868	Vv__XP_002285513.1	1	1	0	1
OG0014149	one_gene_each_in_target_3species_from_ref7_Orthogroups	Cm__CmMahoganyH2.08G157500	Lc__Lchi06114	Vv__XP_003632163.1	1	1	0	1
OG0014150	one_gene_each_in_target_3species_from_ref7_Orthogroups	Cm__CmMahoganyH2.08G159200	Lc__Lchi17246	Vv__XP_002282630.2	0	1	1	1
OG0014151	one_gene_each_in_target_3species_from_ref7_Orthogroups	Cm__CmMahoganyH2.08G160200	Lc__Lchi02392	Vv__XP_002281228.1	1	1	0	1
OG0014152	one_gene_each_in_target_3species_from_ref7_Orthogroups	Cm__CmMahoganyH2.08G165700	Lc__Lchi30406	Vv__XP_002282901.1	1	1	1	0
OG0014154	one_gene_each_in_target_3species_from_ref7_Orthogroups	Cm__CmMahoganyH2.08G173200	Lc__Lchi14402	Vv__XP_002284260.1	0	1	1	1
OG0014157	one_gene_each_in_target_3species_from_ref7_Orthogroups	Cm__CmMahoganyH2.08G177100	Lc__Lchi05646	Vv__XP_003631189.2	0	1	1	1
OG0014158	one_gene_each_in_target_3species_from_ref7_Orthogroups	Cm__CmMahoganyH2.08G181400	Lc__Lchi22017	Vv__XP_010662950.1	0	1	1	1
OG0014161	one_gene_each_in_target_3species_from_ref7_Orthogroups	Cm__CmMahoganyH2.09G013900	Lc__Lchi07356	Vv__XP_002273893.1	0	2	0	1
OG0014162	one_gene_each_in_target_3species_from_ref7_Orthogroups	Cm__CmMahoganyH2.09G046700	Lc__Lchi21541	Vv__XP_002283250.1	0	1	1	1
OG0014166	one_gene_each_in_target_3species_from_ref7_Orthogroups	Cm__CmMahoganyH2.09G065600	Lc__Lchi04258	Vv__XP_003632661.1	1	0	1	1
OG0014169	one_gene_each_in_target_3species_from_ref7_Orthogroups	Cm__CmMahoganyH2.09G091600	Lc__Lchi28210	Vv__XP_002266425.1	0	1	0	2
OG0014171	one_gene_each_in_target_3species_from_ref7_Orthogroups	Cm__CmMahoganyH2.09G096100	Lc__Lchi12829	Vv__XP_002269770.1	0	1	1	1
OG0014172	one_gene_each_in_target_3species_from_ref7_Orthogroups	Cm__CmMahoganyH2.09G104100	Lc__Lchi14878	Vv__XP_002264127.1	0	1	1	1
OG0014180	one_gene_each_in_target_3species_from_ref7_Orthogroups	Cm__CmMahoganyH2.09G132700	Lc__Lchi19930	Vv__XP_002269553.2	0	1	1	1
OG0014183	one_gene_each_in_target_3species_from_ref7_Orthogroups	Cm__CmMahoganyH2.09G149200	Lc__Lchi26083	Vv__XP_002282555.1	1	1	1	0
OG0014186	one_gene_each_in_target_3species_from_ref7_Orthogroups	Cm__CmMahoganyH2.09G158000	Lc__Lchi03309	Vv__XP_010653936.1	0	2	0	1
OG0014189	one_gene_each_in_target_3species_from_ref7_Orthogroups	Cm__CmMahoganyH2.10G017500	Lc__Lchi08463	Vv__XP_002270679.1	0	1	1	1
OG0014191	one_gene_each_in_target_3species_from_ref7_Orthogroups	Cm__CmMahoganyH2.10G023900	Lc__Lchi05966	Vv__XP_002280473.2	1	0	1	1
OG0014192	one_gene_each_in_target_3species_from_ref7_Orthogroups	Cm__CmMahoganyH2.10G025900	Lc__Lchi01360	Vv__XP_010663663.1	0	1	1	1
OG0014197	one_gene_each_in_target_3species_from_ref7_Orthogroups	Cm__CmMahoganyH2.10G042300	Lc__Lchi01452	Vv__XP_019073752.1	0	1	1	1
OG0014207	one_gene_each_in_target_3species_from_ref7_Orthogroups	Cm__CmMahoganyH2.10G083300	Lc__Lchi07893	Vv__XP_002271002.1	1	1	0	1
OG0014209	one_gene_each_in_target_3species_from_ref7_Orthogroups	Cm__CmMahoganyH2.10G087800	Lc__Lchi00478	Vv__XP_002268490.1	0	1	0	2
OG0014210	one_gene_each_in_target_3species_from_ref7_Orthogroups	Cm__CmMahoganyH2.10G089100	Lc__Lchi04479	Vv__XP_002267360.1	0	1	1	1
OG0014212	one_gene_each_in_target_3species_from_ref7_Orthogroups	Cm__CmMahoganyH2.10G090900	Lc__Lchi10748	Vv__XP_002280771.2	1	0	1	1
OG0014218	one_gene_each_in_target_3species_from_ref7_Orthogroups	Cm__CmMahoganyH2.10G104700	Lc__Lchi30687	Vv__XP_003632400.1	0	2	0	1
OG0014219	one_gene_each_in_target_3species_from_ref7_Orthogroups	Cm__CmMahoganyH2.10G104900	Lc__Lchi19901	Vv__XP_002269552.3	0	1	0	2
OG0014220	one_gene_each_in_target_3species_from_ref7_Orthogroups	Cm__CmMahoganyH2.10G107300	Lc__Lchi04570	Vv__XP_002267786.1	0	1	0	2
OG0014228	one_gene_each_in_target_3species_from_ref7_Orthogroups	Cm__CmMahoganyH2.10G144000	Lc__Lchi03065	Vv__XP_002284185.1	0	1	1	1
OG0014231	one_gene_each_in_target_3species_from_ref7_Orthogroups	Cm__CmMahoganyH2.10G155400	Lc__Lchi14999	Vv__XP_002285395.1	1	1	1	0
OG0014233	one_gene_each_in_target_3species_from_ref7_Orthogroups	Cm__CmMahoganyH2.10G165800	Lc__Lchi18258	Vv__XP_002285581.1	0	1	1	1
OG0014236	one_gene_each_in_target_3species_from_ref7_Orthogroups	Cm__CmMahoganyH2.11G049700	Lc__Lchi28437	Vv__XP_002267469.2	1	1	0	1
OG0014238	one_gene_each_in_target_3species_from_ref7_Orthogroups	Cm__CmMahoganyH2.11G081100	Lc__Lchi24414	Vv__XP_002273342.1	1	1	0	1
OG0014239	one_gene_each_in_target_3species_from_ref7_Orthogroups	Cm__CmMahoganyH2.11G103200	Lc__Lchi11052	Vv__XP_002262646.1	0	1	1	1
OG0014246	one_gene_each_in_target_3species_from_ref7_Orthogroups	Cm__CmMahoganyH2.11G160100	Lc__Lchi23068	Vv__XP_002268521.1	1	1	0	1
OG0014250	one_gene_each_in_target_3species_from_ref7_Orthogroups	Cm__CmMahoganyH2.11G169100	Lc__Lchi12062	Vv__XP_002276894.1	0	2	0	1
OG0014251	one_gene_each_in_target_3species_from_ref7_Orthogroups	Cm__CmMahoganyH2.11G169800	Lc__Lchi12069	Vv__XP_010659531.1	1	1	1	0
OG0014253	one_gene_each_in_target_3species_from_ref7_Orthogroups	Cm__CmMahoganyH2.11G192000	Lc__Lchi11288	Vv__XP_002271554.1	1	1	1	0
OG0014254	one_gene_each_in_target_3species_from_ref7_Orthogroups	Cm__CmMahoganyH2.11G192100	Lc__Lchi03351	Vv__XP_002267950.1	0	1	1	1
OG0014256	one_gene_each_in_target_3species_from_ref7_Orthogroups	Cm__CmMahoganyH2.12G018300	Lc__Lchi02132	Vv__XP_002272533.1	1	1	0	1
OG0014258	one_gene_each_in_target_3species_from_ref7_Orthogroups	Cm__CmMahoganyH2.12G020800	Lc__Lchi01486	Vv__XP_002267934.1	1	1	0	1
OG0014259	one_gene_each_in_target_3species_from_ref7_Orthogroups	Cm__CmMahoganyH2.12G033500	Lc__Lchi11876	Vv__XP_019081728.1	1	1	1	0
OG0014261	one_gene_each_in_target_3species_from_ref7_Orthogroups	Cm__CmMahoganyH2.12G050100	Lc__Lchi05251	Vv__XP_002274427.1	0	2	0	1
OG0014262	one_gene_each_in_target_3species_from_ref7_Orthogroups	Cm__CmMahoganyH2.12G055000	Lc__Lchi17878	Vv__XP_002272471.1	0	1	0	2
OG0014263	one_gene_each_in_target_3species_from_ref7_Orthogroups	Cm__CmMahoganyH2.12G057300	Lc__Lchi15199	Vv__XP_002269597.1	0	2	0	1
OG0014265	one_gene_each_in_target_3species_from_ref7_Orthogroups	Cm__CmMahoganyH2.12G076700	Lc__Lchi27832	Vv__XP_002283809.1	1	0	1	1
OG0014266	one_gene_each_in_target_3species_from_ref7_Orthogroups	Cm__CmMahoganyH2.12G080300	Lc__Lchi00110	Vv__XP_002285630.1	1	1	0	1
OG0014268	one_gene_each_in_target_3species_from_ref7_Orthogroups	Cm__CmMahoganyH2.12G091200	Lc__Lchi05971	Vv__XP_002272028.2	1	1	0	1
OG0014269	one_gene_each_in_target_3species_from_ref7_Orthogroups	Cm__CmMahoganyH2.12G094600	Lc__Lchi00008	Vv__XP_002272257.1	0	0	1	2
OG0014273	one_gene_each_in_target_3species_from_ref7_Orthogroups	Cm__CmMahoganyH2.12G112600	Lc__Lchi02060	Vv__XP_002284680.1	0	2	0	1
OG0014274	one_gene_each_in_target_3species_from_ref7_Orthogroups	Cm__CmMahoganyH2.12G113700	Lc__Lchi01748	Vv__XP_002285884.1	1	1	0	1
OG0014277	one_gene_each_in_target_3species_from_ref7_Orthogroups	Cm__CmMahoganyH2.12G127700	Lc__Lchi02166	Vv__XP_002285833.1	0	1	1	1
OG0014279	one_gene_each_in_target_3species_from_ref7_Orthogroups	Cm__CmMahoganyH2.12G150700	Lc__Lchi29956	Vv__XP_002264856.1	1	0	1	1
OG0014280	one_gene_each_in_target_3species_from_ref7_Orthogroups	Cm__CmMahoganyH2.12G152200	Lc__Lchi26126	Vv__XP_019074317.1	1	1	0	1
OG0014281	one_gene_each_in_target_3species_from_ref7_Orthogroups	Cm__CmMahoganyH2.12G159900	Lc__Lchi22157	Vv__XP_019073078.1	1	1	1	0
OG0014582	one_gene_each_in_target_3species_from_ref7_Orthogroups	Cm__CmMahoganyH2.06G216400	Lc__Lchi15627	Vv__XP_019081129.1	1	0	0	1
OG0014583	one_gene_each_in_target_3species_from_ref7_Orthogroups	Cm__CmMahoganyH2.05G106900	Lc__Lchi03957	Vv__XP_010655542.1	0	1	1	0
OG0014589	one_gene_each_in_target_3species_from_ref7_Orthogroups	Cm__CmMahoganyH2.06G099900	Lc__Lchi16556	Vv__XP_010657333.1	0	1	0	1
OG0014590	one_gene_each_in_target_3species_from_ref7_Orthogroups	Cm__CmMahoganyH2.06G101500	Lc__Lchi16372	Vv__XP_002276196.1	0	1	0	1
OG0014601	one_gene_each_in_target_3species_from_ref7_Orthogroups	Cm__CmMahoganyH2.01G361700	Lc__Lchi01575	Vv__XP_002263291.2	0	1	0	1
OG0014613	one_gene_each_in_target_3species_from_ref7_Orthogroups	Cm__CmMahoganyH2.04G041200	Lc__Lchi11435	Vv__XP_003632058.1	0	0	1	1
OG0014622	one_gene_each_in_target_3species_from_ref7_Orthogroups	Cm__CmMahoganyH2.10G069800	Lc__Lchi00209	Vv__XP_010652247.1	0	1	0	1
OG0014625	one_gene_each_in_target_3species_from_ref7_Orthogroups	Cm__CmMahoganyH2.01G014100	Lc__Lchi09686	Vv__XP_002285736.1	0	1	0	1
OG0014626	one_gene_each_in_target_3species_from_ref7_Orthogroups	Cm__CmMahoganyH2.06G198000	Lc__Lchi04873	Vv__XP_002279679.1	0	2	0	0
OG0014646	one_gene_each_in_target_3species_from_ref7_Orthogroups	Cm__CmMahoganyH2.07G005300	Lc__Lchi02731	Vv__XP_002278292.1	0	1	0	1
OG0014650	one_gene_each_in_target_3species_from_ref7_Orthogroups	Cm__CmMahoganyH2.12G145300	Lc__Lchi29580	Vv__XP_002268191.1	0	1	0	1
OG0014683	one_gene_each_in_target_3species_from_ref7_Orthogroups	Cm__CmMahoganyH2.11G096600	Lc__Lchi10565	Vv__XP_002264332.1	0	1	1	0
OG0014688	one_gene_each_in_target_3species_from_ref7_Orthogroups	Cm__CmMahoganyH2.09G133600	Lc__Lchi19983	Vv__XP_002270685.2	0	1	0	1
OG0014706	one_gene_each_in_target_3species_from_ref7_Orthogroups	Cm__CmMahoganyH2.01G293900	Lc__Lchi08816	Vv__XP_010656326.1	0	1	0	1
OG0014707	one_gene_each_in_target_3species_from_ref7_Orthogroups	Cm__CmMahoganyH2.09G043900	Lc__Lchi29434	Vv__XP_002277536.1	0	1	0	1
OG0014708	one_gene_each_in_target_3species_from_ref7_Orthogroups	Cm__CmMahoganyH2.05G168400	Lc__Lchi10854	Vv__XP_002267170.2	0	1	0	1
OG0014713	one_gene_each_in_target_3species_from_ref7_Orthogroups	Cm__CmMahoganyH2.06G215100	Lc__Lchi27468	Vv__XP_002275348.1	0	1	0	1
OG0014715	one_gene_each_in_target_3species_from_ref7_Orthogroups	Cm__CmMahoganyH2.07G144100	Lc__Lchi11710	Vv__XP_002278689.1	0	1	1	0
OG0014728	one_gene_each_in_target_3species_from_ref7_Orthogroups	Cm__CmMahoganyH2.08G121600	Lc__Lchi10511	Vv__XP_002277045.1	0	1	0	1
OG0014730	one_gene_each_in_target_3species_from_ref7_Orthogroups	Cm__CmMahoganyH2.08G016100	Lc__Lchi16292	Vv__XP_003631219.1	0	1	1	0
OG0014733	one_gene_each_in_target_3species_from_ref7_Orthogroups	Cm__CmMahoganyH2.12G125000	Lc__Lchi01902	Vv__XP_002284426.2	1	1	0	0
OG0014737	one_gene_each_in_target_3species_from_ref7_Orthogroups	Cm__CmMahoganyH2.03G085900	Lc__Lchi31057	Vv__XP_002284919.1	0	1	0	1
OG0014738	one_gene_each_in_target_3species_from_ref7_Orthogroups	Cm__CmMahoganyH2.01G324400	Lc__Lchi03845	Vv__XP_010656580.1	1	1	0	0
OG0014739	one_gene_each_in_target_3species_from_ref7_Orthogroups	Cm__CmMahoganyH2.09G127900	Lc__Lchi24645	Vv__XP_002281952.1	0	1	0	1
OG0014744	one_gene_each_in_target_3species_from_ref7_Orthogroups	Cm__CmMahoganyH2.10G093300	Lc__Lchi05095	Vv__XP_010660175.1	0	1	1	0
OG0014751	one_gene_each_in_target_3species_from_ref7_Orthogroups	Cm__CmMahoganyH2.08G124300	Lc__Lchi22437	Vv__XP_010651876.1	0	1	1	0
OG0014770	one_gene_each_in_target_3species_from_ref7_Orthogroups	Cm__CmMahoganyH2.09G089700	Lc__Lchi07342	Vv__XP_002267833.2	0	1	0	1
OG0014771	one_gene_each_in_target_3species_from_ref7_Orthogroups	Cm__CmMahoganyH2.09G091900	Lc__Lchi07297	Vv__XP_002269960.2	1	1	0	0
OG0014782	one_gene_each_in_target_3species_from_ref7_Orthogroups	Cm__CmMahoganyH2.01G101000	Lc__Lchi31754	Vv__XP_002282953.2	0	0	1	1
OG0014788	one_gene_each_in_target_3species_from_ref7_Orthogroups	Cm__CmMahoganyH2.10G049200	Lc__Lchi24379	Vv__XP_010646818.1	1	1	0	0
OG0014789	one_gene_each_in_target_3species_from_ref7_Orthogroups	Cm__CmMahoganyH2.08G093000	Lc__Lchi18309	Vv__XP_010651843.1	0	1	1	0
OG0014806	one_gene_each_in_target_3species_from_ref7_Orthogroups	Cm__CmMahoganyH2.10G104000	Lc__Lchi20771	Vv__XP_002269885.1	1	1	0	0
OG0014847	one_gene_each_in_target_3species_from_ref7_Orthogroups	Cm__CmMahoganyH2.06G133000	Lc__Lchi07398	Vv__XP_002274357.1	1	0	1	0
OG0014856	one_gene_each_in_target_3species_from_ref7_Orthogroups	Cm__CmMahoganyH2.04G078600	Lc__Lchi29803	Vv__XP_019082109.1	0	1	1	0
OG0014870	one_gene_each_in_target_3species_from_ref7_Orthogroups	Cm__CmMahoganyH2.01G008900	Lc__Lchi03500	Vv__XP_002277290.1	0	1	1	0
OG0014874	one_gene_each_in_target_3species_from_ref7_Orthogroups	Cm__CmMahoganyH2.09G075900	Lc__Lchi18418	Vv__XP_010653308.1	0	1	1	0
OG0014888	one_gene_each_in_target_3species_from_ref7_Orthogroups	Cm__CmMahoganyH2.08G060700	Lc__Lchi15879	Vv__XP_002280988.1	1	1	0	0
OG0014897	one_gene_each_in_target_3species_from_ref7_Orthogroups	Cm__CmMahoganyH2.06G182200	Lc__Lchi05388	Vv__XP_002274159.1	1	1	0	0
OG0014903	one_gene_each_in_target_3species_from_ref7_Orthogroups	Cm__CmMahoganyH2.11G167900	Lc__Lchi25043	Vv__XP_002274669.1	0	1	1	0
OG0014922	one_gene_each_in_target_3species_from_ref7_Orthogroups	Cm__CmMahoganyH2.07G090200	Lc__Lchi16001	Vv__XP_002271502.1	0	0	1	1
OG0014923	one_gene_each_in_target_3species_from_ref7_Orthogroups	Cm__CmMahoganyH2.05G113500	Lc__Lchi18044	Vv__XP_019078049.1	1	0	1	0
OG0014930	one_gene_each_in_target_3species_from_ref7_Orthogroups	Cm__CmMahoganyH2.04G153400	Lc__Lchi31356	Vv__XP_002279352.1	0	1	0	1
OG0014933	one_gene_each_in_target_3species_from_ref7_Orthogroups	Cm__CmMahoganyH2.06G010500	Lc__Lchi25736	Vv__XP_002263794.1	0	0	1	1
OG0014942	one_gene_each_in_target_3species_from_ref7_Orthogroups	Cm__CmMahoganyH2.11G072600	Lc__Lchi15809	Vv__XP_002276073.1	0	1	0	1
OG0014946	one_gene_each_in_target_3species_from_ref7_Orthogroups	Cm__CmMahoganyH2.02G019300	Lc__Lchi00627	Vv__XP_002281882.1	0	0	1	1
OG0014949	one_gene_each_in_target_3species_from_ref7_Orthogroups	Cm__CmMahoganyH2.01G187100	Lc__Lchi15702	Vv__XP_002283479.1	0	0	1	1
OG0014967	one_gene_each_in_target_3species_from_ref7_Orthogroups	Cm__CmMahoganyH2.07G084100	Lc__Lchi26501	Vv__XP_002275591.2	0	0	1	1
OG0014969	one_gene_each_in_target_3species_from_ref7_Orthogroups	Cm__CmMahoganyH2.08G065600	Lc__Lchi07634	Vv__XP_002277781.1	0	1	1	0
OG0014975	one_gene_each_in_target_3species_from_ref7_Orthogroups	Cm__CmMahoganyH2.01G014300	Lc__Lchi25592	Vv__XP_002266823.2	0	1	0	1
OG0014977	one_gene_each_in_target_3species_from_ref7_Orthogroups	Cm__CmMahoganyH2.01G027400	Lc__Lchi01934	Vv__XP_002284724.1	0	1	0	1
OG0014979	one_gene_each_in_target_3species_from_ref7_Orthogroups	Cm__CmMahoganyH2.01G058700	Lc__Lchi16211	Vv__XP_002277626.1	0	1	0	1
OG0014980	one_gene_each_in_target_3species_from_ref7_Orthogroups	Cm__CmMahoganyH2.01G081000	Lc__Lchi06260	Vv__XP_010663998.1	0	1	0	1
OG0014984	one_gene_each_in_target_3species_from_ref7_Orthogroups	Cm__CmMahoganyH2.01G124700	Lc__Lchi15612	Vv__XP_002277461.1	0	1	0	1
OG0014985	one_gene_each_in_target_3species_from_ref7_Orthogroups	Cm__CmMahoganyH2.01G134200	Lc__Lchi06479	Vv__XP_002272937.2	0	1	1	0
OG0014987	one_gene_each_in_target_3species_from_ref7_Orthogroups	Cm__CmMahoganyH2.01G150200	Lc__Lchi22143	Vv__XP_002272759.1	0	1	0	1
OG0014988	one_gene_each_in_target_3species_from_ref7_Orthogroups	Cm__CmMahoganyH2.01G173400	Lc__Lchi08940	Vv__XP_002283815.1	0	1	0	1
OG0014990	one_gene_each_in_target_3species_from_ref7_Orthogroups	Cm__CmMahoganyH2.01G183900	Lc__Lchi21808	Vv__XP_010660406.1	0	2	0	0
OG0014991	one_gene_each_in_target_3species_from_ref7_Orthogroups	Cm__CmMahoganyH2.01G192700	Lc__Lchi05477	Vv__XP_002278218.1	0	1	0	1
OG0014996	one_gene_each_in_target_3species_from_ref7_Orthogroups	Cm__CmMahoganyH2.01G202400	Lc__Lchi25415	Vv__XP_002263620.2	0	1	0	1
OG0014998	one_gene_each_in_target_3species_from_ref7_Orthogroups	Cm__CmMahoganyH2.01G208700	Lc__Lchi24859	Vv__XP_002280579.1	0	1	0	1
OG0015000	one_gene_each_in_target_3species_from_ref7_Orthogroups	Cm__CmMahoganyH2.01G222900	Lc__Lchi22291	Vv__XP_002270003.1	0	1	0	1
OG0015003	one_gene_each_in_target_3species_from_ref7_Orthogroups	Cm__CmMahoganyH2.01G234000	Lc__Lchi11798	Vv__XP_010660640.1	0	1	0	1
OG0015006	one_gene_each_in_target_3species_from_ref7_Orthogroups	Cm__CmMahoganyH2.01G242700	Lc__Lchi02461	Vv__XP_002274834.2	1	1	0	0
OG0015010	one_gene_each_in_target_3species_from_ref7_Orthogroups	Cm__CmMahoganyH2.01G265500	Lc__Lchi07548	Vv__XP_002273543.1	0	0	1	1
OG0015011	one_gene_each_in_target_3species_from_ref7_Orthogroups	Cm__CmMahoganyH2.01G282400	Lc__Lchi03396	Vv__XP_002276684.1	0	1	0	1
OG0015012	one_gene_each_in_target_3species_from_ref7_Orthogroups	Cm__CmMahoganyH2.01G290900	Lc__Lchi14348	Vv__XP_002283796.2	0	1	0	1
OG0015015	one_gene_each_in_target_3species_from_ref7_Orthogroups	Cm__CmMahoganyH2.01G309000	Lc__Lchi02300	Vv__XP_010649533.1	0	0	1	1
OG0015024	one_gene_each_in_target_3species_from_ref7_Orthogroups	Cm__CmMahoganyH2.02G012800	Lc__Lchi24629	Vv__XP_002278762.1	0	1	0	1
OG0015027	one_gene_each_in_target_3species_from_ref7_Orthogroups	Cm__CmMahoganyH2.02G027500	Lc__Lchi26886	Vv__XP_019075507.1	0	1	0	1
OG0015028	one_gene_each_in_target_3species_from_ref7_Orthogroups	Cm__CmMahoganyH2.02G030400	Lc__Lchi22836	Vv__XP_002279368.2	0	1	0	1
OG0015033	one_gene_each_in_target_3species_from_ref7_Orthogroups	Cm__CmMahoganyH2.02G059800	Lc__Lchi06426	Vv__XP_002272537.1	0	1	0	1
OG0015038	one_gene_each_in_target_3species_from_ref7_Orthogroups	Cm__CmMahoganyH2.02G085800	Lc__Lchi21684	Vv__XP_010650109.1	0	1	0	1
OG0015040	one_gene_each_in_target_3species_from_ref7_Orthogroups	Cm__CmMahoganyH2.02G102800	Lc__Lchi22175	Vv__XP_002266619.1	1	0	1	0
OG0015041	one_gene_each_in_target_3species_from_ref7_Orthogroups	Cm__CmMahoganyH2.02G103300	Lc__Lchi25374	Vv__XP_002265319.2	0	1	0	1
OG0015042	one_gene_each_in_target_3species_from_ref7_Orthogroups	Cm__CmMahoganyH2.02G107300	Lc__Lchi20440	Vv__XP_010650392.1	0	1	0	1
OG0015048	one_gene_each_in_target_3species_from_ref7_Orthogroups	Cm__CmMahoganyH2.02G179500	Lc__Lchi09105	Vv__XP_002266832.3	0	1	0	1
OG0015052	one_gene_each_in_target_3species_from_ref7_Orthogroups	Cm__CmMahoganyH2.02G217200	Lc__Lchi09358	Vv__XP_002273009.1	0	1	1	0
OG0015053	one_gene_each_in_target_3species_from_ref7_Orthogroups	Cm__CmMahoganyH2.03G007700	Lc__Lchi00075	Vv__XP_019080773.1	0	1	0	1
OG0015056	one_gene_each_in_target_3species_from_ref7_Orthogroups	Cm__CmMahoganyH2.03G029800	Lc__Lchi00298	Vv__XP_010659653.1	0	1	0	1
OG0015059	one_gene_each_in_target_3species_from_ref7_Orthogroups	Cm__CmMahoganyH2.03G088600	Lc__Lchi05809	Vv__XP_002281487.1	0	1	0	1
OG0015060	one_gene_each_in_target_3species_from_ref7_Orthogroups	Cm__CmMahoganyH2.03G088800	Lc__Lchi19592	Vv__XP_010649544.1	0	1	0	1
OG0015063	one_gene_each_in_target_3species_from_ref7_Orthogroups	Cm__CmMahoganyH2.03G110900	Lc__Lchi11807	Vv__XP_002278166.1	0	1	0	1
OG0015064	one_gene_each_in_target_3species_from_ref7_Orthogroups	Cm__CmMahoganyH2.03G122500	Lc__Lchi22557	Vv__XP_002277578.1	0	1	0	1
OG0015065	one_gene_each_in_target_3species_from_ref7_Orthogroups	Cm__CmMahoganyH2.03G133300	Lc__Lchi19505	Vv__XP_002272065.1	0	1	0	1
OG0015066	one_gene_each_in_target_3species_from_ref7_Orthogroups	Cm__CmMahoganyH2.03G135200	Lc__Lchi21634	Vv__XP_002285325.1	0	1	1	0
OG0015070	one_gene_each_in_target_3species_from_ref7_Orthogroups	Cm__CmMahoganyH2.03G164800	Lc__Lchi03395	Vv__XP_002269101.2	0	1	0	1
OG0015071	one_gene_each_in_target_3species_from_ref7_Orthogroups	Cm__CmMahoganyH2.03G168800	Lc__Lchi10358	Vv__XP_002270695.1	0	1	0	1
OG0015072	one_gene_each_in_target_3species_from_ref7_Orthogroups	Cm__CmMahoganyH2.03G169000	Lc__Lchi10356	Vv__XP_010652350.1	0	1	0	1
OG0015073	one_gene_each_in_target_3species_from_ref7_Orthogroups	Cm__CmMahoganyH2.03G176900	Lc__Lchi02881	Vv__XP_002272064.1	0	1	0	1
OG0015076	one_gene_each_in_target_3species_from_ref7_Orthogroups	Cm__CmMahoganyH2.03G185100	Lc__Lchi21595	Vv__XP_002274884.1	0	1	0	1
OG0015079	one_gene_each_in_target_3species_from_ref7_Orthogroups	Cm__CmMahoganyH2.03G196400	Lc__Lchi12322	Vv__XP_002263547.1	0	1	0	1
OG0015080	one_gene_each_in_target_3species_from_ref7_Orthogroups	Cm__CmMahoganyH2.03G201600	Lc__Lchi20960	Vv__XP_002267536.1	1	1	0	0
OG0015082	one_gene_each_in_target_3species_from_ref7_Orthogroups	Cm__CmMahoganyH2.04G020700	Lc__Lchi16090	Vv__XP_002275720.1	0	2	0	0
OG0015084	one_gene_each_in_target_3species_from_ref7_Orthogroups	Cm__CmMahoganyH2.04G032100	Lc__Lchi16132	Vv__XP_002265052.1	0	1	0	1
OG0015085	one_gene_each_in_target_3species_from_ref7_Orthogroups	Cm__CmMahoganyH2.04G034000	Lc__Lchi16142	Vv__XP_019075331.1	0	1	0	1
OG0015086	one_gene_each_in_target_3species_from_ref7_Orthogroups	Cm__CmMahoganyH2.04G071600	Lc__Lchi14413	Vv__XP_003634199.1	0	1	0	1
OG0015088	one_gene_each_in_target_3species_from_ref7_Orthogroups	Cm__CmMahoganyH2.04G098300	Lc__Lchi10924	Vv__XP_002284112.1	0	1	0	1
OG0015091	one_gene_each_in_target_3species_from_ref7_Orthogroups	Cm__CmMahoganyH2.04G141800	Lc__Lchi10323	Vv__XP_002277458.1	0	1	0	1
OG0015096	one_gene_each_in_target_3species_from_ref7_Orthogroups	Cm__CmMahoganyH2.05G030300	Lc__Lchi03454	Vv__XP_010654524.1	0	1	0	1
OG0015097	one_gene_each_in_target_3species_from_ref7_Orthogroups	Cm__CmMahoganyH2.05G032600	Lc__Lchi29481	Vv__XP_002276169.2	0	1	0	1
OG0015103	one_gene_each_in_target_3species_from_ref7_Orthogroups	Cm__CmMahoganyH2.05G067200	Lc__Lchi05522	Vv__XP_010654789.1	0	1	0	1
OG0015106	one_gene_each_in_target_3species_from_ref7_Orthogroups	Cm__CmMahoganyH2.05G090100	Lc__Lchi18011	Vv__XP_002274293.4	0	1	0	1
OG0015108	one_gene_each_in_target_3species_from_ref7_Orthogroups	Cm__CmMahoganyH2.05G094300	Lc__Lchi09891	Vv__NP_001267908.1	0	1	0	1
OG0015110	one_gene_each_in_target_3species_from_ref7_Orthogroups	Cm__CmMahoganyH2.05G129400	Lc__Lchi18892	Vv__XP_010655688.1	0	1	0	1
OG0015111	one_gene_each_in_target_3species_from_ref7_Orthogroups	Cm__CmMahoganyH2.05G133600	Lc__Lchi30201	Vv__XP_002274153.1	0	1	0	1
OG0015113	one_gene_each_in_target_3species_from_ref7_Orthogroups	Cm__CmMahoganyH2.05G146400	Lc__Lchi26811	Vv__XP_010655786.1	0	1	0	1
OG0015114	one_gene_each_in_target_3species_from_ref7_Orthogroups	Cm__CmMahoganyH2.05G147500	Lc__Lchi27294	Vv__XP_002270834.1	0	1	0	1
OG0015116	one_gene_each_in_target_3species_from_ref7_Orthogroups	Cm__CmMahoganyH2.05G150000	Lc__Lchi26096	Vv__XP_002269690.2	0	1	0	1
OG0015121	one_gene_each_in_target_3species_from_ref7_Orthogroups	Cm__CmMahoganyH2.05G173200	Lc__Lchi28063	Vv__XP_002273433.1	0	1	0	1
OG0015125	one_gene_each_in_target_3species_from_ref7_Orthogroups	Cm__CmMahoganyH2.06G010900	Lc__Lchi14589	Vv__XP_002267870.2	0	1	0	1
OG0015126	one_gene_each_in_target_3species_from_ref7_Orthogroups	Cm__CmMahoganyH2.06G032600	Lc__Lchi04702	Vv__XP_010651375.1	0	0	1	1
OG0015127	one_gene_each_in_target_3species_from_ref7_Orthogroups	Cm__CmMahoganyH2.06G036900	Lc__Lchi18233	Vv__XP_010644458.1	0	1	0	1
OG0015128	one_gene_each_in_target_3species_from_ref7_Orthogroups	Cm__CmMahoganyH2.06G048100	Lc__Lchi16555	Vv__XP_002282744.1	0	1	0	1
OG0015131	one_gene_each_in_target_3species_from_ref7_Orthogroups	Cm__CmMahoganyH2.06G080700	Lc__Lchi06940	Vv__XP_002283758.2	0	1	1	0
OG0015134	one_gene_each_in_target_3species_from_ref7_Orthogroups	Cm__CmMahoganyH2.06G096700	Lc__Lchi12954	Vv__XP_002266186.1	0	2	0	0
OG0015137	one_gene_each_in_target_3species_from_ref7_Orthogroups	Cm__CmMahoganyH2.06G105900	Lc__Lchi27121	Vv__XP_002264386.1	0	1	0	1
OG0015138	one_gene_each_in_target_3species_from_ref7_Orthogroups	Cm__CmMahoganyH2.06G106500	Lc__Lchi17360	Vv__XP_002272957.1	0	1	0	1
OG0015139	one_gene_each_in_target_3species_from_ref7_Orthogroups	Cm__CmMahoganyH2.06G107900	Lc__Lchi17318	Vv__XP_010657269.1	0	1	0	1
OG0015142	one_gene_each_in_target_3species_from_ref7_Orthogroups	Cm__CmMahoganyH2.06G182300	Lc__Lchi05389	Vv__XP_002273746.1	0	1	1	0
OG0015143	one_gene_each_in_target_3species_from_ref7_Orthogroups	Cm__CmMahoganyH2.06G184800	Lc__Lchi07280	Vv__XP_002272240.1	0	1	0	1
OG0015144	one_gene_each_in_target_3species_from_ref7_Orthogroups	Cm__CmMahoganyH2.06G185800	Lc__Lchi22466	Vv__XP_002273541.1	0	1	0	1
OG0015153	one_gene_each_in_target_3species_from_ref7_Orthogroups	Cm__CmMahoganyH2.07G009000	Lc__Lchi02692	Vv__XP_002277280.1	0	1	0	1
OG0015154	one_gene_each_in_target_3species_from_ref7_Orthogroups	Cm__CmMahoganyH2.07G037100	Lc__Lchi13391	Vv__XP_002264993.1	0	1	0	1
OG0015156	one_gene_each_in_target_3species_from_ref7_Orthogroups	Cm__CmMahoganyH2.07G052300	Lc__Lchi22703	Vv__XP_002276516.2	0	1	0	1
OG0015157	one_gene_each_in_target_3species_from_ref7_Orthogroups	Cm__CmMahoganyH2.07G062600	Lc__Lchi02912	Vv__XP_002282084.1	0	1	0	1
OG0015164	one_gene_each_in_target_3species_from_ref7_Orthogroups	Cm__CmMahoganyH2.07G147100	Lc__Lchi11534	Vv__XP_002277916.2	0	1	0	1
OG0015166	one_gene_each_in_target_3species_from_ref7_Orthogroups	Cm__CmMahoganyH2.07G166000	Lc__Lchi06278	Vv__XP_002283145.1	0	1	0	1
OG0015173	one_gene_each_in_target_3species_from_ref7_Orthogroups	Cm__CmMahoganyH2.08G028000	Lc__Lchi04331	Vv__XP_002279930.1	0	1	0	1
OG0015174	one_gene_each_in_target_3species_from_ref7_Orthogroups	Cm__CmMahoganyH2.08G043400	Lc__Lchi21165	Vv__XP_003632149.1	0	1	0	1
OG0015181	one_gene_each_in_target_3species_from_ref7_Orthogroups	Cm__CmMahoganyH2.08G089600	Lc__Lchi01691	Vv__XP_002274172.1	0	1	0	1
OG0015182	one_gene_each_in_target_3species_from_ref7_Orthogroups	Cm__CmMahoganyH2.08G094500	Lc__Lchi27590	Vv__XP_002277657.1	0	0	1	1
OG0015184	one_gene_each_in_target_3species_from_ref7_Orthogroups	Cm__CmMahoganyH2.08G101100	Lc__Lchi21677	Vv__XP_002275537.1	0	0	1	1
OG0015186	one_gene_each_in_target_3species_from_ref7_Orthogroups	Cm__CmMahoganyH2.08G111300	Lc__Lchi30310	Vv__XP_010651763.1	0	1	0	1
OG0015187	one_gene_each_in_target_3species_from_ref7_Orthogroups	Cm__CmMahoganyH2.08G120200	Lc__Lchi10544	Vv__XP_003633416.1	0	1	0	1
OG0015188	one_gene_each_in_target_3species_from_ref7_Orthogroups	Cm__CmMahoganyH2.08G128400	Lc__Lchi11001	Vv__XP_002271636.1	0	1	0	1
OG0015190	one_gene_each_in_target_3species_from_ref7_Orthogroups	Cm__CmMahoganyH2.08G134000	Lc__Lchi32826	Vv__XP_002285670.1	0	0	1	1
OG0015191	one_gene_each_in_target_3species_from_ref7_Orthogroups	Cm__CmMahoganyH2.08G145100	Lc__Lchi19202	Vv__XP_019075855.1	0	1	0	1
OG0015192	one_gene_each_in_target_3species_from_ref7_Orthogroups	Cm__CmMahoganyH2.08G153400	Lc__Lchi06162	Vv__XP_002285539.2	0	1	0	1
OG0015194	one_gene_each_in_target_3species_from_ref7_Orthogroups	Cm__CmMahoganyH2.08G162800	Lc__Lchi00644	Vv__XP_010651387.1	0	0	1	1
OG0015195	one_gene_each_in_target_3species_from_ref7_Orthogroups	Cm__CmMahoganyH2.08G164700	Lc__Lchi14394	Vv__XP_002283507.1	0	1	1	0
OG0015196	one_gene_each_in_target_3species_from_ref7_Orthogroups	Cm__CmMahoganyH2.08G172600	Lc__Lchi23726	Vv__XP_002280520.1	0	1	0	1
OG0015197	one_gene_each_in_target_3species_from_ref7_Orthogroups	Cm__CmMahoganyH2.08G178500	Lc__Lchi14830	Vv__XP_002267749.1	0	1	0	1
OG0015200	one_gene_each_in_target_3species_from_ref7_Orthogroups	Cm__CmMahoganyH2.09G020200	Lc__Lchi23918	Vv__XP_002275200.2	0	1	0	1
OG0015201	one_gene_each_in_target_3species_from_ref7_Orthogroups	Cm__CmMahoganyH2.09G020300	Lc__Lchi24077	Vv__XP_002279855.1	0	1	0	1
OG0015202	one_gene_each_in_target_3species_from_ref7_Orthogroups	Cm__CmMahoganyH2.09G025700	Lc__Lchi21065	Vv__XP_002273492.1	0	1	0	1
OG0015203	one_gene_each_in_target_3species_from_ref7_Orthogroups	Cm__CmMahoganyH2.09G030400	Lc__Lchi04091	Vv__XP_002270931.1	0	1	0	1
OG0015207	one_gene_each_in_target_3species_from_ref7_Orthogroups	Cm__CmMahoganyH2.09G046400	Lc__Lchi10591	Vv__XP_002277233.3	0	1	0	1
OG0015208	one_gene_each_in_target_3species_from_ref7_Orthogroups	Cm__CmMahoganyH2.09G052700	Lc__Lchi21037	Vv__XP_002276587.1	0	1	0	1
OG0015209	one_gene_each_in_target_3species_from_ref7_Orthogroups	Cm__CmMahoganyH2.09G053500	Lc__Lchi22432	Vv__XP_002282347.1	0	1	0	1
OG0015214	one_gene_each_in_target_3species_from_ref7_Orthogroups	Cm__CmMahoganyH2.09G091200	Lc__Lchi07313	Vv__XP_002279195.3	0	1	0	1
OG0015215	one_gene_each_in_target_3species_from_ref7_Orthogroups	Cm__CmMahoganyH2.09G096900	Lc__Lchi12839	Vv__XP_002271297.2	0	1	0	1
OG0015216	one_gene_each_in_target_3species_from_ref7_Orthogroups	Cm__CmMahoganyH2.09G099800	Lc__Lchi04212	Vv__XP_010654234.1	0	1	0	1
OG0015219	one_gene_each_in_target_3species_from_ref7_Orthogroups	Cm__CmMahoganyH2.09G119400	Lc__Lchi06850	Vv__XP_002277291.2	0	1	0	1
OG0015222	one_gene_each_in_target_3species_from_ref7_Orthogroups	Cm__CmMahoganyH2.09G133400	Lc__Lchi19973	Vv__XP_002276082.1	1	1	0	0
OG0015223	one_gene_each_in_target_3species_from_ref7_Orthogroups	Cm__CmMahoganyH2.09G134800	Lc__Lchi20197	Vv__XP_002268494.2	0	1	0	1
OG0015224	one_gene_each_in_target_3species_from_ref7_Orthogroups	Cm__CmMahoganyH2.09G149000	Lc__Lchi17799	Vv__XP_002282625.1	0	0	0	2
OG0015225	one_gene_each_in_target_3species_from_ref7_Orthogroups	Cm__CmMahoganyH2.09G158400	Lc__Lchi29835	Vv__XP_002276334.1	0	2	0	0
OG0015226	one_gene_each_in_target_3species_from_ref7_Orthogroups	Cm__CmMahoganyH2.10G014400	Lc__Lchi13617	Vv__XP_002269754.2	0	1	0	1
OG0015227	one_gene_each_in_target_3species_from_ref7_Orthogroups	Cm__CmMahoganyH2.10G022700	Lc__Lchi14172	Vv__XP_010664452.2	1	1	0	0
OG0015228	one_gene_each_in_target_3species_from_ref7_Orthogroups	Cm__CmMahoganyH2.10G024600	Lc__Lchi16622	Vv__XP_002281131.1	0	0	1	1
OG0015230	one_gene_each_in_target_3species_from_ref7_Orthogroups	Cm__CmMahoganyH2.10G036100	Lc__Lchi01262	Vv__XP_019073880.1	0	1	0	1
OG0015231	one_gene_each_in_target_3species_from_ref7_Orthogroups	Cm__CmMahoganyH2.10G037400	Lc__Lchi01394	Vv__XP_003631372.1	1	1	0	0
OG0015235	one_gene_each_in_target_3species_from_ref7_Orthogroups	Cm__CmMahoganyH2.10G067100	Lc__Lchi00144	Vv__XP_010652281.1	0	1	0	1
OG0015236	one_gene_each_in_target_3species_from_ref7_Orthogroups	Cm__CmMahoganyH2.10G069600	Lc__Lchi00204	Vv__XP_002270750.3	0	1	0	1
OG0015237	one_gene_each_in_target_3species_from_ref7_Orthogroups	Cm__CmMahoganyH2.10G069700	Lc__Lchi00205	Vv__XP_002270718.2	0	1	0	1
OG0015238	one_gene_each_in_target_3species_from_ref7_Orthogroups	Cm__CmMahoganyH2.10G071400	Lc__Lchi00232	Vv__XP_002275699.1	0	1	0	1
OG0015241	one_gene_each_in_target_3species_from_ref7_Orthogroups	Cm__CmMahoganyH2.10G084400	Lc__Lchi23034	Vv__XP_002270749.1	1	1	0	0
OG0015242	one_gene_each_in_target_3species_from_ref7_Orthogroups	Cm__CmMahoganyH2.10G086500	Lc__Lchi04415	Vv__XP_002270247.1	0	1	0	1
OG0015245	one_gene_each_in_target_3species_from_ref7_Orthogroups	Cm__CmMahoganyH2.10G097000	Lc__Lchi10766	Vv__XP_002283059.2	0	0	0	2
OG0015249	one_gene_each_in_target_3species_from_ref7_Orthogroups	Cm__CmMahoganyH2.10G150500	Lc__Lchi13747	Vv__XP_002284073.1	0	1	0	1
OG0015251	one_gene_each_in_target_3species_from_ref7_Orthogroups	Cm__CmMahoganyH2.10G160100	Lc__Lchi26180	Vv__XP_002269624.1	1	1	0	0
OG0015253	one_gene_each_in_target_3species_from_ref7_Orthogroups	Cm__CmMahoganyH2.10G163500	Lc__Lchi31486	Vv__XP_002285611.1	0	1	0	1
OG0015254	one_gene_each_in_target_3species_from_ref7_Orthogroups	Cm__CmMahoganyH2.10G164300	Lc__Lchi17989	Vv__XP_002283668.2	0	1	0	1
OG0015255	one_gene_each_in_target_3species_from_ref7_Orthogroups	Cm__CmMahoganyH2.10G168400	Lc__Lchi03527	Vv__XP_002275831.1	0	1	0	1
OG0015256	one_gene_each_in_target_3species_from_ref7_Orthogroups	Cm__CmMahoganyH2.10G179500	Lc__Lchi13319	Vv__XP_002274974.1	0	1	0	1
OG0015257	one_gene_each_in_target_3species_from_ref7_Orthogroups	Cm__CmMahoganyH2.10G181800	Lc__Lchi13366	Vv__XP_002282269.1	0	1	0	1
OG0015258	one_gene_each_in_target_3species_from_ref7_Orthogroups	Cm__CmMahoganyH2.10G182900	Lc__Lchi01978	Vv__XP_002282584.2	0	1	0	1
OG0015264	one_gene_each_in_target_3species_from_ref7_Orthogroups	Cm__CmMahoganyH2.11G058000	Lc__Lchi24721	Vv__XP_002269292.1	0	1	1	0
OG0015269	one_gene_each_in_target_3species_from_ref7_Orthogroups	Cm__CmMahoganyH2.11G099200	Lc__Lchi26375	Vv__XP_002270953.1	0	1	0	1
OG0015270	one_gene_each_in_target_3species_from_ref7_Orthogroups	Cm__CmMahoganyH2.11G099500	Lc__Lchi25499	Vv__XP_010658697.1	0	1	1	0
OG0015274	one_gene_each_in_target_3species_from_ref7_Orthogroups	Cm__CmMahoganyH2.11G130700	Lc__Lchi05907	Vv__XP_002266696.1	0	1	0	1
OG0015275	one_gene_each_in_target_3species_from_ref7_Orthogroups	Cm__CmMahoganyH2.11G133500	Lc__Lchi01357	Vv__XP_019080055.1	0	2	0	0
OG0015281	one_gene_each_in_target_3species_from_ref7_Orthogroups	Cm__CmMahoganyH2.12G000300	Lc__Lchi01983	Vv__XP_002264424.1	0	1	1	0
OG0015282	one_gene_each_in_target_3species_from_ref7_Orthogroups	Cm__CmMahoganyH2.12G011100	Lc__Lchi16168	Vv__XP_002278002.1	0	1	0	1
OG0015288	one_gene_each_in_target_3species_from_ref7_Orthogroups	Cm__CmMahoganyH2.12G067400	Lc__Lchi23066	Vv__XP_010662540.1	0	1	0	1
OG0015289	one_gene_each_in_target_3species_from_ref7_Orthogroups	Cm__CmMahoganyH2.12G071200	Lc__Lchi26962	Vv__XP_002283527.2	0	1	0	1
OG0015291	one_gene_each_in_target_3species_from_ref7_Orthogroups	Cm__CmMahoganyH2.12G082800	Lc__Lchi23489	Vv__XP_002263650.1	0	1	0	1
OG0015294	one_gene_each_in_target_3species_from_ref7_Orthogroups	Cm__CmMahoganyH2.12G111800	Lc__Lchi02071	Vv__XP_002279169.1	0	1	0	1
OG0015295	one_gene_each_in_target_3species_from_ref7_Orthogroups	Cm__CmMahoganyH2.12G118400	Lc__Lchi02023	Vv__XP_003634404.1	0	1	0	1
OG0015296	one_gene_each_in_target_3species_from_ref7_Orthogroups	Cm__CmMahoganyH2.12G126100	Lc__Lchi08723	Vv__XP_002285835.1	0	0	1	1
OG0015297	one_gene_each_in_target_3species_from_ref7_Orthogroups	Cm__CmMahoganyH2.12G134700	Lc__Lchi05472	Vv__XP_010652384.1	0	1	0	1
OG0015298	one_gene_each_in_target_3species_from_ref7_Orthogroups	Cm__CmMahoganyH2.12G135000	Lc__Lchi26140	Vv__XP_019071878.1	0	1	0	1
OG0015299	one_gene_each_in_target_3species_from_ref7_Orthogroups	Cm__CmMahoganyH2.12G142100	Lc__Lchi26938	Vv__XP_002272086.1	0	1	1	0
OG0015815	one_gene_each_in_target_3species_from_ref7_Orthogroups	Cm__CmMahoganyH2.03G144700	Lc__Lchi07568	Vv__XP_002272663.1	0	0	0	1
OG0015881	one_gene_each_in_target_3species_from_ref7_Orthogroups	Cm__CmMahoganyH2.08G010800	Lc__Lchi09445	Vv__XP_002281658.1	0	1	0	0
OG0015890	one_gene_each_in_target_3species_from_ref7_Orthogroups	Cm__CmMahoganyH2.10G101500	Lc__Lchi08875	Vv__XP_010648508.1	0	0	0	1
OG0015895	one_gene_each_in_target_3species_from_ref7_Orthogroups	Cm__CmMahoganyH2.04G069600	Lc__Lchi22977	Vv__XP_002282402.1	0	1	0	0
OG0016228	one_gene_each_in_target_3species_from_ref7_Orthogroups	Cm__CmMahoganyH2.01G094300	Lc__Lchi03694	Vv__XP_002285577.1	1	0	0	0
OG0016237	one_gene_each_in_target_3species_from_ref7_Orthogroups	Cm__CmMahoganyH2.01G152000	Lc__Lchi08133	Vv__XP_002272295.1	0	1	0	0
OG0016249	one_gene_each_in_target_3species_from_ref7_Orthogroups	Cm__CmMahoganyH2.01G209700	Lc__Lchi16801	Vv__XP_002279095.2	0	0	0	1
OG0016257	one_gene_each_in_target_3species_from_ref7_Orthogroups	Cm__CmMahoganyH2.01G303300	Lc__Lchi05597	Vv__XP_002274432.2	0	0	0	1
OG0016259	one_gene_each_in_target_3species_from_ref7_Orthogroups	Cm__CmMahoganyH2.01G305800	Lc__Lchi05551	Vv__XP_002281953.1	0	0	0	1
OG0016263	one_gene_each_in_target_3species_from_ref7_Orthogroups	Cm__CmMahoganyH2.01G357800	Lc__Lchi17083	Vv__XP_003633403.1	0	1	0	0
OG0016293	one_gene_each_in_target_3species_from_ref7_Orthogroups	Cm__CmMahoganyH2.03G089100	Lc__Lchi05804	Vv__XP_003631169.1	0	1	0	0
OG0016297	one_gene_each_in_target_3species_from_ref7_Orthogroups	Cm__CmMahoganyH2.03G123900	Lc__Lchi26417	Vv__XP_002271779.2	0	1	0	0
OG0016303	one_gene_each_in_target_3species_from_ref7_Orthogroups	Cm__CmMahoganyH2.03G170700	Lc__Lchi14248	Vv__XP_002276336.1	0	1	0	0
OG0016309	one_gene_each_in_target_3species_from_ref7_Orthogroups	Cm__CmMahoganyH2.04G042700	Lc__Lchi01792	Vv__XP_010649371.1	0	0	0	1
OG0016315	one_gene_each_in_target_3species_from_ref7_Orthogroups	Cm__CmMahoganyH2.04G113400	Lc__Lchi10351	Vv__XP_002267998.1	0	0	0	1
OG0016326	one_gene_each_in_target_3species_from_ref7_Orthogroups	Cm__CmMahoganyH2.05G067400	Lc__Lchi01053	Vv__XP_002267834.1	0	1	0	0
OG0016327	one_gene_each_in_target_3species_from_ref7_Orthogroups	Cm__CmMahoganyH2.05G068300	Lc__Lchi01033	Vv__XP_002265443.1	0	0	0	1
OG0016328	one_gene_each_in_target_3species_from_ref7_Orthogroups	Cm__CmMahoganyH2.05G069300	Lc__Lchi04760	Vv__XP_002264123.2	0	0	0	1
OG0016330	one_gene_each_in_target_3species_from_ref7_Orthogroups	Cm__CmMahoganyH2.05G087100	Lc__Lchi28762	Vv__XP_010655428.2	0	0	0	1
OG0016333	one_gene_each_in_target_3species_from_ref7_Orthogroups	Cm__CmMahoganyH2.05G091000	Lc__Lchi13426	Vv__XP_003633022.2	0	0	0	1
OG0016348	one_gene_each_in_target_3species_from_ref7_Orthogroups	Cm__CmMahoganyH2.06G037200	Lc__Lchi13469	Vv__XP_002279766.1	0	0	0	1
OG0016349	one_gene_each_in_target_3species_from_ref7_Orthogroups	Cm__CmMahoganyH2.06G038000	Lc__Lchi24773	Vv__XP_002278023.1	0	0	0	1
OG0016358	one_gene_each_in_target_3species_from_ref7_Orthogroups	Cm__CmMahoganyH2.06G106900	Lc__Lchi25447	Vv__XP_002272819.1	0	1	0	0
OG0016375	one_gene_each_in_target_3species_from_ref7_Orthogroups	Cm__CmMahoganyH2.07G034700	Lc__Lchi05122	Vv__XP_003633204.2	0	1	0	0
OG0016376	one_gene_each_in_target_3species_from_ref7_Orthogroups	Cm__CmMahoganyH2.07G036500	Lc__Lchi07048	Vv__XP_002263453.2	0	0	0	1
OG0016383	one_gene_each_in_target_3species_from_ref7_Orthogroups	Cm__CmMahoganyH2.07G084300	Lc__Lchi18280	Vv__XP_002275785.1	0	1	0	0
OG0016402	one_gene_each_in_target_3species_from_ref7_Orthogroups	Cm__CmMahoganyH2.08G133900	Lc__Lchi02795	Vv__XP_002283361.2	0	0	0	1
OG0016408	one_gene_each_in_target_3species_from_ref7_Orthogroups	Cm__CmMahoganyH2.08G177400	Lc__Lchi05663	Vv__XP_002281093.1	0	0	0	1
OG0016423	one_gene_each_in_target_3species_from_ref7_Orthogroups	Cm__CmMahoganyH2.09G093700	Lc__Lchi26787	Vv__XP_010653100.1	0	1	0	0
OG0016427	one_gene_each_in_target_3species_from_ref7_Orthogroups	Cm__CmMahoganyH2.09G151600	Lc__Lchi09482	Vv__XP_010653970.1	0	1	0	0
OG0016431	one_gene_each_in_target_3species_from_ref7_Orthogroups	Cm__CmMahoganyH2.10G009900	Lc__Lchi01197	Vv__XP_002275784.1	0	0	0	1
OG0016440	one_gene_each_in_target_3species_from_ref7_Orthogroups	Cm__CmMahoganyH2.10G121700	Lc__Lchi04740	Vv__XP_002284793.1	0	1	0	0
OG0016455	one_gene_each_in_target_3species_from_ref7_Orthogroups	Cm__CmMahoganyH2.12G005600	Lc__Lchi01629	Vv__XP_002274203.1	0	1	0	0
OG0017833	one_gene_each_in_target_3species_from_ref7_Orthogroups	Cm__CmMahoganyH2.03G006300	Lc__Lchi32216	Vv__YP_567127.1	0	0	0	0
OG0017898	one_gene_each_in_target_3species_from_ref7_Orthogroups	Cm__CmMahoganyH2.06G076000	Lc__Lchi32220	Vv__YP_567077.1	0	0	0	0
OG0017900	one_gene_each_in_target_3species_from_ref7_Orthogroups	Cm__CmMahoganyH2.06G126600	Lc__Lchi12609	Vv__XP_002277494.1	0	0	0	0
OG0017947	one_gene_each_in_target_3species_from_ref7_Orthogroups	Cm__CmMahoganyH2.10G097100	Lc__Lchi10765	Vv__XP_003631777.1	0	0	0	0
OG0017950	one_gene_each_in_target_3species_from_ref7_Orthogroups	Cm__CmMahoganyH2.10G115300	Lc__Lchi04506	Vv__XP_002266871.1	0	0	0	0
