No.	Run	ReleaseDate	LoadDate	spots	bases	spots_with_mates	avgLength	size_MB	AssemblyName	download_path	Experiment	LibraryName	LibraryStrategy	LibrarySelection	LibrarySource	LibraryLayout	InsertSize	InsertDev	Platform	Model	SRAStudy	BioProject	Study_Pubmed_id	ProjectID	Sample	BioSample	SampleType	TaxID	ScientificName	SampleName	g1k_pop_code	source	g1k_analysis_group	Subject_ID	Sex	Disease	Tumor	Affection_Status	Analyte_Type	Histological_Type	Body_Site	CenterName	Submission	dbgap_study_accession	Consent	RunHash	ReadHash	SRA_Run_URL	BioProject_URL	BioSample_URL	SRA_Experiment_URL	Download_URL	_source_line	_repair_note
1	SRR1165179	2015-01-01 00:00:00	2014-02-11 09:23:58	38048345	7684962219	38048345	201	3312		https://sra-downloadb.be-md.ncbi.nlm.nih.gov/sos5/sra-pub-zq-11/SRR001/165/SRR1165179/SRR1165179.sralite.1	SRX467609	a comprehensive pineapple transcriptome	RNA-Seq	RANDOM	TRANSCRIPTOMIC	PAIRED	100	10	ILLUMINA	Illumina HiSeq 2000	SRP036877	PRJNA237705		237705	SRS555194	SAMN02639419	simple	4615	Ananas comosus	pineapple							no					COLLEGE OF HORTICULTURE, SCAU	SRA137711		public	9DB5C42A79CE167B505C268E78F7D4DB	1816C87465DE358AD81214519326ECF3	https://www.ncbi.nlm.nih.gov/sra/?term=SRR1165179	https://www.ncbi.nlm.nih.gov/bioproject/PRJNA237705	https://www.ncbi.nlm.nih.gov/biosample/SAMN02639419	https://www.ncbi.nlm.nih.gov/sra/?term=SRX467609	https://sra-downloadb.be-md.ncbi.nlm.nih.gov/sos5/sra-pub-zq-11/SRR001/165/SRR1165179/SRR1165179.sralite.1	11	
2	SRR27896194	2024-08-21 13:21:36	2024-02-07 00:03:43	85933099	12220763119	85933099	142	4544		https://sra-downloadb.be-md.ncbi.nlm.nih.gov/sos6/sra-pub-zq-40/SRR027/27896/SRR27896194/SRR27896194.lite.1	SRX23556455	GSM8066878	RNA-Seq	cDNA	TRANSCRIPTOMIC	PAIRED	0	0	ILLUMINA	Illumina HiSeq 4000	SRP488569	PRJNA1074004	3	1074004	SRS20402754	SAMN39849204	simple	3702	Arabidopsis thaliana	GSM8066878							no					FACULTY OF NATURAL SCIENCES; INSTITUTE OF BIOLOGY, BIOTECHNOLOGY AND ENVIRONMENTAL PROTECTION, UNIVERSITY OF SILESIA	SRA1798980		public	BE2FB1D3DCC685F7019F5564CB35FE4E	6B92F03C570FA16C58B0A8ABA1293868	https://www.ncbi.nlm.nih.gov/sra/?term=SRR27896194	https://www.ncbi.nlm.nih.gov/bioproject/PRJNA1074004	https://www.ncbi.nlm.nih.gov/biosample/SAMN39849204	https://www.ncbi.nlm.nih.gov/sra/?term=SRX23556455	https://sra-downloadb.be-md.ncbi.nlm.nih.gov/sos6/sra-pub-zq-40/SRR027/27896/SRR27896194/SRR27896194.lite.1	728	
3	SRR27896195	2024-08-21 13:21:36	2024-02-07 00:02:36	70017442	10317227376	70017442	147	3930		https://sra-downloadb.be-md.ncbi.nlm.nih.gov/sos6/sra-pub-zq-40/SRR027/27896/SRR27896195/SRR27896195.lite.1	SRX23556454	GSM8066877	RNA-Seq	cDNA	TRANSCRIPTOMIC	PAIRED	0	0	ILLUMINA	Illumina HiSeq 4000	SRP488569	PRJNA1074004	3	1074004	SRS20402753	SAMN39849205	simple	3702	Arabidopsis thaliana	GSM8066877							no					FACULTY OF NATURAL SCIENCES; INSTITUTE OF BIOLOGY, BIOTECHNOLOGY AND ENVIRONMENTAL PROTECTION, UNIVERSITY OF SILESIA	SRA1798980		public	AB0095E8E8A8C3D064343C2C84BEF649	3EBC3920392C2D626324A1B3AE99275C	https://www.ncbi.nlm.nih.gov/sra/?term=SRR27896195	https://www.ncbi.nlm.nih.gov/bioproject/PRJNA1074004	https://www.ncbi.nlm.nih.gov/biosample/SAMN39849205	https://www.ncbi.nlm.nih.gov/sra/?term=SRX23556454	https://sra-downloadb.be-md.ncbi.nlm.nih.gov/sos6/sra-pub-zq-40/SRR027/27896/SRR27896195/SRR27896195.lite.1	729	
4	SRR27896196	2024-08-21 13:21:35	2024-02-07 00:03:18	69379210	10083312488	69379210	145	3817		https://sra-downloadb.be-md.ncbi.nlm.nih.gov/sos6/sra-pub-zq-40/SRR027/27896/SRR27896196/SRR27896196.lite.1	SRX23556453	GSM8066876	RNA-Seq	cDNA	TRANSCRIPTOMIC	PAIRED	0	0	ILLUMINA	Illumina HiSeq 4000	SRP488569	PRJNA1074004	3	1074004	SRS20402752	SAMN39849206	simple	3702	Arabidopsis thaliana	GSM8066876							no					FACULTY OF NATURAL SCIENCES; INSTITUTE OF BIOLOGY, BIOTECHNOLOGY AND ENVIRONMENTAL PROTECTION, UNIVERSITY OF SILESIA	SRA1798980		public	0C7D947B4FE067B767DD61A3B7525640	031F5A457C137A600ED7CE4147178957	https://www.ncbi.nlm.nih.gov/sra/?term=SRR27896196	https://www.ncbi.nlm.nih.gov/bioproject/PRJNA1074004	https://www.ncbi.nlm.nih.gov/biosample/SAMN39849206	https://www.ncbi.nlm.nih.gov/sra/?term=SRX23556453	https://sra-downloadb.be-md.ncbi.nlm.nih.gov/sos6/sra-pub-zq-40/SRR027/27896/SRR27896196/SRR27896196.lite.1	730	
5	SRR27896197	2024-08-21 13:21:35	2024-02-07 00:06:53	65847909	9877186350	65847909	150	3066		https://sra-downloadb.be-md.ncbi.nlm.nih.gov/sos6/sra-pub-zq-40/SRR027/27896/SRR27896197/SRR27896197.lite.1	SRX23556452	GSM8066875	RNA-Seq	cDNA	TRANSCRIPTOMIC	PAIRED	0	0	ILLUMINA	Illumina HiSeq 4000	SRP488569	PRJNA1074004	3	1074004	SRS20402751	SAMN39849207	simple	3702	Arabidopsis thaliana	GSM8066875							no					FACULTY OF NATURAL SCIENCES; INSTITUTE OF BIOLOGY, BIOTECHNOLOGY AND ENVIRONMENTAL PROTECTION, UNIVERSITY OF SILESIA	SRA1798980		public	F2684AB32F7B91CEB1F8CC11B74C3D60	4F03F1F5EDAE445FE715AC1FCF7FC315	https://www.ncbi.nlm.nih.gov/sra/?term=SRR27896197	https://www.ncbi.nlm.nih.gov/bioproject/PRJNA1074004	https://www.ncbi.nlm.nih.gov/biosample/SAMN39849207	https://www.ncbi.nlm.nih.gov/sra/?term=SRX23556452	https://sra-downloadb.be-md.ncbi.nlm.nih.gov/sos6/sra-pub-zq-40/SRR027/27896/SRR27896197/SRR27896197.lite.1	732	
6	SRR27896198	2024-08-21 13:21:35	2024-02-07 00:03:28	74278257	10356263679	74278257	139	4344		https://sra-downloadb.be-md.ncbi.nlm.nih.gov/sos6/sra-pub-zq-40/SRR027/27896/SRR27896198/SRR27896198.lite.1	SRX23556451	GSM8066874	RNA-Seq	cDNA	TRANSCRIPTOMIC	PAIRED	0	0	ILLUMINA	Illumina HiSeq 4000	SRP488569	PRJNA1074004	3	1074004	SRS20402750	SAMN39849208	simple	3702	Arabidopsis thaliana	GSM8066874							no					FACULTY OF NATURAL SCIENCES; INSTITUTE OF BIOLOGY, BIOTECHNOLOGY AND ENVIRONMENTAL PROTECTION, UNIVERSITY OF SILESIA	SRA1798980		public	2440FB8F91D33107CDF687227DDFF33F	8D7235EE94911DD43FD73EF42EBA300E	https://www.ncbi.nlm.nih.gov/sra/?term=SRR27896198	https://www.ncbi.nlm.nih.gov/bioproject/PRJNA1074004	https://www.ncbi.nlm.nih.gov/biosample/SAMN39849208	https://www.ncbi.nlm.nih.gov/sra/?term=SRX23556451	https://sra-downloadb.be-md.ncbi.nlm.nih.gov/sos6/sra-pub-zq-40/SRR027/27896/SRR27896198/SRR27896198.lite.1	733	
7	SRR27896199	2024-08-21 13:21:35	2024-02-07 00:05:55	53568176	7905219224	53568176	147	3640		https://sra-downloadb.be-md.ncbi.nlm.nih.gov/sos6/sra-pub-zq-40/SRR027/27896/SRR27896199/SRR27896199.lite.1	SRX23556450	GSM8066873	RNA-Seq	cDNA	TRANSCRIPTOMIC	PAIRED	0	0	ILLUMINA	Illumina HiSeq 4000	SRP488569	PRJNA1074004	3	1074004	SRS20402749	SAMN39849209	simple	3702	Arabidopsis thaliana	GSM8066873							no					FACULTY OF NATURAL SCIENCES; INSTITUTE OF BIOLOGY, BIOTECHNOLOGY AND ENVIRONMENTAL PROTECTION, UNIVERSITY OF SILESIA	SRA1798980		public	BC61FF28B2DD400E0D65999DF171A65C	301945BEBD2BABD00BC86B9D8558A225	https://www.ncbi.nlm.nih.gov/sra/?term=SRR27896199	https://www.ncbi.nlm.nih.gov/bioproject/PRJNA1074004	https://www.ncbi.nlm.nih.gov/biosample/SAMN39849209	https://www.ncbi.nlm.nih.gov/sra/?term=SRX23556450	https://sra-downloadb.be-md.ncbi.nlm.nih.gov/sos6/sra-pub-zq-40/SRR027/27896/SRR27896199/SRR27896199.lite.1	734	
8	SRR27896200	2024-08-21 13:21:35	2024-02-07 00:12:42	70475077	10472058248	70475077	148	4746		https://sra-downloadb.be-md.ncbi.nlm.nih.gov/sos6/sra-pub-zq-40/SRR027/27896/SRR27896200/SRR27896200.lite.1	SRX23556449	GSM8066872	RNA-Seq	cDNA	TRANSCRIPTOMIC	PAIRED	0	0	ILLUMINA	Illumina HiSeq 4000	SRP488569	PRJNA1074004	3	1074004	SRS20402748	SAMN39849210	simple	3702	Arabidopsis thaliana	GSM8066872							no					FACULTY OF NATURAL SCIENCES; INSTITUTE OF BIOLOGY, BIOTECHNOLOGY AND ENVIRONMENTAL PROTECTION, UNIVERSITY OF SILESIA	SRA1798980		public	4792F9858C1EC4CCB26926769317514E	7BDFEDB3FE97595FC2E0FEAD279F7763	https://www.ncbi.nlm.nih.gov/sra/?term=SRR27896200	https://www.ncbi.nlm.nih.gov/bioproject/PRJNA1074004	https://www.ncbi.nlm.nih.gov/biosample/SAMN39849210	https://www.ncbi.nlm.nih.gov/sra/?term=SRX23556449	https://sra-downloadb.be-md.ncbi.nlm.nih.gov/sos6/sra-pub-zq-40/SRR027/27896/SRR27896200/SRR27896200.lite.1	735	
9	SRR27896201	2024-08-21 13:21:35	2024-02-07 00:03:33	60234619	9035192850	60234619	150	2783		https://sra-downloadb.be-md.ncbi.nlm.nih.gov/sos6/sra-pub-zq-40/SRR027/27896/SRR27896201/SRR27896201.lite.1	SRX23556448	GSM8066871	RNA-Seq	cDNA	TRANSCRIPTOMIC	PAIRED	0	0	ILLUMINA	Illumina HiSeq 4000	SRP488569	PRJNA1074004	3	1074004	SRS20402747	SAMN39849211	simple	3702	Arabidopsis thaliana	GSM8066871							no					FACULTY OF NATURAL SCIENCES; INSTITUTE OF BIOLOGY, BIOTECHNOLOGY AND ENVIRONMENTAL PROTECTION, UNIVERSITY OF SILESIA	SRA1798980		public	B5E4D6D6CEAD99E25EB066A0AEC14EEE	80658AFE8234A20E3B083A9C95B5E8EF	https://www.ncbi.nlm.nih.gov/sra/?term=SRR27896201	https://www.ncbi.nlm.nih.gov/bioproject/PRJNA1074004	https://www.ncbi.nlm.nih.gov/biosample/SAMN39849211	https://www.ncbi.nlm.nih.gov/sra/?term=SRX23556448	https://sra-downloadb.be-md.ncbi.nlm.nih.gov/sos6/sra-pub-zq-40/SRR027/27896/SRR27896201/SRR27896201.lite.1	736	
10	SRR27896202	2024-08-21 13:21:35	2024-02-07 00:10:25	61921639	8891880732	61921639	143	3417		https://sra-downloadb.be-md.ncbi.nlm.nih.gov/sos6/sra-pub-zq-40/SRR027/27896/SRR27896202/SRR27896202.lite.1	SRX23556447	GSM8066870	RNA-Seq	cDNA	TRANSCRIPTOMIC	PAIRED	0	0	ILLUMINA	Illumina HiSeq 4000	SRP488569	PRJNA1074004	3	1074004	SRS20402746	SAMN39849212	simple	3702	Arabidopsis thaliana	GSM8066870							no					FACULTY OF NATURAL SCIENCES; INSTITUTE OF BIOLOGY, BIOTECHNOLOGY AND ENVIRONMENTAL PROTECTION, UNIVERSITY OF SILESIA	SRA1798980		public	584393ABE81A6242B5158EF49E6CF7E5	17805AFDD7866BAB9F09BDD839A05162	https://www.ncbi.nlm.nih.gov/sra/?term=SRR27896202	https://www.ncbi.nlm.nih.gov/bioproject/PRJNA1074004	https://www.ncbi.nlm.nih.gov/biosample/SAMN39849212	https://www.ncbi.nlm.nih.gov/sra/?term=SRX23556447	https://sra-downloadb.be-md.ncbi.nlm.nih.gov/sos6/sra-pub-zq-40/SRR027/27896/SRR27896202/SRR27896202.lite.1	737	
11	SRR27896203	2024-08-21 13:21:34	2024-02-07 00:06:52	64019897	8865069861	64019897	138	3435		https://sra-downloadb.be-md.ncbi.nlm.nih.gov/sos6/sra-pub-zq-40/SRR027/27896/SRR27896203/SRR27896203.lite.1	SRX23556446	GSM8066869	RNA-Seq	cDNA	TRANSCRIPTOMIC	PAIRED	0	0	ILLUMINA	Illumina HiSeq 4000	SRP488569	PRJNA1074004	3	1074004	SRS20402745	SAMN39849213	simple	3702	Arabidopsis thaliana	GSM8066869							no					FACULTY OF NATURAL SCIENCES; INSTITUTE OF BIOLOGY, BIOTECHNOLOGY AND ENVIRONMENTAL PROTECTION, UNIVERSITY OF SILESIA	SRA1798980		public	FD586983777040F3EDD9F10725A63B4F	38796613041E5EFFBED2F8DE3DDEC89D	https://www.ncbi.nlm.nih.gov/sra/?term=SRR27896203	https://www.ncbi.nlm.nih.gov/bioproject/PRJNA1074004	https://www.ncbi.nlm.nih.gov/biosample/SAMN39849213	https://www.ncbi.nlm.nih.gov/sra/?term=SRX23556446	https://sra-downloadb.be-md.ncbi.nlm.nih.gov/sos6/sra-pub-zq-40/SRR027/27896/SRR27896203/SRR27896203.lite.1	738	
12	SRR27896204	2024-08-21 13:21:34	2024-02-07 00:10:14	65090156	9651931761	65090156	148	3822		https://sra-downloadb.be-md.ncbi.nlm.nih.gov/sos6/sra-pub-zq-40/SRR027/27896/SRR27896204/SRR27896204.lite.1	SRX23556445	GSM8066868	RNA-Seq	cDNA	TRANSCRIPTOMIC	PAIRED	0	0	ILLUMINA	Illumina HiSeq 4000	SRP488569	PRJNA1074004	3	1074004	SRS20402744	SAMN39849214	simple	3702	Arabidopsis thaliana	GSM8066868							no					FACULTY OF NATURAL SCIENCES; INSTITUTE OF BIOLOGY, BIOTECHNOLOGY AND ENVIRONMENTAL PROTECTION, UNIVERSITY OF SILESIA	SRA1798980		public	7A92B01E5834C48F47D96BA70D36FEDF	99A23E5E3352BFB573BED81C41F5A321	https://www.ncbi.nlm.nih.gov/sra/?term=SRR27896204	https://www.ncbi.nlm.nih.gov/bioproject/PRJNA1074004	https://www.ncbi.nlm.nih.gov/biosample/SAMN39849214	https://www.ncbi.nlm.nih.gov/sra/?term=SRX23556445	https://sra-downloadb.be-md.ncbi.nlm.nih.gov/sos6/sra-pub-zq-40/SRR027/27896/SRR27896204/SRR27896204.lite.1	739	
13	SRR27896205	2024-08-21 13:21:34	2024-02-07 00:03:32	49805975	7300896466	49805975	146	2951		https://sra-downloadb.be-md.ncbi.nlm.nih.gov/sos6/sra-pub-zq-40/SRR027/27896/SRR27896205/SRR27896205.lite.1	SRX23556444	GSM8066867	RNA-Seq	cDNA	TRANSCRIPTOMIC	PAIRED	0	0	ILLUMINA	Illumina HiSeq 4000	SRP488569	PRJNA1074004	3	1074004	SRS20402743	SAMN39849215	simple	3702	Arabidopsis thaliana	GSM8066867							no					FACULTY OF NATURAL SCIENCES; INSTITUTE OF BIOLOGY, BIOTECHNOLOGY AND ENVIRONMENTAL PROTECTION, UNIVERSITY OF SILESIA	SRA1798980		public	4416E1FB9FD2F3C48D3C8656F660902B	FAE2A6A1D6F575D5EE13A704D4415823	https://www.ncbi.nlm.nih.gov/sra/?term=SRR27896205	https://www.ncbi.nlm.nih.gov/bioproject/PRJNA1074004	https://www.ncbi.nlm.nih.gov/biosample/SAMN39849215	https://www.ncbi.nlm.nih.gov/sra/?term=SRX23556444	https://sra-downloadb.be-md.ncbi.nlm.nih.gov/sos6/sra-pub-zq-40/SRR027/27896/SRR27896205/SRR27896205.lite.1	740	
14	SRR27896206	2024-08-21 13:21:34	2024-02-07 00:10:16	79191328	11715965091	79191328	147	4463		https://sra-downloadb.be-md.ncbi.nlm.nih.gov/sos6/sra-pub-zq-40/SRR027/27896/SRR27896206/SRR27896206.lite.1	SRX23556443	GSM8066866	RNA-Seq	cDNA	TRANSCRIPTOMIC	PAIRED	0	0	ILLUMINA	Illumina HiSeq 4000	SRP488569	PRJNA1074004	3	1074004	SRS20402742	SAMN39849216	simple	3702	Arabidopsis thaliana	GSM8066866							no					FACULTY OF NATURAL SCIENCES; INSTITUTE OF BIOLOGY, BIOTECHNOLOGY AND ENVIRONMENTAL PROTECTION, UNIVERSITY OF SILESIA	SRA1798980		public	2B290BFCA80B27C7EF08C3EBE3B35382	07151E95FD1B388A7E3AD53DD48F4F02	https://www.ncbi.nlm.nih.gov/sra/?term=SRR27896206	https://www.ncbi.nlm.nih.gov/bioproject/PRJNA1074004	https://www.ncbi.nlm.nih.gov/biosample/SAMN39849216	https://www.ncbi.nlm.nih.gov/sra/?term=SRX23556443	https://sra-downloadb.be-md.ncbi.nlm.nih.gov/sos6/sra-pub-zq-40/SRR027/27896/SRR27896206/SRR27896206.lite.1	741	
15	SRR27896207	2024-08-21 13:21:36	2024-02-07 00:04:27	59902988	8536209778	59902988	142	3240		https://sra-downloadb.be-md.ncbi.nlm.nih.gov/sos6/sra-pub-zq-40/SRR027/27896/SRR27896207/SRR27896207.lite.1	SRX23556442	GSM8066865	RNA-Seq	cDNA	TRANSCRIPTOMIC	PAIRED	0	0	ILLUMINA	Illumina HiSeq 4000	SRP488569	PRJNA1074004	3	1074004	SRS20402741	SAMN39849217	simple	3702	Arabidopsis thaliana	GSM8066865							no					FACULTY OF NATURAL SCIENCES; INSTITUTE OF BIOLOGY, BIOTECHNOLOGY AND ENVIRONMENTAL PROTECTION, UNIVERSITY OF SILESIA	SRA1798980		public	9CACDDD5F91FA4318F879B511FEC2CD1	2459E33AC475336E14FC80CAAEF38AAE	https://www.ncbi.nlm.nih.gov/sra/?term=SRR27896207	https://www.ncbi.nlm.nih.gov/bioproject/PRJNA1074004	https://www.ncbi.nlm.nih.gov/biosample/SAMN39849217	https://www.ncbi.nlm.nih.gov/sra/?term=SRX23556442	https://sra-downloadb.be-md.ncbi.nlm.nih.gov/sos6/sra-pub-zq-40/SRR027/27896/SRR27896207/SRR27896207.lite.1	742	
16	SRR27896208	2024-08-21 13:21:36	2024-02-07 00:05:43	66490499	9880930950	66490499	148	3963		https://sra-downloadb.be-md.ncbi.nlm.nih.gov/sos6/sra-pub-zq-40/SRR027/27896/SRR27896208/SRR27896208.lite.1	SRX23556441	GSM8066864	RNA-Seq	cDNA	TRANSCRIPTOMIC	PAIRED	0	0	ILLUMINA	Illumina HiSeq 4000	SRP488569	PRJNA1074004	3	1074004	SRS20402740	SAMN39849218	simple	3702	Arabidopsis thaliana	GSM8066864							no					FACULTY OF NATURAL SCIENCES; INSTITUTE OF BIOLOGY, BIOTECHNOLOGY AND ENVIRONMENTAL PROTECTION, UNIVERSITY OF SILESIA	SRA1798980		public	695B56EB651A7CB79DD80A1FAA2DD3E0	2FD8424F3636A37307C960CF1D3B9DC8	https://www.ncbi.nlm.nih.gov/sra/?term=SRR27896208	https://www.ncbi.nlm.nih.gov/bioproject/PRJNA1074004	https://www.ncbi.nlm.nih.gov/biosample/SAMN39849218	https://www.ncbi.nlm.nih.gov/sra/?term=SRX23556441	https://sra-downloadb.be-md.ncbi.nlm.nih.gov/sos6/sra-pub-zq-40/SRR027/27896/SRR27896208/SRR27896208.lite.1	743	
17	SRR27896209	2024-08-21 13:21:36	2024-02-07 00:07:28	67623898	9401436718	67623898	139	3892		https://sra-downloadb.be-md.ncbi.nlm.nih.gov/sos6/sra-pub-zq-40/SRR027/27896/SRR27896209/SRR27896209.lite.1	SRX23556440	GSM8066863	RNA-Seq	cDNA	TRANSCRIPTOMIC	PAIRED	0	0	ILLUMINA	Illumina HiSeq 4000	SRP488569	PRJNA1074004	3	1074004	SRS20402739	SAMN39849219	simple	3702	Arabidopsis thaliana	GSM8066863							no					FACULTY OF NATURAL SCIENCES; INSTITUTE OF BIOLOGY, BIOTECHNOLOGY AND ENVIRONMENTAL PROTECTION, UNIVERSITY OF SILESIA	SRA1798980		public	604800D852DCB0339EE0493575F74754	BAAC9BE6BED123BE33CC1F696B4CF715	https://www.ncbi.nlm.nih.gov/sra/?term=SRR27896209	https://www.ncbi.nlm.nih.gov/bioproject/PRJNA1074004	https://www.ncbi.nlm.nih.gov/biosample/SAMN39849219	https://www.ncbi.nlm.nih.gov/sra/?term=SRX23556440	https://sra-downloadb.be-md.ncbi.nlm.nih.gov/sos6/sra-pub-zq-40/SRR027/27896/SRR27896209/SRR27896209.lite.1	745	
18	SRR27896210	2024-08-21 13:21:35	2024-02-07 00:03:47	48983546	7047478085	48983546	143	2963		https://sra-downloadb.be-md.ncbi.nlm.nih.gov/sos6/sra-pub-zq-40/SRR027/27896/SRR27896210/SRR27896210.lite.1	SRX23556439	GSM8066862	RNA-Seq	cDNA	TRANSCRIPTOMIC	PAIRED	0	0	ILLUMINA	Illumina HiSeq 4000	SRP488569	PRJNA1074004	3	1074004	SRS20402738	SAMN39849220	simple	3702	Arabidopsis thaliana	GSM8066862							no					FACULTY OF NATURAL SCIENCES; INSTITUTE OF BIOLOGY, BIOTECHNOLOGY AND ENVIRONMENTAL PROTECTION, UNIVERSITY OF SILESIA	SRA1798980		public	1317A2E56C06A1F394C4E4B3152A7A34	D261693708EE4B42B7BF1634EC31107C	https://www.ncbi.nlm.nih.gov/sra/?term=SRR27896210	https://www.ncbi.nlm.nih.gov/bioproject/PRJNA1074004	https://www.ncbi.nlm.nih.gov/biosample/SAMN39849220	https://www.ncbi.nlm.nih.gov/sra/?term=SRX23556439	https://sra-downloadb.be-md.ncbi.nlm.nih.gov/sos6/sra-pub-zq-40/SRR027/27896/SRR27896210/SRR27896210.lite.1	746	
19	SRR27896211	2024-08-21 13:21:34	2024-02-07 00:06:18	70454063	9636040598	70454063	136	4122		https://sra-downloadb.be-md.ncbi.nlm.nih.gov/sos6/sra-pub-zq-40/SRR027/27896/SRR27896211/SRR27896211.lite.1	SRX23556438	GSM8066861	RNA-Seq	cDNA	TRANSCRIPTOMIC	PAIRED	0	0	ILLUMINA	Illumina HiSeq 4000	SRP488569	PRJNA1074004	3	1074004	SRS20402737	SAMN39849221	simple	3702	Arabidopsis thaliana	GSM8066861							no					FACULTY OF NATURAL SCIENCES; INSTITUTE OF BIOLOGY, BIOTECHNOLOGY AND ENVIRONMENTAL PROTECTION, UNIVERSITY OF SILESIA	SRA1798980		public	B6E5BFD6166920C508AFB6EA8E8FF2AB	66A01C04298D7E0F921E04B425815ABB	https://www.ncbi.nlm.nih.gov/sra/?term=SRR27896211	https://www.ncbi.nlm.nih.gov/bioproject/PRJNA1074004	https://www.ncbi.nlm.nih.gov/biosample/SAMN39849221	https://www.ncbi.nlm.nih.gov/sra/?term=SRX23556438	https://sra-downloadb.be-md.ncbi.nlm.nih.gov/sos6/sra-pub-zq-40/SRR027/27896/SRR27896211/SRR27896211.lite.1	747	
20	SRR31049256	2025-07-22 03:47:44	2024-10-20 09:34:15	22020357	6606107100	22020357	300	2020		https://sra-downloadb.be-md.ncbi.nlm.nih.gov/sos1/sra-pub-zq-38/SRR031/31049/SRR31049256/SRR31049256.lite.1	SRX26433782	S279	RNA-Seq	Oligo-dT	TRANSCRIPTOMIC	PAIRED	0	0	ILLUMINA	Illumina NovaSeq 6000	SRP539641	PRJNA1173958		1173958	SRS22950548	SAMN44323279	simple	3702	Arabidopsis thaliana	pER8-LEC2-lbd16-2-R3							no					SHANDONG AGRICULTURAL UNIVERSITY	SRA1993184		public	0D352BAF0C7B2CD16C7FA6FEF96BF7FC	672ADE153DB3FD1B040801651580D8B0	https://www.ncbi.nlm.nih.gov/sra/?term=SRR31049256	https://www.ncbi.nlm.nih.gov/bioproject/PRJNA1173958	https://www.ncbi.nlm.nih.gov/biosample/SAMN44323279	https://www.ncbi.nlm.nih.gov/sra/?term=SRX26433782	https://sra-downloadb.be-md.ncbi.nlm.nih.gov/sos1/sra-pub-zq-38/SRR031/31049/SRR31049256/SRR31049256.lite.1	798	
21	SRR31049257	2025-07-22 03:47:44	2024-10-20 09:34:38	22845666	6853699800	22845666	300	2148		https://sra-downloadb.be-md.ncbi.nlm.nih.gov/sos1/sra-pub-zq-38/SRR031/31049/SRR31049257/SRR31049257.lite.1	SRX26433781	S278	RNA-Seq	Oligo-dT	TRANSCRIPTOMIC	PAIRED	0	0	ILLUMINA	Illumina NovaSeq 6000	SRP539641	PRJNA1173958		1173958	SRS22950547	SAMN44323278	simple	3702	Arabidopsis thaliana	pER8-LEC2-lbd16-2-R2							no					SHANDONG AGRICULTURAL UNIVERSITY	SRA1993184		public	869555509F440FDDA607DEC77EEB7177	9AF96E05362A3FC2EDA7FCDF2C39D2CC	https://www.ncbi.nlm.nih.gov/sra/?term=SRR31049257	https://www.ncbi.nlm.nih.gov/bioproject/PRJNA1173958	https://www.ncbi.nlm.nih.gov/biosample/SAMN44323278	https://www.ncbi.nlm.nih.gov/sra/?term=SRX26433781	https://sra-downloadb.be-md.ncbi.nlm.nih.gov/sos1/sra-pub-zq-38/SRR031/31049/SRR31049257/SRR31049257.lite.1	800	
22	SRR31049258	2025-07-22 03:47:44	2024-10-20 09:35:40	23068880	6920664000	23068880	300	2192		https://sra-downloadb.be-md.ncbi.nlm.nih.gov/sos1/sra-pub-zq-38/SRR031/31049/SRR31049258/SRR31049258.lite.1	SRX26433780	S277	RNA-Seq	Oligo-dT	TRANSCRIPTOMIC	PAIRED	0	0	ILLUMINA	Illumina NovaSeq 6000	SRP539641	PRJNA1173958		1173958	SRS22950546	SAMN44323277	simple	3702	Arabidopsis thaliana	pER8-LEC2-lbd16-2-R1							no					SHANDONG AGRICULTURAL UNIVERSITY	SRA1993184		public	FFD81C0BFCB38D26E325484F996583BC	07195D2F6B4189F6BAF4D28FCA46B8DF	https://www.ncbi.nlm.nih.gov/sra/?term=SRR31049258	https://www.ncbi.nlm.nih.gov/bioproject/PRJNA1173958	https://www.ncbi.nlm.nih.gov/biosample/SAMN44323277	https://www.ncbi.nlm.nih.gov/sra/?term=SRX26433780	https://sra-downloadb.be-md.ncbi.nlm.nih.gov/sos1/sra-pub-zq-38/SRR031/31049/SRR31049258/SRR31049258.lite.1	801	
23	SRR31049259	2025-07-22 03:47:44	2024-10-20 09:35:35	21203918	6361175400	21203918	300	2005		https://sra-downloadb.be-md.ncbi.nlm.nih.gov/sos1/sra-pub-zq-38/SRR031/31049/SRR31049259/SRR31049259.lite.1	SRX26433779	S276	RNA-Seq	Oligo-dT	TRANSCRIPTOMIC	PAIRED	0	0	ILLUMINA	Illumina NovaSeq 6000	SRP539641	PRJNA1173958		1173958	SRS22950545	SAMN44323276	simple	3702	Arabidopsis thaliana	pER8-LEC2-R3							no					SHANDONG AGRICULTURAL UNIVERSITY	SRA1993184		public	63CE96FD94A85C2AA70C0F4955C4A95B	B31134F20F8A87B6219F07C07F1189C2	https://www.ncbi.nlm.nih.gov/sra/?term=SRR31049259	https://www.ncbi.nlm.nih.gov/bioproject/PRJNA1173958	https://www.ncbi.nlm.nih.gov/biosample/SAMN44323276	https://www.ncbi.nlm.nih.gov/sra/?term=SRX26433779	https://sra-downloadb.be-md.ncbi.nlm.nih.gov/sos1/sra-pub-zq-38/SRR031/31049/SRR31049259/SRR31049259.lite.1	802	
24	SRR31049260	2025-07-22 03:47:44	2024-10-20 09:37:45	23603285	7080985500	23603285	300	2222		https://sra-downloadb.be-md.ncbi.nlm.nih.gov/sos1/sra-pub-zq-38/SRR031/31049/SRR31049260/SRR31049260.lite.1	SRX26433778	S275	RNA-Seq	Oligo-dT	TRANSCRIPTOMIC	PAIRED	0	0	ILLUMINA	Illumina NovaSeq 6000	SRP539641	PRJNA1173958		1173958	SRS22950544	SAMN44323275	simple	3702	Arabidopsis thaliana	pER8-LEC2-R2							no					SHANDONG AGRICULTURAL UNIVERSITY	SRA1993184		public	46943721DD66842EC1E2B63FFAC9DA9A	F350E265AAA4754F60B699AEA5509D0D	https://www.ncbi.nlm.nih.gov/sra/?term=SRR31049260	https://www.ncbi.nlm.nih.gov/bioproject/PRJNA1173958	https://www.ncbi.nlm.nih.gov/biosample/SAMN44323275	https://www.ncbi.nlm.nih.gov/sra/?term=SRX26433778	https://sra-downloadb.be-md.ncbi.nlm.nih.gov/sos1/sra-pub-zq-38/SRR031/31049/SRR31049260/SRR31049260.lite.1	803	
25	SRR31049261	2025-07-22 03:47:44	2024-10-20 09:35:30	22258349	6677504700	22258349	300	2094		https://sra-downloadb.be-md.ncbi.nlm.nih.gov/sos1/sra-pub-zq-38/SRR031/31049/SRR31049261/SRR31049261.lite.1	SRX26433777	S274	RNA-Seq	Oligo-dT	TRANSCRIPTOMIC	PAIRED	0	0	ILLUMINA	Illumina NovaSeq 6000	SRP539641	PRJNA1173958		1173958	SRS22950543	SAMN44323274	simple	3702	Arabidopsis thaliana	pER8-LEC2-R1							no					SHANDONG AGRICULTURAL UNIVERSITY	SRA1993184		public	FE91D684A89E9B645C08BF823761E391	D607F09F055F222A364A5B07C88AEEDF	https://www.ncbi.nlm.nih.gov/sra/?term=SRR31049261	https://www.ncbi.nlm.nih.gov/bioproject/PRJNA1173958	https://www.ncbi.nlm.nih.gov/biosample/SAMN44323274	https://www.ncbi.nlm.nih.gov/sra/?term=SRX26433777	https://sra-downloadb.be-md.ncbi.nlm.nih.gov/sos1/sra-pub-zq-38/SRR031/31049/SRR31049261/SRR31049261.lite.1	804	
26	SRR31484298	2025-10-28 06:27:04	2024-11-25 03:32:04	16158714	1228062264	0	76	465		https://sra-downloadb.be-md.ncbi.nlm.nih.gov/sos7/sra-pub-zq-41/SRR031/31484/SRR31484298/SRR31484298.lite.1	SRX26852524	103470-001-037	RNA-Seq	cDNA_oligo_dT	TRANSCRIPTOMIC	SINGLE	0	0	ILLUMINA	NextSeq 500	SRP547309	PRJNA1190170		1190170	SRS23335611	SAMN45028180	simple	3702	Arabidopsis thaliana	103470-001-037							no					WAGENINGEN UNIVERSITY & RESEARCH	SRA2021007		public	02AE5C93FD34916861CD6CFBCEE2D627	D3398046E317420E870FF07F2C2A6062	https://www.ncbi.nlm.nih.gov/sra/?term=SRR31484298	https://www.ncbi.nlm.nih.gov/bioproject/PRJNA1190170	https://www.ncbi.nlm.nih.gov/biosample/SAMN45028180	https://www.ncbi.nlm.nih.gov/sra/?term=SRX26852524	https://sra-downloadb.be-md.ncbi.nlm.nih.gov/sos7/sra-pub-zq-41/SRR031/31484/SRR31484298/SRR31484298.lite.1	869	
27	SRR31484299	2025-10-28 06:27:05	2024-11-25 03:31:02	16852077	1280757852	0	76	484		https://sra-downloadb.be-md.ncbi.nlm.nih.gov/sos7/sra-pub-zq-41/SRR031/31484/SRR31484299/SRR31484299.lite.1	SRX26852523	103470-001-036	RNA-Seq	cDNA_oligo_dT	TRANSCRIPTOMIC	SINGLE	0	0	ILLUMINA	NextSeq 500	SRP547309	PRJNA1190170		1190170	SRS23335610	SAMN45028179	simple	3702	Arabidopsis thaliana	103470-001-036							no					WAGENINGEN UNIVERSITY & RESEARCH	SRA2021007		public	FAC25277716390FA33AC3374A4922FAA	DE20CA89CF57244011DBD79D636CD658	https://www.ncbi.nlm.nih.gov/sra/?term=SRR31484299	https://www.ncbi.nlm.nih.gov/bioproject/PRJNA1190170	https://www.ncbi.nlm.nih.gov/biosample/SAMN45028179	https://www.ncbi.nlm.nih.gov/sra/?term=SRX26852523	https://sra-downloadb.be-md.ncbi.nlm.nih.gov/sos7/sra-pub-zq-41/SRR031/31484/SRR31484299/SRR31484299.lite.1	870	
28	SRR31484300	2025-10-28 06:27:05	2024-11-25 03:38:17	18893636	1435916336	0	76	545		https://sra-downloadb.be-md.ncbi.nlm.nih.gov/sos7/sra-pub-zq-41/SRR031/31484/SRR31484300/SRR31484300.lite.1	SRX26852522	103470-001-035	RNA-Seq	cDNA_oligo_dT	TRANSCRIPTOMIC	SINGLE	0	0	ILLUMINA	NextSeq 500	SRP547309	PRJNA1190170		1190170	SRS23335609	SAMN45028178	simple	3702	Arabidopsis thaliana	103470-001-035							no					WAGENINGEN UNIVERSITY & RESEARCH	SRA2021007		public	A6505BF609C61D2FF75360AA30A15D88	C65C33036F19A370C86C58F9EF40B185	https://www.ncbi.nlm.nih.gov/sra/?term=SRR31484300	https://www.ncbi.nlm.nih.gov/bioproject/PRJNA1190170	https://www.ncbi.nlm.nih.gov/biosample/SAMN45028178	https://www.ncbi.nlm.nih.gov/sra/?term=SRX26852522	https://sra-downloadb.be-md.ncbi.nlm.nih.gov/sos7/sra-pub-zq-41/SRR031/31484/SRR31484300/SRR31484300.lite.1	871	
29	SRR31484301	2025-10-28 06:27:05	2024-11-25 03:37:13	17409444	1323117744	0	76	504		https://sra-downloadb.be-md.ncbi.nlm.nih.gov/sos7/sra-pub-zq-41/SRR031/31484/SRR31484301/SRR31484301.lite.1	SRX26852521	103470-001-034	RNA-Seq	cDNA_oligo_dT	TRANSCRIPTOMIC	SINGLE	0	0	ILLUMINA	NextSeq 500	SRP547309	PRJNA1190170		1190170	SRS23335608	SAMN45028177	simple	3702	Arabidopsis thaliana	103470-001-034							no					WAGENINGEN UNIVERSITY & RESEARCH	SRA2021007		public	5AFDD32D54CA2EE8995CB1B7E0450716	8B4D07E5C5FA2C5B643076D41E4E84D8	https://www.ncbi.nlm.nih.gov/sra/?term=SRR31484301	https://www.ncbi.nlm.nih.gov/bioproject/PRJNA1190170	https://www.ncbi.nlm.nih.gov/biosample/SAMN45028177	https://www.ncbi.nlm.nih.gov/sra/?term=SRX26852521	https://sra-downloadb.be-md.ncbi.nlm.nih.gov/sos7/sra-pub-zq-41/SRR031/31484/SRR31484301/SRR31484301.lite.1	873	
30	SRR31484302	2025-10-28 06:27:05	2024-11-25 03:32:17	16808275	1277428900	0	76	492		https://sra-downloadb.be-md.ncbi.nlm.nih.gov/sos7/sra-pub-zq-41/SRR031/31484/SRR31484302/SRR31484302.lite.1	SRX26852520	103470-001-033	RNA-Seq	cDNA_oligo_dT	TRANSCRIPTOMIC	SINGLE	0	0	ILLUMINA	NextSeq 500	SRP547309	PRJNA1190170		1190170	SRS23335607	SAMN45028176	simple	3702	Arabidopsis thaliana	103470-001-033							no					WAGENINGEN UNIVERSITY & RESEARCH	SRA2021007		public	7C32D8E669E5F5E153F0BD8FE5A0BE99	1D8682B1E6824278A955FA7292B34299	https://www.ncbi.nlm.nih.gov/sra/?term=SRR31484302	https://www.ncbi.nlm.nih.gov/bioproject/PRJNA1190170	https://www.ncbi.nlm.nih.gov/biosample/SAMN45028176	https://www.ncbi.nlm.nih.gov/sra/?term=SRX26852520	https://sra-downloadb.be-md.ncbi.nlm.nih.gov/sos7/sra-pub-zq-41/SRR031/31484/SRR31484302/SRR31484302.lite.1	874	
31	SRR31484303	2025-10-28 06:27:04	2024-11-25 03:33:25	18861771	1433494596	0	76	542		https://sra-downloadb.be-md.ncbi.nlm.nih.gov/sos7/sra-pub-zq-41/SRR031/31484/SRR31484303/SRR31484303.lite.1	SRX26852519	103470-001-032	RNA-Seq	cDNA_oligo_dT	TRANSCRIPTOMIC	SINGLE	0	0	ILLUMINA	NextSeq 500	SRP547309	PRJNA1190170		1190170	SRS23335606	SAMN45028175	simple	3702	Arabidopsis thaliana	103470-001-032							no					WAGENINGEN UNIVERSITY & RESEARCH	SRA2021007		public	E4172374652EFDF082CD57AB17198622	5D0773505F58599D97D97000EE5D59FA	https://www.ncbi.nlm.nih.gov/sra/?term=SRR31484303	https://www.ncbi.nlm.nih.gov/bioproject/PRJNA1190170	https://www.ncbi.nlm.nih.gov/biosample/SAMN45028175	https://www.ncbi.nlm.nih.gov/sra/?term=SRX26852519	https://sra-downloadb.be-md.ncbi.nlm.nih.gov/sos7/sra-pub-zq-41/SRR031/31484/SRR31484303/SRR31484303.lite.1	875	
32	SRR31484304	2025-10-28 06:27:04	2024-11-25 03:31:50	16152344	1227578144	0	76	464		https://sra-downloadb.be-md.ncbi.nlm.nih.gov/sos7/sra-pub-zq-41/SRR031/31484/SRR31484304/SRR31484304.lite.1	SRX26852518	103470-001-060	RNA-Seq	cDNA_oligo_dT	TRANSCRIPTOMIC	SINGLE	0	0	ILLUMINA	NextSeq 500	SRP547309	PRJNA1190170		1190170	SRS23335605	SAMN45028203	simple	3702	Arabidopsis thaliana	103470-001-060							no					WAGENINGEN UNIVERSITY & RESEARCH	SRA2021007		public	51970BA6EAF9D7ED091DF3B473920AE9	627D03F5E60BBFDF24144A9C1869B944	https://www.ncbi.nlm.nih.gov/sra/?term=SRR31484304	https://www.ncbi.nlm.nih.gov/bioproject/PRJNA1190170	https://www.ncbi.nlm.nih.gov/biosample/SAMN45028203	https://www.ncbi.nlm.nih.gov/sra/?term=SRX26852518	https://sra-downloadb.be-md.ncbi.nlm.nih.gov/sos7/sra-pub-zq-41/SRR031/31484/SRR31484304/SRR31484304.lite.1	876	
33	SRR31484305	2025-10-28 06:27:04	2024-11-25 03:37:23	16646718	1265150568	0	76	476		https://sra-downloadb.be-md.ncbi.nlm.nih.gov/sos7/sra-pub-zq-41/SRR031/31484/SRR31484305/SRR31484305.lite.1	SRX26852517	103470-001-059	RNA-Seq	cDNA_oligo_dT	TRANSCRIPTOMIC	SINGLE	0	0	ILLUMINA	NextSeq 500	SRP547309	PRJNA1190170		1190170	SRS23335604	SAMN45028202	simple	3702	Arabidopsis thaliana	103470-001-059							no					WAGENINGEN UNIVERSITY & RESEARCH	SRA2021007		public	2957464AF0E4A880B828BCCAB89328DF	FE8D57F1F548907BFB536BE4D6C4E525	https://www.ncbi.nlm.nih.gov/sra/?term=SRR31484305	https://www.ncbi.nlm.nih.gov/bioproject/PRJNA1190170	https://www.ncbi.nlm.nih.gov/biosample/SAMN45028202	https://www.ncbi.nlm.nih.gov/sra/?term=SRX26852517	https://sra-downloadb.be-md.ncbi.nlm.nih.gov/sos7/sra-pub-zq-41/SRR031/31484/SRR31484305/SRR31484305.lite.1	877	
34	SRR31484306	2025-10-28 06:27:04	2024-11-25 03:37:49	17399947	1322395972	0	76	501		https://sra-downloadb.be-md.ncbi.nlm.nih.gov/sos7/sra-pub-zq-41/SRR031/31484/SRR31484306/SRR31484306.lite.1	SRX26852516	103470-001-058	RNA-Seq	cDNA_oligo_dT	TRANSCRIPTOMIC	SINGLE	0	0	ILLUMINA	NextSeq 500	SRP547309	PRJNA1190170		1190170	SRS23335603	SAMN45028201	simple	3702	Arabidopsis thaliana	103470-001-058							no					WAGENINGEN UNIVERSITY & RESEARCH	SRA2021007		public	4AA6312BC95E668FBC775C76B0F5F15B	632DEA8DAD1C573C0DBB37F2BF3F4BB9	https://www.ncbi.nlm.nih.gov/sra/?term=SRR31484306	https://www.ncbi.nlm.nih.gov/bioproject/PRJNA1190170	https://www.ncbi.nlm.nih.gov/biosample/SAMN45028201	https://www.ncbi.nlm.nih.gov/sra/?term=SRX26852516	https://sra-downloadb.be-md.ncbi.nlm.nih.gov/sos7/sra-pub-zq-41/SRR031/31484/SRR31484306/SRR31484306.lite.1	878	
35	SRR31484307	2025-10-28 06:27:04	2024-11-25 03:38:02	17815355	1353966980	0	76	510		https://sra-downloadb.be-md.ncbi.nlm.nih.gov/sos7/sra-pub-zq-41/SRR031/31484/SRR31484307/SRR31484307.lite.1	SRX26852515	103470-001-R31-2	RNA-Seq	cDNA_oligo_dT	TRANSCRIPTOMIC	SINGLE	0	0	ILLUMINA	NextSeq 500	SRP547309	PRJNA1190170		1190170	SRS23335602	SAMN45028174	simple	3702	Arabidopsis thaliana	103470-001-R31-2							no					WAGENINGEN UNIVERSITY & RESEARCH	SRA2021007		public	0E7757A5393F93875724C43B26BF73CA	2F67ECDBE09D3429DA296AD631C875B6	https://www.ncbi.nlm.nih.gov/sra/?term=SRR31484307	https://www.ncbi.nlm.nih.gov/bioproject/PRJNA1190170	https://www.ncbi.nlm.nih.gov/biosample/SAMN45028174	https://www.ncbi.nlm.nih.gov/sra/?term=SRX26852515	https://sra-downloadb.be-md.ncbi.nlm.nih.gov/sos7/sra-pub-zq-41/SRR031/31484/SRR31484307/SRR31484307.lite.1	880	
36	SRR31484308	2025-10-28 06:27:04	2024-11-25 03:37:37	16493324	1253492624	0	76	477		https://sra-downloadb.be-md.ncbi.nlm.nih.gov/sos7/sra-pub-zq-41/SRR031/31484/SRR31484308/SRR31484308.lite.1	SRX26852514	103470-001-057	RNA-Seq	cDNA_oligo_dT	TRANSCRIPTOMIC	SINGLE	0	0	ILLUMINA	NextSeq 500	SRP547309	PRJNA1190170		1190170	SRS23335601	SAMN45028200	simple	3702	Arabidopsis thaliana	103470-001-057							no					WAGENINGEN UNIVERSITY & RESEARCH	SRA2021007		public	76D974F4C307F08B99B4C2BEFB89A318	4E1F41D029B2AD045D1E29877A2DAE21	https://www.ncbi.nlm.nih.gov/sra/?term=SRR31484308	https://www.ncbi.nlm.nih.gov/bioproject/PRJNA1190170	https://www.ncbi.nlm.nih.gov/biosample/SAMN45028200	https://www.ncbi.nlm.nih.gov/sra/?term=SRX26852514	https://sra-downloadb.be-md.ncbi.nlm.nih.gov/sos7/sra-pub-zq-41/SRR031/31484/SRR31484308/SRR31484308.lite.1	881	
37	SRR31484309	2025-10-28 06:27:04	2024-11-25 03:38:19	17584449	1336418124	0	76	505		https://sra-downloadb.be-md.ncbi.nlm.nih.gov/sos7/sra-pub-zq-41/SRR031/31484/SRR31484309/SRR31484309.lite.1	SRX26852513	103470-001-056	RNA-Seq	cDNA_oligo_dT	TRANSCRIPTOMIC	SINGLE	0	0	ILLUMINA	NextSeq 500	SRP547309	PRJNA1190170		1190170	SRS23335600	SAMN45028199	simple	3702	Arabidopsis thaliana	103470-001-056							no					WAGENINGEN UNIVERSITY & RESEARCH	SRA2021007		public	8FF5C08343E26608B08A606CF977E800	35E1267CC86576AB2D814FFB4391F091	https://www.ncbi.nlm.nih.gov/sra/?term=SRR31484309	https://www.ncbi.nlm.nih.gov/bioproject/PRJNA1190170	https://www.ncbi.nlm.nih.gov/biosample/SAMN45028199	https://www.ncbi.nlm.nih.gov/sra/?term=SRX26852513	https://sra-downloadb.be-md.ncbi.nlm.nih.gov/sos7/sra-pub-zq-41/SRR031/31484/SRR31484309/SRR31484309.lite.1	882	
38	SRR31484310	2025-10-28 06:27:05	2024-11-25 03:32:08	17332538	1317272888	0	76	502		https://sra-downloadb.be-md.ncbi.nlm.nih.gov/sos7/sra-pub-zq-41/SRR031/31484/SRR31484310/SRR31484310.lite.1	SRX26852512	103470-001-R55-2	RNA-Seq	cDNA_oligo_dT	TRANSCRIPTOMIC	SINGLE	0	0	ILLUMINA	NextSeq 500	SRP547309	PRJNA1190170		1190170	SRS23335599	SAMN45028198	simple	3702	Arabidopsis thaliana	103470-001-R55-2							no					WAGENINGEN UNIVERSITY & RESEARCH	SRA2021007		public	0EF262788D511406480F99998FCB03F4	7DC33E5E2981E7B559196005E043C458	https://www.ncbi.nlm.nih.gov/sra/?term=SRR31484310	https://www.ncbi.nlm.nih.gov/bioproject/PRJNA1190170	https://www.ncbi.nlm.nih.gov/biosample/SAMN45028198	https://www.ncbi.nlm.nih.gov/sra/?term=SRX26852512	https://sra-downloadb.be-md.ncbi.nlm.nih.gov/sos7/sra-pub-zq-41/SRR031/31484/SRR31484310/SRR31484310.lite.1	883	
39	SRR31484311	2025-10-28 06:27:05	2024-11-25 03:37:36	16238783	1234147508	0	76	470		https://sra-downloadb.be-md.ncbi.nlm.nih.gov/sos7/sra-pub-zq-41/SRR031/31484/SRR31484311/SRR31484311.lite.1	SRX26852511	103470-001-054	RNA-Seq	cDNA_oligo_dT	TRANSCRIPTOMIC	SINGLE	0	0	ILLUMINA	NextSeq 500	SRP547309	PRJNA1190170		1190170	SRS23335598	SAMN45028197	simple	3702	Arabidopsis thaliana	103470-001-054							no					WAGENINGEN UNIVERSITY & RESEARCH	SRA2021007		public	B045D6B3128FB09603EC392AAE520876	A15D0AB68E8812073EA964200039E839	https://www.ncbi.nlm.nih.gov/sra/?term=SRR31484311	https://www.ncbi.nlm.nih.gov/bioproject/PRJNA1190170	https://www.ncbi.nlm.nih.gov/biosample/SAMN45028197	https://www.ncbi.nlm.nih.gov/sra/?term=SRX26852511	https://sra-downloadb.be-md.ncbi.nlm.nih.gov/sos7/sra-pub-zq-41/SRR031/31484/SRR31484311/SRR31484311.lite.1	884	
40	SRR31484312	2025-10-28 06:27:05	2024-11-25 03:38:00	15432873	1172898348	0	76	445		https://sra-downloadb.be-md.ncbi.nlm.nih.gov/sos7/sra-pub-zq-41/SRR031/31484/SRR31484312/SRR31484312.lite.1	SRX26852510	103470-001-053	RNA-Seq	cDNA_oligo_dT	TRANSCRIPTOMIC	SINGLE	0	0	ILLUMINA	NextSeq 500	SRP547309	PRJNA1190170		1190170	SRS23335597	SAMN45028196	simple	3702	Arabidopsis thaliana	103470-001-053							no					WAGENINGEN UNIVERSITY & RESEARCH	SRA2021007		public	498B9A02E5B9AA00DB682BE9709FC43A	EA38EB6D6E8678C5D773FD986900114A	https://www.ncbi.nlm.nih.gov/sra/?term=SRR31484312	https://www.ncbi.nlm.nih.gov/bioproject/PRJNA1190170	https://www.ncbi.nlm.nih.gov/biosample/SAMN45028196	https://www.ncbi.nlm.nih.gov/sra/?term=SRX26852510	https://sra-downloadb.be-md.ncbi.nlm.nih.gov/sos7/sra-pub-zq-41/SRR031/31484/SRR31484312/SRR31484312.lite.1	885	
41	SRR31484313	2025-10-28 06:27:05	2024-11-25 03:47:28	15534559	1180626484	0	76	448		https://sra-downloadb.be-md.ncbi.nlm.nih.gov/sos7/sra-pub-zq-41/SRR031/31484/SRR31484313/SRR31484313.lite.1	SRX26852509	103470-001-052	RNA-Seq	cDNA_oligo_dT	TRANSCRIPTOMIC	SINGLE	0	0	ILLUMINA	NextSeq 500	SRP547309	PRJNA1190170		1190170	SRS23335596	SAMN45028195	simple	3702	Arabidopsis thaliana	103470-001-052							no					WAGENINGEN UNIVERSITY & RESEARCH	SRA2021007		public	6D1895A1B32B7FCA3463F4847FDD8B17	D5D3E2C1CADE90E7DE229DC1394003A1	https://www.ncbi.nlm.nih.gov/sra/?term=SRR31484313	https://www.ncbi.nlm.nih.gov/bioproject/PRJNA1190170	https://www.ncbi.nlm.nih.gov/biosample/SAMN45028195	https://www.ncbi.nlm.nih.gov/sra/?term=SRX26852509	https://sra-downloadb.be-md.ncbi.nlm.nih.gov/sos7/sra-pub-zq-41/SRR031/31484/SRR31484313/SRR31484313.lite.1	886	
42	SRR31484314	2025-10-28 06:27:05	2024-11-25 03:59:45	15995173	1215633148	0	76	461		https://sra-downloadb.be-md.ncbi.nlm.nih.gov/sos7/sra-pub-zq-41/SRR031/31484/SRR31484314/SRR31484314.lite.1	SRX26852508	103470-001-051	RNA-Seq	cDNA_oligo_dT	TRANSCRIPTOMIC	SINGLE	0	0	ILLUMINA	NextSeq 500	SRP547309	PRJNA1190170		1190170	SRS23335595	SAMN45028194	simple	3702	Arabidopsis thaliana	103470-001-051							no					WAGENINGEN UNIVERSITY & RESEARCH	SRA2021007		public	7BF7F056543FB06FA7C07E8227474922	7FF92F25DE03EFDE7B491E6C2725DBEF	https://www.ncbi.nlm.nih.gov/sra/?term=SRR31484314	https://www.ncbi.nlm.nih.gov/bioproject/PRJNA1190170	https://www.ncbi.nlm.nih.gov/biosample/SAMN45028194	https://www.ncbi.nlm.nih.gov/sra/?term=SRX26852508	https://sra-downloadb.be-md.ncbi.nlm.nih.gov/sos7/sra-pub-zq-41/SRR031/31484/SRR31484314/SRR31484314.lite.1	887	
43	SRR31484315	2025-10-28 06:27:05	2024-11-25 03:59:41	18373134	1396358184	0	76	531		https://sra-downloadb.be-md.ncbi.nlm.nih.gov/sos7/sra-pub-zq-41/SRR031/31484/SRR31484315/SRR31484315.lite.1	SRX26852507	103470-001-050	RNA-Seq	cDNA_oligo_dT	TRANSCRIPTOMIC	SINGLE	0	0	ILLUMINA	NextSeq 500	SRP547309	PRJNA1190170		1190170	SRS23335594	SAMN45028193	simple	3702	Arabidopsis thaliana	103470-001-050							no					WAGENINGEN UNIVERSITY & RESEARCH	SRA2021007		public	6497017690666ED7FACE56250A8184E1	B6B8D78C1980CC6FD4ED4380AEDCD366	https://www.ncbi.nlm.nih.gov/sra/?term=SRR31484315	https://www.ncbi.nlm.nih.gov/bioproject/PRJNA1190170	https://www.ncbi.nlm.nih.gov/biosample/SAMN45028193	https://www.ncbi.nlm.nih.gov/sra/?term=SRX26852507	https://sra-downloadb.be-md.ncbi.nlm.nih.gov/sos7/sra-pub-zq-41/SRR031/31484/SRR31484315/SRR31484315.lite.1	888	
44	SRR31484316	2025-10-28 06:27:05	2024-11-25 03:48:22	19338907	1469756932	0	76	555		https://sra-downloadb.be-md.ncbi.nlm.nih.gov/sos7/sra-pub-zq-41/SRR031/31484/SRR31484316/SRR31484316.lite.1	SRX26852506	103470-001-049	RNA-Seq	cDNA_oligo_dT	TRANSCRIPTOMIC	SINGLE	0	0	ILLUMINA	NextSeq 500	SRP547309	PRJNA1190170		1190170	SRS23335593	SAMN45028192	simple	3702	Arabidopsis thaliana	103470-001-049							no					WAGENINGEN UNIVERSITY & RESEARCH	SRA2021007		public	737029379CCD5174DF56B008118D41EA	BB56B832E88704140BF75A9AD7C6C149	https://www.ncbi.nlm.nih.gov/sra/?term=SRR31484316	https://www.ncbi.nlm.nih.gov/bioproject/PRJNA1190170	https://www.ncbi.nlm.nih.gov/biosample/SAMN45028192	https://www.ncbi.nlm.nih.gov/sra/?term=SRX26852506	https://sra-downloadb.be-md.ncbi.nlm.nih.gov/sos7/sra-pub-zq-41/SRR031/31484/SRR31484316/SRR31484316.lite.1	889	
45	SRR31484317	2025-10-28 06:27:05	2024-11-25 03:24:55	21492172	1633405072	0	76	613		https://sra-downloadb.be-md.ncbi.nlm.nih.gov/sos7/sra-pub-zq-41/SRR031/31484/SRR31484317/SRR31484317.lite.1	SRX26852505	103470-001-048	RNA-Seq	cDNA_oligo_dT	TRANSCRIPTOMIC	SINGLE	0	0	ILLUMINA	NextSeq 500	SRP547309	PRJNA1190170		1190170	SRS23335592	SAMN45028191	simple	3702	Arabidopsis thaliana	103470-001-048							no					WAGENINGEN UNIVERSITY & RESEARCH	SRA2021007		public	6919794827F5293705F23C4CFFE9EFEF	A75B94FFD72E686228A8D70D9E262BAE	https://www.ncbi.nlm.nih.gov/sra/?term=SRR31484317	https://www.ncbi.nlm.nih.gov/bioproject/PRJNA1190170	https://www.ncbi.nlm.nih.gov/biosample/SAMN45028191	https://www.ncbi.nlm.nih.gov/sra/?term=SRX26852505	https://sra-downloadb.be-md.ncbi.nlm.nih.gov/sos7/sra-pub-zq-41/SRR031/31484/SRR31484317/SRR31484317.lite.1	891	
46	SRR31484318	2025-10-28 06:27:05	2024-11-25 03:55:33	19301668	1466926768	0	76	559		https://sra-downloadb.be-md.ncbi.nlm.nih.gov/sos7/sra-pub-zq-41/SRR031/31484/SRR31484318/SRR31484318.lite.1	SRX26852504	103470-001-030	RNA-Seq	cDNA_oligo_dT	TRANSCRIPTOMIC	SINGLE	0	0	ILLUMINA	NextSeq 500	SRP547309	PRJNA1190170		1190170	SRS23335591	SAMN45028173	simple	3702	Arabidopsis thaliana	103470-001-030							no					WAGENINGEN UNIVERSITY & RESEARCH	SRA2021007		public	D1277058A89267604923514683127AEB	05D7A5C10F6FF845A3205DCF6FDBB3A7	https://www.ncbi.nlm.nih.gov/sra/?term=SRR31484318	https://www.ncbi.nlm.nih.gov/bioproject/PRJNA1190170	https://www.ncbi.nlm.nih.gov/biosample/SAMN45028173	https://www.ncbi.nlm.nih.gov/sra/?term=SRX26852504	https://sra-downloadb.be-md.ncbi.nlm.nih.gov/sos7/sra-pub-zq-41/SRR031/31484/SRR31484318/SRR31484318.lite.1	892	
47	SRR31484319	2025-10-28 06:27:05	2024-11-25 03:22:17	18667966	1418765416	0	76	534		https://sra-downloadb.be-md.ncbi.nlm.nih.gov/sos7/sra-pub-zq-41/SRR031/31484/SRR31484319/SRR31484319.lite.1	SRX26852503	103470-001-047	RNA-Seq	cDNA_oligo_dT	TRANSCRIPTOMIC	SINGLE	0	0	ILLUMINA	NextSeq 500	SRP547309	PRJNA1190170		1190170	SRS23335590	SAMN45028190	simple	3702	Arabidopsis thaliana	103470-001-047							no					WAGENINGEN UNIVERSITY & RESEARCH	SRA2021007		public	A909216917DFBB702B133907B44558C7	3C93433258AA4C450958D10CBA7F2ADE	https://www.ncbi.nlm.nih.gov/sra/?term=SRR31484319	https://www.ncbi.nlm.nih.gov/bioproject/PRJNA1190170	https://www.ncbi.nlm.nih.gov/biosample/SAMN45028190	https://www.ncbi.nlm.nih.gov/sra/?term=SRX26852503	https://sra-downloadb.be-md.ncbi.nlm.nih.gov/sos7/sra-pub-zq-41/SRR031/31484/SRR31484319/SRR31484319.lite.1	893	
48	SRR31484320	2025-10-28 06:27:05	2024-11-25 03:45:55	16776236	1274993936	0	76	489		https://sra-downloadb.be-md.ncbi.nlm.nih.gov/sos7/sra-pub-zq-41/SRR031/31484/SRR31484320/SRR31484320.lite.1	SRX26852502	103470-001-046	RNA-Seq	cDNA_oligo_dT	TRANSCRIPTOMIC	SINGLE	0	0	ILLUMINA	NextSeq 500	SRP547309	PRJNA1190170		1190170	SRS23335589	SAMN45028189	simple	3702	Arabidopsis thaliana	103470-001-046							no					WAGENINGEN UNIVERSITY & RESEARCH	SRA2021007		public	C313B0BC9C52EF32CAD2BA21B3F8E435	20880AE66DCE8B876EDA2ED869475579	https://www.ncbi.nlm.nih.gov/sra/?term=SRR31484320	https://www.ncbi.nlm.nih.gov/bioproject/PRJNA1190170	https://www.ncbi.nlm.nih.gov/biosample/SAMN45028189	https://www.ncbi.nlm.nih.gov/sra/?term=SRX26852502	https://sra-downloadb.be-md.ncbi.nlm.nih.gov/sos7/sra-pub-zq-41/SRR031/31484/SRR31484320/SRR31484320.lite.1	894	
49	SRR31484321	2025-10-28 06:27:05	2024-11-25 03:22:57	27732151	2107643476	0	76	784		https://sra-downloadb.be-md.ncbi.nlm.nih.gov/sos7/sra-pub-zq-41/SRR031/31484/SRR31484321/SRR31484321.lite.1	SRX26852501	103470-001-045	RNA-Seq	cDNA_oligo_dT	TRANSCRIPTOMIC	SINGLE	0	0	ILLUMINA	NextSeq 500	SRP547309	PRJNA1190170		1190170	SRS23335588	SAMN45028188	simple	3702	Arabidopsis thaliana	103470-001-045							no					WAGENINGEN UNIVERSITY & RESEARCH	SRA2021007		public	D89D14B7BBB08CA91E0FAAF2E8B98640	4398DD906F3961BCFF8B3CC688FB045F	https://www.ncbi.nlm.nih.gov/sra/?term=SRR31484321	https://www.ncbi.nlm.nih.gov/bioproject/PRJNA1190170	https://www.ncbi.nlm.nih.gov/biosample/SAMN45028188	https://www.ncbi.nlm.nih.gov/sra/?term=SRX26852501	https://sra-downloadb.be-md.ncbi.nlm.nih.gov/sos7/sra-pub-zq-41/SRR031/31484/SRR31484321/SRR31484321.lite.1	895	
50	SRR31484322	2025-10-28 06:27:05	2024-11-25 03:47:19	19295363	1466447588	0	76	552		https://sra-downloadb.be-md.ncbi.nlm.nih.gov/sos7/sra-pub-zq-41/SRR031/31484/SRR31484322/SRR31484322.lite.1	SRX26852500	103470-001-044	RNA-Seq	cDNA_oligo_dT	TRANSCRIPTOMIC	SINGLE	0	0	ILLUMINA	NextSeq 500	SRP547309	PRJNA1190170		1190170	SRS23335587	SAMN45028187	simple	3702	Arabidopsis thaliana	103470-001-044							no					WAGENINGEN UNIVERSITY & RESEARCH	SRA2021007		public	6492460A36972822E3744A5830BEED97	968C57361139150C50BD5121C3C82A69	https://www.ncbi.nlm.nih.gov/sra/?term=SRR31484322	https://www.ncbi.nlm.nih.gov/bioproject/PRJNA1190170	https://www.ncbi.nlm.nih.gov/biosample/SAMN45028187	https://www.ncbi.nlm.nih.gov/sra/?term=SRX26852500	https://sra-downloadb.be-md.ncbi.nlm.nih.gov/sos7/sra-pub-zq-41/SRR031/31484/SRR31484322/SRR31484322.lite.1	896	
51	SRR31484323	2025-10-28 06:27:05	2024-11-25 03:47:47	16444147	1249755172	0	76	476		https://sra-downloadb.be-md.ncbi.nlm.nih.gov/sos7/sra-pub-zq-41/SRR031/31484/SRR31484323/SRR31484323.lite.1	SRX26852499	103470-001-043	RNA-Seq	cDNA_oligo_dT	TRANSCRIPTOMIC	SINGLE	0	0	ILLUMINA	NextSeq 500	SRP547309	PRJNA1190170		1190170	SRS23335586	SAMN45028186	simple	3702	Arabidopsis thaliana	103470-001-043							no					WAGENINGEN UNIVERSITY & RESEARCH	SRA2021007		public	EE71D2E9F9413C3C1AA356E36CAF1120	CA899F3A90329DFD263166557C48AB13	https://www.ncbi.nlm.nih.gov/sra/?term=SRR31484323	https://www.ncbi.nlm.nih.gov/bioproject/PRJNA1190170	https://www.ncbi.nlm.nih.gov/biosample/SAMN45028186	https://www.ncbi.nlm.nih.gov/sra/?term=SRX26852499	https://sra-downloadb.be-md.ncbi.nlm.nih.gov/sos7/sra-pub-zq-41/SRR031/31484/SRR31484323/SRR31484323.lite.1	897	
52	SRR31484324	2025-10-28 06:27:05	2024-11-25 03:47:28	15458553	1174850028	0	76	450		https://sra-downloadb.be-md.ncbi.nlm.nih.gov/sos7/sra-pub-zq-41/SRR031/31484/SRR31484324/SRR31484324.lite.1	SRX26852498	103470-001-042	RNA-Seq	cDNA_oligo_dT	TRANSCRIPTOMIC	SINGLE	0	0	ILLUMINA	NextSeq 500	SRP547309	PRJNA1190170		1190170	SRS23335585	SAMN45028185	simple	3702	Arabidopsis thaliana	103470-001-042							no					WAGENINGEN UNIVERSITY & RESEARCH	SRA2021007		public	1CE13B0703E1D0EA9E1B4A610DB0F344	ED201D237999DB695476FF46B72EE56D	https://www.ncbi.nlm.nih.gov/sra/?term=SRR31484324	https://www.ncbi.nlm.nih.gov/bioproject/PRJNA1190170	https://www.ncbi.nlm.nih.gov/biosample/SAMN45028185	https://www.ncbi.nlm.nih.gov/sra/?term=SRX26852498	https://sra-downloadb.be-md.ncbi.nlm.nih.gov/sos7/sra-pub-zq-41/SRR031/31484/SRR31484324/SRR31484324.lite.1	898	
53	SRR31484325	2025-10-28 06:27:05	2024-11-25 03:47:46	17079579	1298048004	0	76	496		https://sra-downloadb.be-md.ncbi.nlm.nih.gov/sos7/sra-pub-zq-41/SRR031/31484/SRR31484325/SRR31484325.lite.1	SRX26852497	103470-001-041	RNA-Seq	cDNA_oligo_dT	TRANSCRIPTOMIC	SINGLE	0	0	ILLUMINA	NextSeq 500	SRP547309	PRJNA1190170		1190170	SRS23335584	SAMN45028184	simple	3702	Arabidopsis thaliana	103470-001-041							no					WAGENINGEN UNIVERSITY & RESEARCH	SRA2021007		public	4BCF0A807C0A6AB059A604C5CDC07A3B	C80A4C85AA210B0D1E78CDF348F40ADF	https://www.ncbi.nlm.nih.gov/sra/?term=SRR31484325	https://www.ncbi.nlm.nih.gov/bioproject/PRJNA1190170	https://www.ncbi.nlm.nih.gov/biosample/SAMN45028184	https://www.ncbi.nlm.nih.gov/sra/?term=SRX26852497	https://sra-downloadb.be-md.ncbi.nlm.nih.gov/sos7/sra-pub-zq-41/SRR031/31484/SRR31484325/SRR31484325.lite.1	900	
54	SRR31484326	2025-10-28 06:27:05	2024-11-25 03:31:57	17603753	1337885228	0	76	505		https://sra-downloadb.be-md.ncbi.nlm.nih.gov/sos7/sra-pub-zq-41/SRR031/31484/SRR31484326/SRR31484326.lite.1	SRX26852496	103470-001-R40-2	RNA-Seq	cDNA_oligo_dT	TRANSCRIPTOMIC	SINGLE	0	0	ILLUMINA	NextSeq 500	SRP547309	PRJNA1190170		1190170	SRS23335583	SAMN45028183	simple	3702	Arabidopsis thaliana	103470-001-R40-2							no					WAGENINGEN UNIVERSITY & RESEARCH	SRA2021007		public	D0D6DE0F84259489F9F0759474806343	5226BA707BE700B3A33EF65FA9F66803	https://www.ncbi.nlm.nih.gov/sra/?term=SRR31484326	https://www.ncbi.nlm.nih.gov/bioproject/PRJNA1190170	https://www.ncbi.nlm.nih.gov/biosample/SAMN45028183	https://www.ncbi.nlm.nih.gov/sra/?term=SRX26852496	https://sra-downloadb.be-md.ncbi.nlm.nih.gov/sos7/sra-pub-zq-41/SRR031/31484/SRR31484326/SRR31484326.lite.1	901	
55	SRR31484327	2025-10-28 06:27:05	2024-11-25 03:46:45	14854020	1128905520	0	76	429		https://sra-downloadb.be-md.ncbi.nlm.nih.gov/sos7/sra-pub-zq-41/SRR031/31484/SRR31484327/SRR31484327.lite.1	SRX26852495	103470-001-039	RNA-Seq	cDNA_oligo_dT	TRANSCRIPTOMIC	SINGLE	0	0	ILLUMINA	NextSeq 500	SRP547309	PRJNA1190170		1190170	SRS23335582	SAMN45028182	simple	3702	Arabidopsis thaliana	103470-001-039							no					WAGENINGEN UNIVERSITY & RESEARCH	SRA2021007		public	50C6FC7FAA49C3D878FEE8645E98E525	248347CF836EF8837C80BF3BE38FE3E6	https://www.ncbi.nlm.nih.gov/sra/?term=SRR31484327	https://www.ncbi.nlm.nih.gov/bioproject/PRJNA1190170	https://www.ncbi.nlm.nih.gov/biosample/SAMN45028182	https://www.ncbi.nlm.nih.gov/sra/?term=SRX26852495	https://sra-downloadb.be-md.ncbi.nlm.nih.gov/sos7/sra-pub-zq-41/SRR031/31484/SRR31484327/SRR31484327.lite.1	902	
56	SRR31484328	2025-10-28 06:27:06	2024-11-25 03:46:02	16820327	1278344852	0	76	485		https://sra-downloadb.be-md.ncbi.nlm.nih.gov/sos7/sra-pub-zq-41/SRR031/31484/SRR31484328/SRR31484328.lite.1	SRX26852494	103470-001-038	RNA-Seq	cDNA_oligo_dT	TRANSCRIPTOMIC	SINGLE	0	0	ILLUMINA	NextSeq 500	SRP547309	PRJNA1190170		1190170	SRS23335581	SAMN45028181	simple	3702	Arabidopsis thaliana	103470-001-038							no					WAGENINGEN UNIVERSITY & RESEARCH	SRA2021007		public	C48B8AAD9E4BA80F7520F324749B2D3C	4665075FCE9E16FDA6CBEBAE39440449	https://www.ncbi.nlm.nih.gov/sra/?term=SRR31484328	https://www.ncbi.nlm.nih.gov/bioproject/PRJNA1190170	https://www.ncbi.nlm.nih.gov/biosample/SAMN45028181	https://www.ncbi.nlm.nih.gov/sra/?term=SRX26852494	https://sra-downloadb.be-md.ncbi.nlm.nih.gov/sos7/sra-pub-zq-41/SRR031/31484/SRR31484328/SRR31484328.lite.1	903	
57	SRR31484329	2025-10-28 06:27:06	2024-11-25 03:47:53	19955240	1516598240	0	76	574		https://sra-downloadb.be-md.ncbi.nlm.nih.gov/sos7/sra-pub-zq-41/SRR031/31484/SRR31484329/SRR31484329.lite.1	SRX26852493	103470-001-029	RNA-Seq	cDNA_oligo_dT	TRANSCRIPTOMIC	SINGLE	0	0	ILLUMINA	NextSeq 500	SRP547309	PRJNA1190170		1190170	SRS23335580	SAMN45028172	simple	3702	Arabidopsis thaliana	103470-001-029							no					WAGENINGEN UNIVERSITY & RESEARCH	SRA2021007		public	5FDD97A663AC638AB80519EE8733F0E0	8288C8DCD2F96AE77D0B856ECF8BFE02	https://www.ncbi.nlm.nih.gov/sra/?term=SRR31484329	https://www.ncbi.nlm.nih.gov/bioproject/PRJNA1190170	https://www.ncbi.nlm.nih.gov/biosample/SAMN45028172	https://www.ncbi.nlm.nih.gov/sra/?term=SRX26852493	https://sra-downloadb.be-md.ncbi.nlm.nih.gov/sos7/sra-pub-zq-41/SRR031/31484/SRR31484329/SRR31484329.lite.1	904	
58	SRR31484330	2025-10-28 06:27:06	2024-11-25 03:48:06	19176073	1457381548	0	76	557		https://sra-downloadb.be-md.ncbi.nlm.nih.gov/sos7/sra-pub-zq-41/SRR031/31484/SRR31484330/SRR31484330.lite.1	SRX26852492	103470-001-028	RNA-Seq	cDNA_oligo_dT	TRANSCRIPTOMIC	SINGLE	0	0	ILLUMINA	NextSeq 500	SRP547309	PRJNA1190170		1190170	SRS23335579	SAMN45028171	simple	3702	Arabidopsis thaliana	103470-001-028							no					WAGENINGEN UNIVERSITY & RESEARCH	SRA2021007		public	4CCA62A1463C9267B62C002143B8F98F	859379B8C2BCF7C78AADF067A4164658	https://www.ncbi.nlm.nih.gov/sra/?term=SRR31484330	https://www.ncbi.nlm.nih.gov/bioproject/PRJNA1190170	https://www.ncbi.nlm.nih.gov/biosample/SAMN45028171	https://www.ncbi.nlm.nih.gov/sra/?term=SRX26852492	https://sra-downloadb.be-md.ncbi.nlm.nih.gov/sos7/sra-pub-zq-41/SRR031/31484/SRR31484330/SRR31484330.lite.1	905	
59	SRR3478301	2017-01-11 16:18:10	2016-05-05 19:30:24	12494055	624702750	0	50	370		https://sra-downloadb.be-md.ncbi.nlm.nih.gov/sos5/sra-pub-zq-14/SRR003/478/SRR3478301.sralite.1	SRX1744443		RNA-Seq	cDNA	TRANSCRIPTOMIC	SINGLE	0	0	ILLUMINA	Illumina HiSeq 2000	SRP074436	PRJNA320769	2	320769	SRS1423590	SAMN04957321	simple	3702	Arabidopsis thaliana	GSM2144051							no					GEO	SRA423701		public	1906E7B85AC72D90240E400BC0B38659	6032138CAE522A24C44E189A04AB834A	https://www.ncbi.nlm.nih.gov/sra/?term=SRR3478301	https://www.ncbi.nlm.nih.gov/bioproject/PRJNA320769	https://www.ncbi.nlm.nih.gov/biosample/SAMN04957321	https://www.ncbi.nlm.nih.gov/sra/?term=SRX1744443	https://sra-downloadb.be-md.ncbi.nlm.nih.gov/sos5/sra-pub-zq-14/SRR003/478/SRR3478301.sralite.1	953	
60	SRR3478302	2017-01-11 16:18:10	2016-05-05 19:31:06	17313414	865670700	0	50	524		https://sra-downloadb.be-md.ncbi.nlm.nih.gov/sos5/sra-pub-zq-14/SRR003/478/SRR3478302.sralite.1	SRX1744444		RNA-Seq	cDNA	TRANSCRIPTOMIC	SINGLE	0	0	ILLUMINA	Illumina HiSeq 2000	SRP074436	PRJNA320769	2	320769	SRS1423591	SAMN04957322	simple	3702	Arabidopsis thaliana	GSM2144052							no					GEO	SRA423701		public	D752384BE3379D6A28329E3517017860	3BE3B11CA88211012ED199AA13125BB9	https://www.ncbi.nlm.nih.gov/sra/?term=SRR3478302	https://www.ncbi.nlm.nih.gov/bioproject/PRJNA320769	https://www.ncbi.nlm.nih.gov/biosample/SAMN04957322	https://www.ncbi.nlm.nih.gov/sra/?term=SRX1744444	https://sra-downloadb.be-md.ncbi.nlm.nih.gov/sos5/sra-pub-zq-14/SRR003/478/SRR3478302.sralite.1	954	
61	SRR3478303	2017-01-11 16:18:10	2016-05-05 19:29:51	15315438	765771900	0	50	453		https://sra-downloadb.be-md.ncbi.nlm.nih.gov/sos5/sra-pub-zq-14/SRR003/478/SRR3478303.sralite.1	SRX1744445		RNA-Seq	cDNA	TRANSCRIPTOMIC	SINGLE	0	0	ILLUMINA	Illumina HiSeq 2000	SRP074436	PRJNA320769	2	320769	SRS1423593	SAMN04957323	simple	3702	Arabidopsis thaliana	GSM2144053							no					GEO	SRA423701		public	6DEBB1773EF24D68B5F3E7FDD04CD069	72D9F34D5C9C0F19FD3728EA8E5A5A74	https://www.ncbi.nlm.nih.gov/sra/?term=SRR3478303	https://www.ncbi.nlm.nih.gov/bioproject/PRJNA320769	https://www.ncbi.nlm.nih.gov/biosample/SAMN04957323	https://www.ncbi.nlm.nih.gov/sra/?term=SRX1744445	https://sra-downloadb.be-md.ncbi.nlm.nih.gov/sos5/sra-pub-zq-14/SRR003/478/SRR3478303.sralite.1	955	
62	SRR3478304	2017-01-11 16:18:10	2016-05-05 19:29:36	11942764	597138200	0	50	355		https://sra-downloadb.be-md.ncbi.nlm.nih.gov/sos5/sra-pub-zq-14/SRR003/478/SRR3478304.sralite.1	SRX1744446		RNA-Seq	cDNA	TRANSCRIPTOMIC	SINGLE	0	0	ILLUMINA	Illumina HiSeq 2000	SRP074436	PRJNA320769	2	320769	SRS1423592	SAMN04957324	simple	3702	Arabidopsis thaliana	GSM2144054							no					GEO	SRA423701		public	C98D07B878A6615DA4AAE0CB100A0367	C76DD703F838D3A4182F86F803733481	https://www.ncbi.nlm.nih.gov/sra/?term=SRR3478304	https://www.ncbi.nlm.nih.gov/bioproject/PRJNA320769	https://www.ncbi.nlm.nih.gov/biosample/SAMN04957324	https://www.ncbi.nlm.nih.gov/sra/?term=SRX1744446	https://sra-downloadb.be-md.ncbi.nlm.nih.gov/sos5/sra-pub-zq-14/SRR003/478/SRR3478304.sralite.1	956	
63	SRR3478305	2017-01-11 16:18:10	2016-05-05 19:29:55	14780876	739043800	0	50	439		https://sra-downloadb.be-md.ncbi.nlm.nih.gov/sos5/sra-pub-zq-11/SRR003/478/SRR3478305/SRR3478305.sralite.1	SRX1744447		RNA-Seq	cDNA	TRANSCRIPTOMIC	SINGLE	0	0	ILLUMINA	Illumina HiSeq 2000	SRP074436	PRJNA320769	2	320769	SRS1423594	SAMN04957325	simple	3702	Arabidopsis thaliana	GSM2144055							no					GEO	SRA423701		public	6EF85BBC7517A29D8E7A014C0E06E032	0E0BE0147BE6E2956B5BF4E1AF77E189	https://www.ncbi.nlm.nih.gov/sra/?term=SRR3478305	https://www.ncbi.nlm.nih.gov/bioproject/PRJNA320769	https://www.ncbi.nlm.nih.gov/biosample/SAMN04957325	https://www.ncbi.nlm.nih.gov/sra/?term=SRX1744447	https://sra-downloadb.be-md.ncbi.nlm.nih.gov/sos5/sra-pub-zq-11/SRR003/478/SRR3478305/SRR3478305.sralite.1	958	
64	SRR3478306	2017-01-11 16:18:10	2016-05-05 19:29:41	13538483	676924150	0	50	402		https://sra-downloadb.be-md.ncbi.nlm.nih.gov/sos5/sra-pub-zq-14/SRR003/478/SRR3478306.sralite.1	SRX1744448		RNA-Seq	cDNA	TRANSCRIPTOMIC	SINGLE	0	0	ILLUMINA	Illumina HiSeq 2000	SRP074436	PRJNA320769	2	320769	SRS1423595	SAMN04957326	simple	3702	Arabidopsis thaliana	GSM2144056							no					GEO	SRA423701		public	2254EEFB64CB7394B0E1E1E720619A9F	E4C75A608D5AA57F65C5E88AF597B837	https://www.ncbi.nlm.nih.gov/sra/?term=SRR3478306	https://www.ncbi.nlm.nih.gov/bioproject/PRJNA320769	https://www.ncbi.nlm.nih.gov/biosample/SAMN04957326	https://www.ncbi.nlm.nih.gov/sra/?term=SRX1744448	https://sra-downloadb.be-md.ncbi.nlm.nih.gov/sos5/sra-pub-zq-14/SRR003/478/SRR3478306.sralite.1	959	
65	SRR3478307	2017-01-11 16:18:10	2016-05-05 19:31:45	18924558	946227900	0	50	561		https://sra-downloadb.be-md.ncbi.nlm.nih.gov/sos5/sra-pub-zq-11/SRR003/478/SRR3478307/SRR3478307.sralite.1	SRX1744449		RNA-Seq	cDNA	TRANSCRIPTOMIC	SINGLE	0	0	ILLUMINA	Illumina HiSeq 2000	SRP074436	PRJNA320769	2	320769	SRS1423596	SAMN04957327	simple	3702	Arabidopsis thaliana	GSM2144057							no					GEO	SRA423701		public	496B4F57034AD6F46DA2156E48F5615B	49E0A0622B863C9022038766DE7BA135	https://www.ncbi.nlm.nih.gov/sra/?term=SRR3478307	https://www.ncbi.nlm.nih.gov/bioproject/PRJNA320769	https://www.ncbi.nlm.nih.gov/biosample/SAMN04957327	https://www.ncbi.nlm.nih.gov/sra/?term=SRX1744449	https://sra-downloadb.be-md.ncbi.nlm.nih.gov/sos5/sra-pub-zq-11/SRR003/478/SRR3478307/SRR3478307.sralite.1	960	
66	SRR3478308	2017-01-11 16:18:10	2016-05-05 19:30:58	15237346	761867300	0	50	453		https://sra-downloadb.be-md.ncbi.nlm.nih.gov/sos5/sra-pub-zq-14/SRR003/478/SRR3478308.sralite.1	SRX1744450		RNA-Seq	cDNA	TRANSCRIPTOMIC	SINGLE	0	0	ILLUMINA	Illumina HiSeq 2000	SRP074436	PRJNA320769	2	320769	SRS1423597	SAMN04957328	simple	3702	Arabidopsis thaliana	GSM2144058							no					GEO	SRA423701		public			https://www.ncbi.nlm.nih.gov/sra/?term=SRR3478308	https://www.ncbi.nlm.nih.gov/bioproject/PRJNA320769	https://www.ncbi.nlm.nih.gov/biosample/SAMN04957328	https://www.ncbi.nlm.nih.gov/sra/?term=SRX1744450	https://sra-downloadb.be-md.ncbi.nlm.nih.gov/sos5/sra-pub-zq-14/SRR003/478/SRR3478308.sralite.1	961	
67	SRR3478309	2017-01-11 16:18:10	2016-05-05 19:30:50	14792184	739609200	0	50	437		https://sra-downloadb.be-md.ncbi.nlm.nih.gov/sos5/sra-pub-zq-11/SRR003/478/SRR3478309/SRR3478309.sralite.1	SRX1744451		RNA-Seq	cDNA	TRANSCRIPTOMIC	SINGLE	0	0	ILLUMINA	Illumina HiSeq 2000	SRP074436	PRJNA320769	2	320769	SRS1423599	SAMN04957329	simple	3702	Arabidopsis thaliana	GSM2144059							no					GEO	SRA423701		public	474FB231D6FBE8E49B86099B185E961C	4E2FB57509521809FD935FD88ED3A232	https://www.ncbi.nlm.nih.gov/sra/?term=SRR3478309	https://www.ncbi.nlm.nih.gov/bioproject/PRJNA320769	https://www.ncbi.nlm.nih.gov/biosample/SAMN04957329	https://www.ncbi.nlm.nih.gov/sra/?term=SRX1744451	https://sra-downloadb.be-md.ncbi.nlm.nih.gov/sos5/sra-pub-zq-11/SRR003/478/SRR3478309/SRR3478309.sralite.1	962	
68	SRR3478310	2017-01-11 16:18:10	2016-05-05 19:31:23	17655909	882795450	0	50	538		https://sra-downloadb.be-md.ncbi.nlm.nih.gov/sos5/sra-pub-zq-14/SRR003/478/SRR3478310.sralite.1	SRX1744452		RNA-Seq	cDNA	TRANSCRIPTOMIC	SINGLE	0	0	ILLUMINA	Illumina HiSeq 2000	SRP074436	PRJNA320769	2	320769	SRS1423598	SAMN04957330	simple	3702	Arabidopsis thaliana	GSM2144060							no					GEO	SRA423701		public	30D91586429D9CC3D33B9F8CE3C326C6	FA55514392F4A363830A0A1421BD65C8	https://www.ncbi.nlm.nih.gov/sra/?term=SRR3478310	https://www.ncbi.nlm.nih.gov/bioproject/PRJNA320769	https://www.ncbi.nlm.nih.gov/biosample/SAMN04957330	https://www.ncbi.nlm.nih.gov/sra/?term=SRX1744452	https://sra-downloadb.be-md.ncbi.nlm.nih.gov/sos5/sra-pub-zq-14/SRR003/478/SRR3478310.sralite.1	963	
69	SRR3478311	2017-01-11 16:18:10	2016-05-05 19:29:56	16152507	807625350	0	50	477		https://sra-downloadb.be-md.ncbi.nlm.nih.gov/sos5/sra-pub-zq-14/SRR003/478/SRR3478311.sralite.1	SRX1744453		RNA-Seq	cDNA	TRANSCRIPTOMIC	SINGLE	0	0	ILLUMINA	Illumina HiSeq 2000	SRP074436	PRJNA320769	2	320769	SRS1423600	SAMN04957331	simple	3702	Arabidopsis thaliana	GSM2144061							no					GEO	SRA423701		public	AEFBC899F6916C522C7102AE36E0D6C5	FD5EF775BF46951366601D8C84C85184	https://www.ncbi.nlm.nih.gov/sra/?term=SRR3478311	https://www.ncbi.nlm.nih.gov/bioproject/PRJNA320769	https://www.ncbi.nlm.nih.gov/biosample/SAMN04957331	https://www.ncbi.nlm.nih.gov/sra/?term=SRX1744453	https://sra-downloadb.be-md.ncbi.nlm.nih.gov/sos5/sra-pub-zq-14/SRR003/478/SRR3478311.sralite.1	964	
70	SRR3478312	2017-01-11 16:18:10	2016-05-05 19:30:48	15330835	766541750	0	50	455		https://sra-downloadb.be-md.ncbi.nlm.nih.gov/sos5/sra-pub-zq-14/SRR003/478/SRR3478312.sralite.1	SRX1744454		RNA-Seq	cDNA	TRANSCRIPTOMIC	SINGLE	0	0	ILLUMINA	Illumina HiSeq 2000	SRP074436	PRJNA320769	2	320769	SRS1423601	SAMN04957332	simple	3702	Arabidopsis thaliana	GSM2144062							no					GEO	SRA423701		public	77257FE06780147F40080907887C8C26	B0DA347C644522DFD5DD566C4047E7D3	https://www.ncbi.nlm.nih.gov/sra/?term=SRR3478312	https://www.ncbi.nlm.nih.gov/bioproject/PRJNA320769	https://www.ncbi.nlm.nih.gov/biosample/SAMN04957332	https://www.ncbi.nlm.nih.gov/sra/?term=SRX1744454	https://sra-downloadb.be-md.ncbi.nlm.nih.gov/sos5/sra-pub-zq-14/SRR003/478/SRR3478312.sralite.1	965	
71	SRR3478313	2017-01-11 16:18:10	2016-05-05 19:31:17	17801431	890071550	0	50	543		https://sra-downloadb.be-md.ncbi.nlm.nih.gov/sos5/sra-pub-zq-11/SRR003/478/SRR3478313/SRR3478313.sralite.1	SRX1744455		RNA-Seq	cDNA	TRANSCRIPTOMIC	SINGLE	0	0	ILLUMINA	Illumina HiSeq 2000	SRP074436	PRJNA320769	2	320769	SRS1423602	SAMN04957333	simple	3702	Arabidopsis thaliana	GSM2144063							no					GEO	SRA423701		public	6055B7DB9E046FC58AAA913338360D1B	3928616A4734B1E47A449E545AA5720C	https://www.ncbi.nlm.nih.gov/sra/?term=SRR3478313	https://www.ncbi.nlm.nih.gov/bioproject/PRJNA320769	https://www.ncbi.nlm.nih.gov/biosample/SAMN04957333	https://www.ncbi.nlm.nih.gov/sra/?term=SRX1744455	https://sra-downloadb.be-md.ncbi.nlm.nih.gov/sos5/sra-pub-zq-11/SRR003/478/SRR3478313/SRR3478313.sralite.1	966	
72	SRR3478314	2017-01-11 16:18:10	2016-05-05 19:30:49	15369425	768471250	0	50	456		https://sra-downloadb.be-md.ncbi.nlm.nih.gov/sos5/sra-pub-zq-11/SRR003/478/SRR3478314/SRR3478314.sralite.1	SRX1744456		RNA-Seq	cDNA	TRANSCRIPTOMIC	SINGLE	0	0	ILLUMINA	Illumina HiSeq 2000	SRP074436	PRJNA320769	2	320769	SRS1423603	SAMN04957334	simple	3702	Arabidopsis thaliana	GSM2144064							no					GEO	SRA423701		public	58FB3935CE63F105D5D791898CCA88E7	2E803489DC3151BC0126EBC8597C5109	https://www.ncbi.nlm.nih.gov/sra/?term=SRR3478314	https://www.ncbi.nlm.nih.gov/bioproject/PRJNA320769	https://www.ncbi.nlm.nih.gov/biosample/SAMN04957334	https://www.ncbi.nlm.nih.gov/sra/?term=SRX1744456	https://sra-downloadb.be-md.ncbi.nlm.nih.gov/sos5/sra-pub-zq-11/SRR003/478/SRR3478314/SRR3478314.sralite.1	967	
73	SRR3478315	2017-01-11 16:18:10	2016-05-05 19:31:27	15996277	799813850	0	50	472		https://sra-downloadb.be-md.ncbi.nlm.nih.gov/sos5/sra-pub-zq-11/SRR003/478/SRR3478315/SRR3478315.sralite.1	SRX1744457		RNA-Seq	cDNA	TRANSCRIPTOMIC	SINGLE	0	0	ILLUMINA	Illumina HiSeq 2000	SRP074436	PRJNA320769	2	320769	SRS1423604	SAMN04957335	simple	3702	Arabidopsis thaliana	GSM2144065							no					GEO	SRA423701		public	D1D8AFB85541CAF4D85C6996788537DB	54D05AED8A5CC7FD608BDECEF6A3DB8E	https://www.ncbi.nlm.nih.gov/sra/?term=SRR3478315	https://www.ncbi.nlm.nih.gov/bioproject/PRJNA320769	https://www.ncbi.nlm.nih.gov/biosample/SAMN04957335	https://www.ncbi.nlm.nih.gov/sra/?term=SRX1744457	https://sra-downloadb.be-md.ncbi.nlm.nih.gov/sos5/sra-pub-zq-11/SRR003/478/SRR3478315/SRR3478315.sralite.1	969	
74	SRR3478316	2017-01-11 16:18:10	2016-05-05 19:31:15	16832363	841618150	0	50	511		https://sra-downloadb.be-md.ncbi.nlm.nih.gov/sos5/sra-pub-zq-11/SRR003/478/SRR3478316/SRR3478316.sralite.1	SRX1744458		RNA-Seq	cDNA	TRANSCRIPTOMIC	SINGLE	0	0	ILLUMINA	Illumina HiSeq 2000	SRP074436	PRJNA320769	2	320769	SRS1423605	SAMN04957336	simple	3702	Arabidopsis thaliana	GSM2144066							no					GEO	SRA423701		public	87EF20463BCCE5EE31AB4BC4EACF95C7	F85B9F960E98635D34E3FADD3B8A63A4	https://www.ncbi.nlm.nih.gov/sra/?term=SRR3478316	https://www.ncbi.nlm.nih.gov/bioproject/PRJNA320769	https://www.ncbi.nlm.nih.gov/biosample/SAMN04957336	https://www.ncbi.nlm.nih.gov/sra/?term=SRX1744458	https://sra-downloadb.be-md.ncbi.nlm.nih.gov/sos5/sra-pub-zq-11/SRR003/478/SRR3478316/SRR3478316.sralite.1	970	
75	SRR3478317	2017-01-11 16:18:10	2016-05-05 19:31:04	17061765	853088250	0	50	504		https://sra-downloadb.be-md.ncbi.nlm.nih.gov/sos5/sra-pub-zq-14/SRR003/478/SRR3478317.sralite.1	SRX1744459		RNA-Seq	cDNA	TRANSCRIPTOMIC	SINGLE	0	0	ILLUMINA	Illumina HiSeq 2000	SRP074436	PRJNA320769	2	320769	SRS1423606	SAMN04957337	simple	3702	Arabidopsis thaliana	GSM2144067							no					GEO	SRA423701		public	79A68D2A3A01E83AFF852C522DC6B8B4	AABFBEB880FACE4B00F63A1334DA415B	https://www.ncbi.nlm.nih.gov/sra/?term=SRR3478317	https://www.ncbi.nlm.nih.gov/bioproject/PRJNA320769	https://www.ncbi.nlm.nih.gov/biosample/SAMN04957337	https://www.ncbi.nlm.nih.gov/sra/?term=SRX1744459	https://sra-downloadb.be-md.ncbi.nlm.nih.gov/sos5/sra-pub-zq-14/SRR003/478/SRR3478317.sralite.1	971	
76	SRR3478318	2017-01-11 16:18:10	2016-05-05 19:30:49	16452375	822618750	0	50	486		https://sra-downloadb.be-md.ncbi.nlm.nih.gov/sos5/sra-pub-zq-14/SRR003/478/SRR3478318.sralite.1	SRX1744460		RNA-Seq	cDNA	TRANSCRIPTOMIC	SINGLE	0	0	ILLUMINA	Illumina HiSeq 2000	SRP074436	PRJNA320769	2	320769	SRS1423607	SAMN04957338	simple	3702	Arabidopsis thaliana	GSM2144068							no					GEO	SRA423701		public	AD9C3BE3812BDF300AF6F466A24FCC1B	2E993EF731F8BFD8C294C094B6A69C89	https://www.ncbi.nlm.nih.gov/sra/?term=SRR3478318	https://www.ncbi.nlm.nih.gov/bioproject/PRJNA320769	https://www.ncbi.nlm.nih.gov/biosample/SAMN04957338	https://www.ncbi.nlm.nih.gov/sra/?term=SRX1744460	https://sra-downloadb.be-md.ncbi.nlm.nih.gov/sos5/sra-pub-zq-14/SRR003/478/SRR3478318.sralite.1	972	
77	SRR3478319	2017-01-11 16:18:10	2016-05-05 19:34:35	17750986	887549300	0	50	540		https://sra-downloadb.be-md.ncbi.nlm.nih.gov/sos5/sra-pub-zq-14/SRR003/478/SRR3478319.sralite.1	SRX1744461		RNA-Seq	cDNA	TRANSCRIPTOMIC	SINGLE	0	0	ILLUMINA	Illumina HiSeq 2000	SRP074436	PRJNA320769	2	320769	SRS1423608	SAMN04957339	simple	3702	Arabidopsis thaliana	GSM2144069							no					GEO	SRA423701		public	52675F86B2E9B1A228D883B397B47E21	1CA56C032D3ADCC4FDFE672A2BE000A0	https://www.ncbi.nlm.nih.gov/sra/?term=SRR3478319	https://www.ncbi.nlm.nih.gov/bioproject/PRJNA320769	https://www.ncbi.nlm.nih.gov/biosample/SAMN04957339	https://www.ncbi.nlm.nih.gov/sra/?term=SRX1744461	https://sra-downloadb.be-md.ncbi.nlm.nih.gov/sos5/sra-pub-zq-14/SRR003/478/SRR3478319.sralite.1	973	
78	SRR3478320	2017-01-11 16:18:10	2016-05-05 19:29:58	16085443	804272150	0	50	476		https://sra-downloadb.be-md.ncbi.nlm.nih.gov/sos5/sra-pub-zq-14/SRR003/478/SRR3478320.sralite.1	SRX1744462		RNA-Seq	cDNA	TRANSCRIPTOMIC	SINGLE	0	0	ILLUMINA	Illumina HiSeq 2000	SRP074436	PRJNA320769	2	320769	SRS1423609	SAMN04957340	simple	3702	Arabidopsis thaliana	GSM2144070							no					GEO	SRA423701		public	D49C7BBB409EC8D00DCC1669CF391092	B65695D7A5A0204E96827C498C9146D9	https://www.ncbi.nlm.nih.gov/sra/?term=SRR3478320	https://www.ncbi.nlm.nih.gov/bioproject/PRJNA320769	https://www.ncbi.nlm.nih.gov/biosample/SAMN04957340	https://www.ncbi.nlm.nih.gov/sra/?term=SRX1744462	https://sra-downloadb.be-md.ncbi.nlm.nih.gov/sos5/sra-pub-zq-14/SRR003/478/SRR3478320.sralite.1	974	
79	SRR3478321	2017-01-11 16:18:10	2016-05-05 19:30:00	16131384	806569200	0	50	478		https://sra-downloadb.be-md.ncbi.nlm.nih.gov/sos5/sra-pub-zq-14/SRR003/478/SRR3478321.sralite.1	SRX1744463		RNA-Seq	cDNA	TRANSCRIPTOMIC	SINGLE	0	0	ILLUMINA	Illumina HiSeq 2000	SRP074436	PRJNA320769	2	320769	SRS1423610	SAMN04957341	simple	3702	Arabidopsis thaliana	GSM2144071							no					GEO	SRA423701		public	6C5CEB15789E971BC6208EAB35141245	D02D97049154DA9819648B347F4C317D	https://www.ncbi.nlm.nih.gov/sra/?term=SRR3478321	https://www.ncbi.nlm.nih.gov/bioproject/PRJNA320769	https://www.ncbi.nlm.nih.gov/biosample/SAMN04957341	https://www.ncbi.nlm.nih.gov/sra/?term=SRX1744463	https://sra-downloadb.be-md.ncbi.nlm.nih.gov/sos5/sra-pub-zq-14/SRR003/478/SRR3478321.sralite.1	975	
80	SRR3478322	2017-01-11 16:18:10	2016-05-05 19:29:36	12412377	620618850	0	50	370		https://sra-downloadb.be-md.ncbi.nlm.nih.gov/sos5/sra-pub-zq-11/SRR003/478/SRR3478322/SRR3478322.sralite.1	SRX1744464		RNA-Seq	cDNA	TRANSCRIPTOMIC	SINGLE	0	0	ILLUMINA	Illumina HiSeq 2000	SRP074436	PRJNA320769	2	320769	SRS1423611	SAMN04957342	simple	3702	Arabidopsis thaliana	GSM2144072							no					GEO	SRA423701		public	5B37FF4598AD963F340EFCC407A566D4	05EC516AB76A48F600CCA9CA4A7E7282	https://www.ncbi.nlm.nih.gov/sra/?term=SRR3478322	https://www.ncbi.nlm.nih.gov/bioproject/PRJNA320769	https://www.ncbi.nlm.nih.gov/biosample/SAMN04957342	https://www.ncbi.nlm.nih.gov/sra/?term=SRX1744464	https://sra-downloadb.be-md.ncbi.nlm.nih.gov/sos5/sra-pub-zq-11/SRR003/478/SRR3478322/SRR3478322.sralite.1	976	
81	SRR3478323	2017-01-11 16:18:10	2016-05-05 19:30:55	15544088	777204400	0	50	461		https://sra-downloadb.be-md.ncbi.nlm.nih.gov/sos5/sra-pub-zq-14/SRR003/478/SRR3478323.sralite.1	SRX1744465		RNA-Seq	cDNA	TRANSCRIPTOMIC	SINGLE	0	0	ILLUMINA	Illumina HiSeq 2000	SRP074436	PRJNA320769	2	320769	SRS1423612	SAMN04957343	simple	3702	Arabidopsis thaliana	GSM2144073							no					GEO	SRA423701		public	6998F7B19B075418F10430C8E8483E16	8A34F60633508B93D4C7BEC2C9514880	https://www.ncbi.nlm.nih.gov/sra/?term=SRR3478323	https://www.ncbi.nlm.nih.gov/bioproject/PRJNA320769	https://www.ncbi.nlm.nih.gov/biosample/SAMN04957343	https://www.ncbi.nlm.nih.gov/sra/?term=SRX1744465	https://sra-downloadb.be-md.ncbi.nlm.nih.gov/sos5/sra-pub-zq-14/SRR003/478/SRR3478323.sralite.1	977	
82	SRR3478324	2017-01-11 16:18:10	2016-05-05 19:29:52	14778888	738944400	0	50	439		https://sra-downloadb.be-md.ncbi.nlm.nih.gov/sos5/sra-pub-zq-14/SRR003/478/SRR3478324.sralite.1	SRX1744466		RNA-Seq	cDNA	TRANSCRIPTOMIC	SINGLE	0	0	ILLUMINA	Illumina HiSeq 2000	SRP074436	PRJNA320769	2	320769	SRS1423613	SAMN04957344	simple	3702	Arabidopsis thaliana	GSM2144074							no					GEO	SRA423701		public	803C9251E39FD96FFABFC6F60635E4C8	01AA9000A5F413970515F469BE7C2E57	https://www.ncbi.nlm.nih.gov/sra/?term=SRR3478324	https://www.ncbi.nlm.nih.gov/bioproject/PRJNA320769	https://www.ncbi.nlm.nih.gov/biosample/SAMN04957344	https://www.ncbi.nlm.nih.gov/sra/?term=SRX1744466	https://sra-downloadb.be-md.ncbi.nlm.nih.gov/sos5/sra-pub-zq-14/SRR003/478/SRR3478324.sralite.1	979	
83	SRR3478325	2017-01-11 16:18:10	2016-05-05 19:29:41	12985711	649285550	0	50	390		https://sra-downloadb.be-md.ncbi.nlm.nih.gov/sos5/sra-pub-zq-14/SRR003/478/SRR3478325.sralite.1	SRX1744467		RNA-Seq	cDNA	TRANSCRIPTOMIC	SINGLE	0	0	ILLUMINA	Illumina HiSeq 2000	SRP074436	PRJNA320769	2	320769	SRS1423614	SAMN04957345	simple	3702	Arabidopsis thaliana	GSM2144075							no					GEO	SRA423701		public	CC95814093D7246B469E02ED8B791DB0	E473B19E95C349991EF63C06A990D504	https://www.ncbi.nlm.nih.gov/sra/?term=SRR3478325	https://www.ncbi.nlm.nih.gov/bioproject/PRJNA320769	https://www.ncbi.nlm.nih.gov/biosample/SAMN04957345	https://www.ncbi.nlm.nih.gov/sra/?term=SRX1744467	https://sra-downloadb.be-md.ncbi.nlm.nih.gov/sos5/sra-pub-zq-14/SRR003/478/SRR3478325.sralite.1	980	
84	SRR3478326	2017-01-11 16:18:10	2016-05-05 19:29:40	12019363	600968150	0	50	359		https://sra-downloadb.be-md.ncbi.nlm.nih.gov/sos5/sra-pub-zq-14/SRR003/478/SRR3478326.sralite.1	SRX1744468		RNA-Seq	cDNA	TRANSCRIPTOMIC	SINGLE	0	0	ILLUMINA	Illumina HiSeq 2000	SRP074436	PRJNA320769	2	320769	SRS1423615	SAMN04957346	simple	3702	Arabidopsis thaliana	GSM2144076							no					GEO	SRA423701		public	E4A65B42A751B5DBD134108E35AE6016	454F22873F9F53B1A486AD4F88910E51	https://www.ncbi.nlm.nih.gov/sra/?term=SRR3478326	https://www.ncbi.nlm.nih.gov/bioproject/PRJNA320769	https://www.ncbi.nlm.nih.gov/biosample/SAMN04957346	https://www.ncbi.nlm.nih.gov/sra/?term=SRX1744468	https://sra-downloadb.be-md.ncbi.nlm.nih.gov/sos5/sra-pub-zq-14/SRR003/478/SRR3478326.sralite.1	981	
85	SRR3478327	2017-01-11 16:18:10	2016-05-05 19:30:00	15720813	786040650	0	50	464		https://sra-downloadb.be-md.ncbi.nlm.nih.gov/sos5/sra-pub-zq-11/SRR003/478/SRR3478327/SRR3478327.sralite.1	SRX1744469		RNA-Seq	cDNA	TRANSCRIPTOMIC	SINGLE	0	0	ILLUMINA	Illumina HiSeq 2000	SRP074436	PRJNA320769	2	320769	SRS1423616	SAMN04957347	simple	3702	Arabidopsis thaliana	GSM2144077							no					GEO	SRA423701		public	ED4384E399F36DA7FF49FEFCB4E0E0D2	28E9C955D68880C6036EBE515984E232	https://www.ncbi.nlm.nih.gov/sra/?term=SRR3478327	https://www.ncbi.nlm.nih.gov/bioproject/PRJNA320769	https://www.ncbi.nlm.nih.gov/biosample/SAMN04957347	https://www.ncbi.nlm.nih.gov/sra/?term=SRX1744469	https://sra-downloadb.be-md.ncbi.nlm.nih.gov/sos5/sra-pub-zq-11/SRR003/478/SRR3478327/SRR3478327.sralite.1	982	
86	SRR3478328	2017-01-11 16:18:10	2016-05-05 19:31:03	18184805	909240250	0	50	551		https://sra-downloadb.be-md.ncbi.nlm.nih.gov/sos5/sra-pub-zq-11/SRR003/478/SRR3478328/SRR3478328.sralite.1	SRX1744470		RNA-Seq	cDNA	TRANSCRIPTOMIC	SINGLE	0	0	ILLUMINA	Illumina HiSeq 2000	SRP074436	PRJNA320769	2	320769	SRS1423617	SAMN04957348	simple	3702	Arabidopsis thaliana	GSM2144078							no					GEO	SRA423701		public	25E3A788C5E21B2CD52668218FBB2426	E052F2488AC7338CCB18F006D45D2CEF	https://www.ncbi.nlm.nih.gov/sra/?term=SRR3478328	https://www.ncbi.nlm.nih.gov/bioproject/PRJNA320769	https://www.ncbi.nlm.nih.gov/biosample/SAMN04957348	https://www.ncbi.nlm.nih.gov/sra/?term=SRX1744470	https://sra-downloadb.be-md.ncbi.nlm.nih.gov/sos5/sra-pub-zq-11/SRR003/478/SRR3478328/SRR3478328.sralite.1	983	
87	SRR3478329	2017-01-11 16:18:10	2016-05-05 19:30:46	15254897	762744850	0	50	452		https://sra-downloadb.be-md.ncbi.nlm.nih.gov/sos5/sra-pub-zq-11/SRR003/478/SRR3478329/SRR3478329.sralite.1	SRX1744471		RNA-Seq	cDNA	TRANSCRIPTOMIC	SINGLE	0	0	ILLUMINA	Illumina HiSeq 2000	SRP074436	PRJNA320769	2	320769	SRS1423618	SAMN04957349	simple	3702	Arabidopsis thaliana	GSM2144079							no					GEO	SRA423701		public	C98E58D2271F7DB4E860C68105F2CC18	AD4A156E79B6833CAEF0646E18DFA690	https://www.ncbi.nlm.nih.gov/sra/?term=SRR3478329	https://www.ncbi.nlm.nih.gov/bioproject/PRJNA320769	https://www.ncbi.nlm.nih.gov/biosample/SAMN04957349	https://www.ncbi.nlm.nih.gov/sra/?term=SRX1744471	https://sra-downloadb.be-md.ncbi.nlm.nih.gov/sos5/sra-pub-zq-11/SRR003/478/SRR3478329/SRR3478329.sralite.1	984	
88	SRR3478330	2017-01-11 16:18:10	2016-05-05 19:33:08	14958284	747914200	0	50	443		https://sra-downloadb.be-md.ncbi.nlm.nih.gov/sos5/sra-pub-zq-14/SRR003/478/SRR3478330.sralite.1	SRX1744472		RNA-Seq	cDNA	TRANSCRIPTOMIC	SINGLE	0	0	ILLUMINA	Illumina HiSeq 2000	SRP074436	PRJNA320769	2	320769	SRS1423619	SAMN04957315	simple	3702	Arabidopsis thaliana	GSM2144080							no					GEO	SRA423701		public	5B9AB5D40832F4B6DF75EE608ADBD612	83F6CD65DA7D0C59D198476CC65DADE9	https://www.ncbi.nlm.nih.gov/sra/?term=SRR3478330	https://www.ncbi.nlm.nih.gov/bioproject/PRJNA320769	https://www.ncbi.nlm.nih.gov/biosample/SAMN04957315	https://www.ncbi.nlm.nih.gov/sra/?term=SRX1744472	https://sra-downloadb.be-md.ncbi.nlm.nih.gov/sos5/sra-pub-zq-14/SRR003/478/SRR3478330.sralite.1	985	
89	SRR3478331	2017-01-11 16:18:10	2016-05-05 19:30:11	17381069	869053450	0	50	528		https://sra-downloadb.be-md.ncbi.nlm.nih.gov/sos5/sra-pub-zq-11/SRR003/478/SRR3478331/SRR3478331.sralite.1	SRX1744473		RNA-Seq	cDNA	TRANSCRIPTOMIC	SINGLE	0	0	ILLUMINA	Illumina HiSeq 2000	SRP074436	PRJNA320769	2	320769	SRS1423620	SAMN04957316	simple	3702	Arabidopsis thaliana	GSM2144081							no					GEO	SRA423701		public	77FD54D4EBB88FB7AA093BA0D976901A	9BCA271B23DE44F930E172ADBA89BDB3	https://www.ncbi.nlm.nih.gov/sra/?term=SRR3478331	https://www.ncbi.nlm.nih.gov/bioproject/PRJNA320769	https://www.ncbi.nlm.nih.gov/biosample/SAMN04957316	https://www.ncbi.nlm.nih.gov/sra/?term=SRX1744473	https://sra-downloadb.be-md.ncbi.nlm.nih.gov/sos5/sra-pub-zq-11/SRR003/478/SRR3478331/SRR3478331.sralite.1	986	
90	SRR3478332	2017-01-11 16:18:10	2016-05-05 19:35:16	14999287	749964350	0	50	448		https://sra-downloadb.be-md.ncbi.nlm.nih.gov/sos5/sra-pub-zq-14/SRR003/478/SRR3478332.sralite.1	SRX1744474		RNA-Seq	cDNA	TRANSCRIPTOMIC	SINGLE	0	0	ILLUMINA	Illumina HiSeq 2000	SRP074436	PRJNA320769	2	320769	SRS1423621	SAMN04957317	simple	3702	Arabidopsis thaliana	GSM2144082							no					GEO	SRA423701		public	899AE6FF466C6A12BFE8F6DF8477A4B5	1E8E37420E4D6C5E395D31E968181813	https://www.ncbi.nlm.nih.gov/sra/?term=SRR3478332	https://www.ncbi.nlm.nih.gov/bioproject/PRJNA320769	https://www.ncbi.nlm.nih.gov/biosample/SAMN04957317	https://www.ncbi.nlm.nih.gov/sra/?term=SRX1744474	https://sra-downloadb.be-md.ncbi.nlm.nih.gov/sos5/sra-pub-zq-14/SRR003/478/SRR3478332.sralite.1	988	
91	SRR3478333	2017-01-11 16:18:10	2016-05-05 19:30:46	14411471	720573550	0	50	427		https://sra-downloadb.be-md.ncbi.nlm.nih.gov/sos5/sra-pub-zq-11/SRR003/478/SRR3478333/SRR3478333.sralite.1	SRX1744475		RNA-Seq	cDNA	TRANSCRIPTOMIC	SINGLE	0	0	ILLUMINA	Illumina HiSeq 2000	SRP074436	PRJNA320769	2	320769	SRS1423622	SAMN04957318	simple	3702	Arabidopsis thaliana	GSM2144083							no					GEO	SRA423701		public	C2FE09C047488DB003E1787228EA581E	988B123A398677086FE8143C5CC8DFC9	https://www.ncbi.nlm.nih.gov/sra/?term=SRR3478333	https://www.ncbi.nlm.nih.gov/bioproject/PRJNA320769	https://www.ncbi.nlm.nih.gov/biosample/SAMN04957318	https://www.ncbi.nlm.nih.gov/sra/?term=SRX1744475	https://sra-downloadb.be-md.ncbi.nlm.nih.gov/sos5/sra-pub-zq-11/SRR003/478/SRR3478333/SRR3478333.sralite.1	989	
92	SRR3478334	2017-01-11 16:18:10	2016-05-05 19:37:04	17281320	864066000	0	50	524		https://sra-downloadb.be-md.ncbi.nlm.nih.gov/sos5/sra-pub-zq-11/SRR003/478/SRR3478334/SRR3478334.sralite.1	SRX1744476		RNA-Seq	cDNA	TRANSCRIPTOMIC	SINGLE	0	0	ILLUMINA	Illumina HiSeq 2000	SRP074436	PRJNA320769	2	320769	SRS1423623	SAMN04957319	simple	3702	Arabidopsis thaliana	GSM2144084							no					GEO	SRA423701		public	A605499C0EFE1C05E8DA44B37E49E41C	E8028A7E3716F8B086ECD443CDD4C54E	https://www.ncbi.nlm.nih.gov/sra/?term=SRR3478334	https://www.ncbi.nlm.nih.gov/bioproject/PRJNA320769	https://www.ncbi.nlm.nih.gov/biosample/SAMN04957319	https://www.ncbi.nlm.nih.gov/sra/?term=SRX1744476	https://sra-downloadb.be-md.ncbi.nlm.nih.gov/sos5/sra-pub-zq-11/SRR003/478/SRR3478334/SRR3478334.sralite.1	990	
93	SRR3478335	2017-01-11 16:18:10	2016-05-05 19:29:54	15017065	750853250	0	50	445		https://sra-downloadb.be-md.ncbi.nlm.nih.gov/sos5/sra-pub-zq-11/SRR003/478/SRR3478335/SRR3478335.sralite.1	SRX1744477		RNA-Seq	cDNA	TRANSCRIPTOMIC	SINGLE	0	0	ILLUMINA	Illumina HiSeq 2000	SRP074436	PRJNA320769	2	320769	SRS1423624	SAMN04957320	simple	3702	Arabidopsis thaliana	GSM2144085							no					GEO	SRA423701		public	1087A0FAFEC6C96B1C7453CDE8D5D918	E5528061E06C390D848784B1F2F0EBD6	https://www.ncbi.nlm.nih.gov/sra/?term=SRR3478335	https://www.ncbi.nlm.nih.gov/bioproject/PRJNA320769	https://www.ncbi.nlm.nih.gov/biosample/SAMN04957320	https://www.ncbi.nlm.nih.gov/sra/?term=SRX1744477	https://sra-downloadb.be-md.ncbi.nlm.nih.gov/sos5/sra-pub-zq-11/SRR003/478/SRR3478335/SRR3478335.sralite.1	991	
94	SRR6371140	2017-12-13 07:33:13	2017-12-13 07:29:58	2307292	457488611	2307292	198	286		https://sra-downloadb.be-md.ncbi.nlm.nih.gov/sos5/sra-pub-zq-14/SRR006/371/SRR6371140.sralite.1	SRX3466470	Un-induced_callus_rep1	RNA-Seq	cDNA	TRANSCRIPTOMIC	PAIRED	0	0	ILLUMINA	Illumina HiSeq 2000	SRP126620	PRJNA422138		422138	SRS2754285	SAMN08166234	simple	3702	Arabidopsis thaliana	Un-induced_callus _rep1							no					INRA	SRA637806		public	78CA4E1F837AC6DBBDCEFA5786B5711E	151426F5B08DEDA31707ED807336D45E	https://www.ncbi.nlm.nih.gov/sra/?term=SRR6371140	https://www.ncbi.nlm.nih.gov/bioproject/PRJNA422138	https://www.ncbi.nlm.nih.gov/biosample/SAMN08166234	https://www.ncbi.nlm.nih.gov/sra/?term=SRX3466470	https://sra-downloadb.be-md.ncbi.nlm.nih.gov/sos5/sra-pub-zq-14/SRR006/371/SRR6371140.sralite.1	1073	
95	SRR6371141	2017-12-13 07:35:32	2017-12-13 07:31:24	2369444	469869398	2369444	198	294		https://sra-downloadb.be-md.ncbi.nlm.nih.gov/sos5/sra-pub-zq-14/SRR006/371/SRR6371141.sralite.1	SRX3466469	Un-induced_callus_rep2	RNA-Seq	cDNA	TRANSCRIPTOMIC	PAIRED	0	0	ILLUMINA	Illumina HiSeq 2000	SRP126620	PRJNA422138		422138	SRS2754283	SAMN08166275	simple	3702	Arabidopsis thaliana	Un-induced_callus _rep2							no					INRA	SRA637806		public	455FD0B5299BF48E4AE8629D11B6E8D6	D58F1064F7DD0CA48714958BACC75241	https://www.ncbi.nlm.nih.gov/sra/?term=SRR6371141	https://www.ncbi.nlm.nih.gov/bioproject/PRJNA422138	https://www.ncbi.nlm.nih.gov/biosample/SAMN08166275	https://www.ncbi.nlm.nih.gov/sra/?term=SRX3466469	https://sra-downloadb.be-md.ncbi.nlm.nih.gov/sos5/sra-pub-zq-14/SRR006/371/SRR6371141.sralite.1	1075	
96	SRR6371142	2017-12-13 07:37:49	2017-12-13 07:32:42	7435951	1470156672	7435951	197	927		https://sra-downloadb.be-md.ncbi.nlm.nih.gov/sos5/sra-pub-zq-14/SRR006/371/SRR6371142.sralite.1	SRX3466468	Intact_pLEC2_rep1	RNA-Seq	cDNA	TRANSCRIPTOMIC	PAIRED	0	0	ILLUMINA	Illumina HiSeq 2000	SRP126620	PRJNA422138		422138	SRS2754282	SAMN08166292	simple	3702	Arabidopsis thaliana	Intact_pLEC2_rep1							no					INRA	SRA637806		public	574A3D0A1EFA595B524F359EC02824D3	AFF5982F9B3F711F8EE3B4D59724DE87	https://www.ncbi.nlm.nih.gov/sra/?term=SRR6371142	https://www.ncbi.nlm.nih.gov/bioproject/PRJNA422138	https://www.ncbi.nlm.nih.gov/biosample/SAMN08166292	https://www.ncbi.nlm.nih.gov/sra/?term=SRX3466468	https://sra-downloadb.be-md.ncbi.nlm.nih.gov/sos5/sra-pub-zq-14/SRR006/371/SRR6371142.sralite.1	1076	
97	SRR6371143	2017-12-13 07:35:32	2017-12-13 07:31:53	6822752	1350210257	6822752	197	854		https://sra-downloadb.be-md.ncbi.nlm.nih.gov/sos5/sra-pub-zq-14/SRR006/371/SRR6371143.sralite.1	SRX3466467	Intact_pLEC2_rep2	RNA-Seq	cDNA	TRANSCRIPTOMIC	PAIRED	0	0	ILLUMINA	Illumina HiSeq 2000	SRP126620	PRJNA422138		422138	SRS2754284	SAMN08166293	simple	3702	Arabidopsis thaliana	Intact_pLEC2_rep2							no					INRA	SRA637806		public	A739BFE94FE222F0B8442DEA511545AE	602E9F23D8066732239B77EC9AB205E8	https://www.ncbi.nlm.nih.gov/sra/?term=SRR6371143	https://www.ncbi.nlm.nih.gov/bioproject/PRJNA422138	https://www.ncbi.nlm.nih.gov/biosample/SAMN08166293	https://www.ncbi.nlm.nih.gov/sra/?term=SRX3466467	https://sra-downloadb.be-md.ncbi.nlm.nih.gov/sos5/sra-pub-zq-14/SRR006/371/SRR6371143.sralite.1	1077	
98	SRR22372610	2022-11-22 09:58:50	2022-11-22 08:46:26	23969388	7190816400	23969388	300	2113		https://sra-downloadb.be-md.ncbi.nlm.nih.gov/sos8/sra-pub-zq-818/SRR022/22372/SRR22372610/SRR22372610.lite.1	SRX18343142	c222_1	RNA-Seq	Oligo-dT	TRANSCRIPTOMIC	PAIRED	0	0	ILLUMINA	Illumina NovaSeq 6000	SRP409152	PRJNA903892		903892	SRS15832181	SAMN31819426	simple	3702	Arabidopsis thaliana	AGL15							no					UNIVERSITY OF KENTUCKY	SRA1544465		public	EDD214BFC0430EC55C15DC4F56034C4B	23ECAED9789AF6814477D40A3E90BA97	https://www.ncbi.nlm.nih.gov/sra/?term=SRR22372610	https://www.ncbi.nlm.nih.gov/bioproject/PRJNA903892	https://www.ncbi.nlm.nih.gov/biosample/SAMN31819426	https://www.ncbi.nlm.nih.gov/sra/?term=SRX18343142	https://sra-downloadb.be-md.ncbi.nlm.nih.gov/sos8/sra-pub-zq-818/SRR022/22372/SRR22372610/SRR22372610.lite.1	572	
99	SRR22372611	2022-11-22 09:58:50	2022-11-22 08:39:53	29573865	8872159500	29573865	300	2608		https://sra-downloadb.be-md.ncbi.nlm.nih.gov/sos8/sra-pub-zq-818/SRR022/22372/SRR22372611/SRR22372611.lite.1	SRX18343141	c221_1	RNA-Seq	Oligo-dT	TRANSCRIPTOMIC	PAIRED	0	0	ILLUMINA	Illumina NovaSeq 6000	SRP409152	PRJNA903892		903892	SRS15832181	SAMN31819426	simple	3702	Arabidopsis thaliana	AGL15							no					UNIVERSITY OF KENTUCKY	SRA1544465		public	42B57342290D1B6D5933B1E2E4B96764	DCE036BCC9549E7B7BE12EC9D1832339	https://www.ncbi.nlm.nih.gov/sra/?term=SRR22372611	https://www.ncbi.nlm.nih.gov/bioproject/PRJNA903892	https://www.ncbi.nlm.nih.gov/biosample/SAMN31819426	https://www.ncbi.nlm.nih.gov/sra/?term=SRX18343141	https://sra-downloadb.be-md.ncbi.nlm.nih.gov/sos8/sra-pub-zq-818/SRR022/22372/SRR22372611/SRR22372611.lite.1	574	
100	SRR25264999	2024-07-01 04:34:15	2023-07-13 16:43:18	18064877	5419463100	18064877	300	1681		https://sra-downloadb.be-md.ncbi.nlm.nih.gov/sos6/sra-pub-zq-40/SRR025/25264/SRR25264999/SRR25264999.lite.1	SRX21010994	SAMSE_lbd4041_2R	RNA-Seq	cDNA	TRANSCRIPTOMIC	PAIRED	0	0	ILLUMINA	Illumina NovaSeq 6000	SRP449357	PRJNA994122		994122	SRS18283959	SAMN36416309	simple	3702	Arabidopsis thaliana	LBD40_embryogenesis							no					UNIVERSITY OF KENTUCKY	SRA1671808		public	5FCBCB700054968FEA03B0BCEB2042F4	03244B02F471B0139DDB1E0456447A60	https://www.ncbi.nlm.nih.gov/sra/?term=SRR25264999	https://www.ncbi.nlm.nih.gov/bioproject/PRJNA994122	https://www.ncbi.nlm.nih.gov/biosample/SAMN36416309	https://www.ncbi.nlm.nih.gov/sra/?term=SRX21010994	https://sra-downloadb.be-md.ncbi.nlm.nih.gov/sos6/sra-pub-zq-40/SRR025/25264/SRR25264999/SRR25264999.lite.1	695	
101	SRR25265000	2024-07-01 04:34:15	2023-07-13 16:42:12	19928577	5978573100	19928577	300	1846		https://sra-downloadb.be-md.ncbi.nlm.nih.gov/sos6/sra-pub-zq-40/SRR025/25265/SRR25265000/SRR25265000.lite.1	SRX21010993	SAMSE_lbd4041_1F	RNA-Seq	cDNA	TRANSCRIPTOMIC	PAIRED	0	0	ILLUMINA	Illumina NovaSeq 6000	SRP449357	PRJNA994122		994122	SRS18283959	SAMN36416309	simple	3702	Arabidopsis thaliana	LBD40_embryogenesis							no					UNIVERSITY OF KENTUCKY	SRA1671808		public	7CA5637B771253DD6A5E056D2F7F1434	D4BA8FEC31EC40634E04BB0D01DD9354	https://www.ncbi.nlm.nih.gov/sra/?term=SRR25265000	https://www.ncbi.nlm.nih.gov/bioproject/PRJNA994122	https://www.ncbi.nlm.nih.gov/biosample/SAMN36416309	https://www.ncbi.nlm.nih.gov/sra/?term=SRX21010993	https://sra-downloadb.be-md.ncbi.nlm.nih.gov/sos6/sra-pub-zq-40/SRR025/25265/SRR25265000/SRR25265000.lite.1	696	
102	SRR25265005	2024-07-01 04:34:14	2023-07-13 17:09:55	26320620	2543010789	0	96	710		https://sra-downloadb.be-md.ncbi.nlm.nih.gov/sos4/sra-pub-run-30/SRR025/25265/SRR25265005/SRR25265005.1	SRX21010988	seed_lbd4041_2	RNA-Seq	cDNA	TRANSCRIPTOMIC	SINGLE	0	0	ILLUMINA	Illumina NovaSeq 6000	SRP449357	PRJNA994122		994122	SRS18283959	SAMN36416309	simple	3702	Arabidopsis thaliana	LBD40_embryogenesis							no					UNIVERSITY OF KENTUCKY	SRA1671808		public	406734BED62EBB64AF55A3473E349D9A	C49306F953B695B3D1ADBB95B1725D2D	https://www.ncbi.nlm.nih.gov/sra/?term=SRR25265005	https://www.ncbi.nlm.nih.gov/bioproject/PRJNA994122	https://www.ncbi.nlm.nih.gov/biosample/SAMN36416309	https://www.ncbi.nlm.nih.gov/sra/?term=SRX21010988	https://sra-downloadb.be-md.ncbi.nlm.nih.gov/sos4/sra-pub-run-30/SRR025/25265/SRR25265005/SRR25265005.1	697	
103	SRR25265006	2024-07-01 04:34:14	2023-07-13 17:07:28	23827536	2301745366	0	96	643		https://sra-downloadb.be-md.ncbi.nlm.nih.gov/sos4/sra-pub-run-30/SRR025/25265/SRR25265006/SRR25265006.1	SRX21010987	seed_lbd4041_1	RNA-Seq	cDNA	TRANSCRIPTOMIC	SINGLE	0	0	ILLUMINA	Illumina NovaSeq 6000	SRP449357	PRJNA994122		994122	SRS18283959	SAMN36416309	simple	3702	Arabidopsis thaliana	LBD40_embryogenesis							no					UNIVERSITY OF KENTUCKY	SRA1671808		public	C0BFB5CEDAA09BE5610255CFC2CEFF8C	93295DFE715A3457BCE73D3D835ED4E7	https://www.ncbi.nlm.nih.gov/sra/?term=SRR25265006	https://www.ncbi.nlm.nih.gov/bioproject/PRJNA994122	https://www.ncbi.nlm.nih.gov/biosample/SAMN36416309	https://www.ncbi.nlm.nih.gov/sra/?term=SRX21010987	https://sra-downloadb.be-md.ncbi.nlm.nih.gov/sos4/sra-pub-run-30/SRR025/25265/SRR25265006/SRR25265006.1	698	
104	SRR25115849	2023-07-26 12:59:45	2023-07-03 13:25:04	20768977	747683172	0	36	357		https://sra-downloadb.be-md.ncbi.nlm.nih.gov/sos5/sra-pub-zq-16/SRR025/25115/SRR25115849/SRR25115849.lite.1	SRX20868831	RM2_S5_L002_R1_001.fastq	miRNA-Seq	PCR	TRANSCRIPTOMIC	SINGLE	0	0	ILLUMINA	Illumina HiSeq 2500	SRP447131	PRJNA989611		989611	SRS18148904	SAMN36175914	simple	56992	Araucaria angustifolia	RM2L2							no					UNIVERSIDADE DE SAO PAULO	SRA1665169		public	7AD3AB8180576F76B2CA2AA12404C3C4	77C946281ABAA8F09006EE58D8F23B5F	https://www.ncbi.nlm.nih.gov/sra/?term=SRR25115849	https://www.ncbi.nlm.nih.gov/bioproject/PRJNA989611	https://www.ncbi.nlm.nih.gov/biosample/SAMN36175914	https://www.ncbi.nlm.nih.gov/sra/?term=SRX20868831	https://sra-downloadb.be-md.ncbi.nlm.nih.gov/sos5/sra-pub-zq-16/SRR025/25115/SRR25115849/SRR25115849.lite.1	671	
105	SRR25115850	2023-07-26 12:59:45	2023-07-03 13:23:02	20448877	736159572	0	36	350		https://sra-downloadb.be-md.ncbi.nlm.nih.gov/sos5/sra-pub-zq-16/SRR025/25115/SRR25115850/SRR25115850.lite.1	SRX20868830	RM2_S5_L001_R1_001.fastq	miRNA-Seq	PCR	TRANSCRIPTOMIC	SINGLE	0	0	ILLUMINA	Illumina HiSeq 2500	SRP447131	PRJNA989611		989611	SRS18148906	SAMN36175913	simple	56992	Araucaria angustifolia	RM2L1							no					UNIVERSIDADE DE SAO PAULO	SRA1665169		public	96ADD6F8A3B6F896B1AB93E74B9128BD	557CEAD5955A623AA693C0F209380E6D	https://www.ncbi.nlm.nih.gov/sra/?term=SRR25115850	https://www.ncbi.nlm.nih.gov/bioproject/PRJNA989611	https://www.ncbi.nlm.nih.gov/biosample/SAMN36175913	https://www.ncbi.nlm.nih.gov/sra/?term=SRX20868830	https://sra-downloadb.be-md.ncbi.nlm.nih.gov/sos5/sra-pub-zq-16/SRR025/25115/SRR25115850/SRR25115850.lite.1	672	
106	SRR25115851	2023-07-26 12:59:45	2023-07-03 13:23:45	16365331	589151916	0	36	283		https://sra-downloadb.be-md.ncbi.nlm.nih.gov/sos5/sra-pub-zq-16/SRR025/25115/SRR25115851/SRR25115851.lite.1	SRX20868829	RM1_S4_L002_R1_001.fastq	miRNA-Seq	PCR	TRANSCRIPTOMIC	SINGLE	0	0	ILLUMINA	Illumina HiSeq 2500	SRP447131	PRJNA989611		989611	SRS18148905	SAMN36175912	simple	56992	Araucaria angustifolia	RM1L2							no					UNIVERSIDADE DE SAO PAULO	SRA1665169		public	05BBBF40E1FFC388C80476B7CB127B83	F4B92EF090FECFD4EB57760118CC2299	https://www.ncbi.nlm.nih.gov/sra/?term=SRR25115851	https://www.ncbi.nlm.nih.gov/bioproject/PRJNA989611	https://www.ncbi.nlm.nih.gov/biosample/SAMN36175912	https://www.ncbi.nlm.nih.gov/sra/?term=SRX20868829	https://sra-downloadb.be-md.ncbi.nlm.nih.gov/sos5/sra-pub-zq-16/SRR025/25115/SRR25115851/SRR25115851.lite.1	673	
107	SRR25115852	2023-07-26 12:59:45	2023-07-03 13:23:44	16079906	578876616	0	36	278		https://sra-downloadb.be-md.ncbi.nlm.nih.gov/sos5/sra-pub-zq-16/SRR025/25115/SRR25115852/SRR25115852.lite.1	SRX20868828	RM1_S4_L001_R1_001.fastq	miRNA-Seq	PCR	TRANSCRIPTOMIC	SINGLE	0	0	ILLUMINA	Illumina HiSeq 2500	SRP447131	PRJNA989611		989611	SRS18148902	SAMN36175911	simple	56992	Araucaria angustifolia	RM1L1							no					UNIVERSIDADE DE SAO PAULO	SRA1665169		public	3FA51959AF29DD9F234319E8CE273D96	621961DA9B012E3F1B630D0A058D8A1E	https://www.ncbi.nlm.nih.gov/sra/?term=SRR25115852	https://www.ncbi.nlm.nih.gov/bioproject/PRJNA989611	https://www.ncbi.nlm.nih.gov/biosample/SAMN36175911	https://www.ncbi.nlm.nih.gov/sra/?term=SRX20868828	https://sra-downloadb.be-md.ncbi.nlm.nih.gov/sos5/sra-pub-zq-16/SRR025/25115/SRR25115852/SRR25115852.lite.1	674	
108	SRR25115853	2023-07-26 12:59:45	2023-07-03 13:24:22	20588046	741169656	0	36	359		https://sra-downloadb.be-md.ncbi.nlm.nih.gov/sos5/sra-pub-zq-16/SRR025/25115/SRR25115853/SRR25115853.lite.1	SRX20868827	RP3_S3_L002_R1_001.fastq	miRNA-Seq	PCR	TRANSCRIPTOMIC	SINGLE	0	0	ILLUMINA	Illumina HiSeq 2500	SRP447131	PRJNA989611		989611	SRS18148903	SAMN36175910	simple	56992	Araucaria angustifolia	RP3L2							no					UNIVERSIDADE DE SAO PAULO	SRA1665169		public	38A61FC0284854ACDE1480003292A9D2	952226709E8CA2A73421E2E3CCE193D5	https://www.ncbi.nlm.nih.gov/sra/?term=SRR25115853	https://www.ncbi.nlm.nih.gov/bioproject/PRJNA989611	https://www.ncbi.nlm.nih.gov/biosample/SAMN36175910	https://www.ncbi.nlm.nih.gov/sra/?term=SRX20868827	https://sra-downloadb.be-md.ncbi.nlm.nih.gov/sos5/sra-pub-zq-16/SRR025/25115/SRR25115853/SRR25115853.lite.1	675	
109	SRR25115854	2023-07-26 12:59:45	2023-07-03 13:23:09	20277605	729993780	0	36	353		https://sra-downloadb.be-md.ncbi.nlm.nih.gov/sos5/sra-pub-zq-16/SRR025/25115/SRR25115854/SRR25115854.lite.1	SRX20868826	RP3_S3_L001_R1_001.fastq	miRNA-Seq	PCR	TRANSCRIPTOMIC	SINGLE	0	0	ILLUMINA	Illumina HiSeq 2500	SRP447131	PRJNA989611		989611	SRS18148901	SAMN36175909	simple	56992	Araucaria angustifolia	RP3L1							no					UNIVERSIDADE DE SAO PAULO	SRA1665169		public	9BB8914A98F946FEEF60CB4009ACA77E	91D70C880E80770CE398E6EAFE8FE092	https://www.ncbi.nlm.nih.gov/sra/?term=SRR25115854	https://www.ncbi.nlm.nih.gov/bioproject/PRJNA989611	https://www.ncbi.nlm.nih.gov/biosample/SAMN36175909	https://www.ncbi.nlm.nih.gov/sra/?term=SRX20868826	https://sra-downloadb.be-md.ncbi.nlm.nih.gov/sos5/sra-pub-zq-16/SRR025/25115/SRR25115854/SRR25115854.lite.1	676	
110	SRR25115855	2023-07-26 12:59:45	2023-07-03 13:24:33	22436997	807731892	0	36	388		https://sra-downloadb.be-md.ncbi.nlm.nih.gov/sos5/sra-pub-zq-16/SRR025/25115/SRR25115855/SRR25115855.lite.1	SRX20868825	RP2_S2_L002_R1_001.fastq	miRNA-Seq	PCR	TRANSCRIPTOMIC	SINGLE	0	0	ILLUMINA	Illumina HiSeq 2500	SRP447131	PRJNA989611		989611	SRS18148900	SAMN36175908	simple	56992	Araucaria angustifolia	RP2L2							no					UNIVERSIDADE DE SAO PAULO	SRA1665169		public	AA2F5A51E6F0DBB8A437430F4250E81C	A5E912780075ACDFD9C6F9C7A2AE8AD3	https://www.ncbi.nlm.nih.gov/sra/?term=SRR25115855	https://www.ncbi.nlm.nih.gov/bioproject/PRJNA989611	https://www.ncbi.nlm.nih.gov/biosample/SAMN36175908	https://www.ncbi.nlm.nih.gov/sra/?term=SRX20868825	https://sra-downloadb.be-md.ncbi.nlm.nih.gov/sos5/sra-pub-zq-16/SRR025/25115/SRR25115855/SRR25115855.lite.1	677	
111	SRR25115856	2023-07-26 12:59:45	2023-07-03 13:22:36	14934380	537637680	0	36	258		https://sra-downloadb.be-md.ncbi.nlm.nih.gov/sos5/sra-pub-zq-16/SRR025/25115/SRR25115856/SRR25115856.lite.1	SRX20868824	BM3_S12_L002_R1_001.fastq	miRNA-Seq	PCR	TRANSCRIPTOMIC	SINGLE	0	0	ILLUMINA	Illumina HiSeq 2500	SRP447131	PRJNA989611		989611	SRS18148899	SAMN36175928	simple	56992	Araucaria angustifolia	BM3L2							no					UNIVERSIDADE DE SAO PAULO	SRA1665169		public	5AD241ABA33CBF72C1B5D1436FB299B0	A7408A0CB57FAB414ED992E3B32DC223	https://www.ncbi.nlm.nih.gov/sra/?term=SRR25115856	https://www.ncbi.nlm.nih.gov/bioproject/PRJNA989611	https://www.ncbi.nlm.nih.gov/biosample/SAMN36175928	https://www.ncbi.nlm.nih.gov/sra/?term=SRX20868824	https://sra-downloadb.be-md.ncbi.nlm.nih.gov/sos5/sra-pub-zq-16/SRR025/25115/SRR25115856/SRR25115856.lite.1	678	
112	SRR25115857	2023-07-26 12:59:45	2023-07-03 13:23:26	14752465	531088740	0	36	254		https://sra-downloadb.be-md.ncbi.nlm.nih.gov/sos5/sra-pub-zq-16/SRR025/25115/SRR25115857/SRR25115857.lite.1	SRX20868823	BM3_S12_L001_R1_001.fastq	miRNA-Seq	PCR	TRANSCRIPTOMIC	SINGLE	0	0	ILLUMINA	Illumina HiSeq 2500	SRP447131	PRJNA989611		989611	SRS18148898	SAMN36175927	simple	56992	Araucaria angustifolia	BM3L1							no					UNIVERSIDADE DE SAO PAULO	SRA1665169		public	13E8E259A57BE0F2C0E7CF93688702A1	F814C7E44E25DA8020D8999F9D207840	https://www.ncbi.nlm.nih.gov/sra/?term=SRR25115857	https://www.ncbi.nlm.nih.gov/bioproject/PRJNA989611	https://www.ncbi.nlm.nih.gov/biosample/SAMN36175927	https://www.ncbi.nlm.nih.gov/sra/?term=SRX20868823	https://sra-downloadb.be-md.ncbi.nlm.nih.gov/sos5/sra-pub-zq-16/SRR025/25115/SRR25115857/SRR25115857.lite.1	679	
113	SRR25115858	2023-07-26 12:59:45	2023-07-03 13:23:20	13359972	480958992	0	36	231		https://sra-downloadb.be-md.ncbi.nlm.nih.gov/sos5/sra-pub-zq-16/SRR025/25115/SRR25115858/SRR25115858.lite.1	SRX20868822	BM2_S11_L002_R1_001.fastq	miRNA-Seq	PCR	TRANSCRIPTOMIC	SINGLE	0	0	ILLUMINA	Illumina HiSeq 2500	SRP447131	PRJNA989611		989611	SRS18148897	SAMN36175926	simple	56992	Araucaria angustifolia	BM2L2							no					UNIVERSIDADE DE SAO PAULO	SRA1665169		public	44D7C2374E9144954A013FEA748C7352	C74734B0D64828FD63C9C15E164B07AF	https://www.ncbi.nlm.nih.gov/sra/?term=SRR25115858	https://www.ncbi.nlm.nih.gov/bioproject/PRJNA989611	https://www.ncbi.nlm.nih.gov/biosample/SAMN36175926	https://www.ncbi.nlm.nih.gov/sra/?term=SRX20868822	https://sra-downloadb.be-md.ncbi.nlm.nih.gov/sos5/sra-pub-zq-16/SRR025/25115/SRR25115858/SRR25115858.lite.1	680	
114	SRR25115859	2023-07-26 12:59:45	2023-07-03 13:23:16	13192644	474935184	0	36	228		https://sra-downloadb.be-md.ncbi.nlm.nih.gov/sos5/sra-pub-zq-16/SRR025/25115/SRR25115859/SRR25115859.lite.1	SRX20868821	BM2_S11_L001_R1_001.fastq	miRNA-Seq	PCR	TRANSCRIPTOMIC	SINGLE	0	0	ILLUMINA	Illumina HiSeq 2500	SRP447131	PRJNA989611		989611	SRS18148895	SAMN36175925	simple	56992	Araucaria angustifolia	BM2L1							no					UNIVERSIDADE DE SAO PAULO	SRA1665169		public	912D2CD44DE93399AFA76E8F1E8FF6BA	CC1ABA836AC1E4A499764699D09F9FE3	https://www.ncbi.nlm.nih.gov/sra/?term=SRR25115859	https://www.ncbi.nlm.nih.gov/bioproject/PRJNA989611	https://www.ncbi.nlm.nih.gov/biosample/SAMN36175925	https://www.ncbi.nlm.nih.gov/sra/?term=SRX20868821	https://sra-downloadb.be-md.ncbi.nlm.nih.gov/sos5/sra-pub-zq-16/SRR025/25115/SRR25115859/SRR25115859.lite.1	681	
115	SRR25115860	2023-07-26 12:59:45	2023-07-03 13:24:21	22110143	795965148	0	36	382		https://sra-downloadb.be-md.ncbi.nlm.nih.gov/sos5/sra-pub-zq-16/SRR025/25115/SRR25115860/SRR25115860.lite.1	SRX20868820	RP2_S2_L001_R1_001.fastq	miRNA-Seq	PCR	TRANSCRIPTOMIC	SINGLE	0	0	ILLUMINA	Illumina HiSeq 2500	SRP447131	PRJNA989611		989611	SRS18148896	SAMN36175907	simple	56992	Araucaria angustifolia	RP2L1							no					UNIVERSIDADE DE SAO PAULO	SRA1665169		public	4D57D41F47E25EDAC8BA02BBFF80E7FC	5A59D267951B25699409542E0D1374D5	https://www.ncbi.nlm.nih.gov/sra/?term=SRR25115860	https://www.ncbi.nlm.nih.gov/bioproject/PRJNA989611	https://www.ncbi.nlm.nih.gov/biosample/SAMN36175907	https://www.ncbi.nlm.nih.gov/sra/?term=SRX20868820	https://sra-downloadb.be-md.ncbi.nlm.nih.gov/sos5/sra-pub-zq-16/SRR025/25115/SRR25115860/SRR25115860.lite.1	682	
116	SRR25115861	2023-07-26 12:59:45	2023-07-03 13:22:37	14628428	526623408	0	36	255		https://sra-downloadb.be-md.ncbi.nlm.nih.gov/sos5/sra-pub-zq-16/SRR025/25115/SRR25115861/SRR25115861.lite.1	SRX20868819	BM1_S10_L002_R1_001.fastq	miRNA-Seq	PCR	TRANSCRIPTOMIC	SINGLE	0	0	ILLUMINA	Illumina HiSeq 2500	SRP447131	PRJNA989611		989611	SRS18148894	SAMN36175924	simple	56992	Araucaria angustifolia	BM1L2							no					UNIVERSIDADE DE SAO PAULO	SRA1665169		public	B105850F8AF620FA4329F60F7F649BE4	92F695BFB4F50D0D65D72B0B7515D5B7	https://www.ncbi.nlm.nih.gov/sra/?term=SRR25115861	https://www.ncbi.nlm.nih.gov/bioproject/PRJNA989611	https://www.ncbi.nlm.nih.gov/biosample/SAMN36175924	https://www.ncbi.nlm.nih.gov/sra/?term=SRX20868819	https://sra-downloadb.be-md.ncbi.nlm.nih.gov/sos5/sra-pub-zq-16/SRR025/25115/SRR25115861/SRR25115861.lite.1	683	
117	SRR25115862	2023-07-26 12:59:45	2023-07-03 13:22:58	14430696	519505056	0	36	251		https://sra-downloadb.be-md.ncbi.nlm.nih.gov/sos5/sra-pub-zq-16/SRR025/25115/SRR25115862/SRR25115862.lite.1	SRX20868818	BM1_S10_L001_R1_001.fastq	miRNA-Seq	PCR	TRANSCRIPTOMIC	SINGLE	0	0	ILLUMINA	Illumina HiSeq 2500	SRP447131	PRJNA989611		989611	SRS18148892	SAMN36175923	simple	56992	Araucaria angustifolia	BM1L1							no					UNIVERSIDADE DE SAO PAULO	SRA1665169		public	53998021ADABAF62BBDF22BAD7C6BB88	33B1A7D0003565744B46F0B618FAB28C	https://www.ncbi.nlm.nih.gov/sra/?term=SRR25115862	https://www.ncbi.nlm.nih.gov/bioproject/PRJNA989611	https://www.ncbi.nlm.nih.gov/biosample/SAMN36175923	https://www.ncbi.nlm.nih.gov/sra/?term=SRX20868818	https://sra-downloadb.be-md.ncbi.nlm.nih.gov/sos5/sra-pub-zq-16/SRR025/25115/SRR25115862/SRR25115862.lite.1	684	
118	SRR25115863	2023-07-26 12:59:45	2023-07-03 13:22:57	11455486	412397496	0	36	200		https://sra-downloadb.be-md.ncbi.nlm.nih.gov/sos5/sra-pub-zq-16/SRR025/25115/SRR25115863/SRR25115863.lite.1	SRX20868817	BP3_S9_L002_R1_001.fastq	miRNA-Seq	PCR	TRANSCRIPTOMIC	SINGLE	0	0	ILLUMINA	Illumina HiSeq 2500	SRP447131	PRJNA989611		989611	SRS18148893	SAMN36175922	simple	56992	Araucaria angustifolia	BP3L2							no					UNIVERSIDADE DE SAO PAULO	SRA1665169		public	EB28743C4418C8F1A11865259F387B73	60977BDFD990EF4183E62057BD263920	https://www.ncbi.nlm.nih.gov/sra/?term=SRR25115863	https://www.ncbi.nlm.nih.gov/bioproject/PRJNA989611	https://www.ncbi.nlm.nih.gov/biosample/SAMN36175922	https://www.ncbi.nlm.nih.gov/sra/?term=SRX20868817	https://sra-downloadb.be-md.ncbi.nlm.nih.gov/sos5/sra-pub-zq-16/SRR025/25115/SRR25115863/SRR25115863.lite.1	685	
119	SRR25115864	2023-07-26 12:59:46	2023-07-03 13:22:21	11281942	406149912	0	36	196		https://sra-downloadb.be-md.ncbi.nlm.nih.gov/sos5/sra-pub-zq-16/SRR025/25115/SRR25115864/SRR25115864.lite.1	SRX20868816	BP3_S9_L001_R1_001.fastq	miRNA-Seq	PCR	TRANSCRIPTOMIC	SINGLE	0	0	ILLUMINA	Illumina HiSeq 2500	SRP447131	PRJNA989611		989611	SRS18148891	SAMN36175921	simple	56992	Araucaria angustifolia	BP3L1							no					UNIVERSIDADE DE SAO PAULO	SRA1665169		public	79C28EDA92BE694E68A20E94F9FBDEE6	73A69027B77672BEA4B520F62D1095FF	https://www.ncbi.nlm.nih.gov/sra/?term=SRR25115864	https://www.ncbi.nlm.nih.gov/bioproject/PRJNA989611	https://www.ncbi.nlm.nih.gov/biosample/SAMN36175921	https://www.ncbi.nlm.nih.gov/sra/?term=SRX20868816	https://sra-downloadb.be-md.ncbi.nlm.nih.gov/sos5/sra-pub-zq-16/SRR025/25115/SRR25115864/SRR25115864.lite.1	686	
120	SRR25115865	2023-07-26 12:59:46	2023-07-03 13:23:01	11582146	416957256	0	36	202		https://sra-downloadb.be-md.ncbi.nlm.nih.gov/sos5/sra-pub-zq-16/SRR025/25115/SRR25115865/SRR25115865.lite.1	SRX20868815	BP2_S8_L002_R1_001.fastq	miRNA-Seq	PCR	TRANSCRIPTOMIC	SINGLE	0	0	ILLUMINA	Illumina HiSeq 2500	SRP447131	PRJNA989611		989611	SRS18148890	SAMN36175920	simple	56992	Araucaria angustifolia	BP2L2							no					UNIVERSIDADE DE SAO PAULO	SRA1665169		public	B59C3DCCCBFBDF34AEF9418AC21BEE5E	1C13558F36D1AF3818DDAD4C245FCE49	https://www.ncbi.nlm.nih.gov/sra/?term=SRR25115865	https://www.ncbi.nlm.nih.gov/bioproject/PRJNA989611	https://www.ncbi.nlm.nih.gov/biosample/SAMN36175920	https://www.ncbi.nlm.nih.gov/sra/?term=SRX20868815	https://sra-downloadb.be-md.ncbi.nlm.nih.gov/sos5/sra-pub-zq-16/SRR025/25115/SRR25115865/SRR25115865.lite.1	687	
121	SRR25115866	2023-07-26 12:59:46	2023-07-03 13:23:38	11401847	410466492	0	36	198		https://sra-downloadb.be-md.ncbi.nlm.nih.gov/sos5/sra-pub-zq-16/SRR025/25115/SRR25115866/SRR25115866.lite.1	SRX20868814	BP2_S8_L001_R1_001.fastq	miRNA-Seq	PCR	TRANSCRIPTOMIC	SINGLE	0	0	ILLUMINA	Illumina HiSeq 2500	SRP447131	PRJNA989611		989611	SRS18148889	SAMN36175919	simple	56992	Araucaria angustifolia	BP2L1							no					UNIVERSIDADE DE SAO PAULO	SRA1665169		public	C8AB69FF272017C3FAB6EFCAC679135F	2F240C633F8DB170ECCA3ABD51A5C5A6	https://www.ncbi.nlm.nih.gov/sra/?term=SRR25115866	https://www.ncbi.nlm.nih.gov/bioproject/PRJNA989611	https://www.ncbi.nlm.nih.gov/biosample/SAMN36175919	https://www.ncbi.nlm.nih.gov/sra/?term=SRX20868814	https://sra-downloadb.be-md.ncbi.nlm.nih.gov/sos5/sra-pub-zq-16/SRR025/25115/SRR25115866/SRR25115866.lite.1	688	
122	SRR25115867	2023-07-26 12:59:46	2023-07-03 13:23:11	11689600	420825600	0	36	203		https://sra-downloadb.be-md.ncbi.nlm.nih.gov/sos5/sra-pub-zq-16/SRR025/25115/SRR25115867/SRR25115867.lite.1	SRX20868813	BP1_S7_L002_R1_001.fastq	miRNA-Seq	PCR	TRANSCRIPTOMIC	SINGLE	0	0	ILLUMINA	Illumina HiSeq 2500	SRP447131	PRJNA989611		989611	SRS18148887	SAMN36175918	simple	56992	Araucaria angustifolia	BP1L2							no					UNIVERSIDADE DE SAO PAULO	SRA1665169		public	D571238C73148BC1282895F0D12EFE1A	00D199BD641B25DAB9DF24BDC630DD68	https://www.ncbi.nlm.nih.gov/sra/?term=SRR25115867	https://www.ncbi.nlm.nih.gov/bioproject/PRJNA989611	https://www.ncbi.nlm.nih.gov/biosample/SAMN36175918	https://www.ncbi.nlm.nih.gov/sra/?term=SRX20868813	https://sra-downloadb.be-md.ncbi.nlm.nih.gov/sos5/sra-pub-zq-16/SRR025/25115/SRR25115867/SRR25115867.lite.1	689	
123	SRR25115868	2023-07-26 12:59:46	2023-07-03 13:22:53	11537881	415363716	0	36	200		https://sra-downloadb.be-md.ncbi.nlm.nih.gov/sos5/sra-pub-zq-16/SRR025/25115/SRR25115868/SRR25115868.lite.1	SRX20868812	BP1_S7_L001_R1_001.fastq	miRNA-Seq	PCR	TRANSCRIPTOMIC	SINGLE	0	0	ILLUMINA	Illumina HiSeq 2500	SRP447131	PRJNA989611		989611	SRS18148888	SAMN36175917	simple	56992	Araucaria angustifolia	BP1L1							no					UNIVERSIDADE DE SAO PAULO	SRA1665169		public	D6BBAF600EABA2F2FD555D8773C8F709	3260935B168AE3609BA9BE637636D42F	https://www.ncbi.nlm.nih.gov/sra/?term=SRR25115868	https://www.ncbi.nlm.nih.gov/bioproject/PRJNA989611	https://www.ncbi.nlm.nih.gov/biosample/SAMN36175917	https://www.ncbi.nlm.nih.gov/sra/?term=SRX20868812	https://sra-downloadb.be-md.ncbi.nlm.nih.gov/sos5/sra-pub-zq-16/SRR025/25115/SRR25115868/SRR25115868.lite.1	690	
124	SRR25115869	2023-07-26 12:59:46	2023-07-03 13:24:06	18545902	667652472	0	36	320		https://sra-downloadb.be-md.ncbi.nlm.nih.gov/sos5/sra-pub-zq-16/SRR025/25115/SRR25115869/SRR25115869.lite.1	SRX20868811	RM3_S6_L002_R1_001.fastq	miRNA-Seq	PCR	TRANSCRIPTOMIC	SINGLE	0	0	ILLUMINA	Illumina HiSeq 2500	SRP447131	PRJNA989611		989611	SRS18148885	SAMN36175916	simple	56992	Araucaria angustifolia	RM3L2							no					UNIVERSIDADE DE SAO PAULO	SRA1665169		public	0CBF13913579D0F4E04F1033F18F9423	CD01CB9C0C421777DCA3E79A8DD0AD89	https://www.ncbi.nlm.nih.gov/sra/?term=SRR25115869	https://www.ncbi.nlm.nih.gov/bioproject/PRJNA989611	https://www.ncbi.nlm.nih.gov/biosample/SAMN36175916	https://www.ncbi.nlm.nih.gov/sra/?term=SRX20868811	https://sra-downloadb.be-md.ncbi.nlm.nih.gov/sos5/sra-pub-zq-16/SRR025/25115/SRR25115869/SRR25115869.lite.1	691	
125	SRR25115870	2023-07-26 12:59:46	2023-07-03 13:22:54	18247285	656902260	0	36	314		https://sra-downloadb.be-md.ncbi.nlm.nih.gov/sos5/sra-pub-zq-16/SRR025/25115/SRR25115870/SRR25115870.lite.1	SRX20868810	RM3_S6_L001_R1_001.fastq	miRNA-Seq	PCR	TRANSCRIPTOMIC	SINGLE	0	0	ILLUMINA	Illumina HiSeq 2500	SRP447131	PRJNA989611		989611	SRS18148886	SAMN36175915	simple	56992	Araucaria angustifolia	RM3L1							no					UNIVERSIDADE DE SAO PAULO	SRA1665169		public	FD449C819DC054B4D662749FED04BF77	B3B65E9FEE81050EB6D88794ECF2251C	https://www.ncbi.nlm.nih.gov/sra/?term=SRR25115870	https://www.ncbi.nlm.nih.gov/bioproject/PRJNA989611	https://www.ncbi.nlm.nih.gov/biosample/SAMN36175915	https://www.ncbi.nlm.nih.gov/sra/?term=SRX20868810	https://sra-downloadb.be-md.ncbi.nlm.nih.gov/sos5/sra-pub-zq-16/SRR025/25115/SRR25115870/SRR25115870.lite.1	692	
126	SRR25115871	2023-07-26 12:59:46	2023-07-03 13:23:10	21152568	761492448	0	36	368		https://sra-downloadb.be-md.ncbi.nlm.nih.gov/sos5/sra-pub-zq-16/SRR025/25115/SRR25115871/SRR25115871.lite.1	SRX20868809	RP1_S1_L002_R1_001.fastq	miRNA-Seq	PCR	TRANSCRIPTOMIC	SINGLE	0	0	ILLUMINA	Illumina HiSeq 2500	SRP447131	PRJNA989611		989611	SRS18148884	SAMN36175906	simple	56992	Araucaria angustifolia	RP1L2							no					UNIVERSIDADE DE SAO PAULO	SRA1665169		public	A4D6F2BF5FD0A446138D60E07D39EEFA	E2C4073F28E2FBF851B1D2868F7A523B	https://www.ncbi.nlm.nih.gov/sra/?term=SRR25115871	https://www.ncbi.nlm.nih.gov/bioproject/PRJNA989611	https://www.ncbi.nlm.nih.gov/biosample/SAMN36175906	https://www.ncbi.nlm.nih.gov/sra/?term=SRX20868809	https://sra-downloadb.be-md.ncbi.nlm.nih.gov/sos5/sra-pub-zq-16/SRR025/25115/SRR25115871/SRR25115871.lite.1	693	
127	SRR25115872	2023-07-26 12:59:46	2023-07-03 13:23:03	20870630	751342680	0	36	362		https://sra-downloadb.be-md.ncbi.nlm.nih.gov/sos5/sra-pub-zq-16/SRR025/25115/SRR25115872/SRR25115872.lite.1	SRX20868808	RP1_S1_L001_R1_001.fastq	miRNA-Seq	PCR	TRANSCRIPTOMIC	SINGLE	0	0	ILLUMINA	Illumina HiSeq 2500	SRP447131	PRJNA989611		989611	SRS18148883	SAMN36175905	simple	56992	Araucaria angustifolia	RP1L1							no					UNIVERSIDADE DE SAO PAULO	SRA1665169		public	A3599EB689A4595559CC4DBD4301011E	7EBB2E7BCCA77E8E6EE66341A1400D26	https://www.ncbi.nlm.nih.gov/sra/?term=SRR25115872	https://www.ncbi.nlm.nih.gov/bioproject/PRJNA989611	https://www.ncbi.nlm.nih.gov/biosample/SAMN36175905	https://www.ncbi.nlm.nih.gov/sra/?term=SRX20868808	https://sra-downloadb.be-md.ncbi.nlm.nih.gov/sos5/sra-pub-zq-16/SRR025/25115/SRR25115872/SRR25115872.lite.1	694	
128	SRR31300574	2024-11-10 10:52:24	2024-11-10 03:04:33	21135047	6264773174	21135047	296	1995		https://sra-downloadb.be-md.ncbi.nlm.nih.gov/sos8/sra-pub-zq-818/SRR031/31300/SRR31300574/SRR31300574.lite.1	SRX26678805	CL53-S3-1	RNA-Seq	PolyA	TRANSCRIPTOMIC	PAIRED	0	0	ILLUMINA	Illumina HiSeq 2000	SRP544281	PRJNA1184214		1184214	SRS23171832	SAMN44666887	simple	385388	Camellia oleifera	CL53-S3-1							no					CENTRAL SOUTH UNIVERSITY OF FORESTRY AND TECHNOLOGY	SRA2011910		public	F216C29E9E6F93BA03E05768CA07A7B5	F5E3DDE4291CEC21CEFF036E4206FD69	https://www.ncbi.nlm.nih.gov/sra/?term=SRR31300574	https://www.ncbi.nlm.nih.gov/bioproject/PRJNA1184214	https://www.ncbi.nlm.nih.gov/biosample/SAMN44666887	https://www.ncbi.nlm.nih.gov/sra/?term=SRX26678805	https://sra-downloadb.be-md.ncbi.nlm.nih.gov/sos8/sra-pub-zq-818/SRR031/31300/SRR31300574/SRR31300574.lite.1	829	
129	SRR31300575	2024-11-10 10:52:22	2024-11-10 03:04:21	20301839	6019904298	20301839	296	1915		https://sra-downloadb.be-md.ncbi.nlm.nih.gov/sos8/sra-pub-zq-818/SRR031/31300/SRR31300575/SRR31300575.lite.1	SRX26678804	CL53-S2-3	RNA-Seq	PolyA	TRANSCRIPTOMIC	PAIRED	0	0	ILLUMINA	Illumina HiSeq 2000	SRP544281	PRJNA1184214		1184214	SRS23171831	SAMN44666886	simple	385388	Camellia oleifera	CL53-S2-3							no					CENTRAL SOUTH UNIVERSITY OF FORESTRY AND TECHNOLOGY	SRA2011910		public	B49BC201673A4BFB69C784DAFA6AEBB8	D353597DA4D7D51EB2E2C66549C282F3	https://www.ncbi.nlm.nih.gov/sra/?term=SRR31300575	https://www.ncbi.nlm.nih.gov/bioproject/PRJNA1184214	https://www.ncbi.nlm.nih.gov/biosample/SAMN44666886	https://www.ncbi.nlm.nih.gov/sra/?term=SRX26678804	https://sra-downloadb.be-md.ncbi.nlm.nih.gov/sos8/sra-pub-zq-818/SRR031/31300/SRR31300575/SRR31300575.lite.1	830	
130	SRR31300576	2024-11-10 10:52:22	2024-11-10 03:05:06	18707655	5550102444	18707655	296	1763		https://sra-downloadb.be-md.ncbi.nlm.nih.gov/sos8/sra-pub-zq-818/SRR031/31300/SRR31300576/SRR31300576.lite.1	SRX26678803	CL53-S2-2	RNA-Seq	PolyA	TRANSCRIPTOMIC	PAIRED	0	0	ILLUMINA	Illumina HiSeq 2000	SRP544281	PRJNA1184214		1184214	SRS23171830	SAMN44666885	simple	385388	Camellia oleifera	CL53-S2-2							no					CENTRAL SOUTH UNIVERSITY OF FORESTRY AND TECHNOLOGY	SRA2011910		public	70CFF649E980E45A1DA9A16A147DE69D	5B214D4B11FD2F2D8F97294F5EEB8CFE	https://www.ncbi.nlm.nih.gov/sra/?term=SRR31300576	https://www.ncbi.nlm.nih.gov/bioproject/PRJNA1184214	https://www.ncbi.nlm.nih.gov/biosample/SAMN44666885	https://www.ncbi.nlm.nih.gov/sra/?term=SRX26678803	https://sra-downloadb.be-md.ncbi.nlm.nih.gov/sos8/sra-pub-zq-818/SRR031/31300/SRR31300576/SRR31300576.lite.1	831	
131	SRR31300577	2024-11-10 10:52:23	2024-11-10 03:04:26	20436094	6055914002	20436094	296	1918		https://sra-downloadb.be-md.ncbi.nlm.nih.gov/sos8/sra-pub-zq-818/SRR031/31300/SRR31300577/SRR31300577.lite.1	SRX26678802	CL53-S2-1	RNA-Seq	PolyA	TRANSCRIPTOMIC	PAIRED	0	0	ILLUMINA	Illumina HiSeq 2000	SRP544281	PRJNA1184214		1184214	SRS23171829	SAMN44666884	simple	385388	Camellia oleifera	CL53-S2-1							no					CENTRAL SOUTH UNIVERSITY OF FORESTRY AND TECHNOLOGY	SRA2011910		public	2388981A0710D743E115478507E09C79	7D66C581EF6B490516D7E6DAF24F3C56	https://www.ncbi.nlm.nih.gov/sra/?term=SRR31300577	https://www.ncbi.nlm.nih.gov/bioproject/PRJNA1184214	https://www.ncbi.nlm.nih.gov/biosample/SAMN44666884	https://www.ncbi.nlm.nih.gov/sra/?term=SRX26678802	https://sra-downloadb.be-md.ncbi.nlm.nih.gov/sos8/sra-pub-zq-818/SRR031/31300/SRR31300577/SRR31300577.lite.1	832	
132	SRR31300578	2024-11-10 10:52:22	2024-11-10 03:04:11	18634421	5528916820	18634421	296	1760		https://sra-downloadb.be-md.ncbi.nlm.nih.gov/sos8/sra-pub-zq-818/SRR031/31300/SRR31300578/SRR31300578.lite.1	SRX26678801	CL53-S1-3	RNA-Seq	PolyA	TRANSCRIPTOMIC	PAIRED	0	0	ILLUMINA	Illumina HiSeq 2000	SRP544281	PRJNA1184214		1184214	SRS23171828	SAMN44666883	simple	385388	Camellia oleifera	CL53-S1-3							no					CENTRAL SOUTH UNIVERSITY OF FORESTRY AND TECHNOLOGY	SRA2011910		public	8B9330C3733176AF1408521D07A47B36	672E0ADEFE9CF0C1C2F7005707CA1E6B	https://www.ncbi.nlm.nih.gov/sra/?term=SRR31300578	https://www.ncbi.nlm.nih.gov/bioproject/PRJNA1184214	https://www.ncbi.nlm.nih.gov/biosample/SAMN44666883	https://www.ncbi.nlm.nih.gov/sra/?term=SRX26678801	https://sra-downloadb.be-md.ncbi.nlm.nih.gov/sos8/sra-pub-zq-818/SRR031/31300/SRR31300578/SRR31300578.lite.1	833	
133	SRR31300579	2024-11-10 10:52:23	2024-11-10 03:04:05	18302380	5427692452	18302380	296	1719		https://sra-downloadb.be-md.ncbi.nlm.nih.gov/sos8/sra-pub-zq-818/SRR031/31300/SRR31300579/SRR31300579.lite.1	SRX26678800	CL53-S1-2	RNA-Seq	PolyA	TRANSCRIPTOMIC	PAIRED	0	0	ILLUMINA	Illumina HiSeq 2000	SRP544281	PRJNA1184214		1184214	SRS23171827	SAMN44666882	simple	385388	Camellia oleifera	CL53-S1-2							no					CENTRAL SOUTH UNIVERSITY OF FORESTRY AND TECHNOLOGY	SRA2011910		public	DB46F0A1C0B71AEAE843245D4AE83A56	94D085DA6D6DF1A4544E514B40F080A1	https://www.ncbi.nlm.nih.gov/sra/?term=SRR31300579	https://www.ncbi.nlm.nih.gov/bioproject/PRJNA1184214	https://www.ncbi.nlm.nih.gov/biosample/SAMN44666882	https://www.ncbi.nlm.nih.gov/sra/?term=SRX26678800	https://sra-downloadb.be-md.ncbi.nlm.nih.gov/sos8/sra-pub-zq-818/SRR031/31300/SRR31300579/SRR31300579.lite.1	834	
134	SRR31300580	2024-11-10 10:52:23	2024-11-10 03:04:12	19837146	5883649746	19837146	296	1865		https://sra-downloadb.be-md.ncbi.nlm.nih.gov/sos8/sra-pub-zq-818/SRR031/31300/SRR31300580/SRR31300580.lite.1	SRX26678799	CL53-S1-1	RNA-Seq	PolyA	TRANSCRIPTOMIC	PAIRED	0	0	ILLUMINA	Illumina HiSeq 2000	SRP544281	PRJNA1184214		1184214	SRS23171826	SAMN44666881	simple	385388	Camellia oleifera	CL53-S1-1							no					CENTRAL SOUTH UNIVERSITY OF FORESTRY AND TECHNOLOGY	SRA2011910		public	0D0869E3DB179D687394DFBFD25D2782	B66F4FF39F80EE08C2D9BD7ED37D1CD8	https://www.ncbi.nlm.nih.gov/sra/?term=SRR31300580	https://www.ncbi.nlm.nih.gov/bioproject/PRJNA1184214	https://www.ncbi.nlm.nih.gov/biosample/SAMN44666881	https://www.ncbi.nlm.nih.gov/sra/?term=SRX26678799	https://sra-downloadb.be-md.ncbi.nlm.nih.gov/sos8/sra-pub-zq-818/SRR031/31300/SRR31300580/SRR31300580.lite.1	835	
135	SRR31300581	2024-11-10 10:52:22	2024-11-10 03:04:25	18559282	5500150572	18559282	296	1758		https://sra-downloadb.be-md.ncbi.nlm.nih.gov/sos8/sra-pub-zq-818/SRR031/31300/SRR31300581/SRR31300581.lite.1	SRX26678798	HX-S3-3	RNA-Seq	PolyA	TRANSCRIPTOMIC	PAIRED	0	0	ILLUMINA	Illumina HiSeq 2000	SRP544281	PRJNA1184214		1184214	SRS23171825	SAMN44666901	simple	385388	Camellia oleifera	HX-S3-3							no					CENTRAL SOUTH UNIVERSITY OF FORESTRY AND TECHNOLOGY	SRA2011910		public	4599041D5A532BF8DF2EC3AAE99C9141	92914038581FA410751DD444818B2B63	https://www.ncbi.nlm.nih.gov/sra/?term=SRR31300581	https://www.ncbi.nlm.nih.gov/bioproject/PRJNA1184214	https://www.ncbi.nlm.nih.gov/biosample/SAMN44666901	https://www.ncbi.nlm.nih.gov/sra/?term=SRX26678798	https://sra-downloadb.be-md.ncbi.nlm.nih.gov/sos8/sra-pub-zq-818/SRR031/31300/SRR31300581/SRR31300581.lite.1	836	
136	SRR31300582	2024-11-10 10:52:22	2024-11-10 03:04:16	19213099	5692567328	19213099	296	1824		https://sra-downloadb.be-md.ncbi.nlm.nih.gov/sos8/sra-pub-zq-818/SRR031/31300/SRR31300582/SRR31300582.lite.1	SRX26678797	HX-S3-2	RNA-Seq	PolyA	TRANSCRIPTOMIC	PAIRED	0	0	ILLUMINA	Illumina HiSeq 2000	SRP544281	PRJNA1184214		1184214	SRS23171824	SAMN44666900	simple	385388	Camellia oleifera	HX-S3-2							no					CENTRAL SOUTH UNIVERSITY OF FORESTRY AND TECHNOLOGY	SRA2011910		public	D969D31C4898F3742F2ABF92E6FF6DD8	D2EC12E772D8BDB0596E1940BCE0A90D	https://www.ncbi.nlm.nih.gov/sra/?term=SRR31300582	https://www.ncbi.nlm.nih.gov/bioproject/PRJNA1184214	https://www.ncbi.nlm.nih.gov/biosample/SAMN44666900	https://www.ncbi.nlm.nih.gov/sra/?term=SRX26678797	https://sra-downloadb.be-md.ncbi.nlm.nih.gov/sos8/sra-pub-zq-818/SRR031/31300/SRR31300582/SRR31300582.lite.1	837	
137	SRR31300583	2024-11-10 10:52:23	2024-11-10 03:05:20	18335752	5435710341	18335752	296	1736		https://sra-downloadb.be-md.ncbi.nlm.nih.gov/sos8/sra-pub-zq-818/SRR031/31300/SRR31300583/SRR31300583.lite.1	SRX26678796	HX-S3-1	RNA-Seq	PolyA	TRANSCRIPTOMIC	PAIRED	0	0	ILLUMINA	Illumina HiSeq 2000	SRP544281	PRJNA1184214		1184214	SRS23171823	SAMN44666899	simple	385388	Camellia oleifera	HX-S3-1							no					CENTRAL SOUTH UNIVERSITY OF FORESTRY AND TECHNOLOGY	SRA2011910		public	8615127BB9DEDACBF7D3534D8AFBED8F	3DEBEED10287A11728AFA35C3C90CEC0	https://www.ncbi.nlm.nih.gov/sra/?term=SRR31300583	https://www.ncbi.nlm.nih.gov/bioproject/PRJNA1184214	https://www.ncbi.nlm.nih.gov/biosample/SAMN44666899	https://www.ncbi.nlm.nih.gov/sra/?term=SRX26678796	https://sra-downloadb.be-md.ncbi.nlm.nih.gov/sos8/sra-pub-zq-818/SRR031/31300/SRR31300583/SRR31300583.lite.1	838	
138	SRR31300584	2024-11-10 10:52:23	2024-11-10 03:04:13	17648991	5234466861	17648991	296	1656		https://sra-downloadb.be-md.ncbi.nlm.nih.gov/sos8/sra-pub-zq-818/SRR031/31300/SRR31300584/SRR31300584.lite.1	SRX26678795	HX-S2-3	RNA-Seq	PolyA	TRANSCRIPTOMIC	PAIRED	0	0	ILLUMINA	Illumina HiSeq 2000	SRP544281	PRJNA1184214		1184214	SRS23171822	SAMN44666898	simple	385388	Camellia oleifera	HX-S2-3							no					CENTRAL SOUTH UNIVERSITY OF FORESTRY AND TECHNOLOGY	SRA2011910		public	8708F84F6F75900308B1A7678EFC9ECE	A0EBCF7C465A2FFB8DD16D13C9E5941B	https://www.ncbi.nlm.nih.gov/sra/?term=SRR31300584	https://www.ncbi.nlm.nih.gov/bioproject/PRJNA1184214	https://www.ncbi.nlm.nih.gov/biosample/SAMN44666898	https://www.ncbi.nlm.nih.gov/sra/?term=SRX26678795	https://sra-downloadb.be-md.ncbi.nlm.nih.gov/sos8/sra-pub-zq-818/SRR031/31300/SRR31300584/SRR31300584.lite.1	839	
139	SRR31300585	2024-11-10 10:52:23	2024-11-10 03:07:24	20485922	6072238097	20485922	296	1930		https://sra-downloadb.be-md.ncbi.nlm.nih.gov/sos8/sra-pub-zq-818/SRR031/31300/SRR31300585/SRR31300585.lite.1	SRX26678794	CL53-S0-3	RNA-Seq	PolyA	TRANSCRIPTOMIC	PAIRED	0	0	ILLUMINA	Illumina HiSeq 2000	SRP544281	PRJNA1184214		1184214	SRS23171821	SAMN44666880	simple	385388	Camellia oleifera	CL53-S0-3							no					CENTRAL SOUTH UNIVERSITY OF FORESTRY AND TECHNOLOGY	SRA2011910		public	4FCBACDE9895D550F114C189E958D545	B1E11FFAEC76D807484B5AC39FAC9826	https://www.ncbi.nlm.nih.gov/sra/?term=SRR31300585	https://www.ncbi.nlm.nih.gov/bioproject/PRJNA1184214	https://www.ncbi.nlm.nih.gov/biosample/SAMN44666880	https://www.ncbi.nlm.nih.gov/sra/?term=SRX26678794	https://sra-downloadb.be-md.ncbi.nlm.nih.gov/sos8/sra-pub-zq-818/SRR031/31300/SRR31300585/SRR31300585.lite.1	840	
140	SRR31300586	2024-11-10 10:52:23	2024-11-10 03:05:39	18258915	5406996871	18258915	296	1709		https://sra-downloadb.be-md.ncbi.nlm.nih.gov/sos8/sra-pub-zq-818/SRR031/31300/SRR31300586/SRR31300586.lite.1	SRX26678793	HX-S2-2	RNA-Seq	PolyA	TRANSCRIPTOMIC	PAIRED	0	0	ILLUMINA	Illumina HiSeq 2000	SRP544281	PRJNA1184214		1184214	SRS23171820	SAMN44666897	simple	385388	Camellia oleifera	HX-S2-2							no					CENTRAL SOUTH UNIVERSITY OF FORESTRY AND TECHNOLOGY	SRA2011910		public	83E55AFD38B364433EFBC367D0ABC3D9	40FA917C1C1824C0AB1AA28A5027F6E6	https://www.ncbi.nlm.nih.gov/sra/?term=SRR31300586	https://www.ncbi.nlm.nih.gov/bioproject/PRJNA1184214	https://www.ncbi.nlm.nih.gov/biosample/SAMN44666897	https://www.ncbi.nlm.nih.gov/sra/?term=SRX26678793	https://sra-downloadb.be-md.ncbi.nlm.nih.gov/sos8/sra-pub-zq-818/SRR031/31300/SRR31300586/SRR31300586.lite.1	841	
141	SRR31300587	2024-11-10 10:52:23	2024-11-10 03:05:53	21748392	6445297353	21748392	296	2046		https://sra-downloadb.be-md.ncbi.nlm.nih.gov/sos8/sra-pub-zq-818/SRR031/31300/SRR31300587/SRR31300587.lite.1	SRX26678792	HX-S2-1	RNA-Seq	PolyA	TRANSCRIPTOMIC	PAIRED	0	0	ILLUMINA	Illumina HiSeq 2000	SRP544281	PRJNA1184214		1184214	SRS23171819	SAMN44666896	simple	385388	Camellia oleifera	HX-S2-1							no					CENTRAL SOUTH UNIVERSITY OF FORESTRY AND TECHNOLOGY	SRA2011910		public	EC0D30E42EC2AF6563EDC523B6C1DE7C	EF8555361C3DBF04759AD08BDE213BC5	https://www.ncbi.nlm.nih.gov/sra/?term=SRR31300587	https://www.ncbi.nlm.nih.gov/bioproject/PRJNA1184214	https://www.ncbi.nlm.nih.gov/biosample/SAMN44666896	https://www.ncbi.nlm.nih.gov/sra/?term=SRX26678792	https://sra-downloadb.be-md.ncbi.nlm.nih.gov/sos8/sra-pub-zq-818/SRR031/31300/SRR31300587/SRR31300587.lite.1	842	
142	SRR31300588	2024-11-10 10:52:23	2024-11-10 03:04:49	17392350	5145352562	17392350	295	1440		https://sra-downloadb.be-md.ncbi.nlm.nih.gov/sos8/sra-pub-zq-818/SRR031/31300/SRR31300588/SRR31300588.lite.1	SRX26678791	HX-S1-3	RNA-Seq	PolyA	TRANSCRIPTOMIC	PAIRED	0	0	ILLUMINA	Illumina HiSeq 2000	SRP544281	PRJNA1184214		1184214	SRS23171818	SAMN44666895	simple	385388	Camellia oleifera	HX-S1-3							no					CENTRAL SOUTH UNIVERSITY OF FORESTRY AND TECHNOLOGY	SRA2011910		public	4A8FD46DD0EF84F1D1806A9F921AD7A8	EBA3C0E279599FC3DF2734D8F21FF1B5	https://www.ncbi.nlm.nih.gov/sra/?term=SRR31300588	https://www.ncbi.nlm.nih.gov/bioproject/PRJNA1184214	https://www.ncbi.nlm.nih.gov/biosample/SAMN44666895	https://www.ncbi.nlm.nih.gov/sra/?term=SRX26678791	https://sra-downloadb.be-md.ncbi.nlm.nih.gov/sos8/sra-pub-zq-818/SRR031/31300/SRR31300588/SRR31300588.lite.1	843	
143	SRR31300589	2024-11-10 10:52:23	2024-11-10 03:04:56	17951149	5308913125	17951149	295	1481		https://sra-downloadb.be-md.ncbi.nlm.nih.gov/sos8/sra-pub-zq-818/SRR031/31300/SRR31300589/SRR31300589.lite.1	SRX26678790	HX-S1-2	RNA-Seq	PolyA	TRANSCRIPTOMIC	PAIRED	0	0	ILLUMINA	Illumina HiSeq 2000	SRP544281	PRJNA1184214		1184214	SRS23171817	SAMN44666894	simple	385388	Camellia oleifera	HX-S1-2							no					CENTRAL SOUTH UNIVERSITY OF FORESTRY AND TECHNOLOGY	SRA2011910		public	1ABD45314CD3189692530889920E7F20	DB6BE8CB8FE5B56AFBA5899EB735972A	https://www.ncbi.nlm.nih.gov/sra/?term=SRR31300589	https://www.ncbi.nlm.nih.gov/bioproject/PRJNA1184214	https://www.ncbi.nlm.nih.gov/biosample/SAMN44666894	https://www.ncbi.nlm.nih.gov/sra/?term=SRX26678790	https://sra-downloadb.be-md.ncbi.nlm.nih.gov/sos8/sra-pub-zq-818/SRR031/31300/SRR31300589/SRR31300589.lite.1	844	
144	SRR31300590	2024-11-10 10:52:23	2024-11-10 03:06:49	19358151	5725976677	19358151	295	1599		https://sra-downloadb.be-md.ncbi.nlm.nih.gov/sos8/sra-pub-zq-818/SRR031/31300/SRR31300590/SRR31300590.lite.1	SRX26678789	HX-S1-1	RNA-Seq	PolyA	TRANSCRIPTOMIC	PAIRED	0	0	ILLUMINA	Illumina HiSeq 2000	SRP544281	PRJNA1184214		1184214	SRS23171816	SAMN44666893	simple	385388	Camellia oleifera	HX-S1-1							no					CENTRAL SOUTH UNIVERSITY OF FORESTRY AND TECHNOLOGY	SRA2011910		public	EA8A070452DF69D96406247676A274C6	CF3EA45DA7DF3593020ADEEC47FA2955	https://www.ncbi.nlm.nih.gov/sra/?term=SRR31300590	https://www.ncbi.nlm.nih.gov/bioproject/PRJNA1184214	https://www.ncbi.nlm.nih.gov/biosample/SAMN44666893	https://www.ncbi.nlm.nih.gov/sra/?term=SRX26678789	https://sra-downloadb.be-md.ncbi.nlm.nih.gov/sos8/sra-pub-zq-818/SRR031/31300/SRR31300590/SRR31300590.lite.1	845	
145	SRR31300591	2024-11-10 10:52:23	2024-11-10 03:05:33	18251827	5420491946	18251827	296	1722		https://sra-downloadb.be-md.ncbi.nlm.nih.gov/sos8/sra-pub-zq-818/SRR031/31300/SRR31300591/SRR31300591.lite.1	SRX26678788	HX-S0-3	RNA-Seq	PolyA	TRANSCRIPTOMIC	PAIRED	0	0	ILLUMINA	Illumina HiSeq 2000	SRP544281	PRJNA1184214		1184214	SRS23171815	SAMN44666892	simple	385388	Camellia oleifera	HX-S0-3							no					CENTRAL SOUTH UNIVERSITY OF FORESTRY AND TECHNOLOGY	SRA2011910		public	6485007EFF14BB1EEF051DCBA3D75EB2	8DEB3D45880F8C9746257ED9402C234C	https://www.ncbi.nlm.nih.gov/sra/?term=SRR31300591	https://www.ncbi.nlm.nih.gov/bioproject/PRJNA1184214	https://www.ncbi.nlm.nih.gov/biosample/SAMN44666892	https://www.ncbi.nlm.nih.gov/sra/?term=SRX26678788	https://sra-downloadb.be-md.ncbi.nlm.nih.gov/sos8/sra-pub-zq-818/SRR031/31300/SRR31300591/SRR31300591.lite.1	846	
146	SRR31300592	2024-11-10 10:52:23	2024-11-10 03:05:18	19790078	5880228330	19790078	297	1871		https://sra-downloadb.be-md.ncbi.nlm.nih.gov/sos8/sra-pub-zq-818/SRR031/31300/SRR31300592/SRR31300592.lite.1	SRX26678787	HX-S0-2	RNA-Seq	PolyA	TRANSCRIPTOMIC	PAIRED	0	0	ILLUMINA	Illumina HiSeq 2000	SRP544281	PRJNA1184214		1184214	SRS23171814	SAMN44666891	simple	385388	Camellia oleifera	HX-S0-2							no					CENTRAL SOUTH UNIVERSITY OF FORESTRY AND TECHNOLOGY	SRA2011910		public	FB96811BA10D7B341AF7FD3D46366F4F	1C34FD80AFE06B53E3D99D479D38CF99	https://www.ncbi.nlm.nih.gov/sra/?term=SRR31300592	https://www.ncbi.nlm.nih.gov/bioproject/PRJNA1184214	https://www.ncbi.nlm.nih.gov/biosample/SAMN44666891	https://www.ncbi.nlm.nih.gov/sra/?term=SRX26678787	https://sra-downloadb.be-md.ncbi.nlm.nih.gov/sos8/sra-pub-zq-818/SRR031/31300/SRR31300592/SRR31300592.lite.1	847	
147	SRR31300593	2024-11-10 10:52:22	2024-11-10 03:06:49	19325859	5742359476	19325859	297	1832		https://sra-downloadb.be-md.ncbi.nlm.nih.gov/sos8/sra-pub-zq-818/SRR031/31300/SRR31300593/SRR31300593.lite.1	SRX26678786	HX-S0-1	RNA-Seq	PolyA	TRANSCRIPTOMIC	PAIRED	0	0	ILLUMINA	Illumina HiSeq 2000	SRP544281	PRJNA1184214		1184214	SRS23171813	SAMN44666890	simple	385388	Camellia oleifera	HX-S0-1							no					CENTRAL SOUTH UNIVERSITY OF FORESTRY AND TECHNOLOGY	SRA2011910		public	BB6199D7353AC94BA15C904B4C10F464	B956068790464069377588515975459F	https://www.ncbi.nlm.nih.gov/sra/?term=SRR31300593	https://www.ncbi.nlm.nih.gov/bioproject/PRJNA1184214	https://www.ncbi.nlm.nih.gov/biosample/SAMN44666890	https://www.ncbi.nlm.nih.gov/sra/?term=SRX26678786	https://sra-downloadb.be-md.ncbi.nlm.nih.gov/sos8/sra-pub-zq-818/SRR031/31300/SRR31300593/SRR31300593.lite.1	848	
148	SRR31300594	2024-11-10 10:52:23	2024-11-10 03:05:21	20038267	5938668301	20038267	296	1904		https://sra-downloadb.be-md.ncbi.nlm.nih.gov/sos8/sra-pub-zq-818/SRR031/31300/SRR31300594/SRR31300594.lite.1	SRX26678785	CL53-S3-3	RNA-Seq	PolyA	TRANSCRIPTOMIC	PAIRED	0	0	ILLUMINA	Illumina HiSeq 2000	SRP544281	PRJNA1184214		1184214	SRS23171812	SAMN44666889	simple	385388	Camellia oleifera	CL53-S3-3							no					CENTRAL SOUTH UNIVERSITY OF FORESTRY AND TECHNOLOGY	SRA2011910		public	86C8638BF9F5FFB0FA652DF70623F287	AEBF6D4EF5EFCB78BA2E847E837864B5	https://www.ncbi.nlm.nih.gov/sra/?term=SRR31300594	https://www.ncbi.nlm.nih.gov/bioproject/PRJNA1184214	https://www.ncbi.nlm.nih.gov/biosample/SAMN44666889	https://www.ncbi.nlm.nih.gov/sra/?term=SRX26678785	https://sra-downloadb.be-md.ncbi.nlm.nih.gov/sos8/sra-pub-zq-818/SRR031/31300/SRR31300594/SRR31300594.lite.1	849	
149	SRR31300595	2024-11-10 10:52:22	2024-11-10 03:07:24	21347018	6327786423	21347018	296	2014		https://sra-downloadb.be-md.ncbi.nlm.nih.gov/sos8/sra-pub-zq-818/SRR031/31300/SRR31300595/SRR31300595.lite.1	SRX26678784	CL53-S3-2	RNA-Seq	PolyA	TRANSCRIPTOMIC	PAIRED	0	0	ILLUMINA	Illumina HiSeq 2000	SRP544281	PRJNA1184214		1184214	SRS23171811	SAMN44666888	simple	385388	Camellia oleifera	CL53-S3-2							no					CENTRAL SOUTH UNIVERSITY OF FORESTRY AND TECHNOLOGY	SRA2011910		public	DF71A369BE7ACE2DC01090327F126BE2	B7895DBA23CD27C7E0C9570640344EF8	https://www.ncbi.nlm.nih.gov/sra/?term=SRR31300595	https://www.ncbi.nlm.nih.gov/bioproject/PRJNA1184214	https://www.ncbi.nlm.nih.gov/biosample/SAMN44666888	https://www.ncbi.nlm.nih.gov/sra/?term=SRX26678784	https://sra-downloadb.be-md.ncbi.nlm.nih.gov/sos8/sra-pub-zq-818/SRR031/31300/SRR31300595/SRR31300595.lite.1	850	
150	SRR31300596	2024-11-10 10:52:23	2024-11-10 03:07:34	22078003	6543330845	22078003	296	2081		https://sra-downloadb.be-md.ncbi.nlm.nih.gov/sos8/sra-pub-zq-818/SRR031/31300/SRR31300596/SRR31300596.lite.1	SRX26678783	CL53-S0-2	RNA-Seq	PolyA	TRANSCRIPTOMIC	PAIRED	0	0	ILLUMINA	Illumina HiSeq 2000	SRP544281	PRJNA1184214		1184214	SRS23171810	SAMN44666879	simple	385388	Camellia oleifera	CL53-S0-2							no					CENTRAL SOUTH UNIVERSITY OF FORESTRY AND TECHNOLOGY	SRA2011910		public	FF8D7E5610E8693F8C3FA95EC9ED7677	E6AC311B705A6AB3151005CD301E4ED8	https://www.ncbi.nlm.nih.gov/sra/?term=SRR31300596	https://www.ncbi.nlm.nih.gov/bioproject/PRJNA1184214	https://www.ncbi.nlm.nih.gov/biosample/SAMN44666879	https://www.ncbi.nlm.nih.gov/sra/?term=SRX26678783	https://sra-downloadb.be-md.ncbi.nlm.nih.gov/sos8/sra-pub-zq-818/SRR031/31300/SRR31300596/SRR31300596.lite.1	851	
151	SRR31300597	2024-11-10 10:52:22	2024-11-10 03:07:30	20741766	6151980126	20741766	296	1970		https://sra-downloadb.be-md.ncbi.nlm.nih.gov/sos8/sra-pub-zq-818/SRR031/31300/SRR31300597/SRR31300597.lite.1	SRX26678782	CL53-S0-1	RNA-Seq	PolyA	TRANSCRIPTOMIC	PAIRED	0	0	ILLUMINA	Illumina HiSeq 2000	SRP544281	PRJNA1184214		1184214	SRS23171809	SAMN44666878	simple	385388	Camellia oleifera	CL53-S0-1							no					CENTRAL SOUTH UNIVERSITY OF FORESTRY AND TECHNOLOGY	SRA2011910		public	2C433FD15F85C1C3C57672897B4D93CB	1F9E0BB7A7DF5B19196B3D2913B0FD42	https://www.ncbi.nlm.nih.gov/sra/?term=SRR31300597	https://www.ncbi.nlm.nih.gov/bioproject/PRJNA1184214	https://www.ncbi.nlm.nih.gov/biosample/SAMN44666878	https://www.ncbi.nlm.nih.gov/sra/?term=SRX26678782	https://sra-downloadb.be-md.ncbi.nlm.nih.gov/sos8/sra-pub-zq-818/SRR031/31300/SRR31300597/SRR31300597.lite.1	852	
152	SRR17534854	2024-03-28 03:37:29	2022-01-10 15:27:54	24721661	7416498300	24721661	300	2782		https://sra-downloadb.be-md.ncbi.nlm.nih.gov/sos8/sra-pub-zq-818/SRR017/17534/SRR17534854/SRR17534854.lite.1	SRX13704613	D6	RNA-Seq	Oligo-dT	TRANSCRIPTOMIC	PAIRED	0	0	ILLUMINA	Illumina NovaSeq 6000	SRP354300	PRJNA796008		796008	SRS11580385	SAMN24809128	simple	4442	Camellia sinensis	Heart shaped embryo biological replicate 2							no					BOSE INSTITUTE	SRA1354544		public	5145E7F4D828810F7E49FC0F80B37054	D6D6A75D1EDA15372DFEB703F87EF433	https://www.ncbi.nlm.nih.gov/sra/?term=SRR17534854	https://www.ncbi.nlm.nih.gov/bioproject/PRJNA796008	https://www.ncbi.nlm.nih.gov/biosample/SAMN24809128	https://www.ncbi.nlm.nih.gov/sra/?term=SRX13704613	https://sra-downloadb.be-md.ncbi.nlm.nih.gov/sos8/sra-pub-zq-818/SRR017/17534/SRR17534854/SRR17534854.lite.1	469	
153	SRR17534855	2024-03-28 03:37:29	2022-01-10 15:23:37	23041630	6912489000	23041630	300	2476		https://sra-downloadb.be-md.ncbi.nlm.nih.gov/sos8/sra-pub-zq-818/SRR017/17534/SRR17534855/SRR17534855.lite.1	SRX13704612	D5	RNA-Seq	Oligo-dT	TRANSCRIPTOMIC	PAIRED	0	0	ILLUMINA	Illumina NovaSeq 6000	SRP354300	PRJNA796008		796008	SRS11580384	SAMN24809127	simple	4442	Camellia sinensis	Heart shaped embryo biological replicate 1							no					BOSE INSTITUTE	SRA1354544		public	71FAA81ACE15D2AD09393F642E0DB873	174F64422EF1F6AA98C736D215DD1FA9	https://www.ncbi.nlm.nih.gov/sra/?term=SRR17534855	https://www.ncbi.nlm.nih.gov/bioproject/PRJNA796008	https://www.ncbi.nlm.nih.gov/biosample/SAMN24809127	https://www.ncbi.nlm.nih.gov/sra/?term=SRX13704612	https://sra-downloadb.be-md.ncbi.nlm.nih.gov/sos8/sra-pub-zq-818/SRR017/17534/SRR17534855/SRR17534855.lite.1	470	
154	SRR17534856	2024-03-28 03:37:30	2022-01-10 15:14:57	20838994	6251698200	20838994	300	2200		https://sra-downloadb.be-md.ncbi.nlm.nih.gov/sos8/sra-pub-zq-818/SRR017/17534/SRR17534856/SRR17534856.lite.1	SRX13704611	D4	RNA-Seq	Oligo-dT	TRANSCRIPTOMIC	PAIRED	0	0	ILLUMINA	Illumina NovaSeq 6000	SRP354300	PRJNA796008		796008	SRS11580382	SAMN24809126	simple	4442	Camellia sinensis	Globular embryo biological replicate 2							no					BOSE INSTITUTE	SRA1354544		public	1F682ED8788DE15E1DE1AD96CCE5FC0C	DD63B311D87321F1F9C7B7E41CEE86B7	https://www.ncbi.nlm.nih.gov/sra/?term=SRR17534856	https://www.ncbi.nlm.nih.gov/bioproject/PRJNA796008	https://www.ncbi.nlm.nih.gov/biosample/SAMN24809126	https://www.ncbi.nlm.nih.gov/sra/?term=SRX13704611	https://sra-downloadb.be-md.ncbi.nlm.nih.gov/sos8/sra-pub-zq-818/SRR017/17534/SRR17534856/SRR17534856.lite.1	471	
155	SRR17534857	2024-03-28 03:37:30	2022-01-10 15:51:46	23940684	7182205200	23940684	300	2581		https://sra-downloadb.be-md.ncbi.nlm.nih.gov/sos8/sra-pub-zq-818/SRR017/17534/SRR17534857/SRR17534857.lite.1	SRX13704610	D3	RNA-Seq	Oligo-dT	TRANSCRIPTOMIC	PAIRED	0	0	ILLUMINA	Illumina NovaSeq 6000	SRP354300	PRJNA796008		796008	SRS11580383	SAMN24809125	simple	4442	Camellia sinensis	Globular embryo biological replicate 1							no					BOSE INSTITUTE	SRA1354544		public	552C91CD401A4CAE15AA70407F1DF9C9	1367807F4EC7C3CF381F7366FE42C15A	https://www.ncbi.nlm.nih.gov/sra/?term=SRR17534857	https://www.ncbi.nlm.nih.gov/bioproject/PRJNA796008	https://www.ncbi.nlm.nih.gov/biosample/SAMN24809125	https://www.ncbi.nlm.nih.gov/sra/?term=SRX13704610	https://sra-downloadb.be-md.ncbi.nlm.nih.gov/sos8/sra-pub-zq-818/SRR017/17534/SRR17534857/SRR17534857.lite.1	472	
156	SRR17534858	2024-03-28 03:37:30	2022-01-10 15:21:56	24148913	7244673900	24148913	300	2648		https://sra-downloadb.be-md.ncbi.nlm.nih.gov/sos8/sra-pub-zq-818/SRR017/17534/SRR17534858/SRR17534858.lite.1	SRX13704609	D2	RNA-Seq	Oligo-dT	TRANSCRIPTOMIC	PAIRED	0	0	ILLUMINA	Illumina NovaSeq 6000	SRP354300	PRJNA796008		796008	SRS11580380	SAMN24809124	simple	4442	Camellia sinensis	Embryogenic callus biological replicate 2							no					BOSE INSTITUTE	SRA1354544		public	844D1A7D484E20925B907F14767AB8C4	EE219EEF92742DA035FA9803B8308EE5	https://www.ncbi.nlm.nih.gov/sra/?term=SRR17534858	https://www.ncbi.nlm.nih.gov/bioproject/PRJNA796008	https://www.ncbi.nlm.nih.gov/biosample/SAMN24809124	https://www.ncbi.nlm.nih.gov/sra/?term=SRX13704609	https://sra-downloadb.be-md.ncbi.nlm.nih.gov/sos8/sra-pub-zq-818/SRR017/17534/SRR17534858/SRR17534858.lite.1	473	
157	SRR17534859	2024-03-28 03:37:30	2022-01-10 15:39:40	23269588	6980876400	23269588	300	2546		https://sra-downloadb.be-md.ncbi.nlm.nih.gov/sos8/sra-pub-zq-818/SRR017/17534/SRR17534859/SRR17534859.lite.1	SRX13704608	D1	RNA-Seq	Oligo-dT	TRANSCRIPTOMIC	PAIRED	0	0	ILLUMINA	Illumina NovaSeq 6000	SRP354300	PRJNA796008		796008	SRS11580381	SAMN24809123	simple	4442	Camellia sinensis	Embryogenic callus biological replicate 1							no					BOSE INSTITUTE	SRA1354544		public	D088DDB8BB607434923AE92907DFCC7D	72B8C94C39C66CD7536D25EBEFFD270A	https://www.ncbi.nlm.nih.gov/sra/?term=SRR17534859	https://www.ncbi.nlm.nih.gov/bioproject/PRJNA796008	https://www.ncbi.nlm.nih.gov/biosample/SAMN24809123	https://www.ncbi.nlm.nih.gov/sra/?term=SRX13704608	https://sra-downloadb.be-md.ncbi.nlm.nih.gov/sos8/sra-pub-zq-818/SRR017/17534/SRR17534859/SRR17534859.lite.1	474	
158	SRR16473439	2022-12-31 00:18:06	2021-10-20 02:27:36	44523483	13357044900	44523483	300	4175		https://sra-downloadb.be-md.ncbi.nlm.nih.gov/sos1/sra-pub-zq-38/SRR016/16473/SRR16473439/SRR16473439.lite.1	SRX12676821	C13	RNA-Seq	cDNA	TRANSCRIPTOMIC	PAIRED	0	0	ILLUMINA	Illumina HiSeq 4000	SRP341960	PRJNA772286		772286	SRS10628391	SAMN22374103	simple	60419	Castanea mollissima	TE_1							no					BEIJING UNIVERSITY OF AGRICULTURE	SRA1312985		public	CDA78A3836C1D14B0BA16EEFBDDDD267	D8F0D6850B9668101C2BD0B8829B3ACC	https://www.ncbi.nlm.nih.gov/sra/?term=SRR16473439	https://www.ncbi.nlm.nih.gov/bioproject/PRJNA772286	https://www.ncbi.nlm.nih.gov/biosample/SAMN22374103	https://www.ncbi.nlm.nih.gov/sra/?term=SRX12676821	https://sra-downloadb.be-md.ncbi.nlm.nih.gov/sos1/sra-pub-zq-38/SRR016/16473/SRR16473439/SRR16473439.lite.1	400	
159	SRR16473440	2022-12-31 00:18:06	2021-10-20 03:11:57	48058525	14417557500	48058525	300	4457		https://sra-downloadb.be-md.ncbi.nlm.nih.gov/sos8/sra-pub-zq-818/SRR016/16473/SRR16473440/SRR16473440.lite.1	SRX12676820	C12	RNA-Seq	cDNA	TRANSCRIPTOMIC	PAIRED	0	0	ILLUMINA	Illumina HiSeq 4000	SRP341960	PRJNA772286		772286	SRS10628390	SAMN22374102	simple	60419	Castanea mollissima	HE_3							no					BEIJING UNIVERSITY OF AGRICULTURE	SRA1312985		public	22E18ED0F044D99F74182C2E318C2CF3	79FB561241A235F08B0D676002724A92	https://www.ncbi.nlm.nih.gov/sra/?term=SRR16473440	https://www.ncbi.nlm.nih.gov/bioproject/PRJNA772286	https://www.ncbi.nlm.nih.gov/biosample/SAMN22374102	https://www.ncbi.nlm.nih.gov/sra/?term=SRX12676820	https://sra-downloadb.be-md.ncbi.nlm.nih.gov/sos8/sra-pub-zq-818/SRR016/16473/SRR16473440/SRR16473440.lite.1	401	
160	SRR16473441	2022-12-31 00:18:05	2021-10-20 02:44:08	37203182	11160954600	37203182	300	3455		https://sra-downloadb.be-md.ncbi.nlm.nih.gov/sos8/sra-pub-zq-818/SRR016/16473/SRR16473441/SRR16473441.lite.1	SRX12676819	C11	RNA-Seq	cDNA	TRANSCRIPTOMIC	PAIRED	0	0	ILLUMINA	Illumina HiSeq 4000	SRP341960	PRJNA772286		772286	SRS10628392	SAMN22374101	simple	60419	Castanea mollissima	HE_2							no					BEIJING UNIVERSITY OF AGRICULTURE	SRA1312985		public	CEBAA770A59EA48669FD1D49562A64F3	91B2B009E8D8ABD019F8A3C249054D85	https://www.ncbi.nlm.nih.gov/sra/?term=SRR16473441	https://www.ncbi.nlm.nih.gov/bioproject/PRJNA772286	https://www.ncbi.nlm.nih.gov/biosample/SAMN22374101	https://www.ncbi.nlm.nih.gov/sra/?term=SRX12676819	https://sra-downloadb.be-md.ncbi.nlm.nih.gov/sos8/sra-pub-zq-818/SRR016/16473/SRR16473441/SRR16473441.lite.1	402	
161	SRR16473442	2022-12-31 00:18:05	2021-10-20 02:48:02	53068853	15920655900	53068853	300	4950		https://sra-downloadb.be-md.ncbi.nlm.nih.gov/sos8/sra-pub-zq-820/SRR016/16473/SRR16473442/SRR16473442.lite.1	SRX12676818	C02	RNA-Seq	cDNA	TRANSCRIPTOMIC	PAIRED	0	0	ILLUMINA	Illumina HiSeq 4000	SRP341960	PRJNA772286		772286	SRS10628389	SAMN22374092	simple	60419	Castanea mollissima	NEC_2							no					BEIJING UNIVERSITY OF AGRICULTURE	SRA1312985		public	296AF255E7FB04937068C5EC92124F25	4146696CE50E70D516D66D0C7C87C14B	https://www.ncbi.nlm.nih.gov/sra/?term=SRR16473442	https://www.ncbi.nlm.nih.gov/bioproject/PRJNA772286	https://www.ncbi.nlm.nih.gov/biosample/SAMN22374092	https://www.ncbi.nlm.nih.gov/sra/?term=SRX12676818	https://sra-downloadb.be-md.ncbi.nlm.nih.gov/sos8/sra-pub-zq-820/SRR016/16473/SRR16473442/SRR16473442.lite.1	403	
162	SRR16473443	2022-12-31 00:18:05	2021-10-20 02:29:13	43655645	13096693500	43655645	300	4023		https://sra-downloadb.be-md.ncbi.nlm.nih.gov/sos8/sra-pub-zq-818/SRR016/16473/SRR16473443/SRR16473443.lite.1	SRX12676817	C01	RNA-Seq	cDNA	TRANSCRIPTOMIC	PAIRED	0	0	ILLUMINA	Illumina HiSeq 4000	SRP341960	PRJNA772286		772286	SRS10628388	SAMN22374091	simple	60419	Castanea mollissima	NEC_1							no					BEIJING UNIVERSITY OF AGRICULTURE	SRA1312985		public	B0E26E84D9B767460E759B11A7CBFD91	B209B4D8254816B1386E725732770145	https://www.ncbi.nlm.nih.gov/sra/?term=SRR16473443	https://www.ncbi.nlm.nih.gov/bioproject/PRJNA772286	https://www.ncbi.nlm.nih.gov/biosample/SAMN22374091	https://www.ncbi.nlm.nih.gov/sra/?term=SRX12676817	https://sra-downloadb.be-md.ncbi.nlm.nih.gov/sos8/sra-pub-zq-818/SRR016/16473/SRR16473443/SRR16473443.lite.1	404	
163	SRR16473444	2022-12-31 00:18:05	2021-10-20 02:45:51	41030907	12309272100	41030907	300	3796		https://sra-downloadb.be-md.ncbi.nlm.nih.gov/sos1/sra-pub-zq-38/SRR016/16473/SRR16473444/SRR16473444.lite.1	SRX12676816	C10	RNA-Seq	cDNA	TRANSCRIPTOMIC	PAIRED	0	0	ILLUMINA	Illumina HiSeq 4000	SRP341960	PRJNA772286		772286	SRS10628387	SAMN22374100	simple	60419	Castanea mollissima	HE_1							no					BEIJING UNIVERSITY OF AGRICULTURE	SRA1312985		public	8E87A4E3F916BD77DB7B63CF86BE1E42	B2E28F64A3AA2226E0997CC6C274E97B	https://www.ncbi.nlm.nih.gov/sra/?term=SRR16473444	https://www.ncbi.nlm.nih.gov/bioproject/PRJNA772286	https://www.ncbi.nlm.nih.gov/biosample/SAMN22374100	https://www.ncbi.nlm.nih.gov/sra/?term=SRX12676816	https://sra-downloadb.be-md.ncbi.nlm.nih.gov/sos1/sra-pub-zq-38/SRR016/16473/SRR16473444/SRR16473444.lite.1	405	
164	SRR16473445	2022-12-31 00:18:05	2021-10-20 02:37:06	43382220	13014666000	43382220	300	3988		https://sra-downloadb.be-md.ncbi.nlm.nih.gov/sos8/sra-pub-zq-818/SRR016/16473/SRR16473445/SRR16473445.lite.1	SRX12676815	C09	RNA-Seq	cDNA	TRANSCRIPTOMIC	PAIRED	0	0	ILLUMINA	Illumina HiSeq 4000	SRP341960	PRJNA772286		772286	SRS10628386	SAMN22374099	simple	60419	Castanea mollissima	GE_3							no					BEIJING UNIVERSITY OF AGRICULTURE	SRA1312985		public	0F142630AB3CD2897EB0E248B67BEB0C	79626690F49A2E20BFE21E225DDF614F	https://www.ncbi.nlm.nih.gov/sra/?term=SRR16473445	https://www.ncbi.nlm.nih.gov/bioproject/PRJNA772286	https://www.ncbi.nlm.nih.gov/biosample/SAMN22374099	https://www.ncbi.nlm.nih.gov/sra/?term=SRX12676815	https://sra-downloadb.be-md.ncbi.nlm.nih.gov/sos8/sra-pub-zq-818/SRR016/16473/SRR16473445/SRR16473445.lite.1	406	
165	SRR16473446	2022-12-31 00:18:05	2021-10-20 02:20:19	42810824	12843247200	42810824	300	3979		https://sra-downloadb.be-md.ncbi.nlm.nih.gov/sos8/sra-pub-zq-818/SRR016/16473/SRR16473446/SRR16473446.lite.1	SRX12676814	C08	RNA-Seq	cDNA	TRANSCRIPTOMIC	PAIRED	0	0	ILLUMINA	Illumina HiSeq 4000	SRP341960	PRJNA772286		772286	SRS10628385	SAMN22374098	simple	60419	Castanea mollissima	GE_2							no					BEIJING UNIVERSITY OF AGRICULTURE	SRA1312985		public	7D43EE09FE7E926794DF2B336F090091	764C698765BD64E6FB643A351CBD3E1F	https://www.ncbi.nlm.nih.gov/sra/?term=SRR16473446	https://www.ncbi.nlm.nih.gov/bioproject/PRJNA772286	https://www.ncbi.nlm.nih.gov/biosample/SAMN22374098	https://www.ncbi.nlm.nih.gov/sra/?term=SRX12676814	https://sra-downloadb.be-md.ncbi.nlm.nih.gov/sos8/sra-pub-zq-818/SRR016/16473/SRR16473446/SRR16473446.lite.1	407	
166	SRR16473447	2022-12-31 00:18:05	2021-10-20 02:26:01	48329280	14498784000	48329280	300	4518		https://sra-downloadb.be-md.ncbi.nlm.nih.gov/sos8/sra-pub-zq-820/SRR016/16473/SRR16473447/SRR16473447.lite.1	SRX12676813	C07	RNA-Seq	cDNA	TRANSCRIPTOMIC	PAIRED	0	0	ILLUMINA	Illumina HiSeq 4000	SRP341960	PRJNA772286		772286	SRS10628384	SAMN22374097	simple	60419	Castanea mollissima	GE_1							no					BEIJING UNIVERSITY OF AGRICULTURE	SRA1312985		public	3394CCEE9ADB453791AC5C5414E1FDC6	340A449A88B40800561212D4E2C05BFE	https://www.ncbi.nlm.nih.gov/sra/?term=SRR16473447	https://www.ncbi.nlm.nih.gov/bioproject/PRJNA772286	https://www.ncbi.nlm.nih.gov/biosample/SAMN22374097	https://www.ncbi.nlm.nih.gov/sra/?term=SRX12676813	https://sra-downloadb.be-md.ncbi.nlm.nih.gov/sos8/sra-pub-zq-820/SRR016/16473/SRR16473447/SRR16473447.lite.1	408	
167	SRR16473448	2022-12-31 00:18:05	2021-10-20 02:26:51	38692482	11607744600	38692482	300	3579		https://sra-downloadb.be-md.ncbi.nlm.nih.gov/sos8/sra-pub-zq-818/SRR016/16473/SRR16473448/SRR16473448.lite.1	SRX12676812	C06	RNA-Seq	cDNA	TRANSCRIPTOMIC	PAIRED	0	0	ILLUMINA	Illumina HiSeq 4000	SRP341960	PRJNA772286		772286	SRS10628383	SAMN22374096	simple	60419	Castanea mollissima	EC_3							no					BEIJING UNIVERSITY OF AGRICULTURE	SRA1312985		public	79A56444814BE1A49CE7B459DC5867D8	0B9F7E34FB09463F5D1AB720C64BD698	https://www.ncbi.nlm.nih.gov/sra/?term=SRR16473448	https://www.ncbi.nlm.nih.gov/bioproject/PRJNA772286	https://www.ncbi.nlm.nih.gov/biosample/SAMN22374096	https://www.ncbi.nlm.nih.gov/sra/?term=SRX12676812	https://sra-downloadb.be-md.ncbi.nlm.nih.gov/sos8/sra-pub-zq-818/SRR016/16473/SRR16473448/SRR16473448.lite.1	409	
168	SRR16473449	2022-12-31 00:18:05	2021-10-20 02:42:36	44491610	13347483000	44491610	300	4122		https://sra-downloadb.be-md.ncbi.nlm.nih.gov/sos1/sra-pub-zq-38/SRR016/16473/SRR16473449/SRR16473449.lite.1	SRX12676811	C05	RNA-Seq	cDNA	TRANSCRIPTOMIC	PAIRED	0	0	ILLUMINA	Illumina HiSeq 4000	SRP341960	PRJNA772286		772286	SRS10628382	SAMN22374095	simple	60419	Castanea mollissima	EC_2							no					BEIJING UNIVERSITY OF AGRICULTURE	SRA1312985		public	23DA023AC00EB9DDAFB168B5B42F9A5B	91E458AD680E2EB9DDF891DFAC1A98E1	https://www.ncbi.nlm.nih.gov/sra/?term=SRR16473449	https://www.ncbi.nlm.nih.gov/bioproject/PRJNA772286	https://www.ncbi.nlm.nih.gov/biosample/SAMN22374095	https://www.ncbi.nlm.nih.gov/sra/?term=SRX12676811	https://sra-downloadb.be-md.ncbi.nlm.nih.gov/sos1/sra-pub-zq-38/SRR016/16473/SRR16473449/SRR16473449.lite.1	410	
169	SRR16473450	2022-12-31 00:18:05	2021-10-20 02:24:10	38117448	11435234400	38117448	300	3550		https://sra-downloadb.be-md.ncbi.nlm.nih.gov/sos8/sra-pub-zq-818/SRR016/16473/SRR16473450/SRR16473450.lite.1	SRX12676810	C04	RNA-Seq	cDNA	TRANSCRIPTOMIC	PAIRED	0	0	ILLUMINA	Illumina HiSeq 4000	SRP341960	PRJNA772286		772286	SRS10628381	SAMN22374094	simple	60419	Castanea mollissima	EC_1							no					BEIJING UNIVERSITY OF AGRICULTURE	SRA1312985		public	D672D0AB5FC2326B48D0912A2AA19694	22C76D4D04F034DEFFE41B4578BFA48D	https://www.ncbi.nlm.nih.gov/sra/?term=SRR16473450	https://www.ncbi.nlm.nih.gov/bioproject/PRJNA772286	https://www.ncbi.nlm.nih.gov/biosample/SAMN22374094	https://www.ncbi.nlm.nih.gov/sra/?term=SRX12676810	https://sra-downloadb.be-md.ncbi.nlm.nih.gov/sos8/sra-pub-zq-818/SRR016/16473/SRR16473450/SRR16473450.lite.1	411	
170	SRR16473451	2022-12-31 00:18:05	2021-10-20 02:35:54	50107871	15032361300	50107871	300	4623		https://sra-downloadb.be-md.ncbi.nlm.nih.gov/sos8/sra-pub-zq-818/SRR016/16473/SRR16473451/SRR16473451.lite.1	SRX12676809	C03	RNA-Seq	cDNA	TRANSCRIPTOMIC	PAIRED	0	0	ILLUMINA	Illumina HiSeq 4000	SRP341960	PRJNA772286		772286	SRS10628379	SAMN22374093	simple	60419	Castanea mollissima	NEC_3							no					BEIJING UNIVERSITY OF AGRICULTURE	SRA1312985		public	30EAED8500320CC4A23D959A39406D4C	AAB3F34FDDFF0AF147D38220F0E5F9D3	https://www.ncbi.nlm.nih.gov/sra/?term=SRR16473451	https://www.ncbi.nlm.nih.gov/bioproject/PRJNA772286	https://www.ncbi.nlm.nih.gov/biosample/SAMN22374093	https://www.ncbi.nlm.nih.gov/sra/?term=SRX12676809	https://sra-downloadb.be-md.ncbi.nlm.nih.gov/sos8/sra-pub-zq-818/SRR016/16473/SRR16473451/SRR16473451.lite.1	412	
171	SRR16473452	2022-12-31 00:18:05	2021-10-20 02:14:48	33748350	10124505000	33748350	300	3131		https://sra-downloadb.be-md.ncbi.nlm.nih.gov/sos8/sra-pub-zq-818/SRR016/16473/SRR16473452/SRR16473452.lite.1	SRX12676808	C18	RNA-Seq	cDNA	TRANSCRIPTOMIC	PAIRED	0	0	ILLUMINA	Illumina HiSeq 4000	SRP341960	PRJNA772286		772286	SRS10628380	SAMN22374108	simple	60419	Castanea mollissima	CE_3							no					BEIJING UNIVERSITY OF AGRICULTURE	SRA1312985		public	E90A6D789FA265DBDD30EFFB8C849740	ED1FD1C5D2FFEC6EB743BCC16A3BDDA5	https://www.ncbi.nlm.nih.gov/sra/?term=SRR16473452	https://www.ncbi.nlm.nih.gov/bioproject/PRJNA772286	https://www.ncbi.nlm.nih.gov/biosample/SAMN22374108	https://www.ncbi.nlm.nih.gov/sra/?term=SRX12676808	https://sra-downloadb.be-md.ncbi.nlm.nih.gov/sos8/sra-pub-zq-818/SRR016/16473/SRR16473452/SRR16473452.lite.1	413	
172	SRR16473453	2022-12-31 00:18:05	2021-10-20 03:41:22	40150220	12045066000	40150220	300	3708		https://sra-downloadb.be-md.ncbi.nlm.nih.gov/sos1/sra-pub-zq-38/SRR016/16473/SRR16473453/SRR16473453.lite.1	SRX12676807	C17	RNA-Seq	cDNA	TRANSCRIPTOMIC	PAIRED	0	0	ILLUMINA	Illumina HiSeq 4000	SRP341960	PRJNA772286		772286	SRS10628376	SAMN22374107	simple	60419	Castanea mollissima	CE_2							no					BEIJING UNIVERSITY OF AGRICULTURE	SRA1312985		public	18FD039B7E38BAD693D7FFEC863C39D0	28DC17E984B7ECD1337D045925B59312	https://www.ncbi.nlm.nih.gov/sra/?term=SRR16473453	https://www.ncbi.nlm.nih.gov/bioproject/PRJNA772286	https://www.ncbi.nlm.nih.gov/biosample/SAMN22374107	https://www.ncbi.nlm.nih.gov/sra/?term=SRX12676807	https://sra-downloadb.be-md.ncbi.nlm.nih.gov/sos1/sra-pub-zq-38/SRR016/16473/SRR16473453/SRR16473453.lite.1	414	
173	SRR16473454	2022-12-31 00:18:05	2021-10-20 02:19:49	38668649	11600594700	38668649	300	3578		https://sra-downloadb.be-md.ncbi.nlm.nih.gov/sos9/sra-pub-zq-924/SRR016/16473/SRR16473454/SRR16473454.lite.1	SRX12676806	C16	RNA-Seq	cDNA	TRANSCRIPTOMIC	PAIRED	0	0	ILLUMINA	Illumina HiSeq 4000	SRP341960	PRJNA772286		772286	SRS10628377	SAMN22374106	simple	60419	Castanea mollissima	CE_1							no					BEIJING UNIVERSITY OF AGRICULTURE	SRA1312985		public	E06412ADB45AC19C59656EF484C36B13	B5E8F2516B6CC506B4F0ED2882A5137D	https://www.ncbi.nlm.nih.gov/sra/?term=SRR16473454	https://www.ncbi.nlm.nih.gov/bioproject/PRJNA772286	https://www.ncbi.nlm.nih.gov/biosample/SAMN22374106	https://www.ncbi.nlm.nih.gov/sra/?term=SRX12676806	https://sra-downloadb.be-md.ncbi.nlm.nih.gov/sos9/sra-pub-zq-924/SRR016/16473/SRR16473454/SRR16473454.lite.1	415	
174	SRR16473455	2022-12-31 00:18:05	2021-10-20 02:42:35	42602124	12780637200	42602124	300	3963		https://sra-downloadb.be-md.ncbi.nlm.nih.gov/sos1/sra-pub-zq-38/SRR016/16473/SRR16473455/SRR16473455.lite.1	SRX12676805	C15	RNA-Seq	cDNA	TRANSCRIPTOMIC	PAIRED	0	0	ILLUMINA	Illumina HiSeq 4000	SRP341960	PRJNA772286		772286	SRS10629213	SAMN22374105	simple	60419	Castanea mollissima	TE_3							no					BEIJING UNIVERSITY OF AGRICULTURE	SRA1312985		public	1B9102DB150EDAC7E9D27C29A88AA6ED	11258D79A13B620720591DB99A5A0D2B	https://www.ncbi.nlm.nih.gov/sra/?term=SRR16473455	https://www.ncbi.nlm.nih.gov/bioproject/PRJNA772286	https://www.ncbi.nlm.nih.gov/biosample/SAMN22374105	https://www.ncbi.nlm.nih.gov/sra/?term=SRX12676805	https://sra-downloadb.be-md.ncbi.nlm.nih.gov/sos1/sra-pub-zq-38/SRR016/16473/SRR16473455/SRR16473455.lite.1	416	
175	SRR16473456	2022-12-31 00:18:05	2021-10-20 02:29:57	33593043	10077912900	33593043	300	2944		https://sra-downloadb.be-md.ncbi.nlm.nih.gov/sos8/sra-pub-zq-818/SRR016/16473/SRR16473456/SRR16473456.lite.1	SRX12676804	C14	RNA-Seq	cDNA	TRANSCRIPTOMIC	PAIRED	0	0	ILLUMINA	Illumina HiSeq 4000	SRP341960	PRJNA772286		772286	SRS10628378	SAMN22374104	simple	60419	Castanea mollissima	TE_2							no					BEIJING UNIVERSITY OF AGRICULTURE	SRA1312985		public	AF906EA0327D23193FF49005B716A551	DC9D4F56433FC8A48C4F073125307DD6	https://www.ncbi.nlm.nih.gov/sra/?term=SRR16473456	https://www.ncbi.nlm.nih.gov/bioproject/PRJNA772286	https://www.ncbi.nlm.nih.gov/biosample/SAMN22374104	https://www.ncbi.nlm.nih.gov/sra/?term=SRX12676804	https://sra-downloadb.be-md.ncbi.nlm.nih.gov/sos8/sra-pub-zq-818/SRR016/16473/SRR16473456/SRR16473456.lite.1	417	
176	SRR17244675	2023-12-31 00:14:55	2021-12-16 00:49:29	29470405	8841121500	29470405	300	2811		https://sra-downloadb.be-md.ncbi.nlm.nih.gov/sos4/sra-pub-zq-1/SRR017/17244/SRR17244675/SRR17244675.lite.1	SRX13423711	C6	RNA-Seq	cDNA	TRANSCRIPTOMIC	PAIRED	0	0	ILLUMINA	Illumina HiSeq 4000	SRP351002	PRJNA789405		789405	SRS11324921	SAMN24108476	simple	60419	Castanea mollissima	OE_3							no					BEIJING UNIVERSITY OF AGRICULTURE	SRA1344238		public	569DED11950B15D8D03D78DD7DDD9A87	F07ADD1771C1FBA19344408D3ADFF51E	https://www.ncbi.nlm.nih.gov/sra/?term=SRR17244675	https://www.ncbi.nlm.nih.gov/bioproject/PRJNA789405	https://www.ncbi.nlm.nih.gov/biosample/SAMN24108476	https://www.ncbi.nlm.nih.gov/sra/?term=SRX13423711	https://sra-downloadb.be-md.ncbi.nlm.nih.gov/sos4/sra-pub-zq-1/SRR017/17244/SRR17244675/SRR17244675.lite.1	460	
177	SRR17244676	2023-12-31 00:14:55	2021-12-16 02:06:28	46820180	14046054000	46820180	300	4413		https://sra-downloadb.be-md.ncbi.nlm.nih.gov/sos4/sra-pub-zq-1/SRR017/17244/SRR17244676/SRR17244676.lite.1	SRX13423710	C5	RNA-Seq	cDNA	TRANSCRIPTOMIC	PAIRED	0	0	ILLUMINA	Illumina HiSeq 4000	SRP351002	PRJNA789405		789405	SRS11324920	SAMN24108475	simple	60419	Castanea mollissima	OE_2							no					BEIJING UNIVERSITY OF AGRICULTURE	SRA1344238		public	B7B7D4AA3184A7842DBBAFD7D4295B58	DABDA43C42100EC6C111BF06E2D4EDC2	https://www.ncbi.nlm.nih.gov/sra/?term=SRR17244676	https://www.ncbi.nlm.nih.gov/bioproject/PRJNA789405	https://www.ncbi.nlm.nih.gov/biosample/SAMN24108475	https://www.ncbi.nlm.nih.gov/sra/?term=SRX13423710	https://sra-downloadb.be-md.ncbi.nlm.nih.gov/sos4/sra-pub-zq-1/SRR017/17244/SRR17244676/SRR17244676.lite.1	461	
178	SRR17244677	2023-12-31 00:14:55	2021-12-16 00:38:30	16577803	4973340900	16577803	300	1527		https://sra-downloadb.be-md.ncbi.nlm.nih.gov/sos1/sra-pub-zq-38/SRR017/17244/SRR17244677/SRR17244677.lite.1	SRX13423709	C4	RNA-Seq	cDNA	TRANSCRIPTOMIC	PAIRED	0	0	ILLUMINA	Illumina HiSeq 4000	SRP351002	PRJNA789405		789405	SRS11324919	SAMN24108474	simple	60419	Castanea mollissima	OE_1							no					BEIJING UNIVERSITY OF AGRICULTURE	SRA1344238		public	1CF4C904BD573CF6F581AB48B30F66DA	4AD3A163681B5B352B68DFC4ED2AC6B6	https://www.ncbi.nlm.nih.gov/sra/?term=SRR17244677	https://www.ncbi.nlm.nih.gov/bioproject/PRJNA789405	https://www.ncbi.nlm.nih.gov/biosample/SAMN24108474	https://www.ncbi.nlm.nih.gov/sra/?term=SRX13423709	https://sra-downloadb.be-md.ncbi.nlm.nih.gov/sos1/sra-pub-zq-38/SRR017/17244/SRR17244677/SRR17244677.lite.1	462	
179	SRR17244678	2023-12-31 00:14:55	2021-12-16 00:48:38	16052607	4815782100	16052607	300	1483		https://sra-downloadb.be-md.ncbi.nlm.nih.gov/sos1/sra-pub-zq-38/SRR017/17244/SRR17244678/SRR17244678.lite.1	SRX13423708	C3	RNA-Seq	cDNA	TRANSCRIPTOMIC	PAIRED	0	0	ILLUMINA	Illumina HiSeq 4000	SRP351002	PRJNA789405		789405	SRS11324917	SAMN24108473	simple	60419	Castanea mollissima	EV_3							no					BEIJING UNIVERSITY OF AGRICULTURE	SRA1344238		public	5BE57781DC18986D7D231DB5A240A54C	E7BEAA98907EFB339F81D5DC9CF96870	https://www.ncbi.nlm.nih.gov/sra/?term=SRR17244678	https://www.ncbi.nlm.nih.gov/bioproject/PRJNA789405	https://www.ncbi.nlm.nih.gov/biosample/SAMN24108473	https://www.ncbi.nlm.nih.gov/sra/?term=SRX13423708	https://sra-downloadb.be-md.ncbi.nlm.nih.gov/sos1/sra-pub-zq-38/SRR017/17244/SRR17244678/SRR17244678.lite.1	463	
180	SRR17244679	2023-12-31 00:14:55	2021-12-16 00:50:44	26762935	8028880500	26762935	300	2546		https://sra-downloadb.be-md.ncbi.nlm.nih.gov/sos4/sra-pub-zq-1/SRR017/17244/SRR17244679/SRR17244679.lite.1	SRX13423707	C2	RNA-Seq	cDNA	TRANSCRIPTOMIC	PAIRED	0	0	ILLUMINA	Illumina HiSeq 4000	SRP351002	PRJNA789405		789405	SRS11324918	SAMN24108472	simple	60419	Castanea mollissima	EV_2							no					BEIJING UNIVERSITY OF AGRICULTURE	SRA1344238		public	B3C16DBAB2C032E2302B9919F659002B	5D5204796000B658A0985699F4C3D57D	https://www.ncbi.nlm.nih.gov/sra/?term=SRR17244679	https://www.ncbi.nlm.nih.gov/bioproject/PRJNA789405	https://www.ncbi.nlm.nih.gov/biosample/SAMN24108472	https://www.ncbi.nlm.nih.gov/sra/?term=SRX13423707	https://sra-downloadb.be-md.ncbi.nlm.nih.gov/sos4/sra-pub-zq-1/SRR017/17244/SRR17244679/SRR17244679.lite.1	464	
181	SRR17244680	2023-12-31 00:14:55	2021-12-16 01:01:47	57342614	17202784200	57342614	300	5300		https://sra-downloadb.be-md.ncbi.nlm.nih.gov/sos4/sra-pub-zq-1/SRR017/17244/SRR17244680/SRR17244680.lite.1	SRX13423706	C1	RNA-Seq	cDNA	TRANSCRIPTOMIC	PAIRED	0	0	ILLUMINA	Illumina HiSeq 4000	SRP351002	PRJNA789405		789405	SRS11324916	SAMN24108471	simple	60419	Castanea mollissima	EV_1							no					BEIJING UNIVERSITY OF AGRICULTURE	SRA1344238		public	A77ADB219796D36DD10AD0F46C381312	EDC7E37E79B52BBE02DF832E65BE559A	https://www.ncbi.nlm.nih.gov/sra/?term=SRR17244680	https://www.ncbi.nlm.nih.gov/bioproject/PRJNA789405	https://www.ncbi.nlm.nih.gov/biosample/SAMN24108471	https://www.ncbi.nlm.nih.gov/sra/?term=SRX13423706	https://sra-downloadb.be-md.ncbi.nlm.nih.gov/sos4/sra-pub-zq-1/SRR017/17244/SRR17244680/SRR17244680.lite.1	465	
182	SRR2095977	2016-07-08 00:00:00	2015-07-13 15:25:01	60655253	12131050600	60655253	200	8138		https://sra-downloadb.be-md.ncbi.nlm.nih.gov/sos5/sra-pub-zq-11/SRR002/095/SRR2095977/SRR2095977.sralite.1	SRX1091098	SE_5w_R1	RNA-Seq	RT-PCR	TRANSCRIPTOMIC	PAIRED	0	0	ILLUMINA	Illumina HiSeq 2000	SRP060394	PRJNA288748		288748	SRS986772	SAMN03840752	simple	13429	Cinnamomum camphora	SE_5w					bisexual		no					HUAZHONG AGRICULTURAL UNIVERSITY	SRA276617		public	EB2DBF0CB6BC09A080FF0EC387D167FA	459F476DCF23DEB8733568C7B83C407C	https://www.ncbi.nlm.nih.gov/sra/?term=SRR2095977	https://www.ncbi.nlm.nih.gov/bioproject/PRJNA288748	https://www.ncbi.nlm.nih.gov/biosample/SAMN03840752	https://www.ncbi.nlm.nih.gov/sra/?term=SRX1091098	https://sra-downloadb.be-md.ncbi.nlm.nih.gov/sos5/sra-pub-zq-11/SRR002/095/SRR2095977/SRR2095977.sralite.1	521	
183	SRR28975532	2024-08-20 22:00:41	2024-05-09 05:12:50	34986004	10495801200	34986004	300	6224		https://sra-downloadb.be-md.ncbi.nlm.nih.gov/sos6/sra-pub-zq-40/SRR028/28975/SRR28975532/SRR28975532.lite.1	SRX24504977	8	RNA-Seq	Oligo-dT	TRANSCRIPTOMIC	PAIRED	0	0	ILLUMINA	Illumina HiSeq 3000	SRP506671	PRJNA1107698		1107698	SRS21253483	SAMN41200920	simple	2706	Citrus	ATG7-Ri-15D-2							no					HZAU(HUAZHONG AGRICULTURAL UNIVERSITY	SRA1862570		public	C7A86E86F4225D04FFD2E9DC0575188B	E3ECCB1EBC09D8529053077FFFA98E9B	https://www.ncbi.nlm.nih.gov/sra/?term=SRR28975532	https://www.ncbi.nlm.nih.gov/bioproject/PRJNA1107698	https://www.ncbi.nlm.nih.gov/biosample/SAMN41200920	https://www.ncbi.nlm.nih.gov/sra/?term=SRX24504977	https://sra-downloadb.be-md.ncbi.nlm.nih.gov/sos6/sra-pub-zq-40/SRR028/28975/SRR28975532/SRR28975532.lite.1	781	
184	SRR28975533	2024-08-20 22:00:41	2024-05-09 05:07:06	34509207	10352762100	34509207	300	6189		https://sra-downloadb.be-md.ncbi.nlm.nih.gov/sos6/sra-pub-zq-40/SRR028/28975/SRR28975533/SRR28975533.lite.1	SRX24504976	7	RNA-Seq	Oligo-dT	TRANSCRIPTOMIC	PAIRED	0	0	ILLUMINA	Illumina HiSeq 3000	SRP506671	PRJNA1107698		1107698	SRS21253482	SAMN41200919	simple	2706	Citrus	ATG7-Ri-15D-1							no					HZAU(HUAZHONG AGRICULTURAL UNIVERSITY	SRA1862570		public	1F126335A81C8BA52D3F5854B40192AC	F08D9BE6455E5095779D16FE92E392BD	https://www.ncbi.nlm.nih.gov/sra/?term=SRR28975533	https://www.ncbi.nlm.nih.gov/bioproject/PRJNA1107698	https://www.ncbi.nlm.nih.gov/biosample/SAMN41200919	https://www.ncbi.nlm.nih.gov/sra/?term=SRX24504976	https://sra-downloadb.be-md.ncbi.nlm.nih.gov/sos6/sra-pub-zq-40/SRR028/28975/SRR28975533/SRR28975533.lite.1	782	
185	SRR28975534	2024-08-20 22:00:41	2024-05-09 05:08:25	41516208	12454862400	41516208	300	7218		https://sra-downloadb.be-md.ncbi.nlm.nih.gov/sos6/sra-pub-zq-40/SRR028/28975/SRR28975534/SRR28975534.lite.1	SRX24504975	6	RNA-Seq	Oligo-dT	TRANSCRIPTOMIC	PAIRED	0	0	ILLUMINA	Illumina HiSeq 3000	SRP506671	PRJNA1107698		1107698	SRS21253481	SAMN41200918	simple	2706	Citrus	ATG5-Ri-15D-2							no					HZAU(HUAZHONG AGRICULTURAL UNIVERSITY	SRA1862570		public	05308E1AE3F4F75EC4736D3350E75599	4BDC8A046769B84D0CC09E3B97BD605D	https://www.ncbi.nlm.nih.gov/sra/?term=SRR28975534	https://www.ncbi.nlm.nih.gov/bioproject/PRJNA1107698	https://www.ncbi.nlm.nih.gov/biosample/SAMN41200918	https://www.ncbi.nlm.nih.gov/sra/?term=SRX24504975	https://sra-downloadb.be-md.ncbi.nlm.nih.gov/sos6/sra-pub-zq-40/SRR028/28975/SRR28975534/SRR28975534.lite.1	783	
186	SRR28975535	2024-08-20 22:00:41	2024-05-09 05:12:32	42413467	12724040100	42413467	300	7696		https://sra-downloadb.be-md.ncbi.nlm.nih.gov/sos6/sra-pub-zq-40/SRR028/28975/SRR28975535/SRR28975535.lite.1	SRX24504974	5	RNA-Seq	Oligo-dT	TRANSCRIPTOMIC	PAIRED	0	0	ILLUMINA	Illumina HiSeq 3000	SRP506671	PRJNA1107698		1107698	SRS21253480	SAMN41200917	simple	2706	Citrus	ATG5-Ri-15D-1							no					HZAU(HUAZHONG AGRICULTURAL UNIVERSITY	SRA1862570		public	21E67E4DDD0A3896886D2E0887EAB8C1	5D139C2B94B0C1B3AEF2A6B346DE48EE	https://www.ncbi.nlm.nih.gov/sra/?term=SRR28975535	https://www.ncbi.nlm.nih.gov/bioproject/PRJNA1107698	https://www.ncbi.nlm.nih.gov/biosample/SAMN41200917	https://www.ncbi.nlm.nih.gov/sra/?term=SRX24504974	https://sra-downloadb.be-md.ncbi.nlm.nih.gov/sos6/sra-pub-zq-40/SRR028/28975/SRR28975535/SRR28975535.lite.1	784	
187	SRR28975536	2024-08-20 22:00:41	2024-05-09 05:03:57	29611418	8883425400	29611418	300	5342		https://sra-downloadb.be-md.ncbi.nlm.nih.gov/sos6/sra-pub-zq-40/SRR028/28975/SRR28975536/SRR28975536.lite.1	SRX24504973	4	RNA-Seq	Oligo-dT	TRANSCRIPTOMIC	PAIRED	0	0	ILLUMINA	Illumina HiSeq 3000	SRP506671	PRJNA1107698		1107698	SRS21253479	SAMN41200916	simple	2706	Citrus	EV-15D-2							no					HZAU(HUAZHONG AGRICULTURAL UNIVERSITY	SRA1862570		public	FD73ED0EBB953A1D2FFBC172CCD5B518	BAB6E2C7E2C96B56FC84BACE6D69E537	https://www.ncbi.nlm.nih.gov/sra/?term=SRR28975536	https://www.ncbi.nlm.nih.gov/bioproject/PRJNA1107698	https://www.ncbi.nlm.nih.gov/biosample/SAMN41200916	https://www.ncbi.nlm.nih.gov/sra/?term=SRX24504973	https://sra-downloadb.be-md.ncbi.nlm.nih.gov/sos6/sra-pub-zq-40/SRR028/28975/SRR28975536/SRR28975536.lite.1	785	
188	SRR28975537	2024-08-20 22:00:42	2024-05-09 05:06:20	38841128	11652338400	38841128	300	6763		https://sra-downloadb.be-md.ncbi.nlm.nih.gov/sos6/sra-pub-zq-40/SRR028/28975/SRR28975537/SRR28975537.lite.1	SRX24504972	3	RNA-Seq	Oligo-dT	TRANSCRIPTOMIC	PAIRED	0	0	ILLUMINA	Illumina HiSeq 3000	SRP506671	PRJNA1107698		1107698	SRS21253478	SAMN41200915	simple	2706	Citrus	EV-15D-1							no					HZAU(HUAZHONG AGRICULTURAL UNIVERSITY	SRA1862570		public	37F0D273A21D288F3EAF31E806DB2026	7B468CFCE7B85FED9FC64BE6CE875027	https://www.ncbi.nlm.nih.gov/sra/?term=SRR28975537	https://www.ncbi.nlm.nih.gov/bioproject/PRJNA1107698	https://www.ncbi.nlm.nih.gov/biosample/SAMN41200915	https://www.ncbi.nlm.nih.gov/sra/?term=SRX24504972	https://sra-downloadb.be-md.ncbi.nlm.nih.gov/sos6/sra-pub-zq-40/SRR028/28975/SRR28975537/SRR28975537.lite.1	786	
189	SRR28975538	2024-08-20 22:00:42	2024-05-09 05:09:37	37105735	11131720500	37105735	300	6492		https://sra-downloadb.be-md.ncbi.nlm.nih.gov/sos6/sra-pub-zq-40/SRR028/28975/SRR28975538/SRR28975538.lite.1	SRX24504971	2	RNA-Seq	Oligo-dT	TRANSCRIPTOMIC	PAIRED	0	0	ILLUMINA	Illumina HiSeq 3000	SRP506671	PRJNA1107698		1107698	SRS21253477	SAMN41200914	simple	2706	Citrus	EV-0D-2							no					HZAU(HUAZHONG AGRICULTURAL UNIVERSITY	SRA1862570		public	48604B96848A84A24912A5B85A7488C0	D571EE6F48FA695090E3F2C7DF685F65	https://www.ncbi.nlm.nih.gov/sra/?term=SRR28975538	https://www.ncbi.nlm.nih.gov/bioproject/PRJNA1107698	https://www.ncbi.nlm.nih.gov/biosample/SAMN41200914	https://www.ncbi.nlm.nih.gov/sra/?term=SRX24504971	https://sra-downloadb.be-md.ncbi.nlm.nih.gov/sos6/sra-pub-zq-40/SRR028/28975/SRR28975538/SRR28975538.lite.1	787	
190	SRR28975539	2024-08-20 22:00:42	2024-05-09 05:10:22	34801542	10440462600	34801542	300	6110		https://sra-downloadb.be-md.ncbi.nlm.nih.gov/sos6/sra-pub-zq-40/SRR028/28975/SRR28975539/SRR28975539.lite.1	SRX24504970	1	RNA-Seq	Oligo-dT	TRANSCRIPTOMIC	PAIRED	0	0	ILLUMINA	Illumina HiSeq 3000	SRP506671	PRJNA1107698		1107698	SRS21253476	SAMN41200913	simple	2706	Citrus	EV-0D-1							no					HZAU(HUAZHONG AGRICULTURAL UNIVERSITY	SRA1862570		public	2EE9E955FFDAEC58517EE2FC20753D75	55440DCA9D069ED79957248B2D8E2E9B	https://www.ncbi.nlm.nih.gov/sra/?term=SRR28975539	https://www.ncbi.nlm.nih.gov/bioproject/PRJNA1107698	https://www.ncbi.nlm.nih.gov/biosample/SAMN41200913	https://www.ncbi.nlm.nih.gov/sra/?term=SRX24504970	https://sra-downloadb.be-md.ncbi.nlm.nih.gov/sos6/sra-pub-zq-40/SRR028/28975/SRR28975539/SRR28975539.lite.1	788	
191	SRR1044049	2015-07-22 17:04:19	2015-12-17 15:39:10	25540885	893930975	0	35	392		https://sra-downloadb.be-md.ncbi.nlm.nih.gov/sos5/sra-pub-run-32/SRR001/1044/SRR1044049/SRR1044049.2	SRX387850		RNA-Seq	size fractionation	TRANSCRIPTOMIC	SINGLE	0	0	ILLUMINA	Illumina HiSeq 2000	SRP033558	PRJNA230788	2	230788	SRS511741	SAMN02437578	simple	2711	Citrus sinensis	GSM1281577							no					GEO	SRA115404		public	E3FD7D84F726541B8E137969F519D625	F212C823E6D549F9A15F3E9F7BECFA72	https://www.ncbi.nlm.nih.gov/sra/?term=SRR1044049	https://www.ncbi.nlm.nih.gov/bioproject/PRJNA230788	https://www.ncbi.nlm.nih.gov/biosample/SAMN02437578	https://www.ncbi.nlm.nih.gov/sra/?term=SRX387850	https://sra-downloadb.be-md.ncbi.nlm.nih.gov/sos5/sra-pub-run-32/SRR001/1044/SRR1044049/SRR1044049.2	7	
192	SRR1044050	2015-07-22 17:04:19	2015-12-17 15:41:29	26410299	924360465	0	35	389		https://sra-downloadb.be-md.ncbi.nlm.nih.gov/sos5/sra-pub-run-32/SRR001/1044/SRR1044050/SRR1044050.2	SRX387851		RNA-Seq	size fractionation	TRANSCRIPTOMIC	SINGLE	0	0	ILLUMINA	Illumina HiSeq 2000	SRP033558	PRJNA230788	2	230788	SRS511740	SAMN02437579	simple	2711	Citrus sinensis	GSM1281578							no					GEO	SRA115404		public	29B7A4AA77E2A37B2D540E027C60E4CB	6CD38B9F52706D0E87D63362158FD9BE	https://www.ncbi.nlm.nih.gov/sra/?term=SRR1044050	https://www.ncbi.nlm.nih.gov/bioproject/PRJNA230788	https://www.ncbi.nlm.nih.gov/biosample/SAMN02437579	https://www.ncbi.nlm.nih.gov/sra/?term=SRX387851	https://sra-downloadb.be-md.ncbi.nlm.nih.gov/sos5/sra-pub-run-32/SRR001/1044/SRR1044050/SRR1044050.2	8	
193	SRR1044051	2015-07-22 17:04:19	2015-12-17 15:38:26	26679779	933792265	0	35	417		https://sra-downloadb.be-md.ncbi.nlm.nih.gov/sos5/sra-pub-run-32/SRR001/1044/SRR1044051/SRR1044051.2	SRX387852		RNA-Seq	size fractionation	TRANSCRIPTOMIC	SINGLE	0	0	ILLUMINA	Illumina HiSeq 2000	SRP033558	PRJNA230788	2	230788	SRS511742	SAMN02437580	simple	2711	Citrus sinensis	GSM1281579							no					GEO	SRA115404		public	CACD4D28D7E107E945837B6B9D126DC9	F76FA0D14C07521C454441E191C411B5	https://www.ncbi.nlm.nih.gov/sra/?term=SRR1044051	https://www.ncbi.nlm.nih.gov/bioproject/PRJNA230788	https://www.ncbi.nlm.nih.gov/biosample/SAMN02437580	https://www.ncbi.nlm.nih.gov/sra/?term=SRX387852	https://sra-downloadb.be-md.ncbi.nlm.nih.gov/sos5/sra-pub-run-32/SRR001/1044/SRR1044051/SRR1044051.2	9	
194	SRR16874240	2022-06-24 12:06:15	2021-11-08 22:07:12	24517889	7355366700	24517889	300	2232		https://sra-downloadb.be-md.ncbi.nlm.nih.gov/sos1/sra-pub-zq-38/SRR016/16874/SRR16874240/SRR16874240.lite.1	SRX13067059	M-01	RNA-Seq	cDNA	TRANSCRIPTOMIC	PAIRED	0	0	ILLUMINA	Illumina NovaSeq 6000	SRP345121	PRJNA778304		778304	SRS11004472	SAMN22938429	simple	2711	Citrus sinensis	MIM-0-BR1							no					HUAZHONG AGRICULTURAL UNIVERSITY	SRA1325804		public	D4A4F532A17D62DA1777011A28CDD7CA	180EE194E76AD29FF1347A45FF78CD06	https://www.ncbi.nlm.nih.gov/sra/?term=SRR16874240	https://www.ncbi.nlm.nih.gov/bioproject/PRJNA778304	https://www.ncbi.nlm.nih.gov/biosample/SAMN22938429	https://www.ncbi.nlm.nih.gov/sra/?term=SRX13067059	https://sra-downloadb.be-md.ncbi.nlm.nih.gov/sos1/sra-pub-zq-38/SRR016/16874/SRR16874240/SRR16874240.lite.1	418	
195	SRR16874241	2022-06-24 12:06:15	2021-11-08 22:08:58	30299085	9089725500	30299085	300	2743		https://sra-downloadb.be-md.ncbi.nlm.nih.gov/sos1/sra-pub-zq-38/SRR016/16874/SRR16874241/SRR16874241.lite.1	SRX13067058	E-303	RNA-Seq	cDNA	TRANSCRIPTOMIC	PAIRED	0	0	ILLUMINA	Illumina NovaSeq 6000	SRP345121	PRJNA778304		778304	SRS11004471	SAMN22938428	simple	2711	Citrus sinensis	EV-30-BR3							no					HUAZHONG AGRICULTURAL UNIVERSITY	SRA1325804		public	91CC126BACBC28BCEF1BE8FE7A4BBED0	9F0F96786037624FD4BFE7D55924A973	https://www.ncbi.nlm.nih.gov/sra/?term=SRR16874241	https://www.ncbi.nlm.nih.gov/bioproject/PRJNA778304	https://www.ncbi.nlm.nih.gov/biosample/SAMN22938428	https://www.ncbi.nlm.nih.gov/sra/?term=SRX13067058	https://sra-downloadb.be-md.ncbi.nlm.nih.gov/sos1/sra-pub-zq-38/SRR016/16874/SRR16874241/SRR16874241.lite.1	419	
196	SRR16874242	2022-06-24 12:06:15	2021-11-08 22:09:16	30953327	9285998100	30953327	300	2831		https://sra-downloadb.be-md.ncbi.nlm.nih.gov/sos1/sra-pub-zq-38/SRR016/16874/SRR16874242/SRR16874242.lite.1	SRX13067057	E-302	RNA-Seq	cDNA	TRANSCRIPTOMIC	PAIRED	0	0	ILLUMINA	Illumina NovaSeq 6000	SRP345121	PRJNA778304		778304	SRS11004469	SAMN22938427	simple	2711	Citrus sinensis	EV-30-BR2							no					HUAZHONG AGRICULTURAL UNIVERSITY	SRA1325804		public	810D2F7FB3D5C107B5FA7A1E138817D7	138F219C31766ADD9E494FD80EC20588	https://www.ncbi.nlm.nih.gov/sra/?term=SRR16874242	https://www.ncbi.nlm.nih.gov/bioproject/PRJNA778304	https://www.ncbi.nlm.nih.gov/biosample/SAMN22938427	https://www.ncbi.nlm.nih.gov/sra/?term=SRX13067057	https://sra-downloadb.be-md.ncbi.nlm.nih.gov/sos1/sra-pub-zq-38/SRR016/16874/SRR16874242/SRR16874242.lite.1	420	
197	SRR16874243	2022-06-24 12:06:15	2021-11-08 22:09:18	25282975	7584892500	25282975	300	2269		https://sra-downloadb.be-md.ncbi.nlm.nih.gov/sos1/sra-pub-zq-38/SRR016/16874/SRR16874243/SRR16874243.lite.1	SRX13067056	E-301	RNA-Seq	cDNA	TRANSCRIPTOMIC	PAIRED	0	0	ILLUMINA	Illumina NovaSeq 6000	SRP345121	PRJNA778304		778304	SRS11004470	SAMN22938426	simple	2711	Citrus sinensis	EV-30-BR1							no					HUAZHONG AGRICULTURAL UNIVERSITY	SRA1325804		public	DBFFF30E737AAD88679F0896434AB28D	9B060C689BE37C0D8DBC1680DE7E9F89	https://www.ncbi.nlm.nih.gov/sra/?term=SRR16874243	https://www.ncbi.nlm.nih.gov/bioproject/PRJNA778304	https://www.ncbi.nlm.nih.gov/biosample/SAMN22938426	https://www.ncbi.nlm.nih.gov/sra/?term=SRX13067056	https://sra-downloadb.be-md.ncbi.nlm.nih.gov/sos1/sra-pub-zq-38/SRR016/16874/SRR16874243/SRR16874243.lite.1	421	
198	SRR16874244	2022-06-24 12:06:15	2021-11-08 22:08:41	27461353	8238405900	27461353	300	2472		https://sra-downloadb.be-md.ncbi.nlm.nih.gov/sos1/sra-pub-zq-38/SRR016/16874/SRR16874244/SRR16874244.lite.1	SRX13067055	E-153	RNA-Seq	cDNA	TRANSCRIPTOMIC	PAIRED	0	0	ILLUMINA	Illumina NovaSeq 6000	SRP345121	PRJNA778304		778304	SRS11004468	SAMN22938425	simple	2711	Citrus sinensis	EV-15-BR3							no					HUAZHONG AGRICULTURAL UNIVERSITY	SRA1325804		public	30F612CF1861AC4A430F77C800BFA9FA	C06DA8537177ABB3AAEE70491E42AB0C	https://www.ncbi.nlm.nih.gov/sra/?term=SRR16874244	https://www.ncbi.nlm.nih.gov/bioproject/PRJNA778304	https://www.ncbi.nlm.nih.gov/biosample/SAMN22938425	https://www.ncbi.nlm.nih.gov/sra/?term=SRX13067055	https://sra-downloadb.be-md.ncbi.nlm.nih.gov/sos1/sra-pub-zq-38/SRR016/16874/SRR16874244/SRR16874244.lite.1	422	
199	SRR16874245	2022-06-24 12:06:15	2021-11-08 22:02:56	26772838	8031851400	26772838	300	2407		https://sra-downloadb.be-md.ncbi.nlm.nih.gov/sos1/sra-pub-zq-38/SRR016/16874/SRR16874245/SRR16874245.lite.1	SRX13067054	E-152	RNA-Seq	cDNA	TRANSCRIPTOMIC	PAIRED	0	0	ILLUMINA	Illumina NovaSeq 6000	SRP345121	PRJNA778304		778304	SRS11004466	SAMN22938424	simple	2711	Citrus sinensis	EV-15-BR2							no					HUAZHONG AGRICULTURAL UNIVERSITY	SRA1325804		public	244BD712C7B07F3FDFCB713C6ECFDD7A	ABAF8C0C3A39764761164DF8E6168864	https://www.ncbi.nlm.nih.gov/sra/?term=SRR16874245	https://www.ncbi.nlm.nih.gov/bioproject/PRJNA778304	https://www.ncbi.nlm.nih.gov/biosample/SAMN22938424	https://www.ncbi.nlm.nih.gov/sra/?term=SRX13067054	https://sra-downloadb.be-md.ncbi.nlm.nih.gov/sos1/sra-pub-zq-38/SRR016/16874/SRR16874245/SRR16874245.lite.1	423	
200	SRR16874246	2022-06-24 12:06:15	2021-11-08 22:12:31	28792758	8637827400	28792758	300	2606		https://sra-downloadb.be-md.ncbi.nlm.nih.gov/sos1/sra-pub-zq-38/SRR016/16874/SRR16874246/SRR16874246.lite.1	SRX13067053	E-151	RNA-Seq	cDNA	TRANSCRIPTOMIC	PAIRED	0	0	ILLUMINA	Illumina NovaSeq 6000	SRP345121	PRJNA778304		778304	SRS11004467	SAMN22938423	simple	2711	Citrus sinensis	EV-15-BR1							no					HUAZHONG AGRICULTURAL UNIVERSITY	SRA1325804		public	64BBBA90729F3F4034EAEEE4491B411E	F7F415C151570200CBDD2F9CB0EFC1E5	https://www.ncbi.nlm.nih.gov/sra/?term=SRR16874246	https://www.ncbi.nlm.nih.gov/bioproject/PRJNA778304	https://www.ncbi.nlm.nih.gov/biosample/SAMN22938423	https://www.ncbi.nlm.nih.gov/sra/?term=SRX13067053	https://sra-downloadb.be-md.ncbi.nlm.nih.gov/sos1/sra-pub-zq-38/SRR016/16874/SRR16874246/SRR16874246.lite.1	424	
201	SRR16874247	2022-06-24 12:06:15	2021-11-08 22:12:59	23660323	7098096900	23660323	300	2120		https://sra-downloadb.be-md.ncbi.nlm.nih.gov/sos1/sra-pub-zq-38/SRR016/16874/SRR16874247/SRR16874247.lite.1	SRX13067052	E-03	RNA-Seq	cDNA	TRANSCRIPTOMIC	PAIRED	0	0	ILLUMINA	Illumina NovaSeq 6000	SRP345121	PRJNA778304		778304	SRS11004465	SAMN22938422	simple	2711	Citrus sinensis	EV-0-BR3							no					HUAZHONG AGRICULTURAL UNIVERSITY	SRA1325804		public	D146F9C233F3302B0F2CDD967AE05CF9	FEB69721AEDA792EC017F1807E6AAAB8	https://www.ncbi.nlm.nih.gov/sra/?term=SRR16874247	https://www.ncbi.nlm.nih.gov/bioproject/PRJNA778304	https://www.ncbi.nlm.nih.gov/biosample/SAMN22938422	https://www.ncbi.nlm.nih.gov/sra/?term=SRX13067052	https://sra-downloadb.be-md.ncbi.nlm.nih.gov/sos1/sra-pub-zq-38/SRR016/16874/SRR16874247/SRR16874247.lite.1	425	
202	SRR16874248	2022-06-24 12:06:15	2021-11-08 22:26:20	33276743	9983022900	33276743	300	2995		https://sra-downloadb.be-md.ncbi.nlm.nih.gov/sos1/sra-pub-zq-38/SRR016/16874/SRR16874248/SRR16874248.lite.1	SRX13067051	M-303	RNA-Seq	cDNA	TRANSCRIPTOMIC	PAIRED	0	0	ILLUMINA	Illumina NovaSeq 6000	SRP345121	PRJNA778304		778304	SRS11004464	SAMN22938437	simple	2711	Citrus sinensis	MIM-30-BR3							no					HUAZHONG AGRICULTURAL UNIVERSITY	SRA1325804		public	54DD4D7420B2E5613D56E7CC6D0503B1	7335C6630CCB8C3D0063213A8BCEAC63	https://www.ncbi.nlm.nih.gov/sra/?term=SRR16874248	https://www.ncbi.nlm.nih.gov/bioproject/PRJNA778304	https://www.ncbi.nlm.nih.gov/biosample/SAMN22938437	https://www.ncbi.nlm.nih.gov/sra/?term=SRX13067051	https://sra-downloadb.be-md.ncbi.nlm.nih.gov/sos1/sra-pub-zq-38/SRR016/16874/SRR16874248/SRR16874248.lite.1	426	
203	SRR16874249	2022-06-24 12:06:15	2021-11-08 22:09:13	28060133	8418039900	28060133	300	2572		https://sra-downloadb.be-md.ncbi.nlm.nih.gov/sos1/sra-pub-zq-38/SRR016/16874/SRR16874249/SRR16874249.lite.1	SRX13067050	M-302	RNA-Seq	cDNA	TRANSCRIPTOMIC	PAIRED	0	0	ILLUMINA	Illumina NovaSeq 6000	SRP345121	PRJNA778304		778304	SRS11004463	SAMN22938436	simple	2711	Citrus sinensis	MIM-30-BR2							no					HUAZHONG AGRICULTURAL UNIVERSITY	SRA1325804		public	1690BA3B9E975CE0578230146EB093EA	B0DD38B41FFFFBF41EA25CCE6247EFD6	https://www.ncbi.nlm.nih.gov/sra/?term=SRR16874249	https://www.ncbi.nlm.nih.gov/bioproject/PRJNA778304	https://www.ncbi.nlm.nih.gov/biosample/SAMN22938436	https://www.ncbi.nlm.nih.gov/sra/?term=SRX13067050	https://sra-downloadb.be-md.ncbi.nlm.nih.gov/sos1/sra-pub-zq-38/SRR016/16874/SRR16874249/SRR16874249.lite.1	427	
204	SRR16874250	2022-06-24 12:06:15	2021-11-08 22:03:38	27279572	8183871600	27279572	300	2479		https://sra-downloadb.be-md.ncbi.nlm.nih.gov/sos1/sra-pub-zq-38/SRR016/16874/SRR16874250/SRR16874250.lite.1	SRX13067049	M-301	RNA-Seq	cDNA	TRANSCRIPTOMIC	PAIRED	0	0	ILLUMINA	Illumina NovaSeq 6000	SRP345121	PRJNA778304		778304	SRS11004462	SAMN22938435	simple	2711	Citrus sinensis	MIM-30-BR1							no					HUAZHONG AGRICULTURAL UNIVERSITY	SRA1325804		public	0BE5CCE9A9E251E0D393744C58DDF232	67138D2ABAABB8026C0FB8E2035489FE	https://www.ncbi.nlm.nih.gov/sra/?term=SRR16874250	https://www.ncbi.nlm.nih.gov/bioproject/PRJNA778304	https://www.ncbi.nlm.nih.gov/biosample/SAMN22938435	https://www.ncbi.nlm.nih.gov/sra/?term=SRX13067049	https://sra-downloadb.be-md.ncbi.nlm.nih.gov/sos1/sra-pub-zq-38/SRR016/16874/SRR16874250/SRR16874250.lite.1	428	
205	SRR16874251	2022-06-24 12:06:15	2021-11-08 22:13:33	27100820	8130246000	27100820	300	2437		https://sra-downloadb.be-md.ncbi.nlm.nih.gov/sos1/sra-pub-zq-38/SRR016/16874/SRR16874251/SRR16874251.lite.1	SRX13067048	M-153	RNA-Seq	cDNA	TRANSCRIPTOMIC	PAIRED	0	0	ILLUMINA	Illumina NovaSeq 6000	SRP345121	PRJNA778304		778304	SRS11004460	SAMN22938434	simple	2711	Citrus sinensis	MIM-15-BR3							no					HUAZHONG AGRICULTURAL UNIVERSITY	SRA1325804		public	ADDA4825B8A7C9EF5BD4378B25DE12B1	B965A78A2D1615E070A5D8805BB47EAD	https://www.ncbi.nlm.nih.gov/sra/?term=SRR16874251	https://www.ncbi.nlm.nih.gov/bioproject/PRJNA778304	https://www.ncbi.nlm.nih.gov/biosample/SAMN22938434	https://www.ncbi.nlm.nih.gov/sra/?term=SRX13067048	https://sra-downloadb.be-md.ncbi.nlm.nih.gov/sos1/sra-pub-zq-38/SRR016/16874/SRR16874251/SRR16874251.lite.1	429	
206	SRR16874252	2022-06-24 12:06:15	2021-11-08 22:07:00	25281661	7584498300	25281661	300	2273		https://sra-downloadb.be-md.ncbi.nlm.nih.gov/sos1/sra-pub-zq-38/SRR016/16874/SRR16874252/SRR16874252.lite.1	SRX13067047	M-152	RNA-Seq	cDNA	TRANSCRIPTOMIC	PAIRED	0	0	ILLUMINA	Illumina NovaSeq 6000	SRP345121	PRJNA778304		778304	SRS11004461	SAMN22938433	simple	2711	Citrus sinensis	MIM-15-BR2							no					HUAZHONG AGRICULTURAL UNIVERSITY	SRA1325804		public	A143D5F9117FD6039BA67896C1025421	FB7BE4C6DD13744CBB79290238D46502	https://www.ncbi.nlm.nih.gov/sra/?term=SRR16874252	https://www.ncbi.nlm.nih.gov/bioproject/PRJNA778304	https://www.ncbi.nlm.nih.gov/biosample/SAMN22938433	https://www.ncbi.nlm.nih.gov/sra/?term=SRX13067047	https://sra-downloadb.be-md.ncbi.nlm.nih.gov/sos1/sra-pub-zq-38/SRR016/16874/SRR16874252/SRR16874252.lite.1	430	
207	SRR16874253	2022-06-24 12:06:15	2021-11-08 22:07:24	22697918	6809375400	22697918	300	2029		https://sra-downloadb.be-md.ncbi.nlm.nih.gov/sos1/sra-pub-zq-38/SRR016/16874/SRR16874253/SRR16874253.lite.1	SRX13067046	M-151	RNA-Seq	cDNA	TRANSCRIPTOMIC	PAIRED	0	0	ILLUMINA	Illumina NovaSeq 6000	SRP345121	PRJNA778304		778304	SRS11004459	SAMN22938432	simple	2711	Citrus sinensis	MIM-15-BR1							no					HUAZHONG AGRICULTURAL UNIVERSITY	SRA1325804		public	899707340432A5A4671E7F7972E48B89	3CD2A1DF6503EB5481CB92BCEEAA84BF	https://www.ncbi.nlm.nih.gov/sra/?term=SRR16874253	https://www.ncbi.nlm.nih.gov/bioproject/PRJNA778304	https://www.ncbi.nlm.nih.gov/biosample/SAMN22938432	https://www.ncbi.nlm.nih.gov/sra/?term=SRX13067046	https://sra-downloadb.be-md.ncbi.nlm.nih.gov/sos1/sra-pub-zq-38/SRR016/16874/SRR16874253/SRR16874253.lite.1	431	
208	SRR16874254	2022-06-24 12:06:15	2021-11-08 22:00:36	21280437	6384131100	21280437	300	1916		https://sra-downloadb.be-md.ncbi.nlm.nih.gov/sos1/sra-pub-zq-38/SRR016/16874/SRR16874254/SRR16874254.lite.1	SRX13067045	M-03	RNA-Seq	cDNA	TRANSCRIPTOMIC	PAIRED	0	0	ILLUMINA	Illumina NovaSeq 6000	SRP345121	PRJNA778304		778304	SRS11004458	SAMN22938431	simple	2711	Citrus sinensis	MIM-0-BR3							no					HUAZHONG AGRICULTURAL UNIVERSITY	SRA1325804		public	3E62EDD84E78C13AC2E61BE14E5652C8	FFEA5F5E54B969C0CFB1B14D9482915F	https://www.ncbi.nlm.nih.gov/sra/?term=SRR16874254	https://www.ncbi.nlm.nih.gov/bioproject/PRJNA778304	https://www.ncbi.nlm.nih.gov/biosample/SAMN22938431	https://www.ncbi.nlm.nih.gov/sra/?term=SRX13067045	https://sra-downloadb.be-md.ncbi.nlm.nih.gov/sos1/sra-pub-zq-38/SRR016/16874/SRR16874254/SRR16874254.lite.1	432	
209	SRR16874255	2022-06-24 12:06:15	2021-11-08 22:10:14	28336879	8501063700	28336879	300	2550		https://sra-downloadb.be-md.ncbi.nlm.nih.gov/sos9/sra-pub-zq-924/SRR016/16874/SRR16874255/SRR16874255.lite.1	SRX13067044	M-02	RNA-Seq	cDNA	TRANSCRIPTOMIC	PAIRED	0	0	ILLUMINA	Illumina NovaSeq 6000	SRP345121	PRJNA778304		778304	SRS11004457	SAMN22938430	simple	2711	Citrus sinensis	MIM-0-BR2							no					HUAZHONG AGRICULTURAL UNIVERSITY	SRA1325804		public	026B5FAA47126BCBEA00841AC2701A72	6A2EC68E95D6403421427C46843149B2	https://www.ncbi.nlm.nih.gov/sra/?term=SRR16874255	https://www.ncbi.nlm.nih.gov/bioproject/PRJNA778304	https://www.ncbi.nlm.nih.gov/biosample/SAMN22938430	https://www.ncbi.nlm.nih.gov/sra/?term=SRX13067044	https://sra-downloadb.be-md.ncbi.nlm.nih.gov/sos9/sra-pub-zq-924/SRR016/16874/SRR16874255/SRR16874255.lite.1	433	
210	SRR16874256	2022-06-24 12:06:15	2021-11-08 22:05:54	23972054	7191616200	23972054	300	2144		https://sra-downloadb.be-md.ncbi.nlm.nih.gov/sos1/sra-pub-zq-38/SRR016/16874/SRR16874256/SRR16874256.lite.1	SRX13067043	E-02	RNA-Seq	cDNA	TRANSCRIPTOMIC	PAIRED	0	0	ILLUMINA	Illumina NovaSeq 6000	SRP345121	PRJNA778304		778304	SRS11004456	SAMN22938421	simple	2711	Citrus sinensis	EV-0-BR2							no					HUAZHONG AGRICULTURAL UNIVERSITY	SRA1325804		public	5D9259FA52BF4C57FD077304A1FF53DB	6E2B51148E51E1F1C1A137126A3F11BB	https://www.ncbi.nlm.nih.gov/sra/?term=SRR16874256	https://www.ncbi.nlm.nih.gov/bioproject/PRJNA778304	https://www.ncbi.nlm.nih.gov/biosample/SAMN22938421	https://www.ncbi.nlm.nih.gov/sra/?term=SRX13067043	https://sra-downloadb.be-md.ncbi.nlm.nih.gov/sos1/sra-pub-zq-38/SRR016/16874/SRR16874256/SRR16874256.lite.1	434	
211	SRR16874257	2022-06-24 12:06:15	2021-11-08 22:04:58	26574542	7972362600	26574542	300	2382		https://sra-downloadb.be-md.ncbi.nlm.nih.gov/sos1/sra-pub-zq-38/SRR016/16874/SRR16874257/SRR16874257.lite.1	SRX13067042	E-01	RNA-Seq	cDNA	TRANSCRIPTOMIC	PAIRED	0	0	ILLUMINA	Illumina NovaSeq 6000	SRP345121	PRJNA778304		778304	SRS11004455	SAMN22938420	simple	2711	Citrus sinensis	EV-0-BR1							no					HUAZHONG AGRICULTURAL UNIVERSITY	SRA1325804		public	60D6BC877BBA2596B2EAF6D251FCB9E4	DE9E148593EEAC9EECC16BBD80A8107E	https://www.ncbi.nlm.nih.gov/sra/?term=SRR16874257	https://www.ncbi.nlm.nih.gov/bioproject/PRJNA778304	https://www.ncbi.nlm.nih.gov/biosample/SAMN22938420	https://www.ncbi.nlm.nih.gov/sra/?term=SRX13067042	https://sra-downloadb.be-md.ncbi.nlm.nih.gov/sos1/sra-pub-zq-38/SRR016/16874/SRR16874257/SRR16874257.lite.1	435	
212	SRR2039101	2016-05-23 16:31:05	2015-05-23 10:42:12	13502685	1694822584	0	125	1241		https://sra-downloadb.be-md.ncbi.nlm.nih.gov/sos5/sra-pub-zq-11/SRR002/039/SRR2039101/SRR2039101.lite.1	SRX1037497		RNA-Seq	cDNA	TRANSCRIPTOMIC	SINGLE	0	0	ION_TORRENT	Ion Torrent Proton	SRP058659	PRJNA284785		284785	SRS944715	SAMN03733231	simple	55188	Citrus unshiu	GSM1695165							no					GEO	SRA269710		public	675430BE9B33620F0203D112145DA731	A190201A74CDB0A747A0EC5F081D83D4	https://www.ncbi.nlm.nih.gov/sra/?term=SRR2039101	https://www.ncbi.nlm.nih.gov/bioproject/PRJNA284785	https://www.ncbi.nlm.nih.gov/biosample/SAMN03733231	https://www.ncbi.nlm.nih.gov/sra/?term=SRX1037497	https://sra-downloadb.be-md.ncbi.nlm.nih.gov/sos5/sra-pub-zq-11/SRR002/039/SRR2039101/SRR2039101.lite.1	517	
213	SRR2039102	2016-05-23 16:31:05	2015-05-23 10:50:22	13751117	1714699837	0	124	1272		https://sra-downloadb.be-md.ncbi.nlm.nih.gov/sos5/sra-pub-zq-11/SRR002/039/SRR2039102/SRR2039102.lite.1	SRX1037498		RNA-Seq	cDNA	TRANSCRIPTOMIC	SINGLE	0	0	ION_TORRENT	Ion Torrent Proton	SRP058659	PRJNA284785		284785	SRS944712	SAMN03733232	simple	55188	Citrus unshiu	GSM1695166							no					GEO	SRA269710		public	20A2B409CAD82814FBED20561DDD449E	5BF2422155725399884A290A1F32C8DD	https://www.ncbi.nlm.nih.gov/sra/?term=SRR2039102	https://www.ncbi.nlm.nih.gov/bioproject/PRJNA284785	https://www.ncbi.nlm.nih.gov/biosample/SAMN03733232	https://www.ncbi.nlm.nih.gov/sra/?term=SRX1037498	https://sra-downloadb.be-md.ncbi.nlm.nih.gov/sos5/sra-pub-zq-11/SRR002/039/SRR2039102/SRR2039102.lite.1	518	
214	SRR2039105	2016-05-23 16:31:05	2015-05-23 10:58:55	13124196	1739945200	0	132	1273		https://sra-downloadb.be-md.ncbi.nlm.nih.gov/sos5/sra-pub-zq-11/SRR002/039/SRR2039105/SRR2039105.lite.1	SRX1037501		RNA-Seq	cDNA	TRANSCRIPTOMIC	SINGLE	0	0	ION_TORRENT	Ion Torrent Proton	SRP058659	PRJNA284785		284785	SRS944709	SAMN03733235	simple	55188	Citrus unshiu	GSM1695169							no					GEO	SRA269710		public	076CBA1200BD79C3E83B91DD16197128	ED087B14FC14C91B628E17DC749AF734	https://www.ncbi.nlm.nih.gov/sra/?term=SRR2039105	https://www.ncbi.nlm.nih.gov/bioproject/PRJNA284785	https://www.ncbi.nlm.nih.gov/biosample/SAMN03733235	https://www.ncbi.nlm.nih.gov/sra/?term=SRX1037501	https://sra-downloadb.be-md.ncbi.nlm.nih.gov/sos5/sra-pub-zq-11/SRR002/039/SRR2039105/SRR2039105.lite.1	519	
215	SRR2039106	2016-05-23 16:31:05	2015-05-23 10:42:09	13880477	1895638266	0	136	1390		https://sra-downloadb.be-md.ncbi.nlm.nih.gov/sos5/sra-pub-zq-11/SRR002/039/SRR2039106/SRR2039106.lite.1	SRX1037502		RNA-Seq	cDNA	TRANSCRIPTOMIC	SINGLE	0	0	ION_TORRENT	Ion Torrent Proton	SRP058659	PRJNA284785		284785	SRS944708	SAMN03733236	simple	55188	Citrus unshiu	GSM1695170							no					GEO	SRA269710		public	8B108017D6F7B269A216F8775F5260C4	03B9E0EB3C27A83C299D348F1C43EDBA	https://www.ncbi.nlm.nih.gov/sra/?term=SRR2039106	https://www.ncbi.nlm.nih.gov/bioproject/PRJNA284785	https://www.ncbi.nlm.nih.gov/biosample/SAMN03733236	https://www.ncbi.nlm.nih.gov/sra/?term=SRX1037502	https://sra-downloadb.be-md.ncbi.nlm.nih.gov/sos5/sra-pub-zq-11/SRR002/039/SRR2039106/SRR2039106.lite.1	520	
216	SRR12064653	2021-08-31 00:35:58	2020-06-22 00:42:21	24090519	1204525950	0	50	730		https://sra-downloadb.be-md.ncbi.nlm.nih.gov/sos1/sra-pub-zq-38/SRR012/12064/SRR12064653/SRR12064653.lite.1	SRX8592512	CK_30d_2	RNA-Seq	Oligo-dT	TRANSCRIPTOMIC	SINGLE	0	0	BGISEQ	BGISEQ-500	SRP268210	PRJNA636268		636268	SRS6883645	SAMN15069912	simple	55188	Citrus unshiu	CK_30d_2							no					WUHAN UNIVERSITY OF BIOENGINEERING	SRA1081653		public	5CDE41D4BFCFC24EF4929032641CE6A9	C649A7B2A8D9D89A53CEFEF47305C819	https://www.ncbi.nlm.nih.gov/sra/?term=SRR12064653	https://www.ncbi.nlm.nih.gov/bioproject/PRJNA636268	https://www.ncbi.nlm.nih.gov/biosample/SAMN15069912	https://www.ncbi.nlm.nih.gov/sra/?term=SRX8592512	https://sra-downloadb.be-md.ncbi.nlm.nih.gov/sos1/sra-pub-zq-38/SRR012/12064/SRR12064653/SRR12064653.lite.1	36	
217	SRR12064654	2021-08-31 00:35:58	2020-06-22 00:41:24	24085497	1204274850	0	50	745		https://sra-downloadb.be-md.ncbi.nlm.nih.gov/sos4/sra-pub-zq-1/SRR012/12064/SRR12064654/SRR12064654.lite.1	SRX8592511	CK_30d_1	RNA-Seq	Oligo-dT	TRANSCRIPTOMIC	SINGLE	0	0	BGISEQ	BGISEQ-500	SRP268210	PRJNA636268		636268	SRS6883644	SAMN15069911	simple	55188	Citrus unshiu	CK_30d_1							no					WUHAN UNIVERSITY OF BIOENGINEERING	SRA1081653		public	17FCC9290B55D76945169FFC7222E28E	1FADB1C3B31CB37C7F2C6EC0D85682EC	https://www.ncbi.nlm.nih.gov/sra/?term=SRR12064654	https://www.ncbi.nlm.nih.gov/bioproject/PRJNA636268	https://www.ncbi.nlm.nih.gov/biosample/SAMN15069911	https://www.ncbi.nlm.nih.gov/sra/?term=SRX8592511	https://sra-downloadb.be-md.ncbi.nlm.nih.gov/sos4/sra-pub-zq-1/SRR012/12064/SRR12064654/SRR12064654.lite.1	37	
218	SRR12064655	2021-08-31 00:35:58	2020-06-22 00:42:08	23949324	1197466200	0	50	884		https://sra-downloadb.be-md.ncbi.nlm.nih.gov/sos9/sra-pub-zq-922/SRR012/12064/SRR12064655/SRR12064655.lite.1	SRX8592510	CK_A_2	RNA-Seq	Oligo-dT	TRANSCRIPTOMIC	SINGLE	0	0	BGISEQ	BGISEQ-500	SRP268210	PRJNA636268		636268	SRS6883643	SAMN15069910	simple	55188	Citrus unshiu	CK_A_2							no					WUHAN UNIVERSITY OF BIOENGINEERING	SRA1081653		public	D23391980906C5C02BF95FEB96F1676D	6EB3B4B9A569990FF75D3F3CB6B38E34	https://www.ncbi.nlm.nih.gov/sra/?term=SRR12064655	https://www.ncbi.nlm.nih.gov/bioproject/PRJNA636268	https://www.ncbi.nlm.nih.gov/biosample/SAMN15069910	https://www.ncbi.nlm.nih.gov/sra/?term=SRX8592510	https://sra-downloadb.be-md.ncbi.nlm.nih.gov/sos9/sra-pub-zq-922/SRR012/12064/SRR12064655/SRR12064655.lite.1	38	
219	SRR12064656	2021-08-31 00:35:58	2020-06-22 00:41:44	23805784	1190289200	0	50	877		https://sra-downloadb.be-md.ncbi.nlm.nih.gov/sos9/sra-pub-zq-922/SRR012/12064/SRR12064656/SRR12064656.lite.1	SRX8592509	CK_A_1	RNA-Seq	Oligo-dT	TRANSCRIPTOMIC	SINGLE	0	0	BGISEQ	BGISEQ-500	SRP268210	PRJNA636268		636268	SRS6883642	SAMN15069909	simple	55188	Citrus unshiu	CK_A_1							no					WUHAN UNIVERSITY OF BIOENGINEERING	SRA1081653		public	8D0BD1CFE7E807114E92A72B914ABA68	21430C7240D77C46025A99125810530E	https://www.ncbi.nlm.nih.gov/sra/?term=SRR12064656	https://www.ncbi.nlm.nih.gov/bioproject/PRJNA636268	https://www.ncbi.nlm.nih.gov/biosample/SAMN15069909	https://www.ncbi.nlm.nih.gov/sra/?term=SRX8592509	https://sra-downloadb.be-md.ncbi.nlm.nih.gov/sos9/sra-pub-zq-922/SRR012/12064/SRR12064656/SRR12064656.lite.1	39	
220	SRR12064657	2021-08-31 00:35:58	2020-06-22 00:42:05	24088543	1204427150	0	50	668		https://sra-downloadb.be-md.ncbi.nlm.nih.gov/sos1/sra-pub-zq-38/SRR012/12064/SRR12064657/SRR12064657.lite.1	SRX8592508	G_60d_2	RNA-Seq	Oligo-dT	TRANSCRIPTOMIC	SINGLE	0	0	BGISEQ	BGISEQ-500	SRP268210	PRJNA636268		636268	SRS6883641	SAMN15069908	simple	55188	Citrus unshiu	G_60d_2							no					WUHAN UNIVERSITY OF BIOENGINEERING	SRA1081653		public	082D6D115902FCFBE28473385065D85B	A26E48D6DB2265834107C684D128A6D3	https://www.ncbi.nlm.nih.gov/sra/?term=SRR12064657	https://www.ncbi.nlm.nih.gov/bioproject/PRJNA636268	https://www.ncbi.nlm.nih.gov/biosample/SAMN15069908	https://www.ncbi.nlm.nih.gov/sra/?term=SRX8592508	https://sra-downloadb.be-md.ncbi.nlm.nih.gov/sos1/sra-pub-zq-38/SRR012/12064/SRR12064657/SRR12064657.lite.1	40	
221	SRR12064658	2021-08-31 00:35:58	2020-06-22 00:40:51	24088307	1204415350	0	50	667		https://sra-downloadb.be-md.ncbi.nlm.nih.gov/sos9/sra-pub-zq-924/SRR012/12064/SRR12064658/SRR12064658.lite.1	SRX8592507	G_60d_1	RNA-Seq	Oligo-dT	TRANSCRIPTOMIC	SINGLE	0	0	BGISEQ	BGISEQ-500	SRP268210	PRJNA636268		636268	SRS6883640	SAMN15069907	simple	55188	Citrus unshiu	G_60d_1							no					WUHAN UNIVERSITY OF BIOENGINEERING	SRA1081653		public	5232C14EF6C0FBB06B981B40C7EB2EDE	14B042F929437B56225DFEB01E80C51C	https://www.ncbi.nlm.nih.gov/sra/?term=SRR12064658	https://www.ncbi.nlm.nih.gov/bioproject/PRJNA636268	https://www.ncbi.nlm.nih.gov/biosample/SAMN15069907	https://www.ncbi.nlm.nih.gov/sra/?term=SRX8592507	https://sra-downloadb.be-md.ncbi.nlm.nih.gov/sos9/sra-pub-zq-924/SRR012/12064/SRR12064658/SRR12064658.lite.1	41	
222	SRR12064659	2021-08-31 00:35:58	2020-06-22 00:41:39	23843543	1192177150	0	50	660		https://sra-downloadb.be-md.ncbi.nlm.nih.gov/sos9/sra-pub-zq-924/SRR012/12064/SRR12064659/SRR12064659.lite.1	SRX8592506	G_30d_2	RNA-Seq	Oligo-dT	TRANSCRIPTOMIC	SINGLE	0	0	BGISEQ	BGISEQ-500	SRP268210	PRJNA636268		636268	SRS6883639	SAMN15069906	simple	55188	Citrus unshiu	G_30d_2							no					WUHAN UNIVERSITY OF BIOENGINEERING	SRA1081653		public	B39EDFC33E358C977596AD9892C8A88F	8A710BA9E4CE6595ED86DB02651070F2	https://www.ncbi.nlm.nih.gov/sra/?term=SRR12064659	https://www.ncbi.nlm.nih.gov/bioproject/PRJNA636268	https://www.ncbi.nlm.nih.gov/biosample/SAMN15069906	https://www.ncbi.nlm.nih.gov/sra/?term=SRX8592506	https://sra-downloadb.be-md.ncbi.nlm.nih.gov/sos9/sra-pub-zq-924/SRR012/12064/SRR12064659/SRR12064659.lite.1	42	
223	SRR12064660	2021-08-31 00:35:58	2020-06-22 00:41:56	24094797	1204739850	0	50	673		https://sra-downloadb.be-md.ncbi.nlm.nih.gov/sos1/sra-pub-zq-38/SRR012/12064/SRR12064660/SRR12064660.lite.1	SRX8592505	G_30d_1	RNA-Seq	Oligo-dT	TRANSCRIPTOMIC	SINGLE	0	0	BGISEQ	BGISEQ-500	SRP268210	PRJNA636268		636268	SRS6883638	SAMN15069905	simple	55188	Citrus unshiu	G_30d_1							no					WUHAN UNIVERSITY OF BIOENGINEERING	SRA1081653		public	3C6BD140745AA51858398CCE6444FC84	21AE60BEE399E51B8417EA53616FA6D5	https://www.ncbi.nlm.nih.gov/sra/?term=SRR12064660	https://www.ncbi.nlm.nih.gov/bioproject/PRJNA636268	https://www.ncbi.nlm.nih.gov/biosample/SAMN15069905	https://www.ncbi.nlm.nih.gov/sra/?term=SRX8592505	https://sra-downloadb.be-md.ncbi.nlm.nih.gov/sos1/sra-pub-zq-38/SRR012/12064/SRR12064660/SRR12064660.lite.1	43	
224	SRR12064661	2021-08-31 00:35:57	2020-06-22 00:41:23	24059718	1202985900	0	50	749		https://sra-downloadb.be-md.ncbi.nlm.nih.gov/sos9/sra-pub-zq-924/SRR012/12064/SRR12064661/SRR12064661.lite.1	SRX8592504	CK_60d_2	RNA-Seq	Oligo-dT	TRANSCRIPTOMIC	SINGLE	0	0	BGISEQ	BGISEQ-500	SRP268210	PRJNA636268		636268	SRS6883637	SAMN15069914	simple	55188	Citrus unshiu	CK_60d_2							no					WUHAN UNIVERSITY OF BIOENGINEERING	SRA1081653		public	FFF1739614B74D26976B490B45B8D128	8E9F02A1A12F2E96D83A7C44D28F21CD	https://www.ncbi.nlm.nih.gov/sra/?term=SRR12064661	https://www.ncbi.nlm.nih.gov/bioproject/PRJNA636268	https://www.ncbi.nlm.nih.gov/biosample/SAMN15069914	https://www.ncbi.nlm.nih.gov/sra/?term=SRX8592504	https://sra-downloadb.be-md.ncbi.nlm.nih.gov/sos9/sra-pub-zq-924/SRR012/12064/SRR12064661/SRR12064661.lite.1	44	
225	SRR12064662	2021-08-31 00:35:57	2020-06-22 00:41:56	24085106	1204255300	0	50	739		https://sra-downloadb.be-md.ncbi.nlm.nih.gov/sos1/sra-pub-zq-38/SRR012/12064/SRR12064662/SRR12064662.lite.1	SRX8592503	CK_60d_1	RNA-Seq	Oligo-dT	TRANSCRIPTOMIC	SINGLE	0	0	BGISEQ	BGISEQ-500	SRP268210	PRJNA636268		636268	SRS6883636	SAMN15069913	simple	55188	Citrus unshiu	CK_60d_1							no					WUHAN UNIVERSITY OF BIOENGINEERING	SRA1081653		public	439D74345165B4C008851A69BFA484EF	A506D074FC2EB2B64474D39718AF2AA2	https://www.ncbi.nlm.nih.gov/sra/?term=SRR12064662	https://www.ncbi.nlm.nih.gov/bioproject/PRJNA636268	https://www.ncbi.nlm.nih.gov/biosample/SAMN15069913	https://www.ncbi.nlm.nih.gov/sra/?term=SRX8592503	https://sra-downloadb.be-md.ncbi.nlm.nih.gov/sos1/sra-pub-zq-38/SRR012/12064/SRR12064662/SRR12064662.lite.1	45	
226	SRR12064663	2021-08-31 00:35:57	2020-06-22 00:42:00	23875126	1193756300	0	50	666		https://sra-downloadb.be-md.ncbi.nlm.nih.gov/sos1/sra-pub-zq-38/SRR012/12064/SRR12064663/SRR12064663.lite.1	SRX8592502	G_AQ_2	RNA-Seq	Oligo-dT	TRANSCRIPTOMIC	SINGLE	0	0	BGISEQ	BGISEQ-500	SRP268210	PRJNA636268		636268	SRS6883635	SAMN15069904	simple	55188	Citrus unshiu	G_AQ_2							no					WUHAN UNIVERSITY OF BIOENGINEERING	SRA1081653		public	9FF71EDE2397B8333BE64CEA2D03B34B	D4C283FDB38B42DA8B61C4F34C10D14D	https://www.ncbi.nlm.nih.gov/sra/?term=SRR12064663	https://www.ncbi.nlm.nih.gov/bioproject/PRJNA636268	https://www.ncbi.nlm.nih.gov/biosample/SAMN15069904	https://www.ncbi.nlm.nih.gov/sra/?term=SRX8592502	https://sra-downloadb.be-md.ncbi.nlm.nih.gov/sos1/sra-pub-zq-38/SRR012/12064/SRR12064663/SRR12064663.lite.1	46	
227	SRR12064664	2021-08-31 00:35:57	2020-06-22 00:41:40	24088731	1204436550	0	50	668		https://sra-downloadb.be-md.ncbi.nlm.nih.gov/sos1/sra-pub-zq-38/SRR012/12064/SRR12064664/SRR12064664.lite.1	SRX8592501	G_AQ_1	RNA-Seq	Oligo-dT	TRANSCRIPTOMIC	SINGLE	0	0	BGISEQ	BGISEQ-500	SRP268210	PRJNA636268		636268	SRS6883634	SAMN15069903	simple	55188	Citrus unshiu	G_AQ_1							no					WUHAN UNIVERSITY OF BIOENGINEERING	SRA1081653		public	83765F323AB029D78D223BD6826EA71F	027832BBD6CA72A1523B568D95D774BB	https://www.ncbi.nlm.nih.gov/sra/?term=SRR12064664	https://www.ncbi.nlm.nih.gov/bioproject/PRJNA636268	https://www.ncbi.nlm.nih.gov/biosample/SAMN15069903	https://www.ncbi.nlm.nih.gov/sra/?term=SRX8592501	https://sra-downloadb.be-md.ncbi.nlm.nih.gov/sos1/sra-pub-zq-38/SRR012/12064/SRR12064664/SRR12064664.lite.1	47	
228	SRR17045259	2022-12-31 00:19:26	2021-11-26 14:50:08	24263213	7278963900	24263213	300	2665		https://sra-downloadb.be-md.ncbi.nlm.nih.gov/sos9/sra-pub-zq-922/SRR017/17045/SRR17045259/SRR17045259.lite.1	SRX13235080	s59-WT-3	RNA-Seq	cDNA	TRANSCRIPTOMIC	PAIRED	0	0	ILLUMINA	Illumina HiSeq 4000	SRP348043	PRJNA783423		783423	SRS11159626	SAMN23429678	simple	55188	Citrus unshiu	59-WT-3							no					HUAZHONG AGRICULTURAL UNIVERSITY	SRA1335229		public	E5D91AF81840C37B69F7EA341E704135	1059E2B533806051A858EF02C62AF6E8	https://www.ncbi.nlm.nih.gov/sra/?term=SRR17045259	https://www.ncbi.nlm.nih.gov/bioproject/PRJNA783423	https://www.ncbi.nlm.nih.gov/biosample/SAMN23429678	https://www.ncbi.nlm.nih.gov/sra/?term=SRX13235080	https://sra-downloadb.be-md.ncbi.nlm.nih.gov/sos9/sra-pub-zq-922/SRR017/17045/SRR17045259/SRR17045259.lite.1	436	
229	SRR17045260	2022-12-31 00:19:26	2021-11-26 14:47:06	25032861	7509858300	25032861	300	2677		https://sra-downloadb.be-md.ncbi.nlm.nih.gov/sos9/sra-pub-zq-922/SRR017/17045/SRR17045260/SRR17045260.lite.1	SRX13235079	s59-WT-2	RNA-Seq	cDNA	TRANSCRIPTOMIC	PAIRED	0	0	ILLUMINA	Illumina HiSeq 4000	SRP348043	PRJNA783423		783423	SRS11159625	SAMN23429677	simple	55188	Citrus unshiu	59-WT-2							no					HUAZHONG AGRICULTURAL UNIVERSITY	SRA1335229		public	6D9FD4FBCF43D33DBB9438D18D51A1EA	3F5F402D09E084155B2449B452894A73	https://www.ncbi.nlm.nih.gov/sra/?term=SRR17045260	https://www.ncbi.nlm.nih.gov/bioproject/PRJNA783423	https://www.ncbi.nlm.nih.gov/biosample/SAMN23429677	https://www.ncbi.nlm.nih.gov/sra/?term=SRX13235079	https://sra-downloadb.be-md.ncbi.nlm.nih.gov/sos9/sra-pub-zq-922/SRR017/17045/SRR17045260/SRR17045260.lite.1	437	
230	SRR17045261	2022-12-31 00:19:26	2021-11-26 14:50:40	25411684	7623505200	25411684	300	2705		https://sra-downloadb.be-md.ncbi.nlm.nih.gov/sos8/sra-pub-zq-818/SRR017/17045/SRR17045261/SRR17045261.lite.1	SRX13235078	s0-WT-2	RNA-Seq	cDNA	TRANSCRIPTOMIC	PAIRED	0	0	ILLUMINA	Illumina HiSeq 4000	SRP348043	PRJNA783423		783423	SRS11159623	SAMN23429668	simple	55188	Citrus unshiu	0-WT-2							no					HUAZHONG AGRICULTURAL UNIVERSITY	SRA1335229		public	5738ADB97D1C7C1278A65F02953E2B0F	8818DC8C7EE5BF0CA529A5025AE8A061	https://www.ncbi.nlm.nih.gov/sra/?term=SRR17045261	https://www.ncbi.nlm.nih.gov/bioproject/PRJNA783423	https://www.ncbi.nlm.nih.gov/biosample/SAMN23429668	https://www.ncbi.nlm.nih.gov/sra/?term=SRX13235078	https://sra-downloadb.be-md.ncbi.nlm.nih.gov/sos8/sra-pub-zq-818/SRR017/17045/SRR17045261/SRR17045261.lite.1	438	
231	SRR17045262	2022-12-31 00:19:26	2021-11-26 14:49:10	25405504	7621651200	25405504	300	2816		https://sra-downloadb.be-md.ncbi.nlm.nih.gov/sos8/sra-pub-zq-818/SRR017/17045/SRR17045262/SRR17045262.lite.1	SRX13235077	s0-WT-1	RNA-Seq	cDNA	TRANSCRIPTOMIC	PAIRED	0	0	ILLUMINA	Illumina HiSeq 4000	SRP348043	PRJNA783423		783423	SRS11159624	SAMN23429667	simple	55188	Citrus unshiu	0-WT-1							no					HUAZHONG AGRICULTURAL UNIVERSITY	SRA1335229		public	712F41C08DB20EFF557AB7B12CB9B9BE	5977E99F4BC444AB1E481ABCF05BAE08	https://www.ncbi.nlm.nih.gov/sra/?term=SRR17045262	https://www.ncbi.nlm.nih.gov/bioproject/PRJNA783423	https://www.ncbi.nlm.nih.gov/biosample/SAMN23429667	https://www.ncbi.nlm.nih.gov/sra/?term=SRX13235077	https://sra-downloadb.be-md.ncbi.nlm.nih.gov/sos8/sra-pub-zq-818/SRR017/17045/SRR17045262/SRR17045262.lite.1	439	
232	SRR17045263	2022-12-31 00:19:26	2021-11-26 14:44:38	24007708	7202312400	24007708	300	2560		https://sra-downloadb.be-md.ncbi.nlm.nih.gov/sos8/sra-pub-zq-818/SRR017/17045/SRR17045263/SRR17045263.lite.1	SRX13235076	s59-WT-1	RNA-Seq	cDNA	TRANSCRIPTOMIC	PAIRED	0	0	ILLUMINA	Illumina HiSeq 4000	SRP348043	PRJNA783423		783423	SRS11159622	SAMN23429676	simple	55188	Citrus unshiu	59-WT-1							no					HUAZHONG AGRICULTURAL UNIVERSITY	SRA1335229		public	7396A4B84EC52B1DF3CEC83121A698C3	C5F3E24E10BCF43078544004F6993045	https://www.ncbi.nlm.nih.gov/sra/?term=SRR17045263	https://www.ncbi.nlm.nih.gov/bioproject/PRJNA783423	https://www.ncbi.nlm.nih.gov/biosample/SAMN23429676	https://www.ncbi.nlm.nih.gov/sra/?term=SRX13235076	https://sra-downloadb.be-md.ncbi.nlm.nih.gov/sos8/sra-pub-zq-818/SRR017/17045/SRR17045263/SRR17045263.lite.1	440	
233	SRR17045264	2022-12-31 00:19:26	2021-11-26 14:47:28	24323426	7297027800	24323426	300	2606		https://sra-downloadb.be-md.ncbi.nlm.nih.gov/sos8/sra-pub-zq-818/SRR017/17045/SRR17045264/SRR17045264.lite.1	SRX13235075	s39-WT-3	RNA-Seq	cDNA	TRANSCRIPTOMIC	PAIRED	0	0	ILLUMINA	Illumina HiSeq 4000	SRP348043	PRJNA783423		783423	SRS11159621	SAMN23429675	simple	55188	Citrus unshiu	39-WT-3							no					HUAZHONG AGRICULTURAL UNIVERSITY	SRA1335229		public	B695ED7D773C7A199663F65353D93E23	083F6CEDCF2C6827D559324A222DB59F	https://www.ncbi.nlm.nih.gov/sra/?term=SRR17045264	https://www.ncbi.nlm.nih.gov/bioproject/PRJNA783423	https://www.ncbi.nlm.nih.gov/biosample/SAMN23429675	https://www.ncbi.nlm.nih.gov/sra/?term=SRX13235075	https://sra-downloadb.be-md.ncbi.nlm.nih.gov/sos8/sra-pub-zq-818/SRR017/17045/SRR17045264/SRR17045264.lite.1	441	
234	SRR17045265	2022-12-31 00:19:26	2021-11-26 14:54:35	25972468	7791740400	25972468	300	2771		https://sra-downloadb.be-md.ncbi.nlm.nih.gov/sos1/sra-pub-zq-38/SRR017/17045/SRR17045265/SRR17045265.lite.1	SRX13235074	s39-WT-2	RNA-Seq	cDNA	TRANSCRIPTOMIC	PAIRED	0	0	ILLUMINA	Illumina HiSeq 4000	SRP348043	PRJNA783423		783423	SRS11159620	SAMN23429674	simple	55188	Citrus unshiu	39-WT-2							no					HUAZHONG AGRICULTURAL UNIVERSITY	SRA1335229		public	F6531B7A3BCCA0CB489D4CB13E50DED4	4DA03AFA6CE0B10101045C23FB32DD12	https://www.ncbi.nlm.nih.gov/sra/?term=SRR17045265	https://www.ncbi.nlm.nih.gov/bioproject/PRJNA783423	https://www.ncbi.nlm.nih.gov/biosample/SAMN23429674	https://www.ncbi.nlm.nih.gov/sra/?term=SRX13235074	https://sra-downloadb.be-md.ncbi.nlm.nih.gov/sos1/sra-pub-zq-38/SRR017/17045/SRR17045265/SRR17045265.lite.1	442	
235	SRR17045266	2022-12-31 00:19:26	2021-11-26 14:48:37	20451305	6135391500	20451305	300	2194		https://sra-downloadb.be-md.ncbi.nlm.nih.gov/sos8/sra-pub-zq-818/SRR017/17045/SRR17045266/SRR17045266.lite.1	SRX13235073	s39-WT-1	RNA-Seq	cDNA	TRANSCRIPTOMIC	PAIRED	0	0	ILLUMINA	Illumina HiSeq 4000	SRP348043	PRJNA783423		783423	SRS11159619	SAMN23429673	simple	55188	Citrus unshiu	39-WT-1							no					HUAZHONG AGRICULTURAL UNIVERSITY	SRA1335229		public	A6103E23B8D532C45CF5DAEE85BB280E	420A72C4A6A62D961621E5F37E82C1ED	https://www.ncbi.nlm.nih.gov/sra/?term=SRR17045266	https://www.ncbi.nlm.nih.gov/bioproject/PRJNA783423	https://www.ncbi.nlm.nih.gov/biosample/SAMN23429673	https://www.ncbi.nlm.nih.gov/sra/?term=SRX13235073	https://sra-downloadb.be-md.ncbi.nlm.nih.gov/sos8/sra-pub-zq-818/SRR017/17045/SRR17045266/SRR17045266.lite.1	443	
236	SRR17045267	2022-12-31 00:19:26	2021-11-26 14:49:01	26227109	7868132700	26227109	300	2811		https://sra-downloadb.be-md.ncbi.nlm.nih.gov/sos8/sra-pub-zq-818/SRR017/17045/SRR17045267/SRR17045267.lite.1	SRX13235072	s29-WT-3	RNA-Seq	cDNA	TRANSCRIPTOMIC	PAIRED	0	0	ILLUMINA	Illumina HiSeq 4000	SRP348043	PRJNA783423		783423	SRS11159618	SAMN23429672	simple	55188	Citrus unshiu	29-WT-3							no					HUAZHONG AGRICULTURAL UNIVERSITY	SRA1335229		public	4004DC29A798C66C5CA1A8D1B4C59CDA	440A22CCAFE4D1A7D63DA050CD59165D	https://www.ncbi.nlm.nih.gov/sra/?term=SRR17045267	https://www.ncbi.nlm.nih.gov/bioproject/PRJNA783423	https://www.ncbi.nlm.nih.gov/biosample/SAMN23429672	https://www.ncbi.nlm.nih.gov/sra/?term=SRX13235072	https://sra-downloadb.be-md.ncbi.nlm.nih.gov/sos8/sra-pub-zq-818/SRR017/17045/SRR17045267/SRR17045267.lite.1	444	
237	SRR17045268	2022-12-31 00:19:26	2021-11-26 14:49:43	23474216	7042264800	23474216	300	2551		https://sra-downloadb.be-md.ncbi.nlm.nih.gov/sos8/sra-pub-zq-818/SRR017/17045/SRR17045268/SRR17045268.lite.1	SRX13235071	s29-WT-2	RNA-Seq	cDNA	TRANSCRIPTOMIC	PAIRED	0	0	ILLUMINA	Illumina HiSeq 4000	SRP348043	PRJNA783423		783423	SRS11159617	SAMN23429671	simple	55188	Citrus unshiu	29-WT-2							no					HUAZHONG AGRICULTURAL UNIVERSITY	SRA1335229		public	BE1B24353ABBC4837293B22DD3BEBB49	CB514748367F3B0EB7759CEABA3804E1	https://www.ncbi.nlm.nih.gov/sra/?term=SRR17045268	https://www.ncbi.nlm.nih.gov/bioproject/PRJNA783423	https://www.ncbi.nlm.nih.gov/biosample/SAMN23429671	https://www.ncbi.nlm.nih.gov/sra/?term=SRX13235071	https://sra-downloadb.be-md.ncbi.nlm.nih.gov/sos8/sra-pub-zq-818/SRR017/17045/SRR17045268/SRR17045268.lite.1	445	
238	SRR17045269	2022-12-31 00:19:25	2021-11-26 14:49:57	22512703	6753810900	22512703	300	2394		https://sra-downloadb.be-md.ncbi.nlm.nih.gov/sos8/sra-pub-zq-818/SRR017/17045/SRR17045269/SRR17045269.lite.1	SRX13235070	s29-WT-1	RNA-Seq	cDNA	TRANSCRIPTOMIC	PAIRED	0	0	ILLUMINA	Illumina HiSeq 4000	SRP348043	PRJNA783423		783423	SRS11159616	SAMN23429670	simple	55188	Citrus unshiu	29-WT-1							no					HUAZHONG AGRICULTURAL UNIVERSITY	SRA1335229		public	B47ED18BDFB727C8D2CCC5A07A717B11	AD40B5357BAFA80228D00D22E74B25FC	https://www.ncbi.nlm.nih.gov/sra/?term=SRR17045269	https://www.ncbi.nlm.nih.gov/bioproject/PRJNA783423	https://www.ncbi.nlm.nih.gov/biosample/SAMN23429670	https://www.ncbi.nlm.nih.gov/sra/?term=SRX13235070	https://sra-downloadb.be-md.ncbi.nlm.nih.gov/sos8/sra-pub-zq-818/SRR017/17045/SRR17045269/SRR17045269.lite.1	446	
239	SRR17045270	2022-12-31 00:19:25	2021-11-26 14:48:05	22971454	6891436200	22971454	300	2463		https://sra-downloadb.be-md.ncbi.nlm.nih.gov/sos8/sra-pub-zq-818/SRR017/17045/SRR17045270/SRR17045270.lite.1	SRX13235069	s59-21-3	RNA-Seq	cDNA	TRANSCRIPTOMIC	PAIRED	0	0	ILLUMINA	Illumina HiSeq 4000	SRP348043	PRJNA783423		783423	SRS11159615	SAMN23429690	simple	55188	Citrus unshiu	59-OE-3							no					HUAZHONG AGRICULTURAL UNIVERSITY	SRA1335229		public	FB6E48C1DE13681CAB1D0070808F2E29	5B6B1401B60EC5BBD69B2A6CFEB8C37A	https://www.ncbi.nlm.nih.gov/sra/?term=SRR17045270	https://www.ncbi.nlm.nih.gov/bioproject/PRJNA783423	https://www.ncbi.nlm.nih.gov/biosample/SAMN23429690	https://www.ncbi.nlm.nih.gov/sra/?term=SRX13235069	https://sra-downloadb.be-md.ncbi.nlm.nih.gov/sos8/sra-pub-zq-818/SRR017/17045/SRR17045270/SRR17045270.lite.1	447	
240	SRR17045271	2022-12-31 00:19:25	2021-11-26 14:47:26	23195605	6958681500	23195605	300	2489		https://sra-downloadb.be-md.ncbi.nlm.nih.gov/sos8/sra-pub-zq-818/SRR017/17045/SRR17045271/SRR17045271.lite.1	SRX13235068	s59-21-2	RNA-Seq	cDNA	TRANSCRIPTOMIC	PAIRED	0	0	ILLUMINA	Illumina HiSeq 4000	SRP348043	PRJNA783423		783423	SRS11159614	SAMN23429689	simple	55188	Citrus unshiu	59-OE-2							no					HUAZHONG AGRICULTURAL UNIVERSITY	SRA1335229		public	D2A573B4C2949DA429B8DC7BC9C10103	51FEF9102A06B0BB60446722BAEFA097	https://www.ncbi.nlm.nih.gov/sra/?term=SRR17045271	https://www.ncbi.nlm.nih.gov/bioproject/PRJNA783423	https://www.ncbi.nlm.nih.gov/biosample/SAMN23429689	https://www.ncbi.nlm.nih.gov/sra/?term=SRX13235068	https://sra-downloadb.be-md.ncbi.nlm.nih.gov/sos8/sra-pub-zq-818/SRR017/17045/SRR17045271/SRR17045271.lite.1	448	
241	SRR17045272	2022-12-31 00:19:25	2021-11-26 14:43:47	14375443	4312632900	14375443	300	1569		https://sra-downloadb.be-md.ncbi.nlm.nih.gov/sos8/sra-pub-zq-818/SRR017/17045/SRR17045272/SRR17045272.lite.1	SRX13235067	s59-21-1	RNA-Seq	cDNA	TRANSCRIPTOMIC	PAIRED	0	0	ILLUMINA	Illumina HiSeq 4000	SRP348043	PRJNA783423		783423	SRS11159613	SAMN23429688	simple	55188	Citrus unshiu	59-OE-1							no					HUAZHONG AGRICULTURAL UNIVERSITY	SRA1335229		public	F0DF74DC2BC74044AE6663714B4F91F3	14CB9009D353C70FA320B80801517379	https://www.ncbi.nlm.nih.gov/sra/?term=SRR17045272	https://www.ncbi.nlm.nih.gov/bioproject/PRJNA783423	https://www.ncbi.nlm.nih.gov/biosample/SAMN23429688	https://www.ncbi.nlm.nih.gov/sra/?term=SRX13235067	https://sra-downloadb.be-md.ncbi.nlm.nih.gov/sos8/sra-pub-zq-818/SRR017/17045/SRR17045272/SRR17045272.lite.1	449	
242	SRR17045273	2022-12-31 00:19:25	2021-11-26 14:45:57	18242970	5472891000	18242970	300	1977		https://sra-downloadb.be-md.ncbi.nlm.nih.gov/sos8/sra-pub-zq-818/SRR017/17045/SRR17045273/SRR17045273.lite.1	SRX13235066	s39-21-3	RNA-Seq	cDNA	TRANSCRIPTOMIC	PAIRED	0	0	ILLUMINA	Illumina HiSeq 4000	SRP348043	PRJNA783423		783423	SRS11159612	SAMN23429687	simple	55188	Citrus unshiu	39-OE-3							no					HUAZHONG AGRICULTURAL UNIVERSITY	SRA1335229		public	C83F26F9B41AA618FAC2064439EA3DDC	14CB83F9F31F2E6845D76831FB7BF3EA	https://www.ncbi.nlm.nih.gov/sra/?term=SRR17045273	https://www.ncbi.nlm.nih.gov/bioproject/PRJNA783423	https://www.ncbi.nlm.nih.gov/biosample/SAMN23429687	https://www.ncbi.nlm.nih.gov/sra/?term=SRX13235066	https://sra-downloadb.be-md.ncbi.nlm.nih.gov/sos8/sra-pub-zq-818/SRR017/17045/SRR17045273/SRR17045273.lite.1	450	
243	SRR17045274	2022-12-31 00:19:25	2021-11-26 14:45:51	23856489	7156946700	23856489	300	2526		https://sra-downloadb.be-md.ncbi.nlm.nih.gov/sos1/sra-pub-zq-38/SRR017/17045/SRR17045274/SRR17045274.lite.1	SRX13235065	s0-WT-3	RNA-Seq	cDNA	TRANSCRIPTOMIC	PAIRED	0	0	ILLUMINA	Illumina HiSeq 4000	SRP348043	PRJNA783423		783423	SRS11159611	SAMN23429669	simple	55188	Citrus unshiu	0-WT-3							no					HUAZHONG AGRICULTURAL UNIVERSITY	SRA1335229		public	93E113810E4EDF8431EB744B9D0EEAAD	950F1D78827E4DA21AB3A07E61C6042D	https://www.ncbi.nlm.nih.gov/sra/?term=SRR17045274	https://www.ncbi.nlm.nih.gov/bioproject/PRJNA783423	https://www.ncbi.nlm.nih.gov/biosample/SAMN23429669	https://www.ncbi.nlm.nih.gov/sra/?term=SRX13235065	https://sra-downloadb.be-md.ncbi.nlm.nih.gov/sos1/sra-pub-zq-38/SRR017/17045/SRR17045274/SRR17045274.lite.1	451	
244	SRR17045275	2022-12-31 00:19:25	2021-11-26 14:43:58	17514996	5254498800	17514996	300	1898		https://sra-downloadb.be-md.ncbi.nlm.nih.gov/sos8/sra-pub-zq-818/SRR017/17045/SRR17045275/SRR17045275.lite.1	SRX13235064	s39-21-2	RNA-Seq	cDNA	TRANSCRIPTOMIC	PAIRED	0	0	ILLUMINA	Illumina HiSeq 4000	SRP348043	PRJNA783423		783423	SRS11159610	SAMN23429686	simple	55188	Citrus unshiu	39-OE-2							no					HUAZHONG AGRICULTURAL UNIVERSITY	SRA1335229		public	CEA19373A23B3BA20A33A7E6F508FBFE	DFF6524F294AB602C04F72FCE06C726D	https://www.ncbi.nlm.nih.gov/sra/?term=SRR17045275	https://www.ncbi.nlm.nih.gov/bioproject/PRJNA783423	https://www.ncbi.nlm.nih.gov/biosample/SAMN23429686	https://www.ncbi.nlm.nih.gov/sra/?term=SRX13235064	https://sra-downloadb.be-md.ncbi.nlm.nih.gov/sos8/sra-pub-zq-818/SRR017/17045/SRR17045275/SRR17045275.lite.1	452	
245	SRR17045276	2022-12-31 00:19:25	2021-11-26 14:45:19	19317682	5795304600	19317682	300	2091		https://sra-downloadb.be-md.ncbi.nlm.nih.gov/sos1/sra-pub-zq-38/SRR017/17045/SRR17045276/SRR17045276.lite.1	SRX13235063	s39-21-1	RNA-Seq	cDNA	TRANSCRIPTOMIC	PAIRED	0	0	ILLUMINA	Illumina HiSeq 4000	SRP348043	PRJNA783423		783423	SRS11159609	SAMN23429685	simple	55188	Citrus unshiu	39-OE-1							no					HUAZHONG AGRICULTURAL UNIVERSITY	SRA1335229		public	417B6F02B35FB706FE9B35F1594A868B	63DEC1B8DBB7C29ED9EA9E3F98B1A9A1	https://www.ncbi.nlm.nih.gov/sra/?term=SRR17045276	https://www.ncbi.nlm.nih.gov/bioproject/PRJNA783423	https://www.ncbi.nlm.nih.gov/biosample/SAMN23429685	https://www.ncbi.nlm.nih.gov/sra/?term=SRX13235063	https://sra-downloadb.be-md.ncbi.nlm.nih.gov/sos1/sra-pub-zq-38/SRR017/17045/SRR17045276/SRR17045276.lite.1	453	
246	SRR17045277	2022-12-31 00:19:25	2021-11-26 14:52:52	23110119	6933035700	23110119	300	2471		https://sra-downloadb.be-md.ncbi.nlm.nih.gov/sos1/sra-pub-zq-38/SRR017/17045/SRR17045277/SRR17045277.lite.1	SRX13235062	s29-21-3	RNA-Seq	cDNA	TRANSCRIPTOMIC	PAIRED	0	0	ILLUMINA	Illumina HiSeq 4000	SRP348043	PRJNA783423		783423	SRS11159608	SAMN23429684	simple	55188	Citrus unshiu	29-OE-3							no					HUAZHONG AGRICULTURAL UNIVERSITY	SRA1335229		public	637472C3B22E23039716389F021A239E	45D867AB4B74579FDA3331821BF7AD6F	https://www.ncbi.nlm.nih.gov/sra/?term=SRR17045277	https://www.ncbi.nlm.nih.gov/bioproject/PRJNA783423	https://www.ncbi.nlm.nih.gov/biosample/SAMN23429684	https://www.ncbi.nlm.nih.gov/sra/?term=SRX13235062	https://sra-downloadb.be-md.ncbi.nlm.nih.gov/sos1/sra-pub-zq-38/SRR017/17045/SRR17045277/SRR17045277.lite.1	454	
247	SRR17045278	2022-12-31 00:19:25	2021-11-26 14:47:25	23806529	7141958700	23806529	300	2539		https://sra-downloadb.be-md.ncbi.nlm.nih.gov/sos9/sra-pub-zq-922/SRR017/17045/SRR17045278/SRR17045278.lite.1	SRX13235061	s29-21-2	RNA-Seq	cDNA	TRANSCRIPTOMIC	PAIRED	0	0	ILLUMINA	Illumina HiSeq 4000	SRP348043	PRJNA783423		783423	SRS11159607	SAMN23429683	simple	55188	Citrus unshiu	29-OE-2							no					HUAZHONG AGRICULTURAL UNIVERSITY	SRA1335229		public	440A0C5B702AA13A89ACC29195596CF7	6A4445AA2D9BA62656456522A5E18AE0	https://www.ncbi.nlm.nih.gov/sra/?term=SRR17045278	https://www.ncbi.nlm.nih.gov/bioproject/PRJNA783423	https://www.ncbi.nlm.nih.gov/biosample/SAMN23429683	https://www.ncbi.nlm.nih.gov/sra/?term=SRX13235061	https://sra-downloadb.be-md.ncbi.nlm.nih.gov/sos9/sra-pub-zq-922/SRR017/17045/SRR17045278/SRR17045278.lite.1	455	
248	SRR17045279	2022-12-31 00:19:25	2021-11-26 14:43:56	21600560	6480168000	21600560	300	2366		https://sra-downloadb.be-md.ncbi.nlm.nih.gov/sos1/sra-pub-zq-38/SRR017/17045/SRR17045279/SRR17045279.lite.1	SRX13235060	s29-21-1	RNA-Seq	cDNA	TRANSCRIPTOMIC	PAIRED	0	0	ILLUMINA	Illumina HiSeq 4000	SRP348043	PRJNA783423		783423	SRS11159604	SAMN23429682	simple	55188	Citrus unshiu	29-OE-1							no					HUAZHONG AGRICULTURAL UNIVERSITY	SRA1335229		public	16FD9D8750AA3CF5FB53C5AE0DFA7CE6	0581B627ACFB2A1015E13057EF72224A	https://www.ncbi.nlm.nih.gov/sra/?term=SRR17045279	https://www.ncbi.nlm.nih.gov/bioproject/PRJNA783423	https://www.ncbi.nlm.nih.gov/biosample/SAMN23429682	https://www.ncbi.nlm.nih.gov/sra/?term=SRX13235060	https://sra-downloadb.be-md.ncbi.nlm.nih.gov/sos1/sra-pub-zq-38/SRR017/17045/SRR17045279/SRR17045279.lite.1	456	
249	SRR17045280	2022-12-31 00:19:25	2021-11-26 15:02:16	23942132	7182639600	23942132	300	2638		https://sra-downloadb.be-md.ncbi.nlm.nih.gov/sos8/sra-pub-zq-818/SRR017/17045/SRR17045280/SRR17045280.lite.1	SRX13235059	s0-21-3	RNA-Seq	cDNA	TRANSCRIPTOMIC	PAIRED	0	0	ILLUMINA	Illumina HiSeq 4000	SRP348043	PRJNA783423		783423	SRS11159606	SAMN23429681	simple	55188	Citrus unshiu	0-OE-3							no					HUAZHONG AGRICULTURAL UNIVERSITY	SRA1335229		public	71788C94E9462E8EA697BCF1D0515DCF	3016D5E0EDC25732131F7C8BA8FDA95F	https://www.ncbi.nlm.nih.gov/sra/?term=SRR17045280	https://www.ncbi.nlm.nih.gov/bioproject/PRJNA783423	https://www.ncbi.nlm.nih.gov/biosample/SAMN23429681	https://www.ncbi.nlm.nih.gov/sra/?term=SRX13235059	https://sra-downloadb.be-md.ncbi.nlm.nih.gov/sos8/sra-pub-zq-818/SRR017/17045/SRR17045280/SRR17045280.lite.1	457	
250	SRR17045281	2022-12-31 00:19:25	2021-11-26 14:45:31	22633903	6790170900	22633903	300	2395		https://sra-downloadb.be-md.ncbi.nlm.nih.gov/sos1/sra-pub-zq-38/SRR017/17045/SRR17045281/SRR17045281.lite.1	SRX13235058	s0-21-2	RNA-Seq	cDNA	TRANSCRIPTOMIC	PAIRED	0	0	ILLUMINA	Illumina HiSeq 4000	SRP348043	PRJNA783423		783423	SRS11159605	SAMN23429680	simple	55188	Citrus unshiu	0-OE-2							no					HUAZHONG AGRICULTURAL UNIVERSITY	SRA1335229		public	10E8AED4201743167C8FAE49D812596D	0FF9354F81ED7F359F6226F56F675F3C	https://www.ncbi.nlm.nih.gov/sra/?term=SRR17045281	https://www.ncbi.nlm.nih.gov/bioproject/PRJNA783423	https://www.ncbi.nlm.nih.gov/biosample/SAMN23429680	https://www.ncbi.nlm.nih.gov/sra/?term=SRX13235058	https://sra-downloadb.be-md.ncbi.nlm.nih.gov/sos1/sra-pub-zq-38/SRR017/17045/SRR17045281/SRR17045281.lite.1	458	
251	SRR17045282	2022-12-31 00:19:25	2021-11-26 14:48:28	24237021	7271106300	24237021	300	2565		https://sra-downloadb.be-md.ncbi.nlm.nih.gov/sos8/sra-pub-zq-818/SRR017/17045/SRR17045282/SRR17045282.lite.1	SRX13235057	s0-21-1	RNA-Seq	cDNA	TRANSCRIPTOMIC	PAIRED	0	0	ILLUMINA	Illumina HiSeq 4000	SRP348043	PRJNA783423		783423	SRS11159603	SAMN23429679	simple	55188	Citrus unshiu	0-OE-1							no					HUAZHONG AGRICULTURAL UNIVERSITY	SRA1335229		public	3F57EAD1EA647963B1132E68BB30C2A9	1267A5AFF64E0E7304F298942EFBC56A	https://www.ncbi.nlm.nih.gov/sra/?term=SRR17045282	https://www.ncbi.nlm.nih.gov/bioproject/PRJNA783423	https://www.ncbi.nlm.nih.gov/biosample/SAMN23429679	https://www.ncbi.nlm.nih.gov/sra/?term=SRX13235057	https://sra-downloadb.be-md.ncbi.nlm.nih.gov/sos8/sra-pub-zq-818/SRR017/17045/SRR17045282/SRR17045282.lite.1	459	
252	SRR22273256	2023-05-26 07:23:07	2022-11-14 10:15:38	30944837	9283451100	30944837	300	2700		https://sra-downloadb.be-md.ncbi.nlm.nih.gov/sos8/sra-pub-zq-818/SRR022/22273/SRR22273256/SRR22273256.lite.1	SRX18249334	OE2-3	RNA-Seq	cDNA	TRANSCRIPTOMIC	PAIRED	0	0	ILLUMINA	Illumina NovaSeq 6000	SRP407747	PRJNA901381		901381	SRS15744156	SAMN31711962	simple	55188	Citrus unshiu	OE2-3							no					HUAZHONG AGRICULTURAL UNIVERSITY	SRA1539868		public	47B10DB1D991D4C937C48E0D25C7D143	1847D5A65207ABEB3D8E2A35726CA88B	https://www.ncbi.nlm.nih.gov/sra/?term=SRR22273256	https://www.ncbi.nlm.nih.gov/bioproject/PRJNA901381	https://www.ncbi.nlm.nih.gov/biosample/SAMN31711962	https://www.ncbi.nlm.nih.gov/sra/?term=SRX18249334	https://sra-downloadb.be-md.ncbi.nlm.nih.gov/sos8/sra-pub-zq-818/SRR022/22273/SRR22273256/SRR22273256.lite.1	566	
253	SRR22273257	2023-05-26 07:23:07	2022-11-14 10:22:07	33782719	10134815700	33782719	300	3008		https://sra-downloadb.be-md.ncbi.nlm.nih.gov/sos8/sra-pub-zq-818/SRR022/22273/SRR22273257/SRR22273257.lite.1	SRX18249333	OE2-2	RNA-Seq	cDNA	TRANSCRIPTOMIC	PAIRED	0	0	ILLUMINA	Illumina NovaSeq 6000	SRP407747	PRJNA901381		901381	SRS15744155	SAMN31711961	simple	55188	Citrus unshiu	OE2-2							no					HUAZHONG AGRICULTURAL UNIVERSITY	SRA1539868		public	DEE6B7B361F3C006EFC29E6D21C6A82A	75E27A49C979964CB91DC6E65F765F96	https://www.ncbi.nlm.nih.gov/sra/?term=SRR22273257	https://www.ncbi.nlm.nih.gov/bioproject/PRJNA901381	https://www.ncbi.nlm.nih.gov/biosample/SAMN31711961	https://www.ncbi.nlm.nih.gov/sra/?term=SRX18249333	https://sra-downloadb.be-md.ncbi.nlm.nih.gov/sos8/sra-pub-zq-818/SRR022/22273/SRR22273257/SRR22273257.lite.1	567	
254	SRR22273258	2023-05-26 07:23:07	2022-11-14 10:12:31	22468893	6740667900	22468893	300	2097		https://sra-downloadb.be-md.ncbi.nlm.nih.gov/sos8/sra-pub-zq-818/SRR022/22273/SRR22273258/SRR22273258.lite.1	SRX18249332	OE2-1	RNA-Seq	cDNA	TRANSCRIPTOMIC	PAIRED	0	0	ILLUMINA	Illumina NovaSeq 6000	SRP407747	PRJNA901381		901381	SRS15744154	SAMN31711960	simple	55188	Citrus unshiu	OE2-1							no					HUAZHONG AGRICULTURAL UNIVERSITY	SRA1539868		public	80C54E53FC98A4CFBFFC3B3418DC514F	2350E86BF8C9A39400513DC8C5AC262D	https://www.ncbi.nlm.nih.gov/sra/?term=SRR22273258	https://www.ncbi.nlm.nih.gov/bioproject/PRJNA901381	https://www.ncbi.nlm.nih.gov/biosample/SAMN31711960	https://www.ncbi.nlm.nih.gov/sra/?term=SRX18249332	https://sra-downloadb.be-md.ncbi.nlm.nih.gov/sos8/sra-pub-zq-818/SRR022/22273/SRR22273258/SRR22273258.lite.1	568	
255	SRR22273259	2023-05-26 07:23:07	2022-11-14 10:23:41	26957708	8087312400	26957708	300	2486		https://sra-downloadb.be-md.ncbi.nlm.nih.gov/sos8/sra-pub-zq-818/SRR022/22273/SRR22273259/SRR22273259.lite.1	SRX18249331	WT-G1-3	RNA-Seq	cDNA	TRANSCRIPTOMIC	PAIRED	0	0	ILLUMINA	Illumina NovaSeq 6000	SRP407747	PRJNA901381		901381	SRS15744153	SAMN31711959	simple	55188	Citrus unshiu	WT-G1-3							no					HUAZHONG AGRICULTURAL UNIVERSITY	SRA1539868		public	C546EE409F295A6307B41BFD6ECC9F92	CB698AC0FEAD50F55D197ECB23CFAB3D	https://www.ncbi.nlm.nih.gov/sra/?term=SRR22273259	https://www.ncbi.nlm.nih.gov/bioproject/PRJNA901381	https://www.ncbi.nlm.nih.gov/biosample/SAMN31711959	https://www.ncbi.nlm.nih.gov/sra/?term=SRX18249331	https://sra-downloadb.be-md.ncbi.nlm.nih.gov/sos8/sra-pub-zq-818/SRR022/22273/SRR22273259/SRR22273259.lite.1	569	
256	SRR22273260	2023-05-26 07:23:07	2022-11-14 10:16:55	22058821	6617646300	22058821	300	2014		https://sra-downloadb.be-md.ncbi.nlm.nih.gov/sos8/sra-pub-zq-818/SRR022/22273/SRR22273260/SRR22273260.lite.1	SRX18249330	WT-G1-2	RNA-Seq	cDNA	TRANSCRIPTOMIC	PAIRED	0	0	ILLUMINA	Illumina NovaSeq 6000	SRP407747	PRJNA901381		901381	SRS15744152	SAMN31711958	simple	55188	Citrus unshiu	WT-G1-2							no					HUAZHONG AGRICULTURAL UNIVERSITY	SRA1539868		public	C2FA3C4295800FA3C07500A1CB5278EC	B8C9C933274F52499E53C4B7436C03C5	https://www.ncbi.nlm.nih.gov/sra/?term=SRR22273260	https://www.ncbi.nlm.nih.gov/bioproject/PRJNA901381	https://www.ncbi.nlm.nih.gov/biosample/SAMN31711958	https://www.ncbi.nlm.nih.gov/sra/?term=SRX18249330	https://sra-downloadb.be-md.ncbi.nlm.nih.gov/sos8/sra-pub-zq-818/SRR022/22273/SRR22273260/SRR22273260.lite.1	570	
257	SRR22273261	2023-05-26 07:23:07	2022-11-14 10:13:06	24768557	7430567100	24768557	300	2174		https://sra-downloadb.be-md.ncbi.nlm.nih.gov/sos8/sra-pub-zq-818/SRR022/22273/SRR22273261/SRR22273261.lite.1	SRX18249329	WT-G1-1	RNA-Seq	cDNA	TRANSCRIPTOMIC	PAIRED	0	0	ILLUMINA	Illumina NovaSeq 6000	SRP407747	PRJNA901381		901381	SRS15744151	SAMN31711957	simple	55188	Citrus unshiu	WT-G1-1							no					HUAZHONG AGRICULTURAL UNIVERSITY	SRA1539868		public	A1623B174D67A3591CC436429FF1E303	7217AE95708C7E188493AC8D53C0B010	https://www.ncbi.nlm.nih.gov/sra/?term=SRR22273261	https://www.ncbi.nlm.nih.gov/bioproject/PRJNA901381	https://www.ncbi.nlm.nih.gov/biosample/SAMN31711957	https://www.ncbi.nlm.nih.gov/sra/?term=SRX18249329	https://sra-downloadb.be-md.ncbi.nlm.nih.gov/sos8/sra-pub-zq-818/SRR022/22273/SRR22273261/SRR22273261.lite.1	571	
258	SRR9618664	2019-12-30 00:01:27	2019-07-02 08:12:16	27990086	601062877	0	21	342		https://sra-downloadb.be-md.ncbi.nlm.nih.gov/sos5/sra-pub-zq-14/SRR009/618/SRR9618664.sralite.1	SRX6381710	EC	miRNA-Seq	RT-PCR	OTHER	SINGLE	0	0	ILLUMINA	Illumina HiSeq 2000	SRP212537	PRJNA546491		546491	SRS5042142	SAMN11960012	simple	13894	Cocos nucifera	cn_sr_EC							no					ICAR-CPCRI, KASARAGOD	SRA901199		public	792CF1689A87BF6286BA5357AD66D381	75E88DE951215FAC435B620D9E93D9D8	https://www.ncbi.nlm.nih.gov/sra/?term=SRR9618664	https://www.ncbi.nlm.nih.gov/bioproject/PRJNA546491	https://www.ncbi.nlm.nih.gov/biosample/SAMN11960012	https://www.ncbi.nlm.nih.gov/sra/?term=SRX6381710	https://sra-downloadb.be-md.ncbi.nlm.nih.gov/sos5/sra-pub-zq-14/SRR009/618/SRR9618664.sralite.1	1119	
259	SRR9618665	2019-12-30 00:01:27	2019-07-02 08:12:03	27137845	676326209	0	24	376		https://sra-downloadb.be-md.ncbi.nlm.nih.gov/sos5/sra-pub-zq-16/SRR009/618/SRR9618665.sralite.1	SRX6381709	NEC	miRNA-Seq	RT-PCR	OTHER	SINGLE	0	0	ILLUMINA	Illumina HiSeq 2000	SRP212537	PRJNA546491		546491	SRS5042141	SAMN11960013	simple	13894	Cocos nucifera	cn_sr_NEC							no					ICAR-CPCRI, KASARAGOD	SRA901199		public	DEC4D292040F0C854E3BDF482B63C8A2	45EB0DC834289F7FFF34D4EF53BA0D98	https://www.ncbi.nlm.nih.gov/sra/?term=SRR9618665	https://www.ncbi.nlm.nih.gov/bioproject/PRJNA546491	https://www.ncbi.nlm.nih.gov/biosample/SAMN11960013	https://www.ncbi.nlm.nih.gov/sra/?term=SRX6381709	https://sra-downloadb.be-md.ncbi.nlm.nih.gov/sos5/sra-pub-zq-16/SRR009/618/SRR9618665.sralite.1	1120	
260	SRR27672906	2025-02-28 00:27:39	2024-01-21 17:05:23	65251642	19575492600	65251642	300	7882		https://sra-downloadb.be-md.ncbi.nlm.nih.gov/sos7/sra-pub-zq-41/SRR027/27672/SRR27672906/SRR27672906.lite.1	SRX23340288	Control	RNA-Seq	RANDOM	TRANSCRIPTOMIC	PAIRED	0	0	ILLUMINA	Illumina HiSeq 4000	SRP485028	PRJNA1067141		1067141	SRS20202477	SAMN39523122	simple	13443	Coffea arabica	Coffar_Control_rep1							no					CONAHCYT-CIBNOR	SRA1789094		public	0FF3970A180DCFC470FD7252A0340A77	99F18894DED8F83AF0268E1E971A865B	https://www.ncbi.nlm.nih.gov/sra/?term=SRR27672906	https://www.ncbi.nlm.nih.gov/bioproject/PRJNA1067141	https://www.ncbi.nlm.nih.gov/biosample/SAMN39523122	https://www.ncbi.nlm.nih.gov/sra/?term=SRX23340288	https://sra-downloadb.be-md.ncbi.nlm.nih.gov/sos7/sra-pub-zq-41/SRR027/27672/SRR27672906/SRR27672906.lite.1	722	
261	SRR27672987	2025-02-28 00:27:39	2024-01-21 18:19:21	72051937	21615581100	72051937	300	8719		https://sra-downloadb.be-md.ncbi.nlm.nih.gov/sos7/sra-pub-zq-41/SRR027/27672/SRR27672987/SRR27672987.lite.1	SRX23340369	Control	RNA-Seq	RANDOM	TRANSCRIPTOMIC	PAIRED	0	0	ILLUMINA	Illumina HiSeq 4000	SRP485028	PRJNA1067141		1067141	SRS20202558	SAMN39523306	simple	13443	Coffea arabica	Coffar_Control_rep2							no					CONAHCYT-CIBNOR	SRA1789097		public	599269CFC35D97BDCACC94CBFF55E666	FA0E792F6CE4F39DFEB6D9DB72D6CC18	https://www.ncbi.nlm.nih.gov/sra/?term=SRR27672987	https://www.ncbi.nlm.nih.gov/bioproject/PRJNA1067141	https://www.ncbi.nlm.nih.gov/biosample/SAMN39523306	https://www.ncbi.nlm.nih.gov/sra/?term=SRX23340369	https://sra-downloadb.be-md.ncbi.nlm.nih.gov/sos7/sra-pub-zq-41/SRR027/27672/SRR27672987/SRR27672987.lite.1	723	
262	SRR27673287	2025-02-28 00:27:39	2024-01-21 19:32:27	68894456	20668336800	68894456	300	8314		https://sra-downloadb.be-md.ncbi.nlm.nih.gov/sos7/sra-pub-zq-41/SRR027/27673/SRR27673287/SRR27673287.lite.1	SRX23340669	Control	RNA-Seq	RANDOM	TRANSCRIPTOMIC	PAIRED	0	0	ILLUMINA	Illumina HiSeq 4000	SRP485028	PRJNA1067141		1067141	SRS20202858	SAMN39523635	simple	13443	Coffea arabica	Coffar_Control_rep3							no					CONAHCYT-CIBNOR	SRA1789100		public	F7F260FE5C0C65CBF7240060F503D7DB	92FC3305090DE2EA71FBBC6E14ECB7A6	https://www.ncbi.nlm.nih.gov/sra/?term=SRR27673287	https://www.ncbi.nlm.nih.gov/bioproject/PRJNA1067141	https://www.ncbi.nlm.nih.gov/biosample/SAMN39523635	https://www.ncbi.nlm.nih.gov/sra/?term=SRX23340669	https://sra-downloadb.be-md.ncbi.nlm.nih.gov/sos7/sra-pub-zq-41/SRR027/27673/SRR27673287/SRR27673287.lite.1	724	
263	SRR27673616	2025-02-28 00:27:39	2024-01-21 21:37:24	58880210	17664063000	58880210	300	7043		https://sra-downloadb.be-md.ncbi.nlm.nih.gov/sos7/sra-pub-zq-41/SRR027/27673/SRR27673616/SRR27673616.lite.1	SRX23340998	RD29antiTH	RNA-Seq	RANDOM	TRANSCRIPTOMIC	PAIRED	0	0	ILLUMINA	Illumina HiSeq 4000	SRP485028	PRJNA1067141		1067141	SRS20203173	SAMN39524124	simple	13443	Coffea arabica	Coffar_RD29_rep1							no					CONAHCYT-CIBNOR	SRA1789110		public	FB8657765A754D0725868E901B5058B9	DF8B3DAC6847E11EA9469A070B2D2670	https://www.ncbi.nlm.nih.gov/sra/?term=SRR27673616	https://www.ncbi.nlm.nih.gov/bioproject/PRJNA1067141	https://www.ncbi.nlm.nih.gov/biosample/SAMN39524124	https://www.ncbi.nlm.nih.gov/sra/?term=SRX23340998	https://sra-downloadb.be-md.ncbi.nlm.nih.gov/sos7/sra-pub-zq-41/SRR027/27673/SRR27673616/SRR27673616.lite.1	725	
264	SRR27673967	2025-02-28 00:27:39	2024-01-21 21:37:32	71402585	21420775500	71402585	300	8563		https://sra-downloadb.be-md.ncbi.nlm.nih.gov/sos7/sra-pub-zq-41/SRR027/27673/SRR27673967/SRR27673967.lite.1	SRX23341341	RD29antiTH	RNA-Seq	RANDOM	TRANSCRIPTOMIC	PAIRED	0	0	ILLUMINA	Illumina HiSeq 4000	SRP485028	PRJNA1067141		1067141	SRS20203485	SAMN39524371	simple	13443	Coffea arabica	Coffar_RD29_rep2							no					CONAHCYT-CIBNOR	SRA1789122		public	F47EE03AF2A32B0E222C0C575F7A48C6	674AC1257069B93071C706BF8BA40261	https://www.ncbi.nlm.nih.gov/sra/?term=SRR27673967	https://www.ncbi.nlm.nih.gov/bioproject/PRJNA1067141	https://www.ncbi.nlm.nih.gov/biosample/SAMN39524371	https://www.ncbi.nlm.nih.gov/sra/?term=SRX23341341	https://sra-downloadb.be-md.ncbi.nlm.nih.gov/sos7/sra-pub-zq-41/SRR027/27673/SRR27673967/SRR27673967.lite.1	726	
265	SRR27674087	2025-02-28 00:27:39	2024-01-21 22:44:13	73466206	22039861800	73466206	300	8897		https://sra-downloadb.be-md.ncbi.nlm.nih.gov/sos7/sra-pub-zq-41/SRR027/27674/SRR27674087/SRR27674087.lite.1	SRX23341434	RD29antiTH	RNA-Seq	RANDOM	TRANSCRIPTOMIC	PAIRED	0	0	ILLUMINA	Illumina HiSeq 4000	SRP485028	PRJNA1067141		1067141	SRS20203585	SAMN39524596	simple	13443	Coffea arabica	Coffar_RD29_rep3							no					CONAHCYT-CIBNOR	SRA1789138		public	78E53675A5A7310246B29A9A0D7FD365	EE9B34E828AFCFE4DD5EF8100ED4AC45	https://www.ncbi.nlm.nih.gov/sra/?term=SRR27674087	https://www.ncbi.nlm.nih.gov/bioproject/PRJNA1067141	https://www.ncbi.nlm.nih.gov/biosample/SAMN39524596	https://www.ncbi.nlm.nih.gov/sra/?term=SRX23341434	https://sra-downloadb.be-md.ncbi.nlm.nih.gov/sos7/sra-pub-zq-41/SRR027/27674/SRR27674087/SRR27674087.lite.1	727	
266	SRR15622478	2021-12-07 05:25:02	2021-08-26 14:19:21	28649859	6957087814	28649859	242	2371		https://sra-downloadb.be-md.ncbi.nlm.nih.gov/sos9/sra-pub-zq-924/SRR015/15622/SRR15622478/SRR15622478.lite.1	SRX11919635	LD-T1-R2-Library_S47	RNA-Seq	PCR	TRANSCRIPTOMIC	PAIRED	0	0	ILLUMINA	Illumina HiSeq 2500	SRP334252	PRJNA744419		744419	SRS9930422	SAMN20114706	simple	13443	Coffea arabica	LD-T1-R2							no					NESTLE RESEARCH	SRA1270505		public	B038C870E34D4FF68B61E6F483D4B160	C2514BC1DF2D2D073EE383E52BAC33E0	https://www.ncbi.nlm.nih.gov/sra/?term=SRR15622478	https://www.ncbi.nlm.nih.gov/bioproject/PRJNA744419	https://www.ncbi.nlm.nih.gov/biosample/SAMN20114706	https://www.ncbi.nlm.nih.gov/sra/?term=SRX11919635	https://sra-downloadb.be-md.ncbi.nlm.nih.gov/sos9/sra-pub-zq-924/SRR015/15622/SRR15622478/SRR15622478.lite.1	181	
267	SRR15622479	2021-12-07 05:25:02	2021-08-26 14:05:24	14241517	3307283633	14241517	232	1136		https://sra-downloadb.be-md.ncbi.nlm.nih.gov/sos8/sra-pub-zq-818/SRR015/15622/SRR15622479/SRR15622479.lite.1	SRX11919634	LD-T1-R1-Library_S9	RNA-Seq	PCR	TRANSCRIPTOMIC	PAIRED	0	0	ILLUMINA	Illumina HiSeq 2500	SRP334252	PRJNA744419		744419	SRS9930421	SAMN20114705	simple	13443	Coffea arabica	LD-T1-R1							no					NESTLE RESEARCH	SRA1270505		public	AD1F3D1C090411B36F4842AB319291C8	1337ECEE1114F1EA5B7C0EA29453478B	https://www.ncbi.nlm.nih.gov/sra/?term=SRR15622479	https://www.ncbi.nlm.nih.gov/bioproject/PRJNA744419	https://www.ncbi.nlm.nih.gov/biosample/SAMN20114705	https://www.ncbi.nlm.nih.gov/sra/?term=SRX11919634	https://sra-downloadb.be-md.ncbi.nlm.nih.gov/sos8/sra-pub-zq-818/SRR015/15622/SRR15622479/SRR15622479.lite.1	182	
268	SRR15622480	2021-12-07 05:25:02	2021-08-26 14:08:11	20954269	4954929612	20954269	236	1688		https://sra-downloadb.be-md.ncbi.nlm.nih.gov/sos1/sra-pub-zq-38/SRR015/15622/SRR15622480/SRR15622480.lite.1	SRX11919633	LD-T0-R4-Library_S8	RNA-Seq	PCR	TRANSCRIPTOMIC	PAIRED	0	0	ILLUMINA	Illumina HiSeq 2500	SRP334252	PRJNA744419		744419	SRS9930420	SAMN20114704	simple	13443	Coffea arabica	LD-T0-R4							no					NESTLE RESEARCH	SRA1270505		public	8CC8DE4802117515F6FED4A08730A9FC	85F41CCDAD2BD7C6F6DA0AE6643B8C24	https://www.ncbi.nlm.nih.gov/sra/?term=SRR15622480	https://www.ncbi.nlm.nih.gov/bioproject/PRJNA744419	https://www.ncbi.nlm.nih.gov/biosample/SAMN20114704	https://www.ncbi.nlm.nih.gov/sra/?term=SRX11919633	https://sra-downloadb.be-md.ncbi.nlm.nih.gov/sos1/sra-pub-zq-38/SRR015/15622/SRR15622480/SRR15622480.lite.1	183	
269	SRR15622481	2021-12-07 05:25:02	2021-08-26 14:12:21	25764890	6162477650	25764890	239	2082		https://sra-downloadb.be-md.ncbi.nlm.nih.gov/sos9/sra-pub-zq-924/SRR015/15622/SRR15622481/SRR15622481.lite.1	SRX11919632	LD-T0-R3-Library_S7	RNA-Seq	PCR	TRANSCRIPTOMIC	PAIRED	0	0	ILLUMINA	Illumina HiSeq 2500	SRP334252	PRJNA744419		744419	SRS9930419	SAMN20114703	simple	13443	Coffea arabica	LD-T0-R3							no					NESTLE RESEARCH	SRA1270505		public	2AED90352C7E6C3052FCD7079D2B4F08	10BC908EDA521A52CB76DED5E3A8084E	https://www.ncbi.nlm.nih.gov/sra/?term=SRR15622481	https://www.ncbi.nlm.nih.gov/bioproject/PRJNA744419	https://www.ncbi.nlm.nih.gov/biosample/SAMN20114703	https://www.ncbi.nlm.nih.gov/sra/?term=SRX11919632	https://sra-downloadb.be-md.ncbi.nlm.nih.gov/sos9/sra-pub-zq-924/SRR015/15622/SRR15622481/SRR15622481.lite.1	184	
270	SRR15622482	2021-12-07 05:25:02	2021-08-26 14:13:13	23193004	5612534844	23193004	241	1930		https://sra-downloadb.be-md.ncbi.nlm.nih.gov/sos9/sra-pub-zq-924/SRR015/15622/SRR15622482/SRR15622482.lite.1	SRX11919631	G-R4-Library_S39	RNA-Seq	PCR	TRANSCRIPTOMIC	PAIRED	0	0	ILLUMINA	Illumina HiSeq 2500	SRP334252	PRJNA744419		744419	SRS9930418	SAMN20114747	simple	13443	Coffea arabica	G-R4							no					NESTLE RESEARCH	SRA1270505		public	834B1E696530917F08D1516CC339CBF6	F5BA2E10C238644437FAC42D6D4DFCE2	https://www.ncbi.nlm.nih.gov/sra/?term=SRR15622482	https://www.ncbi.nlm.nih.gov/bioproject/PRJNA744419	https://www.ncbi.nlm.nih.gov/biosample/SAMN20114747	https://www.ncbi.nlm.nih.gov/sra/?term=SRX11919631	https://sra-downloadb.be-md.ncbi.nlm.nih.gov/sos9/sra-pub-zq-924/SRR015/15622/SRR15622482/SRR15622482.lite.1	185	
271	SRR15622483	2021-12-07 05:25:02	2021-08-26 14:13:33	29909591	7272310398	29909591	243	2446		https://sra-downloadb.be-md.ncbi.nlm.nih.gov/sos9/sra-pub-zq-924/SRR015/15622/SRR15622483/SRR15622483.lite.1	SRX11919630	LD-T0-R2-Library_S6	RNA-Seq	PCR	TRANSCRIPTOMIC	PAIRED	0	0	ILLUMINA	Illumina HiSeq 2500	SRP334252	PRJNA744419		744419	SRS9930417	SAMN20114702	simple	13443	Coffea arabica	LD-T0-R2							no					NESTLE RESEARCH	SRA1270505		public	C509D4111C61449721CA26421DC1B381	0CC3FBBD280CBD8FFAC38D62E3B181F2	https://www.ncbi.nlm.nih.gov/sra/?term=SRR15622483	https://www.ncbi.nlm.nih.gov/bioproject/PRJNA744419	https://www.ncbi.nlm.nih.gov/biosample/SAMN20114702	https://www.ncbi.nlm.nih.gov/sra/?term=SRX11919630	https://sra-downloadb.be-md.ncbi.nlm.nih.gov/sos9/sra-pub-zq-924/SRR015/15622/SRR15622483/SRR15622483.lite.1	186	
272	SRR15622484	2021-12-07 05:25:02	2021-08-26 14:09:56	29220224	7067969871	29220224	241	2421		https://sra-downloadb.be-md.ncbi.nlm.nih.gov/sos9/sra-pub-zq-924/SRR015/15622/SRR15622484/SRR15622484.lite.1	SRX11919629	G-R3-Library_S38	RNA-Seq	PCR	TRANSCRIPTOMIC	PAIRED	0	0	ILLUMINA	Illumina HiSeq 2500	SRP334252	PRJNA744419		744419	SRS9930416	SAMN20114746	simple	13443	Coffea arabica	G-R3							no					NESTLE RESEARCH	SRA1270505		public	468A8C51A9E5A2C2C9A41CDF6CC0AAD9	1376ABA292E1148CD4A0BECF3FBF89DC	https://www.ncbi.nlm.nih.gov/sra/?term=SRR15622484	https://www.ncbi.nlm.nih.gov/bioproject/PRJNA744419	https://www.ncbi.nlm.nih.gov/biosample/SAMN20114746	https://www.ncbi.nlm.nih.gov/sra/?term=SRX11919629	https://sra-downloadb.be-md.ncbi.nlm.nih.gov/sos9/sra-pub-zq-924/SRR015/15622/SRR15622484/SRR15622484.lite.1	187	
273	SRR15622485	2021-12-07 05:25:02	2021-08-26 14:10:12	26913755	6533329131	26913755	242	2243		https://sra-downloadb.be-md.ncbi.nlm.nih.gov/sos9/sra-pub-zq-924/SRR015/15622/SRR15622485/SRR15622485.lite.1	SRX11919628	G-R2-Library_S37	RNA-Seq	PCR	TRANSCRIPTOMIC	PAIRED	0	0	ILLUMINA	Illumina HiSeq 2500	SRP334252	PRJNA744419		744419	SRS9930415	SAMN20114745	simple	13443	Coffea arabica	G-R2							no					NESTLE RESEARCH	SRA1270505		public	92A9F44A257A1B0EAE31AF5F3BC2F32F	1E6CE002A6DC2012EAAC90EF10221415	https://www.ncbi.nlm.nih.gov/sra/?term=SRR15622485	https://www.ncbi.nlm.nih.gov/bioproject/PRJNA744419	https://www.ncbi.nlm.nih.gov/biosample/SAMN20114745	https://www.ncbi.nlm.nih.gov/sra/?term=SRX11919628	https://sra-downloadb.be-md.ncbi.nlm.nih.gov/sos9/sra-pub-zq-924/SRR015/15622/SRR15622485/SRR15622485.lite.1	188	
274	SRR15622486	2021-12-07 05:25:02	2021-08-26 14:15:03	38077303	9089373791	38077303	238	3106		https://sra-downloadb.be-md.ncbi.nlm.nih.gov/sos9/sra-pub-zq-924/SRR015/15622/SRR15622486/SRR15622486.lite.1	SRX11919627	G-R1-Library_S60	RNA-Seq	PCR	TRANSCRIPTOMIC	PAIRED	0	0	ILLUMINA	Illumina HiSeq 2500	SRP334252	PRJNA744419		744419	SRS9930414	SAMN20114744	simple	13443	Coffea arabica	G-R1							no					NESTLE RESEARCH	SRA1270505		public	E39B481EA4485DD87D1AADDCD4422543	621F03B0E5CA72D1539478588C1663A9	https://www.ncbi.nlm.nih.gov/sra/?term=SRR15622486	https://www.ncbi.nlm.nih.gov/bioproject/PRJNA744419	https://www.ncbi.nlm.nih.gov/biosample/SAMN20114744	https://www.ncbi.nlm.nih.gov/sra/?term=SRX11919627	https://sra-downloadb.be-md.ncbi.nlm.nih.gov/sos9/sra-pub-zq-924/SRR015/15622/SRR15622486/SRR15622486.lite.1	189	
275	SRR15622487	2021-12-07 05:25:02	2021-08-26 14:16:47	35060777	8451963482	35060777	241	2867		https://sra-downloadb.be-md.ncbi.nlm.nih.gov/sos1/sra-pub-zq-38/SRR015/15622/SRR15622487/SRR15622487.lite.1	SRX11919626	CD-T10-R4-Library_S57	RNA-Seq	PCR	TRANSCRIPTOMIC	PAIRED	0	0	ILLUMINA	Illumina HiSeq 2500	SRP334252	PRJNA744419		744419	SRS9930413	SAMN20114743	simple	13443	Coffea arabica	CD-T10-R4							no					NESTLE RESEARCH	SRA1270505		public	04233AB01956A6CAF88F0AB6535D0FDF	8A9ACE422604C51B6268AE0C4E7930A9	https://www.ncbi.nlm.nih.gov/sra/?term=SRR15622487	https://www.ncbi.nlm.nih.gov/bioproject/PRJNA744419	https://www.ncbi.nlm.nih.gov/biosample/SAMN20114743	https://www.ncbi.nlm.nih.gov/sra/?term=SRX11919626	https://sra-downloadb.be-md.ncbi.nlm.nih.gov/sos1/sra-pub-zq-38/SRR015/15622/SRR15622487/SRR15622487.lite.1	190	
276	SRR15622488	2021-12-07 05:25:02	2021-08-26 14:18:24	37566517	9048996426	37566517	240	3089		https://sra-downloadb.be-md.ncbi.nlm.nih.gov/sos1/sra-pub-zq-38/SRR015/15622/SRR15622488/SRR15622488.lite.1	SRX11919625	CD-T10-R3-Library_S54	RNA-Seq	PCR	TRANSCRIPTOMIC	PAIRED	0	0	ILLUMINA	Illumina HiSeq 2500	SRP334252	PRJNA744419		744419	SRS9930412	SAMN20114742	simple	13443	Coffea arabica	CD-T10-R3							no					NESTLE RESEARCH	SRA1270505		public	706D9486717963DB613C05FAE0C5CD20	3DCF78CD57B7809241A5CE89179142A0	https://www.ncbi.nlm.nih.gov/sra/?term=SRR15622488	https://www.ncbi.nlm.nih.gov/bioproject/PRJNA744419	https://www.ncbi.nlm.nih.gov/biosample/SAMN20114742	https://www.ncbi.nlm.nih.gov/sra/?term=SRX11919625	https://sra-downloadb.be-md.ncbi.nlm.nih.gov/sos1/sra-pub-zq-38/SRR015/15622/SRR15622488/SRR15622488.lite.1	191	
277	SRR15622489	2021-12-07 05:25:02	2021-08-26 14:09:30	27654104	6668599172	27654104	241	2288		https://sra-downloadb.be-md.ncbi.nlm.nih.gov/sos9/sra-pub-zq-924/SRR015/15622/SRR15622489/SRR15622489.lite.1	SRX11919624	CD-T10-R2-Library_S36	RNA-Seq	PCR	TRANSCRIPTOMIC	PAIRED	0	0	ILLUMINA	Illumina HiSeq 2500	SRP334252	PRJNA744419		744419	SRS9930411	SAMN20114741	simple	13443	Coffea arabica	CD-T10-R2							no					NESTLE RESEARCH	SRA1270505		public	DD73D9FF02EF0417F666AAC7B34A2E98	E18A0BD32611A2A7AAA7BAB72E19D643	https://www.ncbi.nlm.nih.gov/sra/?term=SRR15622489	https://www.ncbi.nlm.nih.gov/bioproject/PRJNA744419	https://www.ncbi.nlm.nih.gov/biosample/SAMN20114741	https://www.ncbi.nlm.nih.gov/sra/?term=SRX11919624	https://sra-downloadb.be-md.ncbi.nlm.nih.gov/sos9/sra-pub-zq-924/SRR015/15622/SRR15622489/SRR15622489.lite.1	192	
278	SRR15622490	2021-12-07 05:25:02	2021-08-26 14:09:49	27042618	6539910570	27042618	241	2232		https://sra-downloadb.be-md.ncbi.nlm.nih.gov/sos9/sra-pub-zq-924/SRR015/15622/SRR15622490/SRR15622490.lite.1	SRX11919623	CD-T10-R1-Library_S35	RNA-Seq	PCR	TRANSCRIPTOMIC	PAIRED	0	0	ILLUMINA	Illumina HiSeq 2500	SRP334252	PRJNA744419		744419	SRS9930410	SAMN20114740	simple	13443	Coffea arabica	CD-T10-R1							no					NESTLE RESEARCH	SRA1270505		public	077D800ED171522B4C371C046BD15177	A2350E050AF37F4A9107960FC4BCD5A0	https://www.ncbi.nlm.nih.gov/sra/?term=SRR15622490	https://www.ncbi.nlm.nih.gov/bioproject/PRJNA744419	https://www.ncbi.nlm.nih.gov/biosample/SAMN20114740	https://www.ncbi.nlm.nih.gov/sra/?term=SRX11919623	https://sra-downloadb.be-md.ncbi.nlm.nih.gov/sos9/sra-pub-zq-924/SRR015/15622/SRR15622490/SRR15622490.lite.1	193	
279	SRR15622491	2021-12-07 05:25:02	2021-08-26 14:03:20	9846909	2333049671	9846909	236	796		https://sra-downloadb.be-md.ncbi.nlm.nih.gov/sos8/sra-pub-zq-820/SRR015/15622/SRR15622491/SRR15622491.lite.1	SRX11919622	CD-T3-R4-Library_S34	RNA-Seq	PCR	TRANSCRIPTOMIC	PAIRED	0	0	ILLUMINA	Illumina HiSeq 2500	SRP334252	PRJNA744419		744419	SRS9930409	SAMN20114739	simple	13443	Coffea arabica	CD-T3-R4							no					NESTLE RESEARCH	SRA1270505		public	E9491FB1EB3420C8B474782779DB4FAD	C8ADC5281364323CB1CD738FE3F3A92A	https://www.ncbi.nlm.nih.gov/sra/?term=SRR15622491	https://www.ncbi.nlm.nih.gov/bioproject/PRJNA744419	https://www.ncbi.nlm.nih.gov/biosample/SAMN20114739	https://www.ncbi.nlm.nih.gov/sra/?term=SRX11919622	https://sra-downloadb.be-md.ncbi.nlm.nih.gov/sos8/sra-pub-zq-820/SRR015/15622/SRR15622491/SRR15622491.lite.1	194	
280	SRR15622492	2021-12-07 05:25:02	2021-08-26 14:14:30	26949200	6540130965	26949200	242	2214		https://sra-downloadb.be-md.ncbi.nlm.nih.gov/sos1/sra-pub-zq-38/SRR015/15622/SRR15622492/SRR15622492.lite.1	SRX11919621	CD-T3-R3-Library_S33	RNA-Seq	PCR	TRANSCRIPTOMIC	PAIRED	0	0	ILLUMINA	Illumina HiSeq 2500	SRP334252	PRJNA744419		744419	SRS9930408	SAMN20114738	simple	13443	Coffea arabica	CD-T3-R3							no					NESTLE RESEARCH	SRA1270505		public	CE7633FD74EB78739EC20DF2DE3D652C	04E71FD570FE99AD81DEE6CE34782378	https://www.ncbi.nlm.nih.gov/sra/?term=SRR15622492	https://www.ncbi.nlm.nih.gov/bioproject/PRJNA744419	https://www.ncbi.nlm.nih.gov/biosample/SAMN20114738	https://www.ncbi.nlm.nih.gov/sra/?term=SRX11919621	https://sra-downloadb.be-md.ncbi.nlm.nih.gov/sos1/sra-pub-zq-38/SRR015/15622/SRR15622492/SRR15622492.lite.1	195	
281	SRR15622493	2021-12-07 05:25:02	2021-08-26 14:11:31	29923305	7276252887	29923305	243	2466		https://sra-downloadb.be-md.ncbi.nlm.nih.gov/sos9/sra-pub-zq-924/SRR015/15622/SRR15622493/SRR15622493.lite.1	SRX11919620	CD-T3-R2-Library_S32	RNA-Seq	PCR	TRANSCRIPTOMIC	PAIRED	0	0	ILLUMINA	Illumina HiSeq 2500	SRP334252	PRJNA744419		744419	SRS9930407	SAMN20114737	simple	13443	Coffea arabica	CD-T3-R2							no					NESTLE RESEARCH	SRA1270505		public	D7365ABFE401C7E03C4B955D0F1F93DC	00F8E1C8D7FE8AB22E8DD78B9D9BC71B	https://www.ncbi.nlm.nih.gov/sra/?term=SRR15622493	https://www.ncbi.nlm.nih.gov/bioproject/PRJNA744419	https://www.ncbi.nlm.nih.gov/biosample/SAMN20114737	https://www.ncbi.nlm.nih.gov/sra/?term=SRX11919620	https://sra-downloadb.be-md.ncbi.nlm.nih.gov/sos9/sra-pub-zq-924/SRR015/15622/SRR15622493/SRR15622493.lite.1	196	
282	SRR15622494	2021-12-07 05:25:02	2021-08-26 14:19:09	26755605	6451101558	26755605	241	2175		https://sra-downloadb.be-md.ncbi.nlm.nih.gov/sos1/sra-pub-zq-38/SRR015/15622/SRR15622494/SRR15622494.lite.1	SRX11919619	LD-T0-R1-Library_S5	RNA-Seq	PCR	TRANSCRIPTOMIC	PAIRED	0	0	ILLUMINA	Illumina HiSeq 2500	SRP334252	PRJNA744419		744419	SRS9930406	SAMN20114701	simple	13443	Coffea arabica	LD-T0-R1							no					NESTLE RESEARCH	SRA1270505		public	8D7EA81B8C5F8FCA1824461A47CD7916	CD129DEFFA27E03CD2A62100405CAF41	https://www.ncbi.nlm.nih.gov/sra/?term=SRR15622494	https://www.ncbi.nlm.nih.gov/bioproject/PRJNA744419	https://www.ncbi.nlm.nih.gov/biosample/SAMN20114701	https://www.ncbi.nlm.nih.gov/sra/?term=SRX11919619	https://sra-downloadb.be-md.ncbi.nlm.nih.gov/sos1/sra-pub-zq-38/SRR015/15622/SRR15622494/SRR15622494.lite.1	197	
283	SRR15622495	2021-12-07 05:25:02	2021-08-26 14:20:44	30071177	7308130808	30071177	243	2470		https://sra-downloadb.be-md.ncbi.nlm.nih.gov/sos1/sra-pub-zq-38/SRR015/15622/SRR15622495/SRR15622495.lite.1	SRX11919618	CD-T3-R1-Library_S31	RNA-Seq	PCR	TRANSCRIPTOMIC	PAIRED	0	0	ILLUMINA	Illumina HiSeq 2500	SRP334252	PRJNA744419		744419	SRS9930405	SAMN20114736	simple	13443	Coffea arabica	CD-T3-R1							no					NESTLE RESEARCH	SRA1270505		public	41F5A888B38E40A5A42E015C315EDF4F	161030176BD72662084D6E0FB6ECBC70	https://www.ncbi.nlm.nih.gov/sra/?term=SRR15622495	https://www.ncbi.nlm.nih.gov/bioproject/PRJNA744419	https://www.ncbi.nlm.nih.gov/biosample/SAMN20114736	https://www.ncbi.nlm.nih.gov/sra/?term=SRX11919618	https://sra-downloadb.be-md.ncbi.nlm.nih.gov/sos1/sra-pub-zq-38/SRR015/15622/SRR15622495/SRR15622495.lite.1	198	
284	SRR15622496	2021-12-07 05:25:02	2021-08-26 14:11:30	28100155	6836357284	28100155	243	2328		https://sra-downloadb.be-md.ncbi.nlm.nih.gov/sos1/sra-pub-zq-38/SRR015/15622/SRR15622496/SRR15622496.lite.1	SRX11919617	CD-T1-R4-Library_S30	RNA-Seq	PCR	TRANSCRIPTOMIC	PAIRED	0	0	ILLUMINA	Illumina HiSeq 2500	SRP334252	PRJNA744419		744419	SRS9930404	SAMN20114735	simple	13443	Coffea arabica	CD-T1-R4							no					NESTLE RESEARCH	SRA1270505		public	5DAC77FC839407D8D9DC1C62C724B74A	60398BF1D8B58F2768CE2084920534E2	https://www.ncbi.nlm.nih.gov/sra/?term=SRR15622496	https://www.ncbi.nlm.nih.gov/bioproject/PRJNA744419	https://www.ncbi.nlm.nih.gov/biosample/SAMN20114735	https://www.ncbi.nlm.nih.gov/sra/?term=SRX11919617	https://sra-downloadb.be-md.ncbi.nlm.nih.gov/sos1/sra-pub-zq-38/SRR015/15622/SRR15622496/SRR15622496.lite.1	199	
285	SRR15622497	2021-12-07 05:25:02	2021-08-26 14:15:41	30580796	7421850862	30580796	242	2531		https://sra-downloadb.be-md.ncbi.nlm.nih.gov/sos4/sra-pub-zq-1/SRR015/15622/SRR15622497/SRR15622497.lite.1	SRX11919616	CD-T1-R3-Library_S29	RNA-Seq	PCR	TRANSCRIPTOMIC	PAIRED	0	0	ILLUMINA	Illumina HiSeq 2500	SRP334252	PRJNA744419		744419	SRS9930403	SAMN20114734	simple	13443	Coffea arabica	CD-T1-R3							no					NESTLE RESEARCH	SRA1270505		public	66E28FA2AB772A2B2160AAF6D7630D16	81519AFA4A142584253B600AFB9184D9	https://www.ncbi.nlm.nih.gov/sra/?term=SRR15622497	https://www.ncbi.nlm.nih.gov/bioproject/PRJNA744419	https://www.ncbi.nlm.nih.gov/biosample/SAMN20114734	https://www.ncbi.nlm.nih.gov/sra/?term=SRX11919616	https://sra-downloadb.be-md.ncbi.nlm.nih.gov/sos4/sra-pub-zq-1/SRR015/15622/SRR15622497/SRR15622497.lite.1	200	
286	SRR15622498	2021-12-07 05:25:02	2021-08-26 14:16:51	30801551	7488203387	30801551	243	2569		https://sra-downloadb.be-md.ncbi.nlm.nih.gov/sos9/sra-pub-zq-924/SRR015/15622/SRR15622498/SRR15622498.lite.1	SRX11919615	CD-T1-R2-Library_S28	RNA-Seq	PCR	TRANSCRIPTOMIC	PAIRED	0	0	ILLUMINA	Illumina HiSeq 2500	SRP334252	PRJNA744419		744419	SRS9930402	SAMN20114733	simple	13443	Coffea arabica	CD-T1-R2							no					NESTLE RESEARCH	SRA1270505		public	5F14F582FF86F6DEAF09A46305578AB4	F9B14605079B44D6FE7C2696D8FA8E08	https://www.ncbi.nlm.nih.gov/sra/?term=SRR15622498	https://www.ncbi.nlm.nih.gov/bioproject/PRJNA744419	https://www.ncbi.nlm.nih.gov/biosample/SAMN20114733	https://www.ncbi.nlm.nih.gov/sra/?term=SRX11919615	https://sra-downloadb.be-md.ncbi.nlm.nih.gov/sos9/sra-pub-zq-924/SRR015/15622/SRR15622498/SRR15622498.lite.1	201	
287	SRR15622499	2021-12-07 05:25:02	2021-08-26 14:13:54	29195402	7024217650	29195402	240	2382		https://sra-downloadb.be-md.ncbi.nlm.nih.gov/sos9/sra-pub-zq-924/SRR015/15622/SRR15622499/SRR15622499.lite.1	SRX11919614	CD-T1-R1-Library_S52	RNA-Seq	PCR	TRANSCRIPTOMIC	PAIRED	0	0	ILLUMINA	Illumina HiSeq 2500	SRP334252	PRJNA744419		744419	SRS9930401	SAMN20114732	simple	13443	Coffea arabica	CD-T1-R1							no					NESTLE RESEARCH	SRA1270505		public	9C3001A04E8474441D081243AFC78D84	D4BE0C2A3CE24B78577D9AE2572F38F7	https://www.ncbi.nlm.nih.gov/sra/?term=SRR15622499	https://www.ncbi.nlm.nih.gov/bioproject/PRJNA744419	https://www.ncbi.nlm.nih.gov/biosample/SAMN20114732	https://www.ncbi.nlm.nih.gov/sra/?term=SRX11919614	https://sra-downloadb.be-md.ncbi.nlm.nih.gov/sos9/sra-pub-zq-924/SRR015/15622/SRR15622499/SRR15622499.lite.1	202	
288	SRR15622500	2021-12-07 05:25:02	2021-08-26 14:12:25	26128711	6304274558	26128711	241	2125		https://sra-downloadb.be-md.ncbi.nlm.nih.gov/sos1/sra-pub-zq-38/SRR015/15622/SRR15622500/SRR15622500.lite.1	SRX11919613	CR-R4-Library_S50	RNA-Seq	PCR	TRANSCRIPTOMIC	PAIRED	0	0	ILLUMINA	Illumina HiSeq 2500	SRP334252	PRJNA744419		744419	SRS9930400	SAMN20114731	simple	13443	Coffea arabica	CR-R4							no					NESTLE RESEARCH	SRA1270505		public	8CDEC1529F5CEC1501A8F993918031CD	2C364CD1459A0B02F5CB4F03E3642809	https://www.ncbi.nlm.nih.gov/sra/?term=SRR15622500	https://www.ncbi.nlm.nih.gov/bioproject/PRJNA744419	https://www.ncbi.nlm.nih.gov/biosample/SAMN20114731	https://www.ncbi.nlm.nih.gov/sra/?term=SRX11919613	https://sra-downloadb.be-md.ncbi.nlm.nih.gov/sos1/sra-pub-zq-38/SRR015/15622/SRR15622500/SRR15622500.lite.1	203	
289	SRR15622501	2021-12-07 05:25:02	2021-08-26 14:11:22	29036155	6998547491	29036155	241	2379		https://sra-downloadb.be-md.ncbi.nlm.nih.gov/sos1/sra-pub-zq-38/SRR015/15622/SRR15622501/SRR15622501.lite.1	SRX11919612	CR-R3-Library_S48	RNA-Seq	PCR	TRANSCRIPTOMIC	PAIRED	0	0	ILLUMINA	Illumina HiSeq 2500	SRP334252	PRJNA744419		744419	SRS9930399	SAMN20114730	simple	13443	Coffea arabica	CR-R3							no					NESTLE RESEARCH	SRA1270505		public	F35CBBE600258708649938F18C588885	669C0281BCF11F5614288D3A5BA58F55	https://www.ncbi.nlm.nih.gov/sra/?term=SRR15622501	https://www.ncbi.nlm.nih.gov/bioproject/PRJNA744419	https://www.ncbi.nlm.nih.gov/biosample/SAMN20114730	https://www.ncbi.nlm.nih.gov/sra/?term=SRX11919612	https://sra-downloadb.be-md.ncbi.nlm.nih.gov/sos1/sra-pub-zq-38/SRR015/15622/SRR15622501/SRR15622501.lite.1	204	
290	SRR15622502	2021-12-07 05:25:02	2021-08-26 14:18:10	30040105	7226813226	30040105	240	2444		https://sra-downloadb.be-md.ncbi.nlm.nih.gov/sos8/sra-pub-zq-820/SRR015/15622/SRR15622502/SRR15622502.lite.1	SRX11919611	CR-R2-Library_S27	RNA-Seq	PCR	TRANSCRIPTOMIC	PAIRED	0	0	ILLUMINA	Illumina HiSeq 2500	SRP334252	PRJNA744419		744419	SRS9930398	SAMN20114729	simple	13443	Coffea arabica	CR-R2							no					NESTLE RESEARCH	SRA1270505		public	D451F8A332A3A51998556C0D831331A5	24DC424670063CF4EFAC3C966A3A2553	https://www.ncbi.nlm.nih.gov/sra/?term=SRR15622502	https://www.ncbi.nlm.nih.gov/bioproject/PRJNA744419	https://www.ncbi.nlm.nih.gov/biosample/SAMN20114729	https://www.ncbi.nlm.nih.gov/sra/?term=SRX11919611	https://sra-downloadb.be-md.ncbi.nlm.nih.gov/sos8/sra-pub-zq-820/SRR015/15622/SRR15622502/SRR15622502.lite.1	205	
291	SRR15622503	2021-12-07 05:25:02	2021-08-26 14:14:43	28534517	6896179730	28534517	241	2328		https://sra-downloadb.be-md.ncbi.nlm.nih.gov/sos9/sra-pub-zq-924/SRR015/15622/SRR15622503/SRR15622503.lite.1	SRX11919610	CR-R1-Library_S26	RNA-Seq	PCR	TRANSCRIPTOMIC	PAIRED	0	0	ILLUMINA	Illumina HiSeq 2500	SRP334252	PRJNA744419		744419	SRS9930397	SAMN20114728	simple	13443	Coffea arabica	CR-R1							no					NESTLE RESEARCH	SRA1270505		public	17B761CA76C18E1DBEAFE74EE150CD00	0AEDE30E8978F2BB054BCEA562045360	https://www.ncbi.nlm.nih.gov/sra/?term=SRR15622503	https://www.ncbi.nlm.nih.gov/bioproject/PRJNA744419	https://www.ncbi.nlm.nih.gov/biosample/SAMN20114728	https://www.ncbi.nlm.nih.gov/sra/?term=SRX11919610	https://sra-downloadb.be-md.ncbi.nlm.nih.gov/sos9/sra-pub-zq-924/SRR015/15622/SRR15622503/SRR15622503.lite.1	206	
292	SRR15622504	2021-12-07 05:25:02	2021-08-26 14:20:16	26558692	6419298365	26558692	241	2154		https://sra-downloadb.be-md.ncbi.nlm.nih.gov/sos9/sra-pub-zq-924/SRR015/15622/SRR15622504/SRR15622504.lite.1	SRX11919609	CS-R4-Library_S25	RNA-Seq	PCR	TRANSCRIPTOMIC	PAIRED	0	0	ILLUMINA	Illumina HiSeq 2500	SRP334252	PRJNA744419		744419	SRS9930396	SAMN20114727	simple	13443	Coffea arabica	CS-R4							no					NESTLE RESEARCH	SRA1270505		public	BF15200A28CB79159EBDD6434BC16F71	813409160AF152B2258667900BDC8081	https://www.ncbi.nlm.nih.gov/sra/?term=SRR15622504	https://www.ncbi.nlm.nih.gov/bioproject/PRJNA744419	https://www.ncbi.nlm.nih.gov/biosample/SAMN20114727	https://www.ncbi.nlm.nih.gov/sra/?term=SRX11919609	https://sra-downloadb.be-md.ncbi.nlm.nih.gov/sos9/sra-pub-zq-924/SRR015/15622/SRR15622504/SRR15622504.lite.1	207	
293	SRR15622505	2021-12-07 05:25:02	2021-08-26 14:17:59	28619979	6917429859	28619979	241	2332		https://sra-downloadb.be-md.ncbi.nlm.nih.gov/sos1/sra-pub-zq-38/SRR015/15622/SRR15622505/SRR15622505.lite.1	SRX11919608	L-T0-R4-Library_S4	RNA-Seq	PCR	TRANSCRIPTOMIC	PAIRED	0	0	ILLUMINA	Illumina HiSeq 2500	SRP334252	PRJNA744419		744419	SRS9930395	SAMN20114700	simple	13443	Coffea arabica	L-T0-R4							no					NESTLE RESEARCH	SRA1270505		public	BD02F1380D5BF712C4AC6C0D7AAD5149	0F54EE40C5CBA8F79854B9434BBC6B8B	https://www.ncbi.nlm.nih.gov/sra/?term=SRR15622505	https://www.ncbi.nlm.nih.gov/bioproject/PRJNA744419	https://www.ncbi.nlm.nih.gov/biosample/SAMN20114700	https://www.ncbi.nlm.nih.gov/sra/?term=SRX11919608	https://sra-downloadb.be-md.ncbi.nlm.nih.gov/sos1/sra-pub-zq-38/SRR015/15622/SRR15622505/SRR15622505.lite.1	208	
294	SRR15622506	2021-12-07 05:25:02	2021-08-26 14:15:52	30148353	7329097977	30148353	243	2455		https://sra-downloadb.be-md.ncbi.nlm.nih.gov/sos9/sra-pub-zq-924/SRR015/15622/SRR15622506/SRR15622506.lite.1	SRX11919607	CS-R3-Library_S24	RNA-Seq	PCR	TRANSCRIPTOMIC	PAIRED	0	0	ILLUMINA	Illumina HiSeq 2500	SRP334252	PRJNA744419		744419	SRS9930394	SAMN20114726	simple	13443	Coffea arabica	CS-R3							no					NESTLE RESEARCH	SRA1270505		public	EE222C9268183DE7818FBA382630FDC4	025AEDC390954815A9486BD0D60EBE54	https://www.ncbi.nlm.nih.gov/sra/?term=SRR15622506	https://www.ncbi.nlm.nih.gov/bioproject/PRJNA744419	https://www.ncbi.nlm.nih.gov/biosample/SAMN20114726	https://www.ncbi.nlm.nih.gov/sra/?term=SRX11919607	https://sra-downloadb.be-md.ncbi.nlm.nih.gov/sos9/sra-pub-zq-924/SRR015/15622/SRR15622506/SRR15622506.lite.1	209	
295	SRR15622507	2021-12-07 05:25:02	2021-08-26 14:15:13	32465013	7940432285	32465013	244	2654		https://sra-downloadb.be-md.ncbi.nlm.nih.gov/sos9/sra-pub-zq-924/SRR015/15622/SRR15622507/SRR15622507.lite.1	SRX11919606	CS-R2-Library_S23	RNA-Seq	PCR	TRANSCRIPTOMIC	PAIRED	0	0	ILLUMINA	Illumina HiSeq 2500	SRP334252	PRJNA744419		744419	SRS9930393	SAMN20114725	simple	13443	Coffea arabica	CS-R2							no					NESTLE RESEARCH	SRA1270505		public	6B7AEA5A5EFFB9198947DE1741B01EC3	44BA085D2C4318DDBC28B7A27916C58A	https://www.ncbi.nlm.nih.gov/sra/?term=SRR15622507	https://www.ncbi.nlm.nih.gov/bioproject/PRJNA744419	https://www.ncbi.nlm.nih.gov/biosample/SAMN20114725	https://www.ncbi.nlm.nih.gov/sra/?term=SRX11919606	https://sra-downloadb.be-md.ncbi.nlm.nih.gov/sos9/sra-pub-zq-924/SRR015/15622/SRR15622507/SRR15622507.lite.1	210	
296	SRR15622508	2021-12-07 05:25:02	2021-08-26 14:22:51	34424304	8350826549	34424304	242	2793		https://sra-downloadb.be-md.ncbi.nlm.nih.gov/sos9/sra-pub-zq-924/SRR015/15622/SRR15622508/SRR15622508.lite.1	SRX11919605	CS-R1-Library_S22	RNA-Seq	PCR	TRANSCRIPTOMIC	PAIRED	0	0	ILLUMINA	Illumina HiSeq 2500	SRP334252	PRJNA744419		744419	SRS9930392	SAMN20114724	simple	13443	Coffea arabica	CS-R1							no					NESTLE RESEARCH	SRA1270505		public	54466A4DF3760227642DE5612189BEC1	1F328EB4C935802F9970E6FD329E420B	https://www.ncbi.nlm.nih.gov/sra/?term=SRR15622508	https://www.ncbi.nlm.nih.gov/bioproject/PRJNA744419	https://www.ncbi.nlm.nih.gov/biosample/SAMN20114724	https://www.ncbi.nlm.nih.gov/sra/?term=SRX11919605	https://sra-downloadb.be-md.ncbi.nlm.nih.gov/sos9/sra-pub-zq-924/SRR015/15622/SRR15622508/SRR15622508.lite.1	211	
297	SRR15622509	2021-12-07 05:25:02	2021-08-26 14:12:59	29715043	7245006532	29715043	243	2441		https://sra-downloadb.be-md.ncbi.nlm.nih.gov/sos8/sra-pub-zq-820/SRR015/15622/SRR15622509/SRR15622509.lite.1	SRX11919604	CE-R4-Library_S21	RNA-Seq	PCR	TRANSCRIPTOMIC	PAIRED	0	0	ILLUMINA	Illumina HiSeq 2500	SRP334252	PRJNA744419		744419	SRS9930391	SAMN20114723	simple	13443	Coffea arabica	CE-R4							no					NESTLE RESEARCH	SRA1270505		public	139FBDF89E0E8D77A9F137C2FDB6A099	CA886290170CCAE890ACD30AD913A48B	https://www.ncbi.nlm.nih.gov/sra/?term=SRR15622509	https://www.ncbi.nlm.nih.gov/bioproject/PRJNA744419	https://www.ncbi.nlm.nih.gov/biosample/SAMN20114723	https://www.ncbi.nlm.nih.gov/sra/?term=SRX11919604	https://sra-downloadb.be-md.ncbi.nlm.nih.gov/sos8/sra-pub-zq-820/SRR015/15622/SRR15622509/SRR15622509.lite.1	212	
298	SRR15622510	2021-12-07 05:25:02	2021-08-26 14:24:02	33924473	8292222327	33924473	244	2800		https://sra-downloadb.be-md.ncbi.nlm.nih.gov/sos9/sra-pub-zq-924/SRR015/15622/SRR15622510/SRR15622510.lite.1	SRX11919603	CE-R3-Library_S20	RNA-Seq	PCR	TRANSCRIPTOMIC	PAIRED	0	0	ILLUMINA	Illumina HiSeq 2500	SRP334252	PRJNA744419		744419	SRS9930390	SAMN20114722	simple	13443	Coffea arabica	CE-R3							no					NESTLE RESEARCH	SRA1270505		public	A20A946A6D2848641C58EC35B5137E43	F1E47CBABAFB9632AEE30321051D157D	https://www.ncbi.nlm.nih.gov/sra/?term=SRR15622510	https://www.ncbi.nlm.nih.gov/bioproject/PRJNA744419	https://www.ncbi.nlm.nih.gov/biosample/SAMN20114722	https://www.ncbi.nlm.nih.gov/sra/?term=SRX11919603	https://sra-downloadb.be-md.ncbi.nlm.nih.gov/sos9/sra-pub-zq-924/SRR015/15622/SRR15622510/SRR15622510.lite.1	213	
299	SRR15622511	2021-12-07 05:25:02	2021-08-26 14:14:58	29998299	7322397904	29998299	244	2468		https://sra-downloadb.be-md.ncbi.nlm.nih.gov/sos9/sra-pub-zq-924/SRR015/15622/SRR15622511/SRR15622511.lite.1	SRX11919602	CE-R2-Library_S19	RNA-Seq	PCR	TRANSCRIPTOMIC	PAIRED	0	0	ILLUMINA	Illumina HiSeq 2500	SRP334252	PRJNA744419		744419	SRS9930389	SAMN20114721	simple	13443	Coffea arabica	CE-R2							no					NESTLE RESEARCH	SRA1270505		public	063E5D0F9B7562C595C28D6ACA34DB14	D4C5CDB77137985093CECBDAF0B7656F	https://www.ncbi.nlm.nih.gov/sra/?term=SRR15622511	https://www.ncbi.nlm.nih.gov/bioproject/PRJNA744419	https://www.ncbi.nlm.nih.gov/biosample/SAMN20114721	https://www.ncbi.nlm.nih.gov/sra/?term=SRX11919602	https://sra-downloadb.be-md.ncbi.nlm.nih.gov/sos9/sra-pub-zq-924/SRR015/15622/SRR15622511/SRR15622511.lite.1	214	
300	SRR15622512	2021-12-07 05:25:02	2021-08-26 14:26:18	26926979	6500732722	26926979	241	2210		https://sra-downloadb.be-md.ncbi.nlm.nih.gov/sos9/sra-pub-zq-922/SRR015/15622/SRR15622512/SRR15622512.lite.1	SRX11919601	CE-R1-Library_S59	RNA-Seq	PCR	TRANSCRIPTOMIC	PAIRED	0	0	ILLUMINA	Illumina HiSeq 2500	SRP334252	PRJNA744419		744419	SRS9930388	SAMN20114720	simple	13443	Coffea arabica	CE-R1							no					NESTLE RESEARCH	SRA1270505		public	11E26957D3DE97B853D3ED7B570B1FDE	E1BDD0158484C2BE129C836BF0915755	https://www.ncbi.nlm.nih.gov/sra/?term=SRR15622512	https://www.ncbi.nlm.nih.gov/bioproject/PRJNA744419	https://www.ncbi.nlm.nih.gov/biosample/SAMN20114720	https://www.ncbi.nlm.nih.gov/sra/?term=SRX11919601	https://sra-downloadb.be-md.ncbi.nlm.nih.gov/sos9/sra-pub-zq-922/SRR015/15622/SRR15622512/SRR15622512.lite.1	215	
301	SRR15622513	2021-12-07 05:25:02	2021-08-26 14:17:19	27153749	6515832745	27153749	239	2216		https://sra-downloadb.be-md.ncbi.nlm.nih.gov/sos9/sra-pub-zq-924/SRR015/15622/SRR15622513/SRR15622513.lite.1	SRX11919600	LD-T10-R3-Library_S56	RNA-Seq	PCR	TRANSCRIPTOMIC	PAIRED	0	0	ILLUMINA	Illumina HiSeq 2500	SRP334252	PRJNA744419		744419	SRS9930387	SAMN20114719	simple	13443	Coffea arabica	LD-T10-R3							no					NESTLE RESEARCH	SRA1270505		public	05208C685F0EDAE426FB84431AB3B730	A3BA25DC58E026E9140B14A8A6AEB77F	https://www.ncbi.nlm.nih.gov/sra/?term=SRR15622513	https://www.ncbi.nlm.nih.gov/bioproject/PRJNA744419	https://www.ncbi.nlm.nih.gov/biosample/SAMN20114719	https://www.ncbi.nlm.nih.gov/sra/?term=SRX11919600	https://sra-downloadb.be-md.ncbi.nlm.nih.gov/sos9/sra-pub-zq-924/SRR015/15622/SRR15622513/SRR15622513.lite.1	216	
302	SRR15622514	2021-12-07 05:25:02	2021-08-26 14:14:51	29928093	7210858225	29928093	240	2462		https://sra-downloadb.be-md.ncbi.nlm.nih.gov/sos1/sra-pub-zq-38/SRR015/15622/SRR15622514/SRR15622514.lite.1	SRX11919599	LD-T10-R2-Library_S53	RNA-Seq	PCR	TRANSCRIPTOMIC	PAIRED	0	0	ILLUMINA	Illumina HiSeq 2500	SRP334252	PRJNA744419		744419	SRS9930386	SAMN20114718	simple	13443	Coffea arabica	LD-T10-R2							no					NESTLE RESEARCH	SRA1270505		public	C7D61E0F6BA511A712091B4CDA6DD437	FD055D5D14B151F6020CCBA888FB4C20	https://www.ncbi.nlm.nih.gov/sra/?term=SRR15622514	https://www.ncbi.nlm.nih.gov/bioproject/PRJNA744419	https://www.ncbi.nlm.nih.gov/biosample/SAMN20114718	https://www.ncbi.nlm.nih.gov/sra/?term=SRX11919599	https://sra-downloadb.be-md.ncbi.nlm.nih.gov/sos1/sra-pub-zq-38/SRR015/15622/SRR15622514/SRR15622514.lite.1	217	
303	SRR15622515	2021-12-07 05:25:02	2021-08-26 14:28:25	27590545	6603512684	27590545	239	2288		https://sra-downloadb.be-md.ncbi.nlm.nih.gov/sos1/sra-pub-zq-38/SRR015/15622/SRR15622515/SRR15622515.lite.1	SRX11919598	LD-T10-R1-Library_S18	RNA-Seq	PCR	TRANSCRIPTOMIC	PAIRED	0	0	ILLUMINA	Illumina HiSeq 2500	SRP334252	PRJNA744419		744419	SRS9930385	SAMN20114717	simple	13443	Coffea arabica	LD-T10-R1							no					NESTLE RESEARCH	SRA1270505		public	2764747F90BDDF435D00294E0D12558E	08AF1A65CC591B8EFFCF72F8A2270BA0	https://www.ncbi.nlm.nih.gov/sra/?term=SRR15622515	https://www.ncbi.nlm.nih.gov/bioproject/PRJNA744419	https://www.ncbi.nlm.nih.gov/biosample/SAMN20114717	https://www.ncbi.nlm.nih.gov/sra/?term=SRX11919598	https://sra-downloadb.be-md.ncbi.nlm.nih.gov/sos1/sra-pub-zq-38/SRR015/15622/SRR15622515/SRR15622515.lite.1	218	
304	SRR15622516	2021-12-07 05:25:02	2021-08-26 14:18:33	26289431	6346609966	26289431	241	2148		https://sra-downloadb.be-md.ncbi.nlm.nih.gov/sos1/sra-pub-zq-38/SRR015/15622/SRR15622516/SRR15622516.lite.1	SRX11919597	L-T0-R3-Library_S3	RNA-Seq	PCR	TRANSCRIPTOMIC	PAIRED	0	0	ILLUMINA	Illumina HiSeq 2500	SRP334252	PRJNA744419		744419	SRS9930384	SAMN20114699	simple	13443	Coffea arabica	L-T0-R3							no					NESTLE RESEARCH	SRA1270505		public	9471C7DF0302E5CBF60FE10E1F50BD8F	0FAEAE15B73E0E66832A4D045ABE00CD	https://www.ncbi.nlm.nih.gov/sra/?term=SRR15622516	https://www.ncbi.nlm.nih.gov/bioproject/PRJNA744419	https://www.ncbi.nlm.nih.gov/biosample/SAMN20114699	https://www.ncbi.nlm.nih.gov/sra/?term=SRX11919597	https://sra-downloadb.be-md.ncbi.nlm.nih.gov/sos1/sra-pub-zq-38/SRR015/15622/SRR15622516/SRR15622516.lite.1	219	
305	SRR15622517	2021-12-07 05:25:02	2021-08-26 14:19:47	27871349	6754796659	27871349	242	2296		https://sra-downloadb.be-md.ncbi.nlm.nih.gov/sos9/sra-pub-zq-924/SRR015/15622/SRR15622517/SRR15622517.lite.1	SRX11919596	LD-T5-R4-Library_S17	RNA-Seq	PCR	TRANSCRIPTOMIC	PAIRED	0	0	ILLUMINA	Illumina HiSeq 2500	SRP334252	PRJNA744419		744419	SRS9930383	SAMN20114716	simple	13443	Coffea arabica	LD-T5-R4							no					NESTLE RESEARCH	SRA1270505		public	138D44BD889A6C621CD3C9073997B1F7	C735F941ECE5D55BC29D50A4D1B70519	https://www.ncbi.nlm.nih.gov/sra/?term=SRR15622517	https://www.ncbi.nlm.nih.gov/bioproject/PRJNA744419	https://www.ncbi.nlm.nih.gov/biosample/SAMN20114716	https://www.ncbi.nlm.nih.gov/sra/?term=SRX11919596	https://sra-downloadb.be-md.ncbi.nlm.nih.gov/sos9/sra-pub-zq-924/SRR015/15622/SRR15622517/SRR15622517.lite.1	220	
306	SRR15622518	2021-12-07 05:25:02	2021-08-26 14:15:45	27415185	6654164010	27415185	242	2256		https://sra-downloadb.be-md.ncbi.nlm.nih.gov/sos9/sra-pub-zq-924/SRR015/15622/SRR15622518/SRR15622518.lite.1	SRX11919595	LD-T5-R3-Library_S16	RNA-Seq	PCR	TRANSCRIPTOMIC	PAIRED	0	0	ILLUMINA	Illumina HiSeq 2500	SRP334252	PRJNA744419		744419	SRS9930382	SAMN20114715	simple	13443	Coffea arabica	LD-T5-R3							no					NESTLE RESEARCH	SRA1270505		public	B0D0C3CE43EA61F59B166CE3D747B151	69168E50B28E4F04A2A28065AE2CD87A	https://www.ncbi.nlm.nih.gov/sra/?term=SRR15622518	https://www.ncbi.nlm.nih.gov/bioproject/PRJNA744419	https://www.ncbi.nlm.nih.gov/biosample/SAMN20114715	https://www.ncbi.nlm.nih.gov/sra/?term=SRX11919595	https://sra-downloadb.be-md.ncbi.nlm.nih.gov/sos9/sra-pub-zq-924/SRR015/15622/SRR15622518/SRR15622518.lite.1	221	
307	SRR15622519	2021-12-07 05:25:02	2021-08-26 14:21:01	29298686	7097360828	29298686	242	2404		https://sra-downloadb.be-md.ncbi.nlm.nih.gov/sos9/sra-pub-zq-922/SRR015/15622/SRR15622519/SRR15622519.lite.1	SRX11919594	LD-T5-R2-Library_S15	RNA-Seq	PCR	TRANSCRIPTOMIC	PAIRED	0	0	ILLUMINA	Illumina HiSeq 2500	SRP334252	PRJNA744419		744419	SRS9930381	SAMN20114714	simple	13443	Coffea arabica	LD-T5-R2							no					NESTLE RESEARCH	SRA1270505		public	3A59A3FDD18FB4378982B814ECE29837	AC3300BDF9F6A04717CE8206D50D7A79	https://www.ncbi.nlm.nih.gov/sra/?term=SRR15622519	https://www.ncbi.nlm.nih.gov/bioproject/PRJNA744419	https://www.ncbi.nlm.nih.gov/biosample/SAMN20114714	https://www.ncbi.nlm.nih.gov/sra/?term=SRX11919594	https://sra-downloadb.be-md.ncbi.nlm.nih.gov/sos9/sra-pub-zq-922/SRR015/15622/SRR15622519/SRR15622519.lite.1	222	
308	SRR15622520	2021-12-07 05:25:02	2021-08-26 14:20:45	28826735	6985889794	28826735	242	2378		https://sra-downloadb.be-md.ncbi.nlm.nih.gov/sos9/sra-pub-zq-922/SRR015/15622/SRR15622520/SRR15622520.lite.1	SRX11919593	LD-T5-R1-Library_S14	RNA-Seq	PCR	TRANSCRIPTOMIC	PAIRED	0	0	ILLUMINA	Illumina HiSeq 2500	SRP334252	PRJNA744419		744419	SRS9930380	SAMN20114713	simple	13443	Coffea arabica	LD-T5-R1							no					NESTLE RESEARCH	SRA1270505		public	078C8F6747AB80264A73074FCE6F28FB	D432B94529899A925EAD44935C48454E	https://www.ncbi.nlm.nih.gov/sra/?term=SRR15622520	https://www.ncbi.nlm.nih.gov/bioproject/PRJNA744419	https://www.ncbi.nlm.nih.gov/biosample/SAMN20114713	https://www.ncbi.nlm.nih.gov/sra/?term=SRX11919593	https://sra-downloadb.be-md.ncbi.nlm.nih.gov/sos9/sra-pub-zq-922/SRR015/15622/SRR15622520/SRR15622520.lite.1	223	
309	SRR15622521	2021-12-07 05:25:02	2021-08-26 14:20:23	32541633	7901442303	32541633	242	2662		https://sra-downloadb.be-md.ncbi.nlm.nih.gov/sos1/sra-pub-zq-38/SRR015/15622/SRR15622521/SRR15622521.lite.1	SRX11919592	LD-T2-R4-Library_S13	RNA-Seq	PCR	TRANSCRIPTOMIC	PAIRED	0	0	ILLUMINA	Illumina HiSeq 2500	SRP334252	PRJNA744419		744419	SRS9930379	SAMN20114712	simple	13443	Coffea arabica	LD-T2-R4							no					NESTLE RESEARCH	SRA1270505		public	EFE935F53BC8CA74E1E32C25C93F6050	E8973CB23A0C17D7B23AE3994B1C76C6	https://www.ncbi.nlm.nih.gov/sra/?term=SRR15622521	https://www.ncbi.nlm.nih.gov/bioproject/PRJNA744419	https://www.ncbi.nlm.nih.gov/biosample/SAMN20114712	https://www.ncbi.nlm.nih.gov/sra/?term=SRX11919592	https://sra-downloadb.be-md.ncbi.nlm.nih.gov/sos1/sra-pub-zq-38/SRR015/15622/SRR15622521/SRR15622521.lite.1	224	
310	SRR15622522	2021-12-07 05:25:02	2021-08-26 14:20:41	27985700	6787410981	27985700	242	2325		https://sra-downloadb.be-md.ncbi.nlm.nih.gov/sos9/sra-pub-zq-924/SRR015/15622/SRR15622522/SRR15622522.lite.1	SRX11919591	LD-T2-R3-Library_S12	RNA-Seq	PCR	TRANSCRIPTOMIC	PAIRED	0	0	ILLUMINA	Illumina HiSeq 2500	SRP334252	PRJNA744419		744419	SRS9930377	SAMN20114711	simple	13443	Coffea arabica	LD-T2-R3							no					NESTLE RESEARCH	SRA1270505		public	CE8528F9546C0A904D54BD8BC7E34530	9BF0459745515FB275DC628CFCD88580	https://www.ncbi.nlm.nih.gov/sra/?term=SRR15622522	https://www.ncbi.nlm.nih.gov/bioproject/PRJNA744419	https://www.ncbi.nlm.nih.gov/biosample/SAMN20114711	https://www.ncbi.nlm.nih.gov/sra/?term=SRX11919591	https://sra-downloadb.be-md.ncbi.nlm.nih.gov/sos9/sra-pub-zq-924/SRR015/15622/SRR15622522/SRR15622522.lite.1	225	
311	SRR15622523	2021-12-07 05:25:02	2021-08-26 14:19:01	27800904	6734299612	27800904	242	2315		https://sra-downloadb.be-md.ncbi.nlm.nih.gov/sos8/sra-pub-zq-820/SRR015/15622/SRR15622523/SRR15622523.lite.1	SRX11919590	LD-T2-R2-Library_S11	RNA-Seq	PCR	TRANSCRIPTOMIC	PAIRED	0	0	ILLUMINA	Illumina HiSeq 2500	SRP334252	PRJNA744419		744419	SRS9930378	SAMN20114710	simple	13443	Coffea arabica	LD-T2-R2							no					NESTLE RESEARCH	SRA1270505		public	6DC9AA69609F04A6F7FFE5D123D47FE0	6D4B979FFF18C8F9CDE71EF0AEB29E57	https://www.ncbi.nlm.nih.gov/sra/?term=SRR15622523	https://www.ncbi.nlm.nih.gov/bioproject/PRJNA744419	https://www.ncbi.nlm.nih.gov/biosample/SAMN20114710	https://www.ncbi.nlm.nih.gov/sra/?term=SRX11919590	https://sra-downloadb.be-md.ncbi.nlm.nih.gov/sos8/sra-pub-zq-820/SRR015/15622/SRR15622523/SRR15622523.lite.1	226	
312	SRR15622524	2021-12-07 05:25:02	2021-08-26 14:23:15	27070450	6611642891	27070450	244	2250		https://sra-downloadb.be-md.ncbi.nlm.nih.gov/sos9/sra-pub-zq-922/SRR015/15622/SRR15622524/SRR15622524.lite.1	SRX11919589	LD-T2-R1-Library_S10	RNA-Seq	PCR	TRANSCRIPTOMIC	PAIRED	0	0	ILLUMINA	Illumina HiSeq 2500	SRP334252	PRJNA744419		744419	SRS9930376	SAMN20114709	simple	13443	Coffea arabica	LD-T2-R1							no					NESTLE RESEARCH	SRA1270505		public	25A761C8892F3D9F09CC4A4A8E43AB60	6674FD8797151722B9F62139A523CD35	https://www.ncbi.nlm.nih.gov/sra/?term=SRR15622524	https://www.ncbi.nlm.nih.gov/bioproject/PRJNA744419	https://www.ncbi.nlm.nih.gov/biosample/SAMN20114709	https://www.ncbi.nlm.nih.gov/sra/?term=SRX11919589	https://sra-downloadb.be-md.ncbi.nlm.nih.gov/sos9/sra-pub-zq-922/SRR015/15622/SRR15622524/SRR15622524.lite.1	227	
313	SRR15622525	2021-12-07 05:25:02	2021-08-26 14:14:25	19830648	4762897681	19830648	240	1608		https://sra-downloadb.be-md.ncbi.nlm.nih.gov/sos4/sra-pub-zq-1/SRR015/15622/SRR15622525/SRR15622525.lite.1	SRX11919588	LD-T1-R4-Library_S51	RNA-Seq	PCR	TRANSCRIPTOMIC	PAIRED	0	0	ILLUMINA	Illumina HiSeq 2500	SRP334252	PRJNA744419		744419	SRS9930375	SAMN20114708	simple	13443	Coffea arabica	LD-T1-R4							no					NESTLE RESEARCH	SRA1270505		public	6BB581F23E3D2ED7ECBE12B4D3220B4D	D9FACAA0602A3123130AB64C3A03DCA3	https://www.ncbi.nlm.nih.gov/sra/?term=SRR15622525	https://www.ncbi.nlm.nih.gov/bioproject/PRJNA744419	https://www.ncbi.nlm.nih.gov/biosample/SAMN20114708	https://www.ncbi.nlm.nih.gov/sra/?term=SRX11919588	https://sra-downloadb.be-md.ncbi.nlm.nih.gov/sos4/sra-pub-zq-1/SRR015/15622/SRR15622525/SRR15622525.lite.1	228	
314	SRR15622526	2021-12-07 05:25:02	2021-08-26 14:39:55	29362567	7114297886	29362567	242	2390		https://sra-downloadb.be-md.ncbi.nlm.nih.gov/sos8/sra-pub-zq-820/SRR015/15622/SRR15622526/SRR15622526.lite.1	SRX11919587	LD-T1-R3-Library_S49	RNA-Seq	PCR	TRANSCRIPTOMIC	PAIRED	0	0	ILLUMINA	Illumina HiSeq 2500	SRP334252	PRJNA744419		744419	SRS9930373	SAMN20114707	simple	13443	Coffea arabica	LD-T1-R3							no					NESTLE RESEARCH	SRA1270505		public	D39367550CCDC9A5FBEF62BB5DFB2405	EA4CA4F883B32B496C032B8FBD43AA2C	https://www.ncbi.nlm.nih.gov/sra/?term=SRR15622526	https://www.ncbi.nlm.nih.gov/bioproject/PRJNA744419	https://www.ncbi.nlm.nih.gov/biosample/SAMN20114707	https://www.ncbi.nlm.nih.gov/sra/?term=SRX11919587	https://sra-downloadb.be-md.ncbi.nlm.nih.gov/sos8/sra-pub-zq-820/SRR015/15622/SRR15622526/SRR15622526.lite.1	229	
315	SRR15622527	2021-12-07 05:25:02	2021-08-26 14:19:41	30055610	7299577290	30055610	242	2470		https://sra-downloadb.be-md.ncbi.nlm.nih.gov/sos9/sra-pub-zq-924/SRR015/15622/SRR15622527/SRR15622527.lite.1	SRX11919586	L-T0-R2-Library_S2	RNA-Seq	PCR	TRANSCRIPTOMIC	PAIRED	0	0	ILLUMINA	Illumina HiSeq 2500	SRP334252	PRJNA744419		744419	SRS9930374	SAMN20114698	simple	13443	Coffea arabica	L-T0-R2							no					NESTLE RESEARCH	SRA1270505		public	241BC5E09AF5DDB451086A28D6B07206	B2B0495CE7D54DDA4960033A70EE08F4	https://www.ncbi.nlm.nih.gov/sra/?term=SRR15622527	https://www.ncbi.nlm.nih.gov/bioproject/PRJNA744419	https://www.ncbi.nlm.nih.gov/biosample/SAMN20114698	https://www.ncbi.nlm.nih.gov/sra/?term=SRX11919586	https://sra-downloadb.be-md.ncbi.nlm.nih.gov/sos9/sra-pub-zq-924/SRR015/15622/SRR15622527/SRR15622527.lite.1	230	
316	SRR15622528	2021-12-07 05:25:02	2021-08-26 14:25:06	31569681	7706495061	31569681	244	2605		https://sra-downloadb.be-md.ncbi.nlm.nih.gov/sos8/sra-pub-zq-820/SRR015/15622/SRR15622528/SRR15622528.lite.1	SRX11919585	L-T0-R1-Library_S1	RNA-Seq	PCR	TRANSCRIPTOMIC	PAIRED	0	0	ILLUMINA	Illumina HiSeq 2500	SRP334252	PRJNA744419		744419	SRS9930372	SAMN20114697	simple	13443	Coffea arabica	L-T0-R1							no					NESTLE RESEARCH	SRA1270505		public	FBFDF14ABC13AA954BF5D4EB3A8FAA75	481352CFC8DC56510E437E6D2B650579	https://www.ncbi.nlm.nih.gov/sra/?term=SRR15622528	https://www.ncbi.nlm.nih.gov/bioproject/PRJNA744419	https://www.ncbi.nlm.nih.gov/biosample/SAMN20114697	https://www.ncbi.nlm.nih.gov/sra/?term=SRX11919585	https://sra-downloadb.be-md.ncbi.nlm.nih.gov/sos8/sra-pub-zq-820/SRR015/15622/SRR15622528/SRR15622528.lite.1	231	
317	SRR15694589	2021-12-07 05:25:02	2021-09-02 04:39:48	21129410	4996852125	21129410	236	1727		https://sra-downloadb.be-md.ncbi.nlm.nih.gov/sos1/sra-pub-zq-38/SRR015/15694/SRR15694589/SRR15694589.lite.1	SRX11990607	LD-T0-R4-Library_S8	RNA-Seq	PCR	TRANSCRIPTOMIC	PAIRED	0	0	ILLUMINA	Illumina HiSeq 2500	SRP334252	PRJNA744419		744419	SRS9930420	SAMN20114704	simple	13443	Coffea arabica	LD-T0-R4							no					NESTLE RESEARCH	SRA1287842		public	1942C60DB5004C87C9AB87804DCC67D0	46E4C45AF2E6C30B75417FE5857BFF41	https://www.ncbi.nlm.nih.gov/sra/?term=SRR15694589	https://www.ncbi.nlm.nih.gov/bioproject/PRJNA744419	https://www.ncbi.nlm.nih.gov/biosample/SAMN20114704	https://www.ncbi.nlm.nih.gov/sra/?term=SRX11990607	https://sra-downloadb.be-md.ncbi.nlm.nih.gov/sos1/sra-pub-zq-38/SRR015/15694/SRR15694589/SRR15694589.lite.1	241	
318	SRR15694590	2021-12-07 05:25:02	2021-09-02 04:43:32	26042365	6228828446	26042365	239	2134		https://sra-downloadb.be-md.ncbi.nlm.nih.gov/sos8/sra-pub-zq-820/SRR015/15694/SRR15694590/SRR15694590.lite.1	SRX11990606	LD-T0-R3-Library_S7	RNA-Seq	PCR	TRANSCRIPTOMIC	PAIRED	0	0	ILLUMINA	Illumina HiSeq 2500	SRP334252	PRJNA744419		744419	SRS9930419	SAMN20114703	simple	13443	Coffea arabica	LD-T0-R3							no					NESTLE RESEARCH	SRA1287842		public	A8A892BE972FBCC4D4C206F0E1307F8E	5E21A61AC10CFEB5797D2FE59B219342	https://www.ncbi.nlm.nih.gov/sra/?term=SRR15694590	https://www.ncbi.nlm.nih.gov/bioproject/PRJNA744419	https://www.ncbi.nlm.nih.gov/biosample/SAMN20114703	https://www.ncbi.nlm.nih.gov/sra/?term=SRX11990606	https://sra-downloadb.be-md.ncbi.nlm.nih.gov/sos8/sra-pub-zq-820/SRR015/15694/SRR15694590/SRR15694590.lite.1	242	
319	SRR15694591	2021-12-07 05:25:02	2021-09-02 04:41:42	23250990	5627356588	23250990	242	1963		https://sra-downloadb.be-md.ncbi.nlm.nih.gov/sos8/sra-pub-zq-820/SRR015/15694/SRR15694591/SRR15694591.lite.1	SRX11990605	G-R4-Library_S39	RNA-Seq	PCR	TRANSCRIPTOMIC	PAIRED	0	0	ILLUMINA	Illumina HiSeq 2500	SRP334252	PRJNA744419		744419	SRS9930418	SAMN20114747	simple	13443	Coffea arabica	G-R4							no					NESTLE RESEARCH	SRA1287842		public	51CAC563F1DA8A9EB0F5CAA8669E12A1	613B4090B94DAB68F39D078426E361DB	https://www.ncbi.nlm.nih.gov/sra/?term=SRR15694591	https://www.ncbi.nlm.nih.gov/bioproject/PRJNA744419	https://www.ncbi.nlm.nih.gov/biosample/SAMN20114747	https://www.ncbi.nlm.nih.gov/sra/?term=SRX11990605	https://sra-downloadb.be-md.ncbi.nlm.nih.gov/sos8/sra-pub-zq-820/SRR015/15694/SRR15694591/SRR15694591.lite.1	243	
320	SRR15694592	2021-12-07 05:25:02	2021-09-02 04:44:17	30135951	7326997902	30135951	243	2500		https://sra-downloadb.be-md.ncbi.nlm.nih.gov/sos8/sra-pub-zq-820/SRR015/15694/SRR15694592/SRR15694592.lite.1	SRX11990604	LD-T0-R2-Library_S6	RNA-Seq	PCR	TRANSCRIPTOMIC	PAIRED	0	0	ILLUMINA	Illumina HiSeq 2500	SRP334252	PRJNA744419		744419	SRS9930417	SAMN20114702	simple	13443	Coffea arabica	LD-T0-R2							no					NESTLE RESEARCH	SRA1287842		public	0A9738EC5C01EB71C6A0FB806A65ECED	E08CA291DDB5BDFF8735CF37019F49F9	https://www.ncbi.nlm.nih.gov/sra/?term=SRR15694592	https://www.ncbi.nlm.nih.gov/bioproject/PRJNA744419	https://www.ncbi.nlm.nih.gov/biosample/SAMN20114702	https://www.ncbi.nlm.nih.gov/sra/?term=SRX11990604	https://sra-downloadb.be-md.ncbi.nlm.nih.gov/sos8/sra-pub-zq-820/SRR015/15694/SRR15694592/SRR15694592.lite.1	244	
321	SRR15694593	2021-12-07 05:25:02	2021-09-02 04:42:59	29329922	7094745829	29329922	241	2469		https://sra-downloadb.be-md.ncbi.nlm.nih.gov/sos8/sra-pub-zq-818/SRR015/15694/SRR15694593/SRR15694593.lite.1	SRX11990603	G-R3-Library_S38	RNA-Seq	PCR	TRANSCRIPTOMIC	PAIRED	0	0	ILLUMINA	Illumina HiSeq 2500	SRP334252	PRJNA744419		744419	SRS9930416	SAMN20114746	simple	13443	Coffea arabica	G-R3							no					NESTLE RESEARCH	SRA1287842		public	97DFE73C4A73BC233EECD5E10ED29805	8C52B5EFBA2DDB09C51C6F5BC908C484	https://www.ncbi.nlm.nih.gov/sra/?term=SRR15694593	https://www.ncbi.nlm.nih.gov/bioproject/PRJNA744419	https://www.ncbi.nlm.nih.gov/biosample/SAMN20114746	https://www.ncbi.nlm.nih.gov/sra/?term=SRX11990603	https://sra-downloadb.be-md.ncbi.nlm.nih.gov/sos8/sra-pub-zq-818/SRR015/15694/SRR15694593/SRR15694593.lite.1	245	
322	SRR15694594	2021-12-07 05:25:02	2021-09-02 04:43:21	27030677	6561615437	27030677	242	2288		https://sra-downloadb.be-md.ncbi.nlm.nih.gov/sos8/sra-pub-zq-820/SRR015/15694/SRR15694594/SRR15694594.lite.1	SRX11990602	G-R2-Library_S37	RNA-Seq	PCR	TRANSCRIPTOMIC	PAIRED	0	0	ILLUMINA	Illumina HiSeq 2500	SRP334252	PRJNA744419		744419	SRS9930415	SAMN20114745	simple	13443	Coffea arabica	G-R2							no					NESTLE RESEARCH	SRA1287842		public	3130CA3FD8A1DFC263158FDD360EA3EB	4660F0E940D6EDF441A76C853EBDCEB3	https://www.ncbi.nlm.nih.gov/sra/?term=SRR15694594	https://www.ncbi.nlm.nih.gov/bioproject/PRJNA744419	https://www.ncbi.nlm.nih.gov/biosample/SAMN20114745	https://www.ncbi.nlm.nih.gov/sra/?term=SRX11990602	https://sra-downloadb.be-md.ncbi.nlm.nih.gov/sos8/sra-pub-zq-820/SRR015/15694/SRR15694594/SRR15694594.lite.1	246	
323	SRR15694595	2021-12-07 05:25:02	2021-09-02 05:05:18	38578557	9208648925	38578557	238	3193		https://sra-downloadb.be-md.ncbi.nlm.nih.gov/sos8/sra-pub-zq-820/SRR015/15694/SRR15694595/SRR15694595.lite.1	SRX11990601	G-R1-Library_S60	RNA-Seq	PCR	TRANSCRIPTOMIC	PAIRED	0	0	ILLUMINA	Illumina HiSeq 2500	SRP334252	PRJNA744419		744419	SRS9930414	SAMN20114744	simple	13443	Coffea arabica	G-R1							no					NESTLE RESEARCH	SRA1287842		public	6EB6D740029F7131826DC5FA14A92478	C735017C964A5FC6C4B288F7D07AD337	https://www.ncbi.nlm.nih.gov/sra/?term=SRR15694595	https://www.ncbi.nlm.nih.gov/bioproject/PRJNA744419	https://www.ncbi.nlm.nih.gov/biosample/SAMN20114744	https://www.ncbi.nlm.nih.gov/sra/?term=SRX11990601	https://sra-downloadb.be-md.ncbi.nlm.nih.gov/sos8/sra-pub-zq-820/SRR015/15694/SRR15694595/SRR15694595.lite.1	247	
324	SRR15694596	2021-12-07 05:25:02	2021-09-02 04:46:23	35367573	8525349439	35367573	241	2934		https://sra-downloadb.be-md.ncbi.nlm.nih.gov/sos8/sra-pub-zq-820/SRR015/15694/SRR15694596/SRR15694596.lite.1	SRX11990600	CD-T10-R4-Library_S57	RNA-Seq	PCR	TRANSCRIPTOMIC	PAIRED	0	0	ILLUMINA	Illumina HiSeq 2500	SRP334252	PRJNA744419		744419	SRS9930413	SAMN20114743	simple	13443	Coffea arabica	CD-T10-R4							no					NESTLE RESEARCH	SRA1287842		public	1B5AB58E2E88DB688E5E7CFCF80B16FE	9EF9D75B217667C622C82F862A4A2E0F	https://www.ncbi.nlm.nih.gov/sra/?term=SRR15694596	https://www.ncbi.nlm.nih.gov/bioproject/PRJNA744419	https://www.ncbi.nlm.nih.gov/biosample/SAMN20114743	https://www.ncbi.nlm.nih.gov/sra/?term=SRX11990600	https://sra-downloadb.be-md.ncbi.nlm.nih.gov/sos8/sra-pub-zq-820/SRR015/15694/SRR15694596/SRR15694596.lite.1	248	
325	SRR15694597	2021-12-07 05:25:02	2021-09-02 04:53:09	38136287	9186135456	38136287	240	3183		https://sra-downloadb.be-md.ncbi.nlm.nih.gov/sos1/sra-pub-zq-38/SRR015/15694/SRR15694597/SRR15694597.lite.1	SRX11990599	CD-T10-R3-Library_S54	RNA-Seq	PCR	TRANSCRIPTOMIC	PAIRED	0	0	ILLUMINA	Illumina HiSeq 2500	SRP334252	PRJNA744419		744419	SRS9930412	SAMN20114742	simple	13443	Coffea arabica	CD-T10-R3							no					NESTLE RESEARCH	SRA1287842		public	180851A60874CD63463C023C90CE7378	8F104465D752E3FC7CAC203E81C7A184	https://www.ncbi.nlm.nih.gov/sra/?term=SRR15694597	https://www.ncbi.nlm.nih.gov/bioproject/PRJNA744419	https://www.ncbi.nlm.nih.gov/biosample/SAMN20114742	https://www.ncbi.nlm.nih.gov/sra/?term=SRX11990599	https://sra-downloadb.be-md.ncbi.nlm.nih.gov/sos1/sra-pub-zq-38/SRR015/15694/SRR15694597/SRR15694597.lite.1	249	
326	SRR15694598	2021-12-07 05:25:02	2021-09-02 04:52:11	27936339	6736774099	27936339	241	2347		https://sra-downloadb.be-md.ncbi.nlm.nih.gov/sos9/sra-pub-zq-924/SRR015/15694/SRR15694598/SRR15694598.lite.1	SRX11990598	CD-T10-R2-Library_S36	RNA-Seq	PCR	TRANSCRIPTOMIC	PAIRED	0	0	ILLUMINA	Illumina HiSeq 2500	SRP334252	PRJNA744419		744419	SRS9930411	SAMN20114741	simple	13443	Coffea arabica	CD-T10-R2							no					NESTLE RESEARCH	SRA1287842		public	30DCF24E1BF03EC1D329E020FDF4B1C9	26EF3283FFA3783766F03785A240EC50	https://www.ncbi.nlm.nih.gov/sra/?term=SRR15694598	https://www.ncbi.nlm.nih.gov/bioproject/PRJNA744419	https://www.ncbi.nlm.nih.gov/biosample/SAMN20114741	https://www.ncbi.nlm.nih.gov/sra/?term=SRX11990598	https://sra-downloadb.be-md.ncbi.nlm.nih.gov/sos9/sra-pub-zq-924/SRR015/15694/SRR15694598/SRR15694598.lite.1	250	
327	SRR15694599	2021-12-07 05:25:02	2021-09-02 04:45:21	27115260	6557420409	27115260	241	2271		https://sra-downloadb.be-md.ncbi.nlm.nih.gov/sos8/sra-pub-zq-820/SRR015/15694/SRR15694599/SRR15694599.lite.1	SRX11990597	CD-T10-R1-Library_S35	RNA-Seq	PCR	TRANSCRIPTOMIC	PAIRED	0	0	ILLUMINA	Illumina HiSeq 2500	SRP334252	PRJNA744419		744419	SRS9930410	SAMN20114740	simple	13443	Coffea arabica	CD-T10-R1							no					NESTLE RESEARCH	SRA1287842		public	A15A0D8F1A8E2BF71EAC84737EB89770	43C9DD5AEE0B6D11C4591DD22B1C9343	https://www.ncbi.nlm.nih.gov/sra/?term=SRR15694599	https://www.ncbi.nlm.nih.gov/bioproject/PRJNA744419	https://www.ncbi.nlm.nih.gov/biosample/SAMN20114740	https://www.ncbi.nlm.nih.gov/sra/?term=SRX11990597	https://sra-downloadb.be-md.ncbi.nlm.nih.gov/sos8/sra-pub-zq-820/SRR015/15694/SRR15694599/SRR15694599.lite.1	251	
328	SRR15694600	2021-12-07 05:25:02	2021-09-02 04:34:32	9970590	2362872449	9970590	236	818		https://sra-downloadb.be-md.ncbi.nlm.nih.gov/sos4/sra-pub-zq-1/SRR015/15694/SRR15694600/SRR15694600.lite.1	SRX11990596	CD-T3-R4-Library_S34	RNA-Seq	PCR	TRANSCRIPTOMIC	PAIRED	0	0	ILLUMINA	Illumina HiSeq 2500	SRP334252	PRJNA744419		744419	SRS9930409	SAMN20114739	simple	13443	Coffea arabica	CD-T3-R4							no					NESTLE RESEARCH	SRA1287842		public	FB514D3FC82CF90841DC44295CBFFC3D	F6F1B80D2ADDC938C109279C591734F5	https://www.ncbi.nlm.nih.gov/sra/?term=SRR15694600	https://www.ncbi.nlm.nih.gov/bioproject/PRJNA744419	https://www.ncbi.nlm.nih.gov/biosample/SAMN20114739	https://www.ncbi.nlm.nih.gov/sra/?term=SRX11990596	https://sra-downloadb.be-md.ncbi.nlm.nih.gov/sos4/sra-pub-zq-1/SRR015/15694/SRR15694600/SRR15694600.lite.1	252	
329	SRR15694601	2021-12-07 05:25:02	2021-09-02 04:47:50	27080576	6572120356	27080576	242	2257		https://sra-downloadb.be-md.ncbi.nlm.nih.gov/sos8/sra-pub-zq-820/SRR015/15694/SRR15694601/SRR15694601.lite.1	SRX11990595	CD-T3-R3-Library_S33	RNA-Seq	PCR	TRANSCRIPTOMIC	PAIRED	0	0	ILLUMINA	Illumina HiSeq 2500	SRP334252	PRJNA744419		744419	SRS9930408	SAMN20114738	simple	13443	Coffea arabica	CD-T3-R3							no					NESTLE RESEARCH	SRA1287842		public	D388B92A2F847B3CB69077A870834E0D	FA9ED03099E9A6331D6576A251BFDAFE	https://www.ncbi.nlm.nih.gov/sra/?term=SRR15694601	https://www.ncbi.nlm.nih.gov/bioproject/PRJNA744419	https://www.ncbi.nlm.nih.gov/biosample/SAMN20114738	https://www.ncbi.nlm.nih.gov/sra/?term=SRX11990595	https://sra-downloadb.be-md.ncbi.nlm.nih.gov/sos8/sra-pub-zq-820/SRR015/15694/SRR15694601/SRR15694601.lite.1	253	
330	SRR15694602	2021-12-07 05:25:02	2021-09-02 04:52:04	29900619	7270610182	29900619	243	2502		https://sra-downloadb.be-md.ncbi.nlm.nih.gov/sos1/sra-pub-zq-38/SRR015/15694/SRR15694602/SRR15694602.lite.1	SRX11990594	CD-T3-R2-Library_S32	RNA-Seq	PCR	TRANSCRIPTOMIC	PAIRED	0	0	ILLUMINA	Illumina HiSeq 2500	SRP334252	PRJNA744419		744419	SRS9930407	SAMN20114737	simple	13443	Coffea arabica	CD-T3-R2							no					NESTLE RESEARCH	SRA1287842		public	4C5643BBF3A16C050AB41DD972785E8F	D6AF6E7FD8070530E9DCB085D0060C46	https://www.ncbi.nlm.nih.gov/sra/?term=SRR15694602	https://www.ncbi.nlm.nih.gov/bioproject/PRJNA744419	https://www.ncbi.nlm.nih.gov/biosample/SAMN20114737	https://www.ncbi.nlm.nih.gov/sra/?term=SRX11990594	https://sra-downloadb.be-md.ncbi.nlm.nih.gov/sos1/sra-pub-zq-38/SRR015/15694/SRR15694602/SRR15694602.lite.1	254	
331	SRR15694603	2021-12-07 05:25:02	2021-09-02 04:38:26	26865919	6478847309	26865919	241	2218		https://sra-downloadb.be-md.ncbi.nlm.nih.gov/sos8/sra-pub-zq-818/SRR015/15694/SRR15694603/SRR15694603.lite.1	SRX11990593	LD-T0-R1-Library_S5	RNA-Seq	PCR	TRANSCRIPTOMIC	PAIRED	0	0	ILLUMINA	Illumina HiSeq 2500	SRP334252	PRJNA744419		744419	SRS9930406	SAMN20114701	simple	13443	Coffea arabica	LD-T0-R1							no					NESTLE RESEARCH	SRA1287842		public	7C2FFC8CA68E94BB6672927BB59C0126	2DB4E942B5CF008940DDC3D04EEEDAA3	https://www.ncbi.nlm.nih.gov/sra/?term=SRR15694603	https://www.ncbi.nlm.nih.gov/bioproject/PRJNA744419	https://www.ncbi.nlm.nih.gov/biosample/SAMN20114701	https://www.ncbi.nlm.nih.gov/sra/?term=SRX11990593	https://sra-downloadb.be-md.ncbi.nlm.nih.gov/sos8/sra-pub-zq-818/SRR015/15694/SRR15694603/SRR15694603.lite.1	255	
332	SRR15694604	2021-12-07 05:25:02	2021-09-02 04:45:47	30267175	7355802104	30267175	243	2522		https://sra-downloadb.be-md.ncbi.nlm.nih.gov/sos4/sra-pub-zq-1/SRR015/15694/SRR15694604/SRR15694604.lite.1	SRX11990592	CD-T3-R1-Library_S31	RNA-Seq	PCR	TRANSCRIPTOMIC	PAIRED	0	0	ILLUMINA	Illumina HiSeq 2500	SRP334252	PRJNA744419		744419	SRS9930405	SAMN20114736	simple	13443	Coffea arabica	CD-T3-R1							no					NESTLE RESEARCH	SRA1287842		public	3ECA019EF24633EF8AE77EB6234A76BE	0AB2A0608F1E4F033C8D54091A5523C3	https://www.ncbi.nlm.nih.gov/sra/?term=SRR15694604	https://www.ncbi.nlm.nih.gov/bioproject/PRJNA744419	https://www.ncbi.nlm.nih.gov/biosample/SAMN20114736	https://www.ncbi.nlm.nih.gov/sra/?term=SRX11990592	https://sra-downloadb.be-md.ncbi.nlm.nih.gov/sos4/sra-pub-zq-1/SRR015/15694/SRR15694604/SRR15694604.lite.1	256	
333	SRR15694605	2021-12-07 05:25:02	2021-09-02 04:43:02	28246326	6871936022	28246326	243	2374		https://sra-downloadb.be-md.ncbi.nlm.nih.gov/sos9/sra-pub-zq-924/SRR015/15694/SRR15694605/SRR15694605.lite.1	SRX11990591	CD-T1-R4-Library_S30	RNA-Seq	PCR	TRANSCRIPTOMIC	PAIRED	0	0	ILLUMINA	Illumina HiSeq 2500	SRP334252	PRJNA744419		744419	SRS9930404	SAMN20114735	simple	13443	Coffea arabica	CD-T1-R4							no					NESTLE RESEARCH	SRA1287842		public	9EE76029AF905B50D3C9701DECC81D55	21F59B88807B0853CBE1111562743A72	https://www.ncbi.nlm.nih.gov/sra/?term=SRR15694605	https://www.ncbi.nlm.nih.gov/bioproject/PRJNA744419	https://www.ncbi.nlm.nih.gov/biosample/SAMN20114735	https://www.ncbi.nlm.nih.gov/sra/?term=SRX11990591	https://sra-downloadb.be-md.ncbi.nlm.nih.gov/sos9/sra-pub-zq-924/SRR015/15694/SRR15694605/SRR15694605.lite.1	257	
334	SRR15694606	2021-12-07 05:25:02	2021-09-02 05:06:07	30844325	7485759378	30844325	242	2593		https://sra-downloadb.be-md.ncbi.nlm.nih.gov/sos9/sra-pub-zq-924/SRR015/15694/SRR15694606/SRR15694606.lite.1	SRX11990590	CD-T1-R3-Library_S29	RNA-Seq	PCR	TRANSCRIPTOMIC	PAIRED	0	0	ILLUMINA	Illumina HiSeq 2500	SRP334252	PRJNA744419		744419	SRS9930403	SAMN20114734	simple	13443	Coffea arabica	CD-T1-R3							no					NESTLE RESEARCH	SRA1287842		public	C7BBFD41B2018491FC9CBED935549614	A9AA693C16DAC2F14C8D859653B453DF	https://www.ncbi.nlm.nih.gov/sra/?term=SRR15694606	https://www.ncbi.nlm.nih.gov/bioproject/PRJNA744419	https://www.ncbi.nlm.nih.gov/biosample/SAMN20114734	https://www.ncbi.nlm.nih.gov/sra/?term=SRX11990590	https://sra-downloadb.be-md.ncbi.nlm.nih.gov/sos9/sra-pub-zq-924/SRR015/15694/SRR15694606/SRR15694606.lite.1	258	
335	SRR15694607	2021-12-07 05:25:02	2021-09-02 04:51:08	30976226	7530698329	30976226	243	2622		https://sra-downloadb.be-md.ncbi.nlm.nih.gov/sos1/sra-pub-zq-38/SRR015/15694/SRR15694607/SRR15694607.lite.1	SRX11990589	CD-T1-R2-Library_S28	RNA-Seq	PCR	TRANSCRIPTOMIC	PAIRED	0	0	ILLUMINA	Illumina HiSeq 2500	SRP334252	PRJNA744419		744419	SRS9930402	SAMN20114733	simple	13443	Coffea arabica	CD-T1-R2							no					NESTLE RESEARCH	SRA1287842		public	2CCFEA1B0CB671DBBEB09C88153DF8E1	0EF383ED09642D01495141DCFDAF1781	https://www.ncbi.nlm.nih.gov/sra/?term=SRR15694607	https://www.ncbi.nlm.nih.gov/bioproject/PRJNA744419	https://www.ncbi.nlm.nih.gov/biosample/SAMN20114733	https://www.ncbi.nlm.nih.gov/sra/?term=SRX11990589	https://sra-downloadb.be-md.ncbi.nlm.nih.gov/sos1/sra-pub-zq-38/SRR015/15694/SRR15694607/SRR15694607.lite.1	259	
336	SRR15694608	2021-12-07 05:25:02	2021-09-02 04:48:00	29579059	7115561630	29579059	240	2450		https://sra-downloadb.be-md.ncbi.nlm.nih.gov/sos8/sra-pub-zq-818/SRR015/15694/SRR15694608/SRR15694608.lite.1	SRX11990588	CD-T1-R1-Library_S52	RNA-Seq	PCR	TRANSCRIPTOMIC	PAIRED	0	0	ILLUMINA	Illumina HiSeq 2500	SRP334252	PRJNA744419		744419	SRS9930401	SAMN20114732	simple	13443	Coffea arabica	CD-T1-R1							no					NESTLE RESEARCH	SRA1287842		public	7D73353D63950C93F2B8B19DF0016702	A39B182096215ED94BFC8829D7EED642	https://www.ncbi.nlm.nih.gov/sra/?term=SRR15694608	https://www.ncbi.nlm.nih.gov/bioproject/PRJNA744419	https://www.ncbi.nlm.nih.gov/biosample/SAMN20114732	https://www.ncbi.nlm.nih.gov/sra/?term=SRX11990588	https://sra-downloadb.be-md.ncbi.nlm.nih.gov/sos8/sra-pub-zq-818/SRR015/15694/SRR15694608/SRR15694608.lite.1	260	
337	SRR15694609	2021-12-07 05:25:02	2021-09-02 04:45:49	26390586	6366825193	26390586	241	2179		https://sra-downloadb.be-md.ncbi.nlm.nih.gov/sos4/sra-pub-zq-1/SRR015/15694/SRR15694609/SRR15694609.lite.1	SRX11990587	CR-R4-Library_S50	RNA-Seq	PCR	TRANSCRIPTOMIC	PAIRED	0	0	ILLUMINA	Illumina HiSeq 2500	SRP334252	PRJNA744419		744419	SRS9930400	SAMN20114731	simple	13443	Coffea arabica	CR-R4							no					NESTLE RESEARCH	SRA1287842		public	473397D6850AE30AC8E8559B348A1EFA	324C621B3985ED62A873F018E2E36357	https://www.ncbi.nlm.nih.gov/sra/?term=SRR15694609	https://www.ncbi.nlm.nih.gov/bioproject/PRJNA744419	https://www.ncbi.nlm.nih.gov/biosample/SAMN20114731	https://www.ncbi.nlm.nih.gov/sra/?term=SRX11990587	https://sra-downloadb.be-md.ncbi.nlm.nih.gov/sos4/sra-pub-zq-1/SRR015/15694/SRR15694609/SRR15694609.lite.1	261	
338	SRR15694610	2021-12-07 05:25:02	2021-09-02 04:43:34	29555005	7123176295	29555005	241	2460		https://sra-downloadb.be-md.ncbi.nlm.nih.gov/sos1/sra-pub-zq-38/SRR015/15694/SRR15694610/SRR15694610.lite.1	SRX11990586	CR-R3-Library_S48	RNA-Seq	PCR	TRANSCRIPTOMIC	PAIRED	0	0	ILLUMINA	Illumina HiSeq 2500	SRP334252	PRJNA744419		744419	SRS9930399	SAMN20114730	simple	13443	Coffea arabica	CR-R3							no					NESTLE RESEARCH	SRA1287842		public	4B2B7CA84E95BC3D0D3C119630FA9F08	2E7EED13F3A6C592B9C170FF44A7F1C0	https://www.ncbi.nlm.nih.gov/sra/?term=SRR15694610	https://www.ncbi.nlm.nih.gov/bioproject/PRJNA744419	https://www.ncbi.nlm.nih.gov/biosample/SAMN20114730	https://www.ncbi.nlm.nih.gov/sra/?term=SRX11990586	https://sra-downloadb.be-md.ncbi.nlm.nih.gov/sos1/sra-pub-zq-38/SRR015/15694/SRR15694610/SRR15694610.lite.1	262	
339	SRR15694611	2021-12-07 05:25:02	2021-09-02 04:50:10	30418591	7317733607	30418591	240	2511		https://sra-downloadb.be-md.ncbi.nlm.nih.gov/sos8/sra-pub-zq-820/SRR015/15694/SRR15694611/SRR15694611.lite.1	SRX11990585	CR-R2-Library_S27	RNA-Seq	PCR	TRANSCRIPTOMIC	PAIRED	0	0	ILLUMINA	Illumina HiSeq 2500	SRP334252	PRJNA744419		744419	SRS9930398	SAMN20114729	simple	13443	Coffea arabica	CR-R2							no					NESTLE RESEARCH	SRA1287842		public	4ED2BDC94D5A5447281DD793DDD663A7	E22B3F7866E2F94CF1C306EF9FCFD18E	https://www.ncbi.nlm.nih.gov/sra/?term=SRR15694611	https://www.ncbi.nlm.nih.gov/bioproject/PRJNA744419	https://www.ncbi.nlm.nih.gov/biosample/SAMN20114729	https://www.ncbi.nlm.nih.gov/sra/?term=SRX11990585	https://sra-downloadb.be-md.ncbi.nlm.nih.gov/sos8/sra-pub-zq-820/SRR015/15694/SRR15694611/SRR15694611.lite.1	263	
340	SRR15694612	2021-12-07 05:25:02	2021-09-02 04:46:42	28774651	6953611777	28774651	241	2381		https://sra-downloadb.be-md.ncbi.nlm.nih.gov/sos1/sra-pub-zq-38/SRR015/15694/SRR15694612/SRR15694612.lite.1	SRX11990584	CR-R1-Library_S26	RNA-Seq	PCR	TRANSCRIPTOMIC	PAIRED	0	0	ILLUMINA	Illumina HiSeq 2500	SRP334252	PRJNA744419		744419	SRS9930397	SAMN20114728	simple	13443	Coffea arabica	CR-R1							no					NESTLE RESEARCH	SRA1287842		public	C48B977A089A18A9DB68672A33A348E0	629CB90BC43B25AA88C042AA0E705716	https://www.ncbi.nlm.nih.gov/sra/?term=SRR15694612	https://www.ncbi.nlm.nih.gov/bioproject/PRJNA744419	https://www.ncbi.nlm.nih.gov/biosample/SAMN20114728	https://www.ncbi.nlm.nih.gov/sra/?term=SRX11990584	https://sra-downloadb.be-md.ncbi.nlm.nih.gov/sos1/sra-pub-zq-38/SRR015/15694/SRR15694612/SRR15694612.lite.1	264	
341	SRR15694613	2021-12-07 05:25:02	2021-09-02 04:45:30	26884380	6497495408	26884380	241	2210		https://sra-downloadb.be-md.ncbi.nlm.nih.gov/sos9/sra-pub-zq-924/SRR015/15694/SRR15694613/SRR15694613.lite.1	SRX11990583	CS-R4-Library_S25	RNA-Seq	PCR	TRANSCRIPTOMIC	PAIRED	0	0	ILLUMINA	Illumina HiSeq 2500	SRP334252	PRJNA744419		744419	SRS9930396	SAMN20114727	simple	13443	Coffea arabica	CS-R4							no					NESTLE RESEARCH	SRA1287842		public	70FD9E0AEB8313C8C19158144735B8BC	84E26C0C24FF7B0862055502CAFCE426	https://www.ncbi.nlm.nih.gov/sra/?term=SRR15694613	https://www.ncbi.nlm.nih.gov/bioproject/PRJNA744419	https://www.ncbi.nlm.nih.gov/biosample/SAMN20114727	https://www.ncbi.nlm.nih.gov/sra/?term=SRX11990583	https://sra-downloadb.be-md.ncbi.nlm.nih.gov/sos9/sra-pub-zq-924/SRR015/15694/SRR15694613/SRR15694613.lite.1	265	
342	SRR15694614	2021-12-07 05:25:02	2021-09-02 04:47:47	28951396	6998857197	28951396	241	2394		https://sra-downloadb.be-md.ncbi.nlm.nih.gov/sos1/sra-pub-zq-38/SRR015/15694/SRR15694614/SRR15694614.lite.1	SRX11990582	L-T0-R4-Library_S4	RNA-Seq	PCR	TRANSCRIPTOMIC	PAIRED	0	0	ILLUMINA	Illumina HiSeq 2500	SRP334252	PRJNA744419		744419	SRS9930395	SAMN20114700	simple	13443	Coffea arabica	L-T0-R4							no					NESTLE RESEARCH	SRA1287842		public	4729E43C2CEE8CA62959862A132E099D	41C9194F9A936ECC32666E4952C42B5F	https://www.ncbi.nlm.nih.gov/sra/?term=SRR15694614	https://www.ncbi.nlm.nih.gov/bioproject/PRJNA744419	https://www.ncbi.nlm.nih.gov/biosample/SAMN20114700	https://www.ncbi.nlm.nih.gov/sra/?term=SRX11990582	https://sra-downloadb.be-md.ncbi.nlm.nih.gov/sos1/sra-pub-zq-38/SRR015/15694/SRR15694614/SRR15694614.lite.1	266	
343	SRR15694615	2021-12-07 05:25:02	2021-09-02 04:43:48	30415766	7393330135	30415766	243	2512		https://sra-downloadb.be-md.ncbi.nlm.nih.gov/sos9/sra-pub-zq-924/SRR015/15694/SRR15694615/SRR15694615.lite.1	SRX11990581	CS-R3-Library_S24	RNA-Seq	PCR	TRANSCRIPTOMIC	PAIRED	0	0	ILLUMINA	Illumina HiSeq 2500	SRP334252	PRJNA744419		744419	SRS9930394	SAMN20114726	simple	13443	Coffea arabica	CS-R3							no					NESTLE RESEARCH	SRA1287842		public	0DE85BB127D0B24BEBB1C6B85B5C47B3	5CACF6FDE8B81F4F6F0A60A6C4692F72	https://www.ncbi.nlm.nih.gov/sra/?term=SRR15694615	https://www.ncbi.nlm.nih.gov/bioproject/PRJNA744419	https://www.ncbi.nlm.nih.gov/biosample/SAMN20114726	https://www.ncbi.nlm.nih.gov/sra/?term=SRX11990581	https://sra-downloadb.be-md.ncbi.nlm.nih.gov/sos9/sra-pub-zq-924/SRR015/15694/SRR15694615/SRR15694615.lite.1	267	
344	SRR15694616	2021-12-07 05:25:02	2021-09-02 04:46:08	32641163	7983356636	32641163	244	2708		https://sra-downloadb.be-md.ncbi.nlm.nih.gov/sos4/sra-pub-zq-1/SRR015/15694/SRR15694616/SRR15694616.lite.1	SRX11990580	CS-R2-Library_S23	RNA-Seq	PCR	TRANSCRIPTOMIC	PAIRED	0	0	ILLUMINA	Illumina HiSeq 2500	SRP334252	PRJNA744419		744419	SRS9930393	SAMN20114725	simple	13443	Coffea arabica	CS-R2							no					NESTLE RESEARCH	SRA1287842		public	D8937C3103C4CAA12435FCB1BEB82843	7F58A9C31A443BC2C40C4A393D3FE97D	https://www.ncbi.nlm.nih.gov/sra/?term=SRR15694616	https://www.ncbi.nlm.nih.gov/bioproject/PRJNA744419	https://www.ncbi.nlm.nih.gov/biosample/SAMN20114725	https://www.ncbi.nlm.nih.gov/sra/?term=SRX11990580	https://sra-downloadb.be-md.ncbi.nlm.nih.gov/sos4/sra-pub-zq-1/SRR015/15694/SRR15694616/SRR15694616.lite.1	268	
345	SRR15694617	2021-12-07 05:25:02	2021-09-02 04:51:08	34784828	8437491558	34784828	242	2861		https://sra-downloadb.be-md.ncbi.nlm.nih.gov/sos8/sra-pub-zq-820/SRR015/15694/SRR15694617/SRR15694617.lite.1	SRX11990579	CS-R1-Library_S22	RNA-Seq	PCR	TRANSCRIPTOMIC	PAIRED	0	0	ILLUMINA	Illumina HiSeq 2500	SRP334252	PRJNA744419		744419	SRS9930392	SAMN20114724	simple	13443	Coffea arabica	CS-R1							no					NESTLE RESEARCH	SRA1287842		public	FC5D97DF8485348D318BE126020E179A	91D66CDE6A6904DFB816BA7C68A2A588	https://www.ncbi.nlm.nih.gov/sra/?term=SRR15694617	https://www.ncbi.nlm.nih.gov/bioproject/PRJNA744419	https://www.ncbi.nlm.nih.gov/biosample/SAMN20114724	https://www.ncbi.nlm.nih.gov/sra/?term=SRX11990579	https://sra-downloadb.be-md.ncbi.nlm.nih.gov/sos8/sra-pub-zq-820/SRR015/15694/SRR15694617/SRR15694617.lite.1	269	
346	SRR15694618	2021-12-07 05:25:02	2021-09-02 04:44:19	29922523	7295215579	29922523	243	2492		https://sra-downloadb.be-md.ncbi.nlm.nih.gov/sos4/sra-pub-zq-1/SRR015/15694/SRR15694618/SRR15694618.lite.1	SRX11990578	CE-R4-Library_S21	RNA-Seq	PCR	TRANSCRIPTOMIC	PAIRED	0	0	ILLUMINA	Illumina HiSeq 2500	SRP334252	PRJNA744419		744419	SRS9930391	SAMN20114723	simple	13443	Coffea arabica	CE-R4							no					NESTLE RESEARCH	SRA1287842		public	BD0CCF901D0167669A9EAFB174F0F981	19B498E3134A7EF333B6CDE7F10DB9DE	https://www.ncbi.nlm.nih.gov/sra/?term=SRR15694618	https://www.ncbi.nlm.nih.gov/bioproject/PRJNA744419	https://www.ncbi.nlm.nih.gov/biosample/SAMN20114723	https://www.ncbi.nlm.nih.gov/sra/?term=SRX11990578	https://sra-downloadb.be-md.ncbi.nlm.nih.gov/sos4/sra-pub-zq-1/SRR015/15694/SRR15694618/SRR15694618.lite.1	270	
347	SRR15694619	2021-12-07 05:25:02	2021-09-02 04:46:16	34260684	8373785863	34260684	244	2868		https://sra-downloadb.be-md.ncbi.nlm.nih.gov/sos8/sra-pub-zq-820/SRR015/15694/SRR15694619/SRR15694619.lite.1	SRX11990577	CE-R3-Library_S20	RNA-Seq	PCR	TRANSCRIPTOMIC	PAIRED	0	0	ILLUMINA	Illumina HiSeq 2500	SRP334252	PRJNA744419		744419	SRS9930390	SAMN20114722	simple	13443	Coffea arabica	CE-R3							no					NESTLE RESEARCH	SRA1287842		public	13E86989BD27BD87932E09DC29FA93C3	8B8592867501136726DD1AB499BDFF93	https://www.ncbi.nlm.nih.gov/sra/?term=SRR15694619	https://www.ncbi.nlm.nih.gov/bioproject/PRJNA744419	https://www.ncbi.nlm.nih.gov/biosample/SAMN20114722	https://www.ncbi.nlm.nih.gov/sra/?term=SRX11990577	https://sra-downloadb.be-md.ncbi.nlm.nih.gov/sos8/sra-pub-zq-820/SRR015/15694/SRR15694619/SRR15694619.lite.1	271	
348	SRR15694620	2021-12-07 05:25:02	2021-09-02 04:44:25	30298080	7395169213	30298080	244	2529		https://sra-downloadb.be-md.ncbi.nlm.nih.gov/sos4/sra-pub-zq-1/SRR015/15694/SRR15694620/SRR15694620.lite.1	SRX11990576	CE-R2-Library_S19	RNA-Seq	PCR	TRANSCRIPTOMIC	PAIRED	0	0	ILLUMINA	Illumina HiSeq 2500	SRP334252	PRJNA744419		744419	SRS9930389	SAMN20114721	simple	13443	Coffea arabica	CE-R2							no					NESTLE RESEARCH	SRA1287842		public	C3DC84B9BF953FB872EAF1EE59805CF0	998AB1539900DD43212526BD20A9E363	https://www.ncbi.nlm.nih.gov/sra/?term=SRR15694620	https://www.ncbi.nlm.nih.gov/bioproject/PRJNA744419	https://www.ncbi.nlm.nih.gov/biosample/SAMN20114721	https://www.ncbi.nlm.nih.gov/sra/?term=SRX11990576	https://sra-downloadb.be-md.ncbi.nlm.nih.gov/sos4/sra-pub-zq-1/SRR015/15694/SRR15694620/SRR15694620.lite.1	272	
349	SRR15694621	2021-12-07 05:25:02	2021-09-02 04:43:34	27398527	6614369742	27398527	241	2279		https://sra-downloadb.be-md.ncbi.nlm.nih.gov/sos8/sra-pub-zq-818/SRR015/15694/SRR15694621/SRR15694621.lite.1	SRX11990575	CE-R1-Library_S59	RNA-Seq	PCR	TRANSCRIPTOMIC	PAIRED	0	0	ILLUMINA	Illumina HiSeq 2500	SRP334252	PRJNA744419		744419	SRS9930388	SAMN20114720	simple	13443	Coffea arabica	CE-R1							no					NESTLE RESEARCH	SRA1287842		public	D72326F67A527AC87E2E109E92A1F6C7	7049CD389DA65B245AEA919B6DA8B163	https://www.ncbi.nlm.nih.gov/sra/?term=SRR15694621	https://www.ncbi.nlm.nih.gov/bioproject/PRJNA744419	https://www.ncbi.nlm.nih.gov/biosample/SAMN20114720	https://www.ncbi.nlm.nih.gov/sra/?term=SRX11990575	https://sra-downloadb.be-md.ncbi.nlm.nih.gov/sos8/sra-pub-zq-818/SRR015/15694/SRR15694621/SRR15694621.lite.1	273	
350	SRR15694622	2021-12-07 05:25:02	2021-09-02 04:44:04	27564879	6615050952	27564879	239	2281		https://sra-downloadb.be-md.ncbi.nlm.nih.gov/sos4/sra-pub-zq-1/SRR015/15694/SRR15694622/SRR15694622.lite.1	SRX11990574	LD-T10-R3-Library_S56	RNA-Seq	PCR	TRANSCRIPTOMIC	PAIRED	0	0	ILLUMINA	Illumina HiSeq 2500	SRP334252	PRJNA744419		744419	SRS9930387	SAMN20114719	simple	13443	Coffea arabica	LD-T10-R3							no					NESTLE RESEARCH	SRA1287842		public	25B015D3E07485ACC581E6AAE03EC7C6	4CD5F55F1B3DC08270C41331BCEA16D2	https://www.ncbi.nlm.nih.gov/sra/?term=SRR15694622	https://www.ncbi.nlm.nih.gov/bioproject/PRJNA744419	https://www.ncbi.nlm.nih.gov/biosample/SAMN20114719	https://www.ncbi.nlm.nih.gov/sra/?term=SRX11990574	https://sra-downloadb.be-md.ncbi.nlm.nih.gov/sos4/sra-pub-zq-1/SRR015/15694/SRR15694622/SRR15694622.lite.1	274	
351	SRR15694623	2021-12-07 05:25:02	2021-09-02 04:58:15	30375916	7319810912	30375916	240	2538		https://sra-downloadb.be-md.ncbi.nlm.nih.gov/sos9/sra-pub-zq-924/SRR015/15694/SRR15694623/SRR15694623.lite.1	SRX11990573	LD-T10-R2-Library_S53	RNA-Seq	PCR	TRANSCRIPTOMIC	PAIRED	0	0	ILLUMINA	Illumina HiSeq 2500	SRP334252	PRJNA744419		744419	SRS9930386	SAMN20114718	simple	13443	Coffea arabica	LD-T10-R2							no					NESTLE RESEARCH	SRA1287842		public	AFF90B4B543B2A91D9728D6F9571FAA2	6FFF291D603FB539A6F6645B4FCA4C1D	https://www.ncbi.nlm.nih.gov/sra/?term=SRR15694623	https://www.ncbi.nlm.nih.gov/bioproject/PRJNA744419	https://www.ncbi.nlm.nih.gov/biosample/SAMN20114718	https://www.ncbi.nlm.nih.gov/sra/?term=SRX11990573	https://sra-downloadb.be-md.ncbi.nlm.nih.gov/sos9/sra-pub-zq-924/SRR015/15694/SRR15694623/SRR15694623.lite.1	275	
352	SRR15694624	2021-12-07 05:25:02	2021-09-02 04:42:51	27830910	6661310466	27830910	239	2341		https://sra-downloadb.be-md.ncbi.nlm.nih.gov/sos1/sra-pub-zq-38/SRR015/15694/SRR15694624/SRR15694624.lite.1	SRX11990572	LD-T10-R1-Library_S18	RNA-Seq	PCR	TRANSCRIPTOMIC	PAIRED	0	0	ILLUMINA	Illumina HiSeq 2500	SRP334252	PRJNA744419		744419	SRS9930385	SAMN20114717	simple	13443	Coffea arabica	LD-T10-R1							no					NESTLE RESEARCH	SRA1287842		public	4C92EE4C3AF20996FA86D7C2D114D16B	64CC522767930DC1F9BB19D66E941245	https://www.ncbi.nlm.nih.gov/sra/?term=SRR15694624	https://www.ncbi.nlm.nih.gov/bioproject/PRJNA744419	https://www.ncbi.nlm.nih.gov/biosample/SAMN20114717	https://www.ncbi.nlm.nih.gov/sra/?term=SRX11990572	https://sra-downloadb.be-md.ncbi.nlm.nih.gov/sos1/sra-pub-zq-38/SRR015/15694/SRR15694624/SRR15694624.lite.1	276	
353	SRR15694625	2021-12-07 05:25:02	2021-09-02 04:44:46	26445050	6385476907	26445050	241	2192		https://sra-downloadb.be-md.ncbi.nlm.nih.gov/sos9/sra-pub-zq-924/SRR015/15694/SRR15694625/SRR15694625.lite.1	SRX11990571	L-T0-R3-Library_S3	RNA-Seq	PCR	TRANSCRIPTOMIC	PAIRED	0	0	ILLUMINA	Illumina HiSeq 2500	SRP334252	PRJNA744419		744419	SRS9930384	SAMN20114699	simple	13443	Coffea arabica	L-T0-R3							no					NESTLE RESEARCH	SRA1287842		public	0AA2FEE443533CFF895E976ACECA6763	FCCA731F8D022E180EFED154C7E210DD	https://www.ncbi.nlm.nih.gov/sra/?term=SRR15694625	https://www.ncbi.nlm.nih.gov/bioproject/PRJNA744419	https://www.ncbi.nlm.nih.gov/biosample/SAMN20114699	https://www.ncbi.nlm.nih.gov/sra/?term=SRX11990571	https://sra-downloadb.be-md.ncbi.nlm.nih.gov/sos9/sra-pub-zq-924/SRR015/15694/SRR15694625/SRR15694625.lite.1	277	
354	SRR15694626	2021-12-07 05:25:02	2021-09-02 04:43:56	27998951	6785686358	27998951	242	2341		https://sra-downloadb.be-md.ncbi.nlm.nih.gov/sos9/sra-pub-zq-924/SRR015/15694/SRR15694626/SRR15694626.lite.1	SRX11990570	LD-T5-R4-Library_S17	RNA-Seq	PCR	TRANSCRIPTOMIC	PAIRED	0	0	ILLUMINA	Illumina HiSeq 2500	SRP334252	PRJNA744419		744419	SRS9930383	SAMN20114716	simple	13443	Coffea arabica	LD-T5-R4							no					NESTLE RESEARCH	SRA1287842		public	29A0BF2ECC9B71813B0322EADF3E8CF7	A29A91D09E6FC0D39AF19767D901D2F6	https://www.ncbi.nlm.nih.gov/sra/?term=SRR15694626	https://www.ncbi.nlm.nih.gov/bioproject/PRJNA744419	https://www.ncbi.nlm.nih.gov/biosample/SAMN20114716	https://www.ncbi.nlm.nih.gov/sra/?term=SRX11990570	https://sra-downloadb.be-md.ncbi.nlm.nih.gov/sos9/sra-pub-zq-924/SRR015/15694/SRR15694626/SRR15694626.lite.1	278	
355	SRR15694627	2021-12-07 05:25:02	2021-09-02 04:43:30	27668873	6715457249	27668873	242	2309		https://sra-downloadb.be-md.ncbi.nlm.nih.gov/sos9/sra-pub-zq-922/SRR015/15694/SRR15694627/SRR15694627.lite.1	SRX11990569	LD-T5-R3-Library_S16	RNA-Seq	PCR	TRANSCRIPTOMIC	PAIRED	0	0	ILLUMINA	Illumina HiSeq 2500	SRP334252	PRJNA744419		744419	SRS9930382	SAMN20114715	simple	13443	Coffea arabica	LD-T5-R3							no					NESTLE RESEARCH	SRA1287842		public	207D38100FE2732D1CE3F4EC3FACDC5B	77D3ACAEBDE488F05469A5FF9C85742C	https://www.ncbi.nlm.nih.gov/sra/?term=SRR15694627	https://www.ncbi.nlm.nih.gov/bioproject/PRJNA744419	https://www.ncbi.nlm.nih.gov/biosample/SAMN20114715	https://www.ncbi.nlm.nih.gov/sra/?term=SRX11990569	https://sra-downloadb.be-md.ncbi.nlm.nih.gov/sos9/sra-pub-zq-922/SRR015/15694/SRR15694627/SRR15694627.lite.1	279	
356	SRR15694628	2021-12-07 05:25:02	2021-09-02 04:44:25	29495905	7145409067	29495905	242	2456		https://sra-downloadb.be-md.ncbi.nlm.nih.gov/sos9/sra-pub-zq-924/SRR015/15694/SRR15694628/SRR15694628.lite.1	SRX11990568	LD-T5-R2-Library_S15	RNA-Seq	PCR	TRANSCRIPTOMIC	PAIRED	0	0	ILLUMINA	Illumina HiSeq 2500	SRP334252	PRJNA744419		744419	SRS9930381	SAMN20114714	simple	13443	Coffea arabica	LD-T5-R2							no					NESTLE RESEARCH	SRA1287842		public	8E4C1D2ACE244C272E02CE4BC0C7D0DC	E8B440A85B375BC1B5641D3D095C5F10	https://www.ncbi.nlm.nih.gov/sra/?term=SRR15694628	https://www.ncbi.nlm.nih.gov/bioproject/PRJNA744419	https://www.ncbi.nlm.nih.gov/biosample/SAMN20114714	https://www.ncbi.nlm.nih.gov/sra/?term=SRX11990568	https://sra-downloadb.be-md.ncbi.nlm.nih.gov/sos9/sra-pub-zq-924/SRR015/15694/SRR15694628/SRR15694628.lite.1	280	
357	SRR15694629	2021-12-07 05:25:02	2021-09-02 04:45:05	28890032	7000938251	28890032	242	2419		https://sra-downloadb.be-md.ncbi.nlm.nih.gov/sos8/sra-pub-zq-818/SRR015/15694/SRR15694629/SRR15694629.lite.1	SRX11990567	LD-T5-R1-Library_S14	RNA-Seq	PCR	TRANSCRIPTOMIC	PAIRED	0	0	ILLUMINA	Illumina HiSeq 2500	SRP334252	PRJNA744419		744419	SRS9930380	SAMN20114713	simple	13443	Coffea arabica	LD-T5-R1							no					NESTLE RESEARCH	SRA1287842		public	AED386605F1E67EE8865F2A37C75104E	AF664E8B1CA620144AE6793615968585	https://www.ncbi.nlm.nih.gov/sra/?term=SRR15694629	https://www.ncbi.nlm.nih.gov/bioproject/PRJNA744419	https://www.ncbi.nlm.nih.gov/biosample/SAMN20114713	https://www.ncbi.nlm.nih.gov/sra/?term=SRX11990567	https://sra-downloadb.be-md.ncbi.nlm.nih.gov/sos8/sra-pub-zq-818/SRR015/15694/SRR15694629/SRR15694629.lite.1	281	
358	SRR15694630	2021-12-07 05:25:02	2021-09-02 04:50:19	32762181	7954842453	32762181	242	2718		https://sra-downloadb.be-md.ncbi.nlm.nih.gov/sos8/sra-pub-zq-820/SRR015/15694/SRR15694630/SRR15694630.lite.1	SRX11990566	LD-T2-R4-Library_S13	RNA-Seq	PCR	TRANSCRIPTOMIC	PAIRED	0	0	ILLUMINA	Illumina HiSeq 2500	SRP334252	PRJNA744419		744419	SRS9930379	SAMN20114712	simple	13443	Coffea arabica	LD-T2-R4							no					NESTLE RESEARCH	SRA1287842		public	572E00D7EF583276199101C3FF459C10	BAF87827995AE0123E99A778FA7AAE1F	https://www.ncbi.nlm.nih.gov/sra/?term=SRR15694630	https://www.ncbi.nlm.nih.gov/bioproject/PRJNA744419	https://www.ncbi.nlm.nih.gov/biosample/SAMN20114712	https://www.ncbi.nlm.nih.gov/sra/?term=SRX11990566	https://sra-downloadb.be-md.ncbi.nlm.nih.gov/sos8/sra-pub-zq-820/SRR015/15694/SRR15694630/SRR15694630.lite.1	282	
359	SRR15694631	2021-12-07 05:25:02	2021-09-02 05:05:26	28118068	6819226939	28118068	242	2369		https://sra-downloadb.be-md.ncbi.nlm.nih.gov/sos8/sra-pub-zq-820/SRR015/15694/SRR15694631/SRR15694631.lite.1	SRX11990565	LD-T2-R3-Library_S12	RNA-Seq	PCR	TRANSCRIPTOMIC	PAIRED	0	0	ILLUMINA	Illumina HiSeq 2500	SRP334252	PRJNA744419		744419	SRS9930377	SAMN20114711	simple	13443	Coffea arabica	LD-T2-R3							no					NESTLE RESEARCH	SRA1287842		public	7C676614E741586F107942DDA012ECAC	2764B82FA913A2B482316D02FDF2769F	https://www.ncbi.nlm.nih.gov/sra/?term=SRR15694631	https://www.ncbi.nlm.nih.gov/bioproject/PRJNA744419	https://www.ncbi.nlm.nih.gov/biosample/SAMN20114711	https://www.ncbi.nlm.nih.gov/sra/?term=SRX11990565	https://sra-downloadb.be-md.ncbi.nlm.nih.gov/sos8/sra-pub-zq-820/SRR015/15694/SRR15694631/SRR15694631.lite.1	283	
360	SRR15694632	2021-12-07 05:25:02	2021-09-02 04:50:43	28007696	6784690987	28007696	242	2367		https://sra-downloadb.be-md.ncbi.nlm.nih.gov/sos9/sra-pub-zq-924/SRR015/15694/SRR15694632/SRR15694632.lite.1	SRX11990564	LD-T2-R2-Library_S11	RNA-Seq	PCR	TRANSCRIPTOMIC	PAIRED	0	0	ILLUMINA	Illumina HiSeq 2500	SRP334252	PRJNA744419		744419	SRS9930378	SAMN20114710	simple	13443	Coffea arabica	LD-T2-R2							no					NESTLE RESEARCH	SRA1287842		public	A4EE4866689238307D77F255F6516AB2	DB9F6559FC36A72AE990168FF6C3F832	https://www.ncbi.nlm.nih.gov/sra/?term=SRR15694632	https://www.ncbi.nlm.nih.gov/bioproject/PRJNA744419	https://www.ncbi.nlm.nih.gov/biosample/SAMN20114710	https://www.ncbi.nlm.nih.gov/sra/?term=SRX11990564	https://sra-downloadb.be-md.ncbi.nlm.nih.gov/sos9/sra-pub-zq-924/SRR015/15694/SRR15694632/SRR15694632.lite.1	284	
361	SRR15694633	2021-12-07 05:25:02	2021-09-02 04:40:28	27264662	6659201389	27264662	244	2301		https://sra-downloadb.be-md.ncbi.nlm.nih.gov/sos8/sra-pub-zq-820/SRR015/15694/SRR15694633/SRR15694633.lite.1	SRX11990563	LD-T2-R1-Library_S10	RNA-Seq	PCR	TRANSCRIPTOMIC	PAIRED	0	0	ILLUMINA	Illumina HiSeq 2500	SRP334252	PRJNA744419		744419	SRS9930376	SAMN20114709	simple	13443	Coffea arabica	LD-T2-R1							no					NESTLE RESEARCH	SRA1287842		public	C207B48FD9FA43C53A00FC38277775AB	6B3D6499F0E6DC23EB31CA5602492440	https://www.ncbi.nlm.nih.gov/sra/?term=SRR15694633	https://www.ncbi.nlm.nih.gov/bioproject/PRJNA744419	https://www.ncbi.nlm.nih.gov/biosample/SAMN20114709	https://www.ncbi.nlm.nih.gov/sra/?term=SRX11990563	https://sra-downloadb.be-md.ncbi.nlm.nih.gov/sos8/sra-pub-zq-820/SRR015/15694/SRR15694633/SRR15694633.lite.1	285	
362	SRR15694634	2021-12-07 05:25:02	2021-09-02 04:39:31	20206044	4852847121	20206044	240	1663		https://sra-downloadb.be-md.ncbi.nlm.nih.gov/sos1/sra-pub-zq-38/SRR015/15694/SRR15694634/SRR15694634.lite.1	SRX11990562	LD-T1-R4-Library_S51	RNA-Seq	PCR	TRANSCRIPTOMIC	PAIRED	0	0	ILLUMINA	Illumina HiSeq 2500	SRP334252	PRJNA744419		744419	SRS9930375	SAMN20114708	simple	13443	Coffea arabica	LD-T1-R4							no					NESTLE RESEARCH	SRA1287842		public	CA83FD33CE86508437A6BBA6F14500AE	89AB557DA6677A63416F8FD4DCC3C59E	https://www.ncbi.nlm.nih.gov/sra/?term=SRR15694634	https://www.ncbi.nlm.nih.gov/bioproject/PRJNA744419	https://www.ncbi.nlm.nih.gov/biosample/SAMN20114708	https://www.ncbi.nlm.nih.gov/sra/?term=SRX11990562	https://sra-downloadb.be-md.ncbi.nlm.nih.gov/sos1/sra-pub-zq-38/SRR015/15694/SRR15694634/SRR15694634.lite.1	286	
363	SRR15694635	2021-12-07 05:25:02	2021-09-02 04:42:47	29794425	7218508167	29794425	242	2461		https://sra-downloadb.be-md.ncbi.nlm.nih.gov/sos9/sra-pub-zq-922/SRR015/15694/SRR15694635/SRR15694635.lite.1	SRX11990561	LD-T1-R3-Library_S49	RNA-Seq	PCR	TRANSCRIPTOMIC	PAIRED	0	0	ILLUMINA	Illumina HiSeq 2500	SRP334252	PRJNA744419		744419	SRS9930373	SAMN20114707	simple	13443	Coffea arabica	LD-T1-R3							no					NESTLE RESEARCH	SRA1287842		public	2E8F6968932D68D1F0F85421E9499A9E	50A017CC89F545DFF7E3DF3443B5A5AC	https://www.ncbi.nlm.nih.gov/sra/?term=SRR15694635	https://www.ncbi.nlm.nih.gov/bioproject/PRJNA744419	https://www.ncbi.nlm.nih.gov/biosample/SAMN20114707	https://www.ncbi.nlm.nih.gov/sra/?term=SRX11990561	https://sra-downloadb.be-md.ncbi.nlm.nih.gov/sos9/sra-pub-zq-922/SRR015/15694/SRR15694635/SRR15694635.lite.1	287	
364	SRR15694636	2021-12-07 05:25:02	2021-09-02 04:47:31	30305094	7360901254	30305094	242	2529		https://sra-downloadb.be-md.ncbi.nlm.nih.gov/sos1/sra-pub-zq-38/SRR015/15694/SRR15694636/SRR15694636.lite.1	SRX11990560	L-T0-R2-Library_S2	RNA-Seq	PCR	TRANSCRIPTOMIC	PAIRED	0	0	ILLUMINA	Illumina HiSeq 2500	SRP334252	PRJNA744419		744419	SRS9930374	SAMN20114698	simple	13443	Coffea arabica	L-T0-R2							no					NESTLE RESEARCH	SRA1287842		public	16AD839A14B0187FA67FC83A046105D6	5F01B0EE8C13532793943DBB2C722B9C	https://www.ncbi.nlm.nih.gov/sra/?term=SRR15694636	https://www.ncbi.nlm.nih.gov/bioproject/PRJNA744419	https://www.ncbi.nlm.nih.gov/biosample/SAMN20114698	https://www.ncbi.nlm.nih.gov/sra/?term=SRX11990560	https://sra-downloadb.be-md.ncbi.nlm.nih.gov/sos1/sra-pub-zq-38/SRR015/15694/SRR15694636/SRR15694636.lite.1	288	
365	SRR15694637	2021-12-07 05:25:02	2021-09-02 04:45:15	31828201	7770001101	31828201	244	2667		https://sra-downloadb.be-md.ncbi.nlm.nih.gov/sos9/sra-pub-zq-924/SRR015/15694/SRR15694637/SRR15694637.lite.1	SRX11990559	L-T0-R1-Library_S1	RNA-Seq	PCR	TRANSCRIPTOMIC	PAIRED	0	0	ILLUMINA	Illumina HiSeq 2500	SRP334252	PRJNA744419		744419	SRS9930372	SAMN20114697	simple	13443	Coffea arabica	L-T0-R1							no					NESTLE RESEARCH	SRA1287842		public	B1DDDDA126EE8E384688015D25631263	39E8B4F3C230F17A9D63A7A82AF71CCF	https://www.ncbi.nlm.nih.gov/sra/?term=SRR15694637	https://www.ncbi.nlm.nih.gov/bioproject/PRJNA744419	https://www.ncbi.nlm.nih.gov/biosample/SAMN20114697	https://www.ncbi.nlm.nih.gov/sra/?term=SRX11990559	https://sra-downloadb.be-md.ncbi.nlm.nih.gov/sos9/sra-pub-zq-924/SRR015/15694/SRR15694637/SRR15694637.lite.1	289	
366	SRR15694638	2021-12-07 05:25:02	2021-09-02 04:43:57	29092235	7064606987	29092235	242	2445		https://sra-downloadb.be-md.ncbi.nlm.nih.gov/sos1/sra-pub-zq-38/SRR015/15694/SRR15694638/SRR15694638.lite.1	SRX11990558	LD-T1-R2-Library_S47	RNA-Seq	PCR	TRANSCRIPTOMIC	PAIRED	0	0	ILLUMINA	Illumina HiSeq 2500	SRP334252	PRJNA744419		744419	SRS9930422	SAMN20114706	simple	13443	Coffea arabica	LD-T1-R2							no					NESTLE RESEARCH	SRA1287842		public	F1C97E31683D21BB74C9759DE62A53C9	D26A28D00FB6B68495BFCE4BFE4F764D	https://www.ncbi.nlm.nih.gov/sra/?term=SRR15694638	https://www.ncbi.nlm.nih.gov/bioproject/PRJNA744419	https://www.ncbi.nlm.nih.gov/biosample/SAMN20114706	https://www.ncbi.nlm.nih.gov/sra/?term=SRX11990558	https://sra-downloadb.be-md.ncbi.nlm.nih.gov/sos1/sra-pub-zq-38/SRR015/15694/SRR15694638/SRR15694638.lite.1	290	
367	SRR15694639	2021-12-07 05:25:02	2021-09-02 04:36:58	14379856	3341999716	14379856	232	1165		https://sra-downloadb.be-md.ncbi.nlm.nih.gov/sos9/sra-pub-zq-922/SRR015/15694/SRR15694639/SRR15694639.lite.1	SRX11990557	LD-T1-R1-Library_S9	RNA-Seq	PCR	TRANSCRIPTOMIC	PAIRED	0	0	ILLUMINA	Illumina HiSeq 2500	SRP334252	PRJNA744419		744419	SRS9930421	SAMN20114705	simple	13443	Coffea arabica	LD-T1-R1							no					NESTLE RESEARCH	SRA1287842		public	0384F6603DD132B2C95EFE7D73FA7195	285AD292F2ECF44AB7562CDFEDD567E9	https://www.ncbi.nlm.nih.gov/sra/?term=SRR15694639	https://www.ncbi.nlm.nih.gov/bioproject/PRJNA744419	https://www.ncbi.nlm.nih.gov/biosample/SAMN20114705	https://www.ncbi.nlm.nih.gov/sra/?term=SRX11990557	https://sra-downloadb.be-md.ncbi.nlm.nih.gov/sos9/sra-pub-zq-922/SRR015/15694/SRR15694639/SRR15694639.lite.1	291	
368	SRR16098086	2021-12-07 05:25:03	2021-09-28 13:19:07	29298763	7112860864	29298763	242	2492		https://sra-downloadb.be-md.ncbi.nlm.nih.gov/sos9/sra-pub-zq-924/SRR016/16098/SRR16098086/SRR16098086.lite.1	SRX12384203	LD-T1-R2-Library_S47	RNA-Seq	PCR	TRANSCRIPTOMIC	PAIRED	0	0	ILLUMINA	Illumina HiSeq 2500	SRP334252	PRJNA744419		744419	SRS9930422	SAMN20114706	simple	13443	Coffea arabica	LD-T1-R2							no					NESTLE RESEARCH	SRA1297791		public	E60D94569F1EFB177740096594E71255	FFF55AE5830BC742A55A4C2D9CED5B08	https://www.ncbi.nlm.nih.gov/sra/?term=SRR16098086	https://www.ncbi.nlm.nih.gov/bioproject/PRJNA744419	https://www.ncbi.nlm.nih.gov/biosample/SAMN20114706	https://www.ncbi.nlm.nih.gov/sra/?term=SRX12384203	https://sra-downloadb.be-md.ncbi.nlm.nih.gov/sos9/sra-pub-zq-924/SRR016/16098/SRR16098086/SRR16098086.lite.1	304	
369	SRR16098087	2021-12-07 05:25:03	2021-09-28 13:08:14	14578472	3385271802	14578472	232	1193		https://sra-downloadb.be-md.ncbi.nlm.nih.gov/sos8/sra-pub-zq-818/SRR016/16098/SRR16098087/SRR16098087.lite.1	SRX12384202	LD-T1-R1-Library_S9	RNA-Seq	PCR	TRANSCRIPTOMIC	PAIRED	0	0	ILLUMINA	Illumina HiSeq 2500	SRP334252	PRJNA744419		744419	SRS9930421	SAMN20114705	simple	13443	Coffea arabica	LD-T1-R1							no					NESTLE RESEARCH	SRA1297791		public	B2F4AF7506EEC31B027BD1542828B745	BC7689D4E1B3CD0791D76980EDBBED51	https://www.ncbi.nlm.nih.gov/sra/?term=SRR16098087	https://www.ncbi.nlm.nih.gov/bioproject/PRJNA744419	https://www.ncbi.nlm.nih.gov/biosample/SAMN20114705	https://www.ncbi.nlm.nih.gov/sra/?term=SRX12384202	https://sra-downloadb.be-md.ncbi.nlm.nih.gov/sos8/sra-pub-zq-818/SRR016/16098/SRR16098087/SRR16098087.lite.1	305	
370	SRR16098088	2021-12-07 05:25:03	2021-09-28 13:12:01	21384302	5055712864	21384302	236	1766		https://sra-downloadb.be-md.ncbi.nlm.nih.gov/sos1/sra-pub-zq-38/SRR016/16098/SRR16098088/SRR16098088.lite.1	SRX12384201	LD-T0-R4-Library_S8	RNA-Seq	PCR	TRANSCRIPTOMIC	PAIRED	0	0	ILLUMINA	Illumina HiSeq 2500	SRP334252	PRJNA744419		744419	SRS9930420	SAMN20114704	simple	13443	Coffea arabica	LD-T0-R4							no					NESTLE RESEARCH	SRA1297791		public	6F86469727758407D946EF571F02498A	3D2DA323FB3546A1F95FE163C1123C50	https://www.ncbi.nlm.nih.gov/sra/?term=SRR16098088	https://www.ncbi.nlm.nih.gov/bioproject/PRJNA744419	https://www.ncbi.nlm.nih.gov/biosample/SAMN20114704	https://www.ncbi.nlm.nih.gov/sra/?term=SRX12384201	https://sra-downloadb.be-md.ncbi.nlm.nih.gov/sos1/sra-pub-zq-38/SRR016/16098/SRR16098088/SRR16098088.lite.1	306	
371	SRR16098089	2021-12-07 05:25:03	2021-09-28 13:28:45	26279719	6284550385	26279719	239	2178		https://sra-downloadb.be-md.ncbi.nlm.nih.gov/sos9/sra-pub-zq-924/SRR016/16098/SRR16098089/SRR16098089.lite.1	SRX12384200	LD-T0-R3-Library_S7	RNA-Seq	PCR	TRANSCRIPTOMIC	PAIRED	0	0	ILLUMINA	Illumina HiSeq 2500	SRP334252	PRJNA744419		744419	SRS9930419	SAMN20114703	simple	13443	Coffea arabica	LD-T0-R3							no					NESTLE RESEARCH	SRA1297791		public	73984A140077662995245720FFC5F04F	B5CB4F543D85AEEE27F4F07E0B9F604A	https://www.ncbi.nlm.nih.gov/sra/?term=SRR16098089	https://www.ncbi.nlm.nih.gov/bioproject/PRJNA744419	https://www.ncbi.nlm.nih.gov/biosample/SAMN20114703	https://www.ncbi.nlm.nih.gov/sra/?term=SRX12384200	https://sra-downloadb.be-md.ncbi.nlm.nih.gov/sos9/sra-pub-zq-924/SRR016/16098/SRR16098089/SRR16098089.lite.1	307	
372	SRR16098090	2021-12-07 05:25:03	2021-09-28 13:11:47	23658978	5723665999	23658978	241	2021		https://sra-downloadb.be-md.ncbi.nlm.nih.gov/sos9/sra-pub-zq-924/SRR016/16098/SRR16098090/SRR16098090.lite.1	SRX12384199	G-R4-Library_S39	RNA-Seq	PCR	TRANSCRIPTOMIC	PAIRED	0	0	ILLUMINA	Illumina HiSeq 2500	SRP334252	PRJNA744419		744419	SRS9930418	SAMN20114747	simple	13443	Coffea arabica	G-R4							no					NESTLE RESEARCH	SRA1297791		public	BE4F5EEC2D30E006A452174D56157B9C	467D5E3D033DD44741F74815D8BB096F	https://www.ncbi.nlm.nih.gov/sra/?term=SRR16098090	https://www.ncbi.nlm.nih.gov/bioproject/PRJNA744419	https://www.ncbi.nlm.nih.gov/biosample/SAMN20114747	https://www.ncbi.nlm.nih.gov/sra/?term=SRX12384199	https://sra-downloadb.be-md.ncbi.nlm.nih.gov/sos9/sra-pub-zq-924/SRR016/16098/SRR16098090/SRR16098090.lite.1	308	
373	SRR16098091	2021-12-07 05:25:02	2021-09-28 13:12:21	30484425	6946238875	26665971	227	2400		https://sra-downloadb.be-md.ncbi.nlm.nih.gov/sos8/sra-pub-zq-820/SRR016/16098/SRR16098091/SRR16098091.lite.1	SRX12384198	LD-T0-R2-Library_S6	RNA-Seq	PCR	TRANSCRIPTOMIC	PAIRED	0	0	ILLUMINA	Illumina HiSeq 2500	SRP334252	PRJNA744419		744419	SRS9930417	SAMN20114702	simple	13443	Coffea arabica	LD-T0-R2							no					NESTLE RESEARCH	SRA1297791		public	04E60BDEAC34ADB979153E7E29FAF9C4	F2D4C1727C6D9EEBACE9DB86D6F92943	https://www.ncbi.nlm.nih.gov/sra/?term=SRR16098091	https://www.ncbi.nlm.nih.gov/bioproject/PRJNA744419	https://www.ncbi.nlm.nih.gov/biosample/SAMN20114702	https://www.ncbi.nlm.nih.gov/sra/?term=SRX12384198	https://sra-downloadb.be-md.ncbi.nlm.nih.gov/sos8/sra-pub-zq-820/SRR016/16098/SRR16098091/SRR16098091.lite.1	309	
374	SRR16098092	2021-12-07 05:25:02	2021-09-28 13:13:04	29808626	7209058965	29808626	241	2540		https://sra-downloadb.be-md.ncbi.nlm.nih.gov/sos4/sra-pub-zq-1/SRR016/16098/SRR16098092/SRR16098092.lite.1	SRX12384197	G-R3-Library_S38	RNA-Seq	PCR	TRANSCRIPTOMIC	PAIRED	0	0	ILLUMINA	Illumina HiSeq 2500	SRP334252	PRJNA744419		744419	SRS9930416	SAMN20114746	simple	13443	Coffea arabica	G-R3							no					NESTLE RESEARCH	SRA1297791		public	E3EA34FDE7A6394E23BFA48FA95E11AD	3FF57C9DC1BC43D5AA8074B280A0413B	https://www.ncbi.nlm.nih.gov/sra/?term=SRR16098092	https://www.ncbi.nlm.nih.gov/bioproject/PRJNA744419	https://www.ncbi.nlm.nih.gov/biosample/SAMN20114746	https://www.ncbi.nlm.nih.gov/sra/?term=SRX12384197	https://sra-downloadb.be-md.ncbi.nlm.nih.gov/sos4/sra-pub-zq-1/SRR016/16098/SRR16098092/SRR16098092.lite.1	310	
375	SRR16098093	2021-12-07 05:25:02	2021-09-28 13:24:08	27486738	6671348418	27486738	242	2353		https://sra-downloadb.be-md.ncbi.nlm.nih.gov/sos1/sra-pub-zq-38/SRR016/16098/SRR16098093/SRR16098093.lite.1	SRX12384196	G-R2-Library_S37	RNA-Seq	PCR	TRANSCRIPTOMIC	PAIRED	0	0	ILLUMINA	Illumina HiSeq 2500	SRP334252	PRJNA744419		744419	SRS9930415	SAMN20114745	simple	13443	Coffea arabica	G-R2							no					NESTLE RESEARCH	SRA1297791		public	128544B6079C3AA046D54E6B27C09BF4	56A164048234FFC50B9C01B52085FC09	https://www.ncbi.nlm.nih.gov/sra/?term=SRR16098093	https://www.ncbi.nlm.nih.gov/bioproject/PRJNA744419	https://www.ncbi.nlm.nih.gov/biosample/SAMN20114745	https://www.ncbi.nlm.nih.gov/sra/?term=SRX12384196	https://sra-downloadb.be-md.ncbi.nlm.nih.gov/sos1/sra-pub-zq-38/SRR016/16098/SRR16098093/SRR16098093.lite.1	311	
376	SRR16098094	2021-12-07 05:25:02	2021-09-28 13:24:38	38857452	9275311699	38857452	238	3255		https://sra-downloadb.be-md.ncbi.nlm.nih.gov/sos9/sra-pub-zq-924/SRR016/16098/SRR16098094/SRR16098094.lite.1	SRX12384195	G-R1-Library_S60	RNA-Seq	PCR	TRANSCRIPTOMIC	PAIRED	0	0	ILLUMINA	Illumina HiSeq 2500	SRP334252	PRJNA744419		744419	SRS9930414	SAMN20114744	simple	13443	Coffea arabica	G-R1							no					NESTLE RESEARCH	SRA1297791		public	DE9E2D1B34858547FB806E9056779F19	BC5E3006AEF954D9D43F1DA309CC591E	https://www.ncbi.nlm.nih.gov/sra/?term=SRR16098094	https://www.ncbi.nlm.nih.gov/bioproject/PRJNA744419	https://www.ncbi.nlm.nih.gov/biosample/SAMN20114744	https://www.ncbi.nlm.nih.gov/sra/?term=SRX12384195	https://sra-downloadb.be-md.ncbi.nlm.nih.gov/sos9/sra-pub-zq-924/SRR016/16098/SRR16098094/SRR16098094.lite.1	312	
377	SRR16098095	2021-12-07 05:25:02	2021-09-28 13:25:24	35734190	8613604148	35734190	241	3000		https://sra-downloadb.be-md.ncbi.nlm.nih.gov/sos9/sra-pub-zq-924/SRR016/16098/SRR16098095/SRR16098095.lite.1	SRX12384194	CD-T10-R4-Library_S57	RNA-Seq	PCR	TRANSCRIPTOMIC	PAIRED	0	0	ILLUMINA	Illumina HiSeq 2500	SRP334252	PRJNA744419		744419	SRS9930413	SAMN20114743	simple	13443	Coffea arabica	CD-T10-R4							no					NESTLE RESEARCH	SRA1297791		public	483D8D1938D61A304903E4A29B06332A	79B276ADE418D551EDC145E0E02AE158	https://www.ncbi.nlm.nih.gov/sra/?term=SRR16098095	https://www.ncbi.nlm.nih.gov/bioproject/PRJNA744419	https://www.ncbi.nlm.nih.gov/biosample/SAMN20114743	https://www.ncbi.nlm.nih.gov/sra/?term=SRX12384194	https://sra-downloadb.be-md.ncbi.nlm.nih.gov/sos9/sra-pub-zq-924/SRR016/16098/SRR16098095/SRR16098095.lite.1	313	
378	SRR16098096	2021-12-07 05:25:02	2021-09-28 13:35:26	38329471	9232706582	38329471	240	3239		https://sra-downloadb.be-md.ncbi.nlm.nih.gov/sos9/sra-pub-zq-924/SRR016/16098/SRR16098096/SRR16098096.lite.1	SRX12384193	CD-T10-R3-Library_S54	RNA-Seq	PCR	TRANSCRIPTOMIC	PAIRED	0	0	ILLUMINA	Illumina HiSeq 2500	SRP334252	PRJNA744419		744419	SRS9930412	SAMN20114742	simple	13443	Coffea arabica	CD-T10-R3							no					NESTLE RESEARCH	SRA1297791		public	30146AAFA7736FA35700BE75C995CA9F	E9B58D8495093A6888448F5AF2AF3EEE	https://www.ncbi.nlm.nih.gov/sra/?term=SRR16098096	https://www.ncbi.nlm.nih.gov/bioproject/PRJNA744419	https://www.ncbi.nlm.nih.gov/biosample/SAMN20114742	https://www.ncbi.nlm.nih.gov/sra/?term=SRX12384193	https://sra-downloadb.be-md.ncbi.nlm.nih.gov/sos9/sra-pub-zq-924/SRR016/16098/SRR16098096/SRR16098096.lite.1	314	
379	SRR16098097	2021-12-07 05:25:02	2021-09-28 13:18:38	28165326	6792048727	28165326	241	2398		https://sra-downloadb.be-md.ncbi.nlm.nih.gov/sos9/sra-pub-zq-924/SRR016/16098/SRR16098097/SRR16098097.lite.1	SRX12384192	CD-T10-R2-Library_S36	RNA-Seq	PCR	TRANSCRIPTOMIC	PAIRED	0	0	ILLUMINA	Illumina HiSeq 2500	SRP334252	PRJNA744419		744419	SRS9930411	SAMN20114741	simple	13443	Coffea arabica	CD-T10-R2							no					NESTLE RESEARCH	SRA1297791		public	44A7BD658FEAED53CD3B256B73412927	447957A449C0720DE28F357064924505	https://www.ncbi.nlm.nih.gov/sra/?term=SRR16098097	https://www.ncbi.nlm.nih.gov/bioproject/PRJNA744419	https://www.ncbi.nlm.nih.gov/biosample/SAMN20114741	https://www.ncbi.nlm.nih.gov/sra/?term=SRX12384192	https://sra-downloadb.be-md.ncbi.nlm.nih.gov/sos9/sra-pub-zq-924/SRR016/16098/SRR16098097/SRR16098097.lite.1	315	
380	SRR16098098	2021-12-07 05:25:02	2021-09-28 13:30:42	27491471	6648174808	27491471	241	2334		https://sra-downloadb.be-md.ncbi.nlm.nih.gov/sos4/sra-pub-zq-1/SRR016/16098/SRR16098098/SRR16098098.lite.1	SRX12384191	CD-T10-R1-Library_S35	RNA-Seq	PCR	TRANSCRIPTOMIC	PAIRED	0	0	ILLUMINA	Illumina HiSeq 2500	SRP334252	PRJNA744419		744419	SRS9930410	SAMN20114740	simple	13443	Coffea arabica	CD-T10-R1							no					NESTLE RESEARCH	SRA1297791		public	1488A975F644E31F8DFB78B55C6D9A2B	CC9026D140169D5CC0C08F971147ADF8	https://www.ncbi.nlm.nih.gov/sra/?term=SRR16098098	https://www.ncbi.nlm.nih.gov/bioproject/PRJNA744419	https://www.ncbi.nlm.nih.gov/biosample/SAMN20114740	https://www.ncbi.nlm.nih.gov/sra/?term=SRX12384191	https://sra-downloadb.be-md.ncbi.nlm.nih.gov/sos4/sra-pub-zq-1/SRR016/16098/SRR16098098/SRR16098098.lite.1	316	
381	SRR16098099	2021-12-07 05:25:02	2021-09-28 13:03:35	10046238	2379720731	10046238	236	832		https://sra-downloadb.be-md.ncbi.nlm.nih.gov/sos9/sra-pub-zq-924/SRR016/16098/SRR16098099/SRR16098099.lite.1	SRX12384190	CD-T3-R4-Library_S34	RNA-Seq	PCR	TRANSCRIPTOMIC	PAIRED	0	0	ILLUMINA	Illumina HiSeq 2500	SRP334252	PRJNA744419		744419	SRS9930409	SAMN20114739	simple	13443	Coffea arabica	CD-T3-R4							no					NESTLE RESEARCH	SRA1297791		public	8B578A2279CA67DA7B7C077AA0D617D9	03866BC80A1BBF3287F686677B650388	https://www.ncbi.nlm.nih.gov/sra/?term=SRR16098099	https://www.ncbi.nlm.nih.gov/bioproject/PRJNA744419	https://www.ncbi.nlm.nih.gov/biosample/SAMN20114739	https://www.ncbi.nlm.nih.gov/sra/?term=SRX12384190	https://sra-downloadb.be-md.ncbi.nlm.nih.gov/sos9/sra-pub-zq-924/SRR016/16098/SRR16098099/SRR16098099.lite.1	317	
382	SRR16098100	2021-12-07 05:25:02	2021-09-28 13:15:07	27394185	6647687747	27394185	242	2312		https://sra-downloadb.be-md.ncbi.nlm.nih.gov/sos9/sra-pub-zq-924/SRR016/16098/SRR16098100/SRR16098100.lite.1	SRX12384189	CD-T3-R3-Library_S33	RNA-Seq	PCR	TRANSCRIPTOMIC	PAIRED	0	0	ILLUMINA	Illumina HiSeq 2500	SRP334252	PRJNA744419		744419	SRS9930408	SAMN20114738	simple	13443	Coffea arabica	CD-T3-R3							no					NESTLE RESEARCH	SRA1297791		public	D87A5F89316C3765EFF9A7904F08899D	3894F2496D58C5FCB52585303CCF8DB1	https://www.ncbi.nlm.nih.gov/sra/?term=SRR16098100	https://www.ncbi.nlm.nih.gov/bioproject/PRJNA744419	https://www.ncbi.nlm.nih.gov/biosample/SAMN20114738	https://www.ncbi.nlm.nih.gov/sra/?term=SRX12384189	https://sra-downloadb.be-md.ncbi.nlm.nih.gov/sos9/sra-pub-zq-924/SRR016/16098/SRR16098100/SRR16098100.lite.1	318	
383	SRR16098101	2021-12-07 05:25:02	2021-09-28 13:15:28	30447638	7403021000	30447638	243	2581		https://sra-downloadb.be-md.ncbi.nlm.nih.gov/sos9/sra-pub-zq-924/SRR016/16098/SRR16098101/SRR16098101.lite.1	SRX12384188	CD-T3-R2-Library_S32	RNA-Seq	PCR	TRANSCRIPTOMIC	PAIRED	0	0	ILLUMINA	Illumina HiSeq 2500	SRP334252	PRJNA744419		744419	SRS9930407	SAMN20114737	simple	13443	Coffea arabica	CD-T3-R2							no					NESTLE RESEARCH	SRA1297791		public	9A4F87A6C38122CB1C1BDA292C1261E0	BF949625B682FEC82C2AC581A1B9C6CD	https://www.ncbi.nlm.nih.gov/sra/?term=SRR16098101	https://www.ncbi.nlm.nih.gov/bioproject/PRJNA744419	https://www.ncbi.nlm.nih.gov/biosample/SAMN20114737	https://www.ncbi.nlm.nih.gov/sra/?term=SRX12384188	https://sra-downloadb.be-md.ncbi.nlm.nih.gov/sos9/sra-pub-zq-924/SRR016/16098/SRR16098101/SRR16098101.lite.1	319	
384	SRR16098102	2021-12-07 05:25:02	2021-09-28 13:41:44	27282651	6577158401	27282651	241	2275		https://sra-downloadb.be-md.ncbi.nlm.nih.gov/sos8/sra-pub-zq-820/SRR016/16098/SRR16098102/SRR16098102.lite.1	SRX12384187	LD-T0-R1-Library_S5	RNA-Seq	PCR	TRANSCRIPTOMIC	PAIRED	0	0	ILLUMINA	Illumina HiSeq 2500	SRP334252	PRJNA744419		744419	SRS9930406	SAMN20114701	simple	13443	Coffea arabica	LD-T0-R1							no					NESTLE RESEARCH	SRA1297791		public	3912218169D1E9B1C37F77124207B1C6	8D3D4C5DD5ACBDDE6D69578B2C812B7C	https://www.ncbi.nlm.nih.gov/sra/?term=SRR16098102	https://www.ncbi.nlm.nih.gov/bioproject/PRJNA744419	https://www.ncbi.nlm.nih.gov/biosample/SAMN20114701	https://www.ncbi.nlm.nih.gov/sra/?term=SRX12384187	https://sra-downloadb.be-md.ncbi.nlm.nih.gov/sos8/sra-pub-zq-820/SRR016/16098/SRR16098102/SRR16098102.lite.1	320	
385	SRR16098103	2021-12-07 05:25:02	2021-09-28 13:22:29	30653864	7449487523	30653864	243	2588		https://sra-downloadb.be-md.ncbi.nlm.nih.gov/sos1/sra-pub-zq-38/SRR016/16098/SRR16098103/SRR16098103.lite.1	SRX12384186	CD-T3-R1-Library_S31	RNA-Seq	PCR	TRANSCRIPTOMIC	PAIRED	0	0	ILLUMINA	Illumina HiSeq 2500	SRP334252	PRJNA744419		744419	SRS9930405	SAMN20114736	simple	13443	Coffea arabica	CD-T3-R1							no					NESTLE RESEARCH	SRA1297791		public	BB24EE51A033F62A72C19A9D41D0D1EA	A16DBE11F088B7AF30662F2520C5B2B1	https://www.ncbi.nlm.nih.gov/sra/?term=SRR16098103	https://www.ncbi.nlm.nih.gov/bioproject/PRJNA744419	https://www.ncbi.nlm.nih.gov/biosample/SAMN20114736	https://www.ncbi.nlm.nih.gov/sra/?term=SRX12384186	https://sra-downloadb.be-md.ncbi.nlm.nih.gov/sos1/sra-pub-zq-38/SRR016/16098/SRR16098103/SRR16098103.lite.1	321	
386	SRR16098104	2021-12-07 05:25:02	2021-09-28 13:25:05	28555204	6946717748	28555204	243	2434		https://sra-downloadb.be-md.ncbi.nlm.nih.gov/sos9/sra-pub-zq-924/SRR016/16098/SRR16098104/SRR16098104.lite.1	SRX12384185	CD-T1-R4-Library_S30	RNA-Seq	PCR	TRANSCRIPTOMIC	PAIRED	0	0	ILLUMINA	Illumina HiSeq 2500	SRP334252	PRJNA744419		744419	SRS9930404	SAMN20114735	simple	13443	Coffea arabica	CD-T1-R4							no					NESTLE RESEARCH	SRA1297791		public	8C359254EECC4CE2F74EA6603B2F9A76	167B595337765DC88E514E899E07718B	https://www.ncbi.nlm.nih.gov/sra/?term=SRR16098104	https://www.ncbi.nlm.nih.gov/bioproject/PRJNA744419	https://www.ncbi.nlm.nih.gov/biosample/SAMN20114735	https://www.ncbi.nlm.nih.gov/sra/?term=SRX12384185	https://sra-downloadb.be-md.ncbi.nlm.nih.gov/sos9/sra-pub-zq-924/SRR016/16098/SRR16098104/SRR16098104.lite.1	322	
387	SRR16098105	2021-12-07 05:25:02	2021-09-28 13:40:27	31124630	7553584050	31124630	242	2651		https://sra-downloadb.be-md.ncbi.nlm.nih.gov/sos9/sra-pub-zq-924/SRR016/16098/SRR16098105/SRR16098105.lite.1	SRX12384184	CD-T1-R3-Library_S29	RNA-Seq	PCR	TRANSCRIPTOMIC	PAIRED	0	0	ILLUMINA	Illumina HiSeq 2500	SRP334252	PRJNA744419		744419	SRS9930403	SAMN20114734	simple	13443	Coffea arabica	CD-T1-R3							no					NESTLE RESEARCH	SRA1297791		public	6C9F346AE1A4E80A1BF314F975D32C13	AE3DD9140433191568A26CF6C01E2186	https://www.ncbi.nlm.nih.gov/sra/?term=SRR16098105	https://www.ncbi.nlm.nih.gov/bioproject/PRJNA744419	https://www.ncbi.nlm.nih.gov/biosample/SAMN20114734	https://www.ncbi.nlm.nih.gov/sra/?term=SRX12384184	https://sra-downloadb.be-md.ncbi.nlm.nih.gov/sos9/sra-pub-zq-924/SRR016/16098/SRR16098105/SRR16098105.lite.1	323	
388	SRR16098106	2021-12-07 05:25:02	2021-09-28 13:14:04	31314715	7612662357	31314715	243	2686		https://sra-downloadb.be-md.ncbi.nlm.nih.gov/sos8/sra-pub-zq-820/SRR016/16098/SRR16098106/SRR16098106.lite.1	SRX12384183	CD-T1-R2-Library_S28	RNA-Seq	PCR	TRANSCRIPTOMIC	PAIRED	0	0	ILLUMINA	Illumina HiSeq 2500	SRP334252	PRJNA744419		744419	SRS9930402	SAMN20114733	simple	13443	Coffea arabica	CD-T1-R2							no					NESTLE RESEARCH	SRA1297791		public	1C769AC0E60A559F9F31D6D323BBDB71	BE2E5E5C085784CA4282820535F1ED25	https://www.ncbi.nlm.nih.gov/sra/?term=SRR16098106	https://www.ncbi.nlm.nih.gov/bioproject/PRJNA744419	https://www.ncbi.nlm.nih.gov/biosample/SAMN20114733	https://www.ncbi.nlm.nih.gov/sra/?term=SRX12384183	https://sra-downloadb.be-md.ncbi.nlm.nih.gov/sos8/sra-pub-zq-820/SRR016/16098/SRR16098106/SRR16098106.lite.1	324	
389	SRR16098107	2021-12-07 05:25:02	2021-09-28 13:13:39	29883011	7188742290	29883011	240	2506		https://sra-downloadb.be-md.ncbi.nlm.nih.gov/sos8/sra-pub-zq-820/SRR016/16098/SRR16098107/SRR16098107.lite.1	SRX12384182	CD-T1-R1-Library_S52	RNA-Seq	PCR	TRANSCRIPTOMIC	PAIRED	0	0	ILLUMINA	Illumina HiSeq 2500	SRP334252	PRJNA744419		744419	SRS9930401	SAMN20114732	simple	13443	Coffea arabica	CD-T1-R1							no					NESTLE RESEARCH	SRA1297791		public	209467402BEAEF1CC85A1490C067307F	76CDB5F03F7EF127B659E897E547E0C5	https://www.ncbi.nlm.nih.gov/sra/?term=SRR16098107	https://www.ncbi.nlm.nih.gov/bioproject/PRJNA744419	https://www.ncbi.nlm.nih.gov/biosample/SAMN20114732	https://www.ncbi.nlm.nih.gov/sra/?term=SRX12384182	https://sra-downloadb.be-md.ncbi.nlm.nih.gov/sos8/sra-pub-zq-820/SRR016/16098/SRR16098107/SRR16098107.lite.1	325	
390	SRR16098108	2021-12-07 05:25:02	2021-09-28 13:16:17	26707707	6442749921	26707707	241	2231		https://sra-downloadb.be-md.ncbi.nlm.nih.gov/sos8/sra-pub-zq-820/SRR016/16098/SRR16098108/SRR16098108.lite.1	SRX12384181	CR-R4-Library_S50	RNA-Seq	PCR	TRANSCRIPTOMIC	PAIRED	0	0	ILLUMINA	Illumina HiSeq 2500	SRP334252	PRJNA744419		744419	SRS9930400	SAMN20114731	simple	13443	Coffea arabica	CR-R4							no					NESTLE RESEARCH	SRA1297791		public	AD0F3F22B42F608D58FD4E6D0DB5D463	F8954108E5DE9D3F7DDF08C682CF7C57	https://www.ncbi.nlm.nih.gov/sra/?term=SRR16098108	https://www.ncbi.nlm.nih.gov/bioproject/PRJNA744419	https://www.ncbi.nlm.nih.gov/biosample/SAMN20114731	https://www.ncbi.nlm.nih.gov/sra/?term=SRX12384181	https://sra-downloadb.be-md.ncbi.nlm.nih.gov/sos8/sra-pub-zq-820/SRR016/16098/SRR16098108/SRR16098108.lite.1	326	
391	SRR16098109	2021-12-07 05:25:02	2021-09-28 13:11:58	29722787	7162467076	29722787	240	2505		https://sra-downloadb.be-md.ncbi.nlm.nih.gov/sos8/sra-pub-zq-820/SRR016/16098/SRR16098109/SRR16098109.lite.1	SRX12384180	CR-R3-Library_S48	RNA-Seq	PCR	TRANSCRIPTOMIC	PAIRED	0	0	ILLUMINA	Illumina HiSeq 2500	SRP334252	PRJNA744419		744419	SRS9930399	SAMN20114730	simple	13443	Coffea arabica	CR-R3							no					NESTLE RESEARCH	SRA1297791		public	D5871BC17A1D998C5AE7432498A42206	10963834FA5FA24933BE9C8065ED3F1D	https://www.ncbi.nlm.nih.gov/sra/?term=SRR16098109	https://www.ncbi.nlm.nih.gov/bioproject/PRJNA744419	https://www.ncbi.nlm.nih.gov/biosample/SAMN20114730	https://www.ncbi.nlm.nih.gov/sra/?term=SRX12384180	https://sra-downloadb.be-md.ncbi.nlm.nih.gov/sos8/sra-pub-zq-820/SRR016/16098/SRR16098109/SRR16098109.lite.1	327	
392	SRR16098110	2021-12-07 05:25:02	2021-09-28 13:41:55	30683185	7381227645	30683185	240	2570		https://sra-downloadb.be-md.ncbi.nlm.nih.gov/sos9/sra-pub-zq-924/SRR016/16098/SRR16098110/SRR16098110.lite.1	SRX12384179	CR-R2-Library_S27	RNA-Seq	PCR	TRANSCRIPTOMIC	PAIRED	0	0	ILLUMINA	Illumina HiSeq 2500	SRP334252	PRJNA744419		744419	SRS9930398	SAMN20114729	simple	13443	Coffea arabica	CR-R2							no					NESTLE RESEARCH	SRA1297791		public	607BA1E6E9604CB3D1B2042CE807BE41	930C18B3998FCD536E6B31C8E47FD06D	https://www.ncbi.nlm.nih.gov/sra/?term=SRR16098110	https://www.ncbi.nlm.nih.gov/bioproject/PRJNA744419	https://www.ncbi.nlm.nih.gov/biosample/SAMN20114729	https://www.ncbi.nlm.nih.gov/sra/?term=SRX12384179	https://sra-downloadb.be-md.ncbi.nlm.nih.gov/sos9/sra-pub-zq-924/SRR016/16098/SRR16098110/SRR16098110.lite.1	328	
393	SRR16098111	2021-12-07 05:25:02	2021-09-28 13:32:25	29155072	7045667735	29155072	241	2448		https://sra-downloadb.be-md.ncbi.nlm.nih.gov/sos1/sra-pub-zq-38/SRR016/16098/SRR16098111/SRR16098111.lite.1	SRX12384178	CR-R1-Library_S26	RNA-Seq	PCR	TRANSCRIPTOMIC	PAIRED	0	0	ILLUMINA	Illumina HiSeq 2500	SRP334252	PRJNA744419		744419	SRS9930397	SAMN20114728	simple	13443	Coffea arabica	CR-R1							no					NESTLE RESEARCH	SRA1297791		public	84EE32E28784439F7A3D496235AE9CF8	31485FCFB139B65F49033DC48677591C	https://www.ncbi.nlm.nih.gov/sra/?term=SRR16098111	https://www.ncbi.nlm.nih.gov/bioproject/PRJNA744419	https://www.ncbi.nlm.nih.gov/biosample/SAMN20114728	https://www.ncbi.nlm.nih.gov/sra/?term=SRX12384178	https://sra-downloadb.be-md.ncbi.nlm.nih.gov/sos1/sra-pub-zq-38/SRR016/16098/SRR16098111/SRR16098111.lite.1	329	
394	SRR16098112	2021-12-07 05:25:02	2021-09-28 13:18:37	27166487	6565539252	27166487	241	2265		https://sra-downloadb.be-md.ncbi.nlm.nih.gov/sos9/sra-pub-zq-924/SRR016/16098/SRR16098112/SRR16098112.lite.1	SRX12384177	CS-R4-Library_S25	RNA-Seq	PCR	TRANSCRIPTOMIC	PAIRED	0	0	ILLUMINA	Illumina HiSeq 2500	SRP334252	PRJNA744419		744419	SRS9930396	SAMN20114727	simple	13443	Coffea arabica	CS-R4							no					NESTLE RESEARCH	SRA1297791		public	270A206DE1AD19B50AFA93F22DFEBA39	3590EDCBE3A73414B3478DF8E36F68A1	https://www.ncbi.nlm.nih.gov/sra/?term=SRR16098112	https://www.ncbi.nlm.nih.gov/bioproject/PRJNA744419	https://www.ncbi.nlm.nih.gov/biosample/SAMN20114727	https://www.ncbi.nlm.nih.gov/sra/?term=SRX12384177	https://sra-downloadb.be-md.ncbi.nlm.nih.gov/sos9/sra-pub-zq-924/SRR016/16098/SRR16098112/SRR16098112.lite.1	330	
395	SRR16098113	2021-12-07 05:25:02	2021-09-28 13:14:58	29294710	7079541508	29294710	241	2448		https://sra-downloadb.be-md.ncbi.nlm.nih.gov/sos9/sra-pub-zq-924/SRR016/16098/SRR16098113/SRR16098113.lite.1	SRX12384176	L-T0-R4-Library_S4	RNA-Seq	PCR	TRANSCRIPTOMIC	PAIRED	0	0	ILLUMINA	Illumina HiSeq 2500	SRP334252	PRJNA744419		744419	SRS9930395	SAMN20114700	simple	13443	Coffea arabica	L-T0-R4							no					NESTLE RESEARCH	SRA1297791		public	D680FA205F1AE6D0D057AFC8D9471C8D	3607CFD6B6F9D2A5161D29C06437CA5C	https://www.ncbi.nlm.nih.gov/sra/?term=SRR16098113	https://www.ncbi.nlm.nih.gov/bioproject/PRJNA744419	https://www.ncbi.nlm.nih.gov/biosample/SAMN20114700	https://www.ncbi.nlm.nih.gov/sra/?term=SRX12384176	https://sra-downloadb.be-md.ncbi.nlm.nih.gov/sos9/sra-pub-zq-924/SRR016/16098/SRR16098113/SRR16098113.lite.1	331	
396	SRR16098114	2021-12-07 05:25:02	2021-09-28 13:23:51	30801716	7487244295	30801716	243	2579		https://sra-downloadb.be-md.ncbi.nlm.nih.gov/sos9/sra-pub-zq-924/SRR016/16098/SRR16098114/SRR16098114.lite.1	SRX12384175	CS-R3-Library_S24	RNA-Seq	PCR	TRANSCRIPTOMIC	PAIRED	0	0	ILLUMINA	Illumina HiSeq 2500	SRP334252	PRJNA744419		744419	SRS9930394	SAMN20114726	simple	13443	Coffea arabica	CS-R3							no					NESTLE RESEARCH	SRA1297791		public	B053F49E4B9D0F0CB409278121CCE759	CD73D22E12EF058DBD9FCE259A054BFC	https://www.ncbi.nlm.nih.gov/sra/?term=SRR16098114	https://www.ncbi.nlm.nih.gov/bioproject/PRJNA744419	https://www.ncbi.nlm.nih.gov/biosample/SAMN20114726	https://www.ncbi.nlm.nih.gov/sra/?term=SRX12384175	https://sra-downloadb.be-md.ncbi.nlm.nih.gov/sos9/sra-pub-zq-924/SRR016/16098/SRR16098114/SRR16098114.lite.1	332	
397	SRR16098115	2021-12-07 05:25:02	2021-09-28 13:21:28	33136375	8103430276	33136375	244	2788		https://sra-downloadb.be-md.ncbi.nlm.nih.gov/sos1/sra-pub-zq-38/SRR016/16098/SRR16098115/SRR16098115.lite.1	SRX12384174	CS-R2-Library_S23	RNA-Seq	PCR	TRANSCRIPTOMIC	PAIRED	0	0	ILLUMINA	Illumina HiSeq 2500	SRP334252	PRJNA744419		744419	SRS9930393	SAMN20114725	simple	13443	Coffea arabica	CS-R2							no					NESTLE RESEARCH	SRA1297791		public	A50B827F2CDC597D7D732BCF3531773B	7447135E987C9F7D6FE7E0F608DDCED3	https://www.ncbi.nlm.nih.gov/sra/?term=SRR16098115	https://www.ncbi.nlm.nih.gov/bioproject/PRJNA744419	https://www.ncbi.nlm.nih.gov/biosample/SAMN20114725	https://www.ncbi.nlm.nih.gov/sra/?term=SRX12384174	https://sra-downloadb.be-md.ncbi.nlm.nih.gov/sos1/sra-pub-zq-38/SRR016/16098/SRR16098115/SRR16098115.lite.1	333	
398	SRR16098116	2021-12-07 05:25:02	2021-09-28 13:15:03	35254445	8551140621	35254445	242	2938		https://sra-downloadb.be-md.ncbi.nlm.nih.gov/sos9/sra-pub-zq-922/SRR016/16098/SRR16098116/SRR16098116.lite.1	SRX12384173	CS-R1-Library_S22	RNA-Seq	PCR	TRANSCRIPTOMIC	PAIRED	0	0	ILLUMINA	Illumina HiSeq 2500	SRP334252	PRJNA744419		744419	SRS9930392	SAMN20114724	simple	13443	Coffea arabica	CS-R1							no					NESTLE RESEARCH	SRA1297791		public	E97860F520CC61E4A6A0C6854C3D4404	438EA08BCD6220BAFDF42F2E72FEBCA7	https://www.ncbi.nlm.nih.gov/sra/?term=SRR16098116	https://www.ncbi.nlm.nih.gov/bioproject/PRJNA744419	https://www.ncbi.nlm.nih.gov/biosample/SAMN20114724	https://www.ncbi.nlm.nih.gov/sra/?term=SRX12384173	https://sra-downloadb.be-md.ncbi.nlm.nih.gov/sos9/sra-pub-zq-922/SRR016/16098/SRR16098116/SRR16098116.lite.1	334	
399	SRR16098117	2021-12-07 05:25:02	2021-09-28 13:48:46	30312574	7390121679	30312574	243	2561		https://sra-downloadb.be-md.ncbi.nlm.nih.gov/sos8/sra-pub-zq-818/SRR016/16098/SRR16098117/SRR16098117.lite.1	SRX12384172	CE-R4-Library_S21	RNA-Seq	PCR	TRANSCRIPTOMIC	PAIRED	0	0	ILLUMINA	Illumina HiSeq 2500	SRP334252	PRJNA744419		744419	SRS9930391	SAMN20114723	simple	13443	Coffea arabica	CE-R4							no					NESTLE RESEARCH	SRA1297791		public	43009CEA6A0C5BDC41388069D1088675	85411ED7FAC6AFB2EC1B4577F2EBB177	https://www.ncbi.nlm.nih.gov/sra/?term=SRR16098117	https://www.ncbi.nlm.nih.gov/bioproject/PRJNA744419	https://www.ncbi.nlm.nih.gov/biosample/SAMN20114723	https://www.ncbi.nlm.nih.gov/sra/?term=SRX12384172	https://sra-downloadb.be-md.ncbi.nlm.nih.gov/sos8/sra-pub-zq-818/SRR016/16098/SRR16098117/SRR16098117.lite.1	335	
400	SRR16098118	2021-12-07 05:25:02	2021-09-28 13:29:52	34645323	8467761662	34645323	244	2945		https://sra-downloadb.be-md.ncbi.nlm.nih.gov/sos8/sra-pub-zq-820/SRR016/16098/SRR16098118/SRR16098118.lite.1	SRX12384171	CE-R3-Library_S20	RNA-Seq	PCR	TRANSCRIPTOMIC	PAIRED	0	0	ILLUMINA	Illumina HiSeq 2500	SRP334252	PRJNA744419		744419	SRS9930390	SAMN20114722	simple	13443	Coffea arabica	CE-R3							no					NESTLE RESEARCH	SRA1297791		public	0578D1FB3714105D0DF46EE0EE640F29	E3784D7171DF9BE091D9B7217D01A022	https://www.ncbi.nlm.nih.gov/sra/?term=SRR16098118	https://www.ncbi.nlm.nih.gov/bioproject/PRJNA744419	https://www.ncbi.nlm.nih.gov/biosample/SAMN20114722	https://www.ncbi.nlm.nih.gov/sra/?term=SRX12384171	https://sra-downloadb.be-md.ncbi.nlm.nih.gov/sos8/sra-pub-zq-820/SRR016/16098/SRR16098118/SRR16098118.lite.1	336	
401	SRR16098119	2021-12-07 05:25:02	2021-09-28 13:22:21	30610187	7470968455	30610187	244	2591		https://sra-downloadb.be-md.ncbi.nlm.nih.gov/sos1/sra-pub-zq-38/SRR016/16098/SRR16098119/SRR16098119.lite.1	SRX12384170	CE-R2-Library_S19	RNA-Seq	PCR	TRANSCRIPTOMIC	PAIRED	0	0	ILLUMINA	Illumina HiSeq 2500	SRP334252	PRJNA744419		744419	SRS9930389	SAMN20114721	simple	13443	Coffea arabica	CE-R2							no					NESTLE RESEARCH	SRA1297791		public	944E660ED180F6DFB8E4E44EB17F9BFD	37330A1C3378DF44C7C250DB17479412	https://www.ncbi.nlm.nih.gov/sra/?term=SRR16098119	https://www.ncbi.nlm.nih.gov/bioproject/PRJNA744419	https://www.ncbi.nlm.nih.gov/biosample/SAMN20114721	https://www.ncbi.nlm.nih.gov/sra/?term=SRX12384170	https://sra-downloadb.be-md.ncbi.nlm.nih.gov/sos1/sra-pub-zq-38/SRR016/16098/SRR16098119/SRR16098119.lite.1	337	
402	SRR16098120	2021-12-07 05:25:02	2021-09-28 13:18:45	27497544	6638267356	27497544	241	2313		https://sra-downloadb.be-md.ncbi.nlm.nih.gov/sos9/sra-pub-zq-922/SRR016/16098/SRR16098120/SRR16098120.lite.1	SRX12384169	CE-R1-Library_S59	RNA-Seq	PCR	TRANSCRIPTOMIC	PAIRED	0	0	ILLUMINA	Illumina HiSeq 2500	SRP334252	PRJNA744419		744419	SRS9930388	SAMN20114720	simple	13443	Coffea arabica	CE-R1							no					NESTLE RESEARCH	SRA1297791		public	4D7C0D127AF4A8DDAD1C9539A618F81E	B0D22F21514590C120BE16DB36746848	https://www.ncbi.nlm.nih.gov/sra/?term=SRR16098120	https://www.ncbi.nlm.nih.gov/bioproject/PRJNA744419	https://www.ncbi.nlm.nih.gov/biosample/SAMN20114720	https://www.ncbi.nlm.nih.gov/sra/?term=SRX12384169	https://sra-downloadb.be-md.ncbi.nlm.nih.gov/sos9/sra-pub-zq-922/SRR016/16098/SRR16098120/SRR16098120.lite.1	338	
403	SRR16098121	2021-12-07 05:25:02	2021-09-28 13:17:18	27732979	6654644464	27732979	239	2320		https://sra-downloadb.be-md.ncbi.nlm.nih.gov/sos1/sra-pub-zq-38/SRR016/16098/SRR16098121/SRR16098121.lite.1	SRX12384168	LD-T10-R3-Library_S56	RNA-Seq	PCR	TRANSCRIPTOMIC	PAIRED	0	0	ILLUMINA	Illumina HiSeq 2500	SRP334252	PRJNA744419		744419	SRS9930387	SAMN20114719	simple	13443	Coffea arabica	LD-T10-R3							no					NESTLE RESEARCH	SRA1297791		public	85F6B70A0DE7F4A6A24E7E96E20BD59B	93E4A5579F4B46E4554B4891E584B92D	https://www.ncbi.nlm.nih.gov/sra/?term=SRR16098121	https://www.ncbi.nlm.nih.gov/bioproject/PRJNA744419	https://www.ncbi.nlm.nih.gov/biosample/SAMN20114719	https://www.ncbi.nlm.nih.gov/sra/?term=SRX12384168	https://sra-downloadb.be-md.ncbi.nlm.nih.gov/sos1/sra-pub-zq-38/SRR016/16098/SRR16098121/SRR16098121.lite.1	339	
404	SRR16098122	2021-12-07 05:25:02	2021-09-28 13:31:19	30545390	7359678417	30545390	240	2582		https://sra-downloadb.be-md.ncbi.nlm.nih.gov/sos9/sra-pub-zq-924/SRR016/16098/SRR16098122/SRR16098122.lite.1	SRX12384167	LD-T10-R2-Library_S53	RNA-Seq	PCR	TRANSCRIPTOMIC	PAIRED	0	0	ILLUMINA	Illumina HiSeq 2500	SRP334252	PRJNA744419		744419	SRS9930386	SAMN20114718	simple	13443	Coffea arabica	LD-T10-R2							no					NESTLE RESEARCH	SRA1297791		public	C63B330CCCCA784364C0DF2040CF52A2	E92EAA325ABE046231A30E98F48FF22E	https://www.ncbi.nlm.nih.gov/sra/?term=SRR16098122	https://www.ncbi.nlm.nih.gov/bioproject/PRJNA744419	https://www.ncbi.nlm.nih.gov/biosample/SAMN20114718	https://www.ncbi.nlm.nih.gov/sra/?term=SRX12384167	https://sra-downloadb.be-md.ncbi.nlm.nih.gov/sos9/sra-pub-zq-924/SRR016/16098/SRR16098122/SRR16098122.lite.1	340	
405	SRR16098123	2021-12-07 05:25:02	2021-09-28 13:47:36	28148512	6735932113	28148512	239	2399		https://sra-downloadb.be-md.ncbi.nlm.nih.gov/sos8/sra-pub-zq-820/SRR016/16098/SRR16098123/SRR16098123.lite.1	SRX12384166	LD-T10-R1-Library_S18	RNA-Seq	PCR	TRANSCRIPTOMIC	PAIRED	0	0	ILLUMINA	Illumina HiSeq 2500	SRP334252	PRJNA744419		744419	SRS9930385	SAMN20114717	simple	13443	Coffea arabica	LD-T10-R1							no					NESTLE RESEARCH	SRA1297791		public	6F290C6E659289B448190E4C8658B3AD	889DF6B9DE0951E24EC20BE631235D42	https://www.ncbi.nlm.nih.gov/sra/?term=SRR16098123	https://www.ncbi.nlm.nih.gov/bioproject/PRJNA744419	https://www.ncbi.nlm.nih.gov/biosample/SAMN20114717	https://www.ncbi.nlm.nih.gov/sra/?term=SRX12384166	https://sra-downloadb.be-md.ncbi.nlm.nih.gov/sos8/sra-pub-zq-820/SRR016/16098/SRR16098123/SRR16098123.lite.1	341	
406	SRR16098124	2021-12-07 05:25:02	2021-09-28 13:41:14	26739275	6454321417	26739275	241	2243		https://sra-downloadb.be-md.ncbi.nlm.nih.gov/sos1/sra-pub-zq-38/SRR016/16098/SRR16098124/SRR16098124.lite.1	SRX12384165	L-T0-R3-Library_S3	RNA-Seq	PCR	TRANSCRIPTOMIC	PAIRED	0	0	ILLUMINA	Illumina HiSeq 2500	SRP334252	PRJNA744419		744419	SRS9930384	SAMN20114699	simple	13443	Coffea arabica	L-T0-R3							no					NESTLE RESEARCH	SRA1297791		public	E2FF3D070B2D082E29FAD7CEC93E85A2	65AF8662346E2525B7B5D0434C3F391A	https://www.ncbi.nlm.nih.gov/sra/?term=SRR16098124	https://www.ncbi.nlm.nih.gov/bioproject/PRJNA744419	https://www.ncbi.nlm.nih.gov/biosample/SAMN20114699	https://www.ncbi.nlm.nih.gov/sra/?term=SRX12384165	https://sra-downloadb.be-md.ncbi.nlm.nih.gov/sos1/sra-pub-zq-38/SRR016/16098/SRR16098124/SRR16098124.lite.1	342	
407	SRR16098125	2021-12-07 05:25:02	2021-09-28 13:17:57	28365080	6873425600	28365080	242	2401		https://sra-downloadb.be-md.ncbi.nlm.nih.gov/sos8/sra-pub-zq-820/SRR016/16098/SRR16098125/SRR16098125.lite.1	SRX12384164	LD-T5-R4-Library_S17	RNA-Seq	PCR	TRANSCRIPTOMIC	PAIRED	0	0	ILLUMINA	Illumina HiSeq 2500	SRP334252	PRJNA744419		744419	SRS9930383	SAMN20114716	simple	13443	Coffea arabica	LD-T5-R4							no					NESTLE RESEARCH	SRA1297791		public	F9E86A93D403B61C3484A2A09AFBB9F2	A068A278D821E21F806EFDEF70B50303	https://www.ncbi.nlm.nih.gov/sra/?term=SRR16098125	https://www.ncbi.nlm.nih.gov/bioproject/PRJNA744419	https://www.ncbi.nlm.nih.gov/biosample/SAMN20114716	https://www.ncbi.nlm.nih.gov/sra/?term=SRX12384164	https://sra-downloadb.be-md.ncbi.nlm.nih.gov/sos8/sra-pub-zq-820/SRR016/16098/SRR16098125/SRR16098125.lite.1	343	
408	SRR16098126	2021-12-07 05:25:02	2021-09-28 13:15:11	27968969	6787490276	27968969	242	2364		https://sra-downloadb.be-md.ncbi.nlm.nih.gov/sos9/sra-pub-zq-924/SRR016/16098/SRR16098126/SRR16098126.lite.1	SRX12384163	LD-T5-R3-Library_S16	RNA-Seq	PCR	TRANSCRIPTOMIC	PAIRED	0	0	ILLUMINA	Illumina HiSeq 2500	SRP334252	PRJNA744419		744419	SRS9930382	SAMN20114715	simple	13443	Coffea arabica	LD-T5-R3							no					NESTLE RESEARCH	SRA1297791		public	03A032FEDDDB87E31F2F389E5245ECFD	DE85F659949AFB8E84E0F6DB68790DD2	https://www.ncbi.nlm.nih.gov/sra/?term=SRR16098126	https://www.ncbi.nlm.nih.gov/bioproject/PRJNA744419	https://www.ncbi.nlm.nih.gov/biosample/SAMN20114715	https://www.ncbi.nlm.nih.gov/sra/?term=SRX12384163	https://sra-downloadb.be-md.ncbi.nlm.nih.gov/sos9/sra-pub-zq-924/SRR016/16098/SRR16098126/SRR16098126.lite.1	344	
409	SRR16098127	2021-12-07 05:25:02	2021-09-28 13:39:49	29854996	7230781408	29854996	242	2516		https://sra-downloadb.be-md.ncbi.nlm.nih.gov/sos1/sra-pub-zq-38/SRR016/16098/SRR16098127/SRR16098127.lite.1	SRX12384162	LD-T5-R2-Library_S15	RNA-Seq	PCR	TRANSCRIPTOMIC	PAIRED	0	0	ILLUMINA	Illumina HiSeq 2500	SRP334252	PRJNA744419		744419	SRS9930381	SAMN20114714	simple	13443	Coffea arabica	LD-T5-R2							no					NESTLE RESEARCH	SRA1297791		public	4FCB3008552C67B0C9770DA46ACD6F49	B430FB93E613B43E19219500B81C4761	https://www.ncbi.nlm.nih.gov/sra/?term=SRR16098127	https://www.ncbi.nlm.nih.gov/bioproject/PRJNA744419	https://www.ncbi.nlm.nih.gov/biosample/SAMN20114714	https://www.ncbi.nlm.nih.gov/sra/?term=SRX12384162	https://sra-downloadb.be-md.ncbi.nlm.nih.gov/sos1/sra-pub-zq-38/SRR016/16098/SRR16098127/SRR16098127.lite.1	345	
410	SRR16098128	2021-12-07 05:25:02	2021-09-28 13:27:23	29385381	7120063528	29385381	242	2490		https://sra-downloadb.be-md.ncbi.nlm.nih.gov/sos9/sra-pub-zq-924/SRR016/16098/SRR16098128/SRR16098128.lite.1	SRX12384161	LD-T5-R1-Library_S14	RNA-Seq	PCR	TRANSCRIPTOMIC	PAIRED	0	0	ILLUMINA	Illumina HiSeq 2500	SRP334252	PRJNA744419		744419	SRS9930380	SAMN20114713	simple	13443	Coffea arabica	LD-T5-R1							no					NESTLE RESEARCH	SRA1297791		public	A6B4E1C801D0A6B9CBCF95B2CF38331B	F8CF933BC06845847AF4D862B68D2FC3	https://www.ncbi.nlm.nih.gov/sra/?term=SRR16098128	https://www.ncbi.nlm.nih.gov/bioproject/PRJNA744419	https://www.ncbi.nlm.nih.gov/biosample/SAMN20114713	https://www.ncbi.nlm.nih.gov/sra/?term=SRX12384161	https://sra-downloadb.be-md.ncbi.nlm.nih.gov/sos9/sra-pub-zq-924/SRR016/16098/SRR16098128/SRR16098128.lite.1	346	
411	SRR16098129	2021-12-07 05:25:02	2021-09-28 13:31:20	33204856	8061310359	33204856	242	2787		https://sra-downloadb.be-md.ncbi.nlm.nih.gov/sos4/sra-pub-zq-1/SRR016/16098/SRR16098129/SRR16098129.lite.1	SRX12384160	LD-T2-R4-Library_S13	RNA-Seq	PCR	TRANSCRIPTOMIC	PAIRED	0	0	ILLUMINA	Illumina HiSeq 2500	SRP334252	PRJNA744419		744419	SRS9930379	SAMN20114712	simple	13443	Coffea arabica	LD-T2-R4							no					NESTLE RESEARCH	SRA1297791		public	5C7E1A8331AB9391542625E3A3C99D2B	BF1EF9DB419BC183305FA45662B8C23E	https://www.ncbi.nlm.nih.gov/sra/?term=SRR16098129	https://www.ncbi.nlm.nih.gov/bioproject/PRJNA744419	https://www.ncbi.nlm.nih.gov/biosample/SAMN20114712	https://www.ncbi.nlm.nih.gov/sra/?term=SRX12384160	https://sra-downloadb.be-md.ncbi.nlm.nih.gov/sos4/sra-pub-zq-1/SRR016/16098/SRR16098129/SRR16098129.lite.1	347	
412	SRR16098130	2021-12-07 05:25:02	2021-09-28 13:24:16	28461169	6901427428	28461169	242	2430		https://sra-downloadb.be-md.ncbi.nlm.nih.gov/sos1/sra-pub-zq-38/SRR016/16098/SRR16098130/SRR16098130.lite.1	SRX12384159	LD-T2-R3-Library_S12	RNA-Seq	PCR	TRANSCRIPTOMIC	PAIRED	0	0	ILLUMINA	Illumina HiSeq 2500	SRP334252	PRJNA744419		744419	SRS9930377	SAMN20114711	simple	13443	Coffea arabica	LD-T2-R3							no					NESTLE RESEARCH	SRA1297791		public	E842939CF56F61ED89BE9EBF7A55D845	2C126887BA5CC47EAA6719E1E4B2BF7E	https://www.ncbi.nlm.nih.gov/sra/?term=SRR16098130	https://www.ncbi.nlm.nih.gov/bioproject/PRJNA744419	https://www.ncbi.nlm.nih.gov/biosample/SAMN20114711	https://www.ncbi.nlm.nih.gov/sra/?term=SRX12384159	https://sra-downloadb.be-md.ncbi.nlm.nih.gov/sos1/sra-pub-zq-38/SRR016/16098/SRR16098130/SRR16098130.lite.1	348	
413	SRR16098131	2021-12-07 05:25:02	2021-09-28 13:20:24	28289231	6851143651	28289231	242	2425		https://sra-downloadb.be-md.ncbi.nlm.nih.gov/sos9/sra-pub-zq-924/SRR016/16098/SRR16098131/SRR16098131.lite.1	SRX12384158	LD-T2-R2-Library_S11	RNA-Seq	PCR	TRANSCRIPTOMIC	PAIRED	0	0	ILLUMINA	Illumina HiSeq 2500	SRP334252	PRJNA744419		744419	SRS9930378	SAMN20114710	simple	13443	Coffea arabica	LD-T2-R2							no					NESTLE RESEARCH	SRA1297791		public	C4D49AD14143C95E6C747AE82A7E60E8	5E0AE09840913B3355FD2113EE10AE78	https://www.ncbi.nlm.nih.gov/sra/?term=SRR16098131	https://www.ncbi.nlm.nih.gov/bioproject/PRJNA744419	https://www.ncbi.nlm.nih.gov/biosample/SAMN20114710	https://www.ncbi.nlm.nih.gov/sra/?term=SRX12384158	https://sra-downloadb.be-md.ncbi.nlm.nih.gov/sos9/sra-pub-zq-924/SRR016/16098/SRR16098131/SRR16098131.lite.1	349	
414	SRR16098132	2021-12-07 05:25:02	2021-09-28 13:24:00	27550635	6728055215	27550635	244	2355		https://sra-downloadb.be-md.ncbi.nlm.nih.gov/sos9/sra-pub-zq-924/SRR016/16098/SRR16098132/SRR16098132.lite.1	SRX12384157	LD-T2-R1-Library_S10	RNA-Seq	PCR	TRANSCRIPTOMIC	PAIRED	0	0	ILLUMINA	Illumina HiSeq 2500	SRP334252	PRJNA744419		744419	SRS9930376	SAMN20114709	simple	13443	Coffea arabica	LD-T2-R1							no					NESTLE RESEARCH	SRA1297791		public	4828020FF4073782327BD88C81166C49	F46661899E79284346E8C1EB234B182C	https://www.ncbi.nlm.nih.gov/sra/?term=SRR16098132	https://www.ncbi.nlm.nih.gov/bioproject/PRJNA744419	https://www.ncbi.nlm.nih.gov/biosample/SAMN20114709	https://www.ncbi.nlm.nih.gov/sra/?term=SRX12384157	https://sra-downloadb.be-md.ncbi.nlm.nih.gov/sos9/sra-pub-zq-924/SRR016/16098/SRR16098132/SRR16098132.lite.1	350	
415	SRR16098133	2021-12-07 05:25:02	2021-09-28 13:11:36	20300149	4873844565	20300149	240	1690		https://sra-downloadb.be-md.ncbi.nlm.nih.gov/sos1/sra-pub-zq-38/SRR016/16098/SRR16098133/SRR16098133.lite.1	SRX12384156	LD-T1-R4-Library_S51	RNA-Seq	PCR	TRANSCRIPTOMIC	PAIRED	0	0	ILLUMINA	Illumina HiSeq 2500	SRP334252	PRJNA744419		744419	SRS9930375	SAMN20114708	simple	13443	Coffea arabica	LD-T1-R4							no					NESTLE RESEARCH	SRA1297791		public	7A3C60D252F17DFF332919CE42DAB36D	BB7E886AF20F244971D0EE0D544C7ECE	https://www.ncbi.nlm.nih.gov/sra/?term=SRR16098133	https://www.ncbi.nlm.nih.gov/bioproject/PRJNA744419	https://www.ncbi.nlm.nih.gov/biosample/SAMN20114708	https://www.ncbi.nlm.nih.gov/sra/?term=SRX12384156	https://sra-downloadb.be-md.ncbi.nlm.nih.gov/sos1/sra-pub-zq-38/SRR016/16098/SRR16098133/SRR16098133.lite.1	351	
416	SRR16098134	2021-12-07 05:25:02	2021-09-28 13:37:07	30094040	7290215170	30094040	242	2515		https://sra-downloadb.be-md.ncbi.nlm.nih.gov/sos8/sra-pub-zq-818/SRR016/16098/SRR16098134/SRR16098134.lite.1	SRX12384155	LD-T1-R3-Library_S49	RNA-Seq	PCR	TRANSCRIPTOMIC	PAIRED	0	0	ILLUMINA	Illumina HiSeq 2500	SRP334252	PRJNA744419		744419	SRS9930373	SAMN20114707	simple	13443	Coffea arabica	LD-T1-R3							no					NESTLE RESEARCH	SRA1297791		public	E322780653ACB3C7E48BD0FDA7ECCF59	5A525867298A8E1E96CB56AECCCDCACE	https://www.ncbi.nlm.nih.gov/sra/?term=SRR16098134	https://www.ncbi.nlm.nih.gov/bioproject/PRJNA744419	https://www.ncbi.nlm.nih.gov/biosample/SAMN20114707	https://www.ncbi.nlm.nih.gov/sra/?term=SRX12384155	https://sra-downloadb.be-md.ncbi.nlm.nih.gov/sos8/sra-pub-zq-818/SRR016/16098/SRR16098134/SRR16098134.lite.1	352	
417	SRR16098135	2021-12-07 05:25:02	2021-09-28 13:42:10	30599807	7430673691	30599807	242	2586		https://sra-downloadb.be-md.ncbi.nlm.nih.gov/sos4/sra-pub-zq-1/SRR016/16098/SRR16098135/SRR16098135.lite.1	SRX12384154	L-T0-R2-Library_S2	RNA-Seq	PCR	TRANSCRIPTOMIC	PAIRED	0	0	ILLUMINA	Illumina HiSeq 2500	SRP334252	PRJNA744419		744419	SRS9930374	SAMN20114698	simple	13443	Coffea arabica	L-T0-R2							no					NESTLE RESEARCH	SRA1297791		public	650B7BB4CEB4B04F005D49FAD16D25F3	54A00EA36523DB41C18ECACABD3B4108	https://www.ncbi.nlm.nih.gov/sra/?term=SRR16098135	https://www.ncbi.nlm.nih.gov/bioproject/PRJNA744419	https://www.ncbi.nlm.nih.gov/biosample/SAMN20114698	https://www.ncbi.nlm.nih.gov/sra/?term=SRX12384154	https://sra-downloadb.be-md.ncbi.nlm.nih.gov/sos4/sra-pub-zq-1/SRR016/16098/SRR16098135/SRR16098135.lite.1	353	
418	SRR16098136	2021-12-07 05:25:02	2021-09-28 13:24:24	32102160	7835572853	32102160	244	2723		https://sra-downloadb.be-md.ncbi.nlm.nih.gov/sos8/sra-pub-zq-820/SRR016/16098/SRR16098136/SRR16098136.lite.1	SRX12384153	L-T0-R1-Library_S1	RNA-Seq	PCR	TRANSCRIPTOMIC	PAIRED	0	0	ILLUMINA	Illumina HiSeq 2500	SRP334252	PRJNA744419		744419	SRS9930372	SAMN20114697	simple	13443	Coffea arabica	L-T0-R1							no					NESTLE RESEARCH	SRA1297791		public	48BC555F0F5CBAB05968A45D306C9F84	5B5F588D95E25D3F3B113507722EA3FE	https://www.ncbi.nlm.nih.gov/sra/?term=SRR16098136	https://www.ncbi.nlm.nih.gov/bioproject/PRJNA744419	https://www.ncbi.nlm.nih.gov/biosample/SAMN20114697	https://www.ncbi.nlm.nih.gov/sra/?term=SRX12384153	https://sra-downloadb.be-md.ncbi.nlm.nih.gov/sos8/sra-pub-zq-820/SRR016/16098/SRR16098136/SRR16098136.lite.1	354	
419	SRR8787530	2019-04-03 16:31:09	2019-03-26 15:19:07	42157360	4608966100	0	109	3518		https://sra-downloadb.be-md.ncbi.nlm.nih.gov/sos5/sra-pub-zq-14/SRR008/787/SRR8787530.sralite.1	SRX5577352		RNA-Seq	cDNA	TRANSCRIPTOMIC	SINGLE	0	0	ILLUMINA	NextSeq 500	SRP189497	PRJNA529218	3	529218	SRS4539347	SAMN11258837	simple	49390	Coffea canephora	GSM3688000							no					GEO	SRA866138		public	805B50C57CD23E9B08963083BB94222D	7FACDED26BDE4ABE38F65CCD68838574	https://www.ncbi.nlm.nih.gov/sra/?term=SRR8787530	https://www.ncbi.nlm.nih.gov/bioproject/PRJNA529218	https://www.ncbi.nlm.nih.gov/biosample/SAMN11258837	https://www.ncbi.nlm.nih.gov/sra/?term=SRX5577352	https://sra-downloadb.be-md.ncbi.nlm.nih.gov/sos5/sra-pub-zq-14/SRR008/787/SRR8787530.sralite.1	1107	
420	SRR8787531	2019-04-03 16:31:09	2019-03-26 15:22:30	44738607	3375831744	0	75	1618		https://sra-downloadb.be-md.ncbi.nlm.nih.gov/sos5/sra-pub-zq-14/SRR008/787/SRR8787531.sralite.1	SRX5577353		RNA-Seq	cDNA	TRANSCRIPTOMIC	SINGLE	0	0	ILLUMINA	NextSeq 500	SRP189497	PRJNA529218	3	529218	SRS4539348	SAMN11258848	simple	49390	Coffea canephora	GSM3688001							no					GEO	SRA866138		public	B2EC98CCCBADF45DEEC8FCD749F2CBBB	85CA87CB295ECBD2029610294D8B0C6F	https://www.ncbi.nlm.nih.gov/sra/?term=SRR8787531	https://www.ncbi.nlm.nih.gov/bioproject/PRJNA529218	https://www.ncbi.nlm.nih.gov/biosample/SAMN11258848	https://www.ncbi.nlm.nih.gov/sra/?term=SRX5577353	https://sra-downloadb.be-md.ncbi.nlm.nih.gov/sos5/sra-pub-zq-14/SRR008/787/SRR8787531.sralite.1	1108	
421	SRR8787532	2019-04-03 16:31:09	2019-03-26 15:23:03	43459278	3275678678	0	75	1687		https://sra-downloadb.be-md.ncbi.nlm.nih.gov/sos9/sra-pub-zq-922/SRR008/787/SRR8787532.sralite.1	SRX5577354		RNA-Seq	cDNA	TRANSCRIPTOMIC	SINGLE	0	0	ILLUMINA	NextSeq 500	SRP189497	PRJNA529218	3	529218	SRS4539349	SAMN11258847	simple	49390	Coffea canephora	GSM3688002							no					GEO	SRA866138		public	BE0B89599C9136061583C5257203AD93	37E71588F2C3866F65D553A44B9BD9B4	https://www.ncbi.nlm.nih.gov/sra/?term=SRR8787532	https://www.ncbi.nlm.nih.gov/bioproject/PRJNA529218	https://www.ncbi.nlm.nih.gov/biosample/SAMN11258847	https://www.ncbi.nlm.nih.gov/sra/?term=SRX5577354	https://sra-downloadb.be-md.ncbi.nlm.nih.gov/sos9/sra-pub-zq-922/SRR008/787/SRR8787532.sralite.1	1109	
422	SRR8787533	2019-04-03 16:31:09	2019-03-26 15:25:03	43628937	3290224719	0	75	1613		https://sra-downloadb.be-md.ncbi.nlm.nih.gov/sos5/sra-pub-zq-16/SRR008/787/SRR8787533.sralite.1	SRX5577355		RNA-Seq	cDNA	TRANSCRIPTOMIC	SINGLE	0	0	ILLUMINA	NextSeq 500	SRP189497	PRJNA529218	3	529218	SRS4539350	SAMN11258846	simple	49390	Coffea canephora	GSM3688003							no					GEO	SRA866138		public	AA60EB2B2C49970E4BF1408E21D1A6A5	7278FCC73E8DE8C48C6EFC373FBD87C1	https://www.ncbi.nlm.nih.gov/sra/?term=SRR8787533	https://www.ncbi.nlm.nih.gov/bioproject/PRJNA529218	https://www.ncbi.nlm.nih.gov/biosample/SAMN11258846	https://www.ncbi.nlm.nih.gov/sra/?term=SRX5577355	https://sra-downloadb.be-md.ncbi.nlm.nih.gov/sos5/sra-pub-zq-16/SRR008/787/SRR8787533.sralite.1	1110	
423	SRR8787534	2019-04-03 16:31:09	2019-03-26 15:17:13	40924936	4125183092	0	100	3120		https://sra-downloadb.be-md.ncbi.nlm.nih.gov/sos5/sra-pub-zq-11/SRR008/787/SRR8787534/SRR8787534.sralite.1	SRX5577356		RNA-Seq	cDNA	TRANSCRIPTOMIC	SINGLE	0	0	ILLUMINA	NextSeq 500	SRP189497	PRJNA529218	3	529218	SRS4539351	SAMN11258845	simple	49390	Coffea canephora	GSM3688004							no					GEO	SRA866138		public	732DD5BD6C86FCE5BAAFA6F144B8A2A0	60E253BA6B17B1494BCF7D7EB011F6B3	https://www.ncbi.nlm.nih.gov/sra/?term=SRR8787534	https://www.ncbi.nlm.nih.gov/bioproject/PRJNA529218	https://www.ncbi.nlm.nih.gov/biosample/SAMN11258845	https://www.ncbi.nlm.nih.gov/sra/?term=SRX5577356	https://sra-downloadb.be-md.ncbi.nlm.nih.gov/sos5/sra-pub-zq-11/SRR008/787/SRR8787534/SRR8787534.sralite.1	1111	
424	SRR8787535	2019-04-03 16:31:09	2019-03-26 15:23:10	49032211	3699471270	0	75	1839		https://sra-downloadb.be-md.ncbi.nlm.nih.gov/sos9/sra-pub-zq-922/SRR008/787/SRR8787535.sralite.1	SRX5577357		RNA-Seq	cDNA	TRANSCRIPTOMIC	SINGLE	0	0	ILLUMINA	NextSeq 500	SRP189497	PRJNA529218	3	529218	SRS4539352	SAMN11258844	simple	49390	Coffea canephora	GSM3688005							no					GEO	SRA866138		public	D003817AFFBB4E4AA3776B8F5C66F3B3	148FD39E40ADC5C6673796F69F40FEFF	https://www.ncbi.nlm.nih.gov/sra/?term=SRR8787535	https://www.ncbi.nlm.nih.gov/bioproject/PRJNA529218	https://www.ncbi.nlm.nih.gov/biosample/SAMN11258844	https://www.ncbi.nlm.nih.gov/sra/?term=SRX5577357	https://sra-downloadb.be-md.ncbi.nlm.nih.gov/sos9/sra-pub-zq-922/SRR008/787/SRR8787535.sralite.1	1112	
425	SRR8787536	2019-04-03 16:31:09	2019-03-26 15:21:03	38121519	2869417463	0	75	1478		https://sra-downloadb.be-md.ncbi.nlm.nih.gov/sos5/sra-pub-zq-11/SRR008/787/SRR8787536/SRR8787536.sralite.1	SRX5577358		RNA-Seq	cDNA	TRANSCRIPTOMIC	SINGLE	0	0	ILLUMINA	NextSeq 500	SRP189497	PRJNA529218	3	529218	SRS4539353	SAMN11258843	simple	49390	Coffea canephora	GSM3688006							no					GEO	SRA866138		public	BE3A3C14C3334C34CFB2BE52D724472D	FD522B12402675FC499B41EEC53CB97C	https://www.ncbi.nlm.nih.gov/sra/?term=SRR8787536	https://www.ncbi.nlm.nih.gov/bioproject/PRJNA529218	https://www.ncbi.nlm.nih.gov/biosample/SAMN11258843	https://www.ncbi.nlm.nih.gov/sra/?term=SRX5577358	https://sra-downloadb.be-md.ncbi.nlm.nih.gov/sos5/sra-pub-zq-11/SRR008/787/SRR8787536/SRR8787536.sralite.1	1113	
426	SRR8787537	2019-04-03 16:31:09	2019-03-26 15:22:12	49094305	3583173961	0	72	1768		https://sra-downloadb.be-md.ncbi.nlm.nih.gov/sos5/sra-pub-zq-14/SRR008/787/SRR8787537.sralite.1	SRX5577359		RNA-Seq	cDNA	TRANSCRIPTOMIC	SINGLE	0	0	ILLUMINA	NextSeq 500	SRP189497	PRJNA529218	3	529218	SRS4539354	SAMN11258842	simple	49390	Coffea canephora	GSM3688007							no					GEO	SRA866138		public	A5544B373B45957A6FF4B1682E2BCCA1	B2E3A910EA2DAB0EDA960157F4B1D1EF	https://www.ncbi.nlm.nih.gov/sra/?term=SRR8787537	https://www.ncbi.nlm.nih.gov/bioproject/PRJNA529218	https://www.ncbi.nlm.nih.gov/biosample/SAMN11258842	https://www.ncbi.nlm.nih.gov/sra/?term=SRX5577359	https://sra-downloadb.be-md.ncbi.nlm.nih.gov/sos5/sra-pub-zq-14/SRR008/787/SRR8787537.sralite.1	1114	
427	SRR8787538	2019-04-03 16:31:09	2019-03-26 15:24:19	62157781	6527614374	0	105	4987		https://sra-downloadb.be-md.ncbi.nlm.nih.gov/sos9/sra-pub-zq-922/SRR008/787/SRR8787538.sralite.1	SRX5577360		RNA-Seq	cDNA	TRANSCRIPTOMIC	SINGLE	0	0	ILLUMINA	NextSeq 500	SRP189497	PRJNA529218	3	529218	SRS4539355	SAMN11258841	simple	49390	Coffea canephora	GSM3688008							no					GEO	SRA866138		public	A476C4B6FBEC0602D153A336D4F7F816	ED86E21D7EFC52D12255680814FF7683	https://www.ncbi.nlm.nih.gov/sra/?term=SRR8787538	https://www.ncbi.nlm.nih.gov/bioproject/PRJNA529218	https://www.ncbi.nlm.nih.gov/biosample/SAMN11258841	https://www.ncbi.nlm.nih.gov/sra/?term=SRX5577360	https://sra-downloadb.be-md.ncbi.nlm.nih.gov/sos9/sra-pub-zq-922/SRR008/787/SRR8787538.sralite.1	1115	
428	SRR8787539	2019-04-03 16:31:09	2019-03-26 15:29:15	61989925	4677860268	0	75	2239		https://sra-downloadb.be-md.ncbi.nlm.nih.gov/sos5/sra-pub-zq-16/SRR008/787/SRR8787539.sralite.1	SRX5577361		RNA-Seq	cDNA	TRANSCRIPTOMIC	SINGLE	0	0	ILLUMINA	NextSeq 500	SRP189497	PRJNA529218	3	529218	SRS4539356	SAMN11258840	simple	49390	Coffea canephora	GSM3688009							no					GEO	SRA866138		public	B33DBBF8B8635BA3EDD6901E6D6790B6	CB7EA20902A4874158D84E8EEC54CD62	https://www.ncbi.nlm.nih.gov/sra/?term=SRR8787539	https://www.ncbi.nlm.nih.gov/bioproject/PRJNA529218	https://www.ncbi.nlm.nih.gov/biosample/SAMN11258840	https://www.ncbi.nlm.nih.gov/sra/?term=SRX5577361	https://sra-downloadb.be-md.ncbi.nlm.nih.gov/sos5/sra-pub-zq-16/SRR008/787/SRR8787539.sralite.1	1116	
429	SRR8787540	2019-04-03 16:31:09	2019-03-26 15:22:12	39436806	4262165713	0	108	3232		https://sra-downloadb.be-md.ncbi.nlm.nih.gov/sos9/sra-pub-zq-922/SRR008/787/SRR8787540.sralite.1	SRX5577362		RNA-Seq	cDNA	TRANSCRIPTOMIC	SINGLE	0	0	ILLUMINA	NextSeq 500	SRP189497	PRJNA529218	3	529218	SRS4539357	SAMN11258839	simple	49390	Coffea canephora	GSM3688010							no					GEO	SRA866138		public	2394D78C2AC071D5D3C1BB89E284673E	D096F00FCCBA955EEB5139B6E385B3F6	https://www.ncbi.nlm.nih.gov/sra/?term=SRR8787540	https://www.ncbi.nlm.nih.gov/bioproject/PRJNA529218	https://www.ncbi.nlm.nih.gov/biosample/SAMN11258839	https://www.ncbi.nlm.nih.gov/sra/?term=SRX5577362	https://sra-downloadb.be-md.ncbi.nlm.nih.gov/sos9/sra-pub-zq-922/SRR008/787/SRR8787540.sralite.1	1117	
430	SRR8787541	2019-04-03 16:31:09	2019-03-26 15:22:20	42353931	3887878055	0	91	1775		https://sra-downloadb.be-md.ncbi.nlm.nih.gov/sos5/sra-pub-zq-11/SRR008/787/SRR8787541/SRR8787541.sralite.1	SRX5577363		RNA-Seq	cDNA	TRANSCRIPTOMIC	SINGLE	0	0	ILLUMINA	NextSeq 500	SRP189497	PRJNA529218	3	529218	SRS4539358	SAMN11258838	simple	49390	Coffea canephora	GSM3688011							no					GEO	SRA866138		public	7A1BA20CFABCB91E43AD6A4C2619163F	E0A474F8F7F1AFEF8E960A04F1D0E050	https://www.ncbi.nlm.nih.gov/sra/?term=SRR8787541	https://www.ncbi.nlm.nih.gov/bioproject/PRJNA529218	https://www.ncbi.nlm.nih.gov/biosample/SAMN11258838	https://www.ncbi.nlm.nih.gov/sra/?term=SRX5577363	https://sra-downloadb.be-md.ncbi.nlm.nih.gov/sos5/sra-pub-zq-11/SRR008/787/SRR8787541/SRR8787541.sralite.1	1118	
431	SRR16147815	2023-01-05 10:22:37	2021-10-01 07:50:51	21357065	6407119500	21357065	300	2254		https://sra-downloadb.be-md.ncbi.nlm.nih.gov/sos1/sra-pub-zq-38/SRR016/16147/SRR16147815/SRR16147815.lite.1	SRX12432753	CK_5d-1	RNA-Seq	RANDOM	GENOMIC	PAIRED	0	0	BGISEQ	BGISEQ-500	SRP339621	PRJNA767506	3	767506	SRS10400191	SAMN21906879	simple	28977	Cunninghamia lanceolata	CK_5d-1							no					NANJING FORESTRY UNIVERSITY	SRA1303906		public	B0023AC9D509F3090C610EC02CC7DE52	43F14CE1920EDC3E0E559CB4529FAC77	https://www.ncbi.nlm.nih.gov/sra/?term=SRR16147815	https://www.ncbi.nlm.nih.gov/bioproject/PRJNA767506	https://www.ncbi.nlm.nih.gov/biosample/SAMN21906879	https://www.ncbi.nlm.nih.gov/sra/?term=SRX12432753	https://sra-downloadb.be-md.ncbi.nlm.nih.gov/sos1/sra-pub-zq-38/SRR016/16147/SRR16147815/SRR16147815.lite.1	355	
432	SRR16147816	2023-01-05 10:22:37	2021-10-01 07:50:19	21119050	6335715000	21119050	300	2220		https://sra-downloadb.be-md.ncbi.nlm.nih.gov/sos8/sra-pub-zq-818/SRR016/16147/SRR16147816/SRR16147816.lite.1	SRX12432752	CK_3d-3	RNA-Seq	RANDOM	GENOMIC	PAIRED	0	0	BGISEQ	BGISEQ-500	SRP339621	PRJNA767506	3	767506	SRS10400190	SAMN21906878	simple	28977	Cunninghamia lanceolata	CK_3d-3							no					NANJING FORESTRY UNIVERSITY	SRA1303906		public	F161A83BE52291A9CCF902650DAAC939	37DA0A7AA49C8E742F49FFFDF995F7B9	https://www.ncbi.nlm.nih.gov/sra/?term=SRR16147816	https://www.ncbi.nlm.nih.gov/bioproject/PRJNA767506	https://www.ncbi.nlm.nih.gov/biosample/SAMN21906878	https://www.ncbi.nlm.nih.gov/sra/?term=SRX12432752	https://sra-downloadb.be-md.ncbi.nlm.nih.gov/sos8/sra-pub-zq-818/SRR016/16147/SRR16147816/SRR16147816.lite.1	356	
433	SRR16147817	2023-01-05 10:22:37	2021-10-01 07:55:25	21085012	6325503600	21085012	300	2232		https://sra-downloadb.be-md.ncbi.nlm.nih.gov/sos1/sra-pub-zq-38/SRR016/16147/SRR16147817/SRR16147817.lite.1	SRX12432751	CK_3d-2	RNA-Seq	RANDOM	GENOMIC	PAIRED	0	0	BGISEQ	BGISEQ-500	SRP339621	PRJNA767506	3	767506	SRS10400189	SAMN21906877	simple	28977	Cunninghamia lanceolata	CK_3d-2							no					NANJING FORESTRY UNIVERSITY	SRA1303906		public	C8D5A167DD688E3DDC00427602850888	36FFFC6017E7094EAD93403192E84B33	https://www.ncbi.nlm.nih.gov/sra/?term=SRR16147817	https://www.ncbi.nlm.nih.gov/bioproject/PRJNA767506	https://www.ncbi.nlm.nih.gov/biosample/SAMN21906877	https://www.ncbi.nlm.nih.gov/sra/?term=SRX12432751	https://sra-downloadb.be-md.ncbi.nlm.nih.gov/sos1/sra-pub-zq-38/SRR016/16147/SRR16147817/SRR16147817.lite.1	357	
434	SRR16147818	2023-01-05 10:22:37	2021-10-01 07:52:05	21260278	6378083400	21260278	300	2220		https://sra-downloadb.be-md.ncbi.nlm.nih.gov/sos1/sra-pub-zq-38/SRR016/16147/SRR16147818/SRR16147818.lite.1	SRX12432750	CK_3d-1	RNA-Seq	RANDOM	GENOMIC	PAIRED	0	0	BGISEQ	BGISEQ-500	SRP339621	PRJNA767506	3	767506	SRS10400188	SAMN21906876	simple	28977	Cunninghamia lanceolata	CK_3d-1							no					NANJING FORESTRY UNIVERSITY	SRA1303906		public	768F9C8469C7CEF1C496C9EA479BE68C	0DFC68510F951D8D0D6ED7A1B4ACF4F4	https://www.ncbi.nlm.nih.gov/sra/?term=SRR16147818	https://www.ncbi.nlm.nih.gov/bioproject/PRJNA767506	https://www.ncbi.nlm.nih.gov/biosample/SAMN21906876	https://www.ncbi.nlm.nih.gov/sra/?term=SRX12432750	https://sra-downloadb.be-md.ncbi.nlm.nih.gov/sos1/sra-pub-zq-38/SRR016/16147/SRR16147818/SRR16147818.lite.1	358	
435	SRR16147819	2023-01-05 10:22:37	2021-10-01 07:50:54	20993052	6297915600	20993052	300	2212		https://sra-downloadb.be-md.ncbi.nlm.nih.gov/sos1/sra-pub-zq-38/SRR016/16147/SRR16147819/SRR16147819.lite.1	SRX12432749	CK_1d-3	RNA-Seq	RANDOM	GENOMIC	PAIRED	0	0	BGISEQ	BGISEQ-500	SRP339621	PRJNA767506	3	767506	SRS10400187	SAMN21906875	simple	28977	Cunninghamia lanceolata	CK_1d-3							no					NANJING FORESTRY UNIVERSITY	SRA1303906		public	5C8D1A0157F03D21142A35A0EFEF4A1B	45ADBF1D3C3C1CB5886465523ED688AF	https://www.ncbi.nlm.nih.gov/sra/?term=SRR16147819	https://www.ncbi.nlm.nih.gov/bioproject/PRJNA767506	https://www.ncbi.nlm.nih.gov/biosample/SAMN21906875	https://www.ncbi.nlm.nih.gov/sra/?term=SRX12432749	https://sra-downloadb.be-md.ncbi.nlm.nih.gov/sos1/sra-pub-zq-38/SRR016/16147/SRR16147819/SRR16147819.lite.1	359	
436	SRR16147820	2023-01-05 10:22:37	2021-10-01 07:48:08	21115447	6334634100	21115447	300	2203		https://sra-downloadb.be-md.ncbi.nlm.nih.gov/sos9/sra-pub-zq-922/SRR016/16147/SRR16147820/SRR16147820.lite.1	SRX12432748	PSK_40d-3	RNA-Seq	RANDOM	GENOMIC	PAIRED	0	0	BGISEQ	BGISEQ-500	SRP339621	PRJNA767506	3	767506	SRS10400186	SAMN21906914	simple	28977	Cunninghamia lanceolata	PSK_40d-3							no					NANJING FORESTRY UNIVERSITY	SRA1303906		public	E8189A73221D65A5A090EF20B00B55C5	E7AE7A5772F770FA1220EEE9ACD48284	https://www.ncbi.nlm.nih.gov/sra/?term=SRR16147820	https://www.ncbi.nlm.nih.gov/bioproject/PRJNA767506	https://www.ncbi.nlm.nih.gov/biosample/SAMN21906914	https://www.ncbi.nlm.nih.gov/sra/?term=SRX12432748	https://sra-downloadb.be-md.ncbi.nlm.nih.gov/sos9/sra-pub-zq-922/SRR016/16147/SRR16147820/SRR16147820.lite.1	360	
437	SRR16147821	2023-01-05 10:22:37	2021-10-01 07:51:14	21093458	6328037400	21093458	300	2206		https://sra-downloadb.be-md.ncbi.nlm.nih.gov/sos9/sra-pub-zq-922/SRR016/16147/SRR16147821/SRR16147821.lite.1	SRX12432747	PSK_40d-2	RNA-Seq	RANDOM	GENOMIC	PAIRED	0	0	BGISEQ	BGISEQ-500	SRP339621	PRJNA767506	3	767506	SRS10400184	SAMN21906913	simple	28977	Cunninghamia lanceolata	PSK_40d-2							no					NANJING FORESTRY UNIVERSITY	SRA1303906		public	F94424914AC8FFC301B7883375564829	72E2E6CA2DB107DAF930DC94D325B264	https://www.ncbi.nlm.nih.gov/sra/?term=SRR16147821	https://www.ncbi.nlm.nih.gov/bioproject/PRJNA767506	https://www.ncbi.nlm.nih.gov/biosample/SAMN21906913	https://www.ncbi.nlm.nih.gov/sra/?term=SRX12432747	https://sra-downloadb.be-md.ncbi.nlm.nih.gov/sos9/sra-pub-zq-922/SRR016/16147/SRR16147821/SRR16147821.lite.1	361	
438	SRR16147822	2023-01-05 10:22:37	2021-10-01 07:48:58	21087734	6326320200	21087734	300	2203		https://sra-downloadb.be-md.ncbi.nlm.nih.gov/sos1/sra-pub-zq-38/SRR016/16147/SRR16147822/SRR16147822.lite.1	SRX12432746	PSK_40d-1	RNA-Seq	RANDOM	GENOMIC	PAIRED	0	0	BGISEQ	BGISEQ-500	SRP339621	PRJNA767506	3	767506	SRS10400182	SAMN21906912	simple	28977	Cunninghamia lanceolata	PSK_40d-1							no					NANJING FORESTRY UNIVERSITY	SRA1303906		public	1BB0DE41200478138223236B9B63C268	0DE0A8797C34FEEE871A18FB6E4F7955	https://www.ncbi.nlm.nih.gov/sra/?term=SRR16147822	https://www.ncbi.nlm.nih.gov/bioproject/PRJNA767506	https://www.ncbi.nlm.nih.gov/biosample/SAMN21906912	https://www.ncbi.nlm.nih.gov/sra/?term=SRX12432746	https://sra-downloadb.be-md.ncbi.nlm.nih.gov/sos1/sra-pub-zq-38/SRR016/16147/SRR16147822/SRR16147822.lite.1	362	
439	SRR16147823	2023-01-05 10:22:37	2021-10-01 07:51:37	21389555	6416866500	21389555	300	2277		https://sra-downloadb.be-md.ncbi.nlm.nih.gov/sos8/sra-pub-zq-818/SRR016/16147/SRR16147823/SRR16147823.lite.1	SRX12432745	PSK_30d-3	RNA-Seq	RANDOM	GENOMIC	PAIRED	0	0	BGISEQ	BGISEQ-500	SRP339621	PRJNA767506	3	767506	SRS10400183	SAMN21906911	simple	28977	Cunninghamia lanceolata	PSK_30d-3							no					NANJING FORESTRY UNIVERSITY	SRA1303906		public	ADDF220F907696AFD1EACAB350FF7AEB	AED90810C909088450C0898EF85C9B11	https://www.ncbi.nlm.nih.gov/sra/?term=SRR16147823	https://www.ncbi.nlm.nih.gov/bioproject/PRJNA767506	https://www.ncbi.nlm.nih.gov/biosample/SAMN21906911	https://www.ncbi.nlm.nih.gov/sra/?term=SRX12432745	https://sra-downloadb.be-md.ncbi.nlm.nih.gov/sos8/sra-pub-zq-818/SRR016/16147/SRR16147823/SRR16147823.lite.1	363	
440	SRR16147824	2023-01-05 10:22:37	2021-10-01 07:51:44	21495472	6448641600	21495472	300	2278		https://sra-downloadb.be-md.ncbi.nlm.nih.gov/sos9/sra-pub-zq-922/SRR016/16147/SRR16147824/SRR16147824.lite.1	SRX12432744	PSK_30d-2	RNA-Seq	RANDOM	GENOMIC	PAIRED	0	0	BGISEQ	BGISEQ-500	SRP339621	PRJNA767506	3	767506	SRS10400185	SAMN21906910	simple	28977	Cunninghamia lanceolata	PSK_30d-2							no					NANJING FORESTRY UNIVERSITY	SRA1303906		public	89AC119270D8C3E413AECDCCD2148F9C	CBFADE3796A0A6DF8E0AB294C8EF465D	https://www.ncbi.nlm.nih.gov/sra/?term=SRR16147824	https://www.ncbi.nlm.nih.gov/bioproject/PRJNA767506	https://www.ncbi.nlm.nih.gov/biosample/SAMN21906910	https://www.ncbi.nlm.nih.gov/sra/?term=SRX12432744	https://sra-downloadb.be-md.ncbi.nlm.nih.gov/sos9/sra-pub-zq-922/SRR016/16147/SRR16147824/SRR16147824.lite.1	364	
441	SRR16147825	2023-01-05 10:22:37	2021-10-01 07:50:34	21143647	6343094100	21143647	300	2207		https://sra-downloadb.be-md.ncbi.nlm.nih.gov/sos9/sra-pub-zq-922/SRR016/16147/SRR16147825/SRR16147825.lite.1	SRX12432743	CK_1d-2	RNA-Seq	RANDOM	GENOMIC	PAIRED	0	0	BGISEQ	BGISEQ-500	SRP339621	PRJNA767506	3	767506	SRS10400181	SAMN21906874	simple	28977	Cunninghamia lanceolata	CK_1d-2							no					NANJING FORESTRY UNIVERSITY	SRA1303906		public	4CBFB314A8701FE288FB13065458A0E3	5948AC4945BF94378E7C6D7409EA6364	https://www.ncbi.nlm.nih.gov/sra/?term=SRR16147825	https://www.ncbi.nlm.nih.gov/bioproject/PRJNA767506	https://www.ncbi.nlm.nih.gov/biosample/SAMN21906874	https://www.ncbi.nlm.nih.gov/sra/?term=SRX12432743	https://sra-downloadb.be-md.ncbi.nlm.nih.gov/sos9/sra-pub-zq-922/SRR016/16147/SRR16147825/SRR16147825.lite.1	365	
442	SRR16147826	2023-01-05 10:22:37	2021-10-01 07:55:35	21557832	6467349600	21557832	300	2273		https://sra-downloadb.be-md.ncbi.nlm.nih.gov/sos8/sra-pub-zq-818/SRR016/16147/SRR16147826/SRR16147826.lite.1	SRX12432742	PSK_30d-1	RNA-Seq	RANDOM	GENOMIC	PAIRED	0	0	BGISEQ	BGISEQ-500	SRP339621	PRJNA767506	3	767506	SRS10400180	SAMN21906909	simple	28977	Cunninghamia lanceolata	PSK_30d-1							no					NANJING FORESTRY UNIVERSITY	SRA1303906		public	429B4626C0E4A5AD63BEB678CB1771DB	A70351397CF3BED04FF0D76D58C9786C	https://www.ncbi.nlm.nih.gov/sra/?term=SRR16147826	https://www.ncbi.nlm.nih.gov/bioproject/PRJNA767506	https://www.ncbi.nlm.nih.gov/biosample/SAMN21906909	https://www.ncbi.nlm.nih.gov/sra/?term=SRX12432742	https://sra-downloadb.be-md.ncbi.nlm.nih.gov/sos8/sra-pub-zq-818/SRR016/16147/SRR16147826/SRR16147826.lite.1	366	
443	SRR16147827	2023-01-05 10:22:37	2021-10-01 07:52:30	21083195	6324958500	21083195	300	2217		https://sra-downloadb.be-md.ncbi.nlm.nih.gov/sos9/sra-pub-zq-922/SRR016/16147/SRR16147827/SRR16147827.lite.1	SRX12432741	PSK_15d-3	RNA-Seq	RANDOM	GENOMIC	PAIRED	0	0	BGISEQ	BGISEQ-500	SRP339621	PRJNA767506	3	767506	SRS10400179	SAMN21906908	simple	28977	Cunninghamia lanceolata	PSK_15d-3							no					NANJING FORESTRY UNIVERSITY	SRA1303906		public	21EDCBA969D8964DF4AC1F57CF7BB06A	9ABA1AF7997CE7393DA3F1BC7935FFA6	https://www.ncbi.nlm.nih.gov/sra/?term=SRR16147827	https://www.ncbi.nlm.nih.gov/bioproject/PRJNA767506	https://www.ncbi.nlm.nih.gov/biosample/SAMN21906908	https://www.ncbi.nlm.nih.gov/sra/?term=SRX12432741	https://sra-downloadb.be-md.ncbi.nlm.nih.gov/sos9/sra-pub-zq-922/SRR016/16147/SRR16147827/SRR16147827.lite.1	367	
444	SRR16147828	2023-01-05 10:22:37	2021-10-01 07:52:22	21183593	6355077900	21183593	300	2190		https://sra-downloadb.be-md.ncbi.nlm.nih.gov/sos8/sra-pub-zq-818/SRR016/16147/SRR16147828/SRR16147828.lite.1	SRX12432740	PSK_15d-2	RNA-Seq	RANDOM	GENOMIC	PAIRED	0	0	BGISEQ	BGISEQ-500	SRP339621	PRJNA767506	3	767506	SRS10400177	SAMN21906907	simple	28977	Cunninghamia lanceolata	PSK_15d-2							no					NANJING FORESTRY UNIVERSITY	SRA1303906		public	2016BA0706277C257D0BFDD1EFD8F5D8	9F2C49872A5C6DB0C3ACB3657FEFDDA3	https://www.ncbi.nlm.nih.gov/sra/?term=SRR16147828	https://www.ncbi.nlm.nih.gov/bioproject/PRJNA767506	https://www.ncbi.nlm.nih.gov/biosample/SAMN21906907	https://www.ncbi.nlm.nih.gov/sra/?term=SRX12432740	https://sra-downloadb.be-md.ncbi.nlm.nih.gov/sos8/sra-pub-zq-818/SRR016/16147/SRR16147828/SRR16147828.lite.1	368	
445	SRR16147829	2023-01-05 10:22:37	2021-10-01 07:49:04	21108484	6332545200	21108484	300	2201		https://sra-downloadb.be-md.ncbi.nlm.nih.gov/sos9/sra-pub-zq-922/SRR016/16147/SRR16147829/SRR16147829.lite.1	SRX12432739	PSK_15d-1	RNA-Seq	RANDOM	GENOMIC	PAIRED	0	0	BGISEQ	BGISEQ-500	SRP339621	PRJNA767506	3	767506	SRS10400178	SAMN21906906	simple	28977	Cunninghamia lanceolata	PSK_15d-1							no					NANJING FORESTRY UNIVERSITY	SRA1303906		public	3E38E28DA932AD5699DF4CD7CBD5762A	9A64C4FE4CAB792E67A0CC11487F1915	https://www.ncbi.nlm.nih.gov/sra/?term=SRR16147829	https://www.ncbi.nlm.nih.gov/bioproject/PRJNA767506	https://www.ncbi.nlm.nih.gov/biosample/SAMN21906906	https://www.ncbi.nlm.nih.gov/sra/?term=SRX12432739	https://sra-downloadb.be-md.ncbi.nlm.nih.gov/sos9/sra-pub-zq-922/SRR016/16147/SRR16147829/SRR16147829.lite.1	369	
446	SRR16147830	2023-01-05 10:22:37	2021-10-01 07:50:19	21661884	6498565200	21661884	300	2288		https://sra-downloadb.be-md.ncbi.nlm.nih.gov/sos8/sra-pub-zq-818/SRR016/16147/SRR16147830/SRR16147830.lite.1	SRX12432738	PSK_7d-3	RNA-Seq	RANDOM	GENOMIC	PAIRED	0	0	BGISEQ	BGISEQ-500	SRP339621	PRJNA767506	3	767506	SRS10400176	SAMN21906905	simple	28977	Cunninghamia lanceolata	PSK_7d-3							no					NANJING FORESTRY UNIVERSITY	SRA1303906		public	2B34BB3B4F12B5892E5A977EF79D2FB2	548174C6037537A0D755CC1B38A39DA2	https://www.ncbi.nlm.nih.gov/sra/?term=SRR16147830	https://www.ncbi.nlm.nih.gov/bioproject/PRJNA767506	https://www.ncbi.nlm.nih.gov/biosample/SAMN21906905	https://www.ncbi.nlm.nih.gov/sra/?term=SRX12432738	https://sra-downloadb.be-md.ncbi.nlm.nih.gov/sos8/sra-pub-zq-818/SRR016/16147/SRR16147830/SRR16147830.lite.1	370	
447	SRR16147831	2023-01-05 10:22:37	2021-10-01 07:51:13	21054665	6316399500	21054665	300	2197		https://sra-downloadb.be-md.ncbi.nlm.nih.gov/sos1/sra-pub-zq-38/SRR016/16147/SRR16147831/SRR16147831.lite.1	SRX12432737	PSK_7d-2	RNA-Seq	RANDOM	GENOMIC	PAIRED	0	0	BGISEQ	BGISEQ-500	SRP339621	PRJNA767506	3	767506	SRS10400174	SAMN21906904	simple	28977	Cunninghamia lanceolata	PSK_7d-2							no					NANJING FORESTRY UNIVERSITY	SRA1303906		public	FBD203056350610481397BB37EA5786E	991B27F4D297F3D13CBDF500D2373017	https://www.ncbi.nlm.nih.gov/sra/?term=SRR16147831	https://www.ncbi.nlm.nih.gov/bioproject/PRJNA767506	https://www.ncbi.nlm.nih.gov/biosample/SAMN21906904	https://www.ncbi.nlm.nih.gov/sra/?term=SRX12432737	https://sra-downloadb.be-md.ncbi.nlm.nih.gov/sos1/sra-pub-zq-38/SRR016/16147/SRR16147831/SRR16147831.lite.1	371	
448	SRR16147832	2023-01-05 10:22:37	2021-10-01 07:51:14	20998106	6299431800	20998106	300	2206		https://sra-downloadb.be-md.ncbi.nlm.nih.gov/sos9/sra-pub-zq-922/SRR016/16147/SRR16147832/SRR16147832.lite.1	SRX12432736	PSK_7d-1	RNA-Seq	RANDOM	GENOMIC	PAIRED	0	0	BGISEQ	BGISEQ-500	SRP339621	PRJNA767506	3	767506	SRS10400175	SAMN21906903	simple	28977	Cunninghamia lanceolata	PSK_7d-1							no					NANJING FORESTRY UNIVERSITY	SRA1303906		public	BFB7384144465EF588991308E61D595C	216B67B88296E0FD50780964D8401C22	https://www.ncbi.nlm.nih.gov/sra/?term=SRR16147832	https://www.ncbi.nlm.nih.gov/bioproject/PRJNA767506	https://www.ncbi.nlm.nih.gov/biosample/SAMN21906903	https://www.ncbi.nlm.nih.gov/sra/?term=SRX12432736	https://sra-downloadb.be-md.ncbi.nlm.nih.gov/sos9/sra-pub-zq-922/SRR016/16147/SRR16147832/SRR16147832.lite.1	372	
449	SRR16147833	2023-01-05 10:22:37	2021-10-01 07:52:20	20991704	6297511200	20991704	300	2213		https://sra-downloadb.be-md.ncbi.nlm.nih.gov/sos9/sra-pub-zq-922/SRR016/16147/SRR16147833/SRR16147833.lite.1	SRX12432735	PSK_5d-3	RNA-Seq	RANDOM	GENOMIC	PAIRED	0	0	BGISEQ	BGISEQ-500	SRP339621	PRJNA767506	3	767506	SRS10400172	SAMN21906902	simple	28977	Cunninghamia lanceolata	PSK_5d-3							no					NANJING FORESTRY UNIVERSITY	SRA1303906		public	97DA60A152121A0815FC2507EED8DC07	7A18DD405E505107C7678E3B35F74939	https://www.ncbi.nlm.nih.gov/sra/?term=SRR16147833	https://www.ncbi.nlm.nih.gov/bioproject/PRJNA767506	https://www.ncbi.nlm.nih.gov/biosample/SAMN21906902	https://www.ncbi.nlm.nih.gov/sra/?term=SRX12432735	https://sra-downloadb.be-md.ncbi.nlm.nih.gov/sos9/sra-pub-zq-922/SRR016/16147/SRR16147833/SRR16147833.lite.1	373	
450	SRR16147834	2023-01-05 10:22:37	2021-10-01 07:54:26	21045338	6313601400	21045338	300	2219		https://sra-downloadb.be-md.ncbi.nlm.nih.gov/sos8/sra-pub-zq-820/SRR016/16147/SRR16147834/SRR16147834.lite.1	SRX12432734	PSK_5d-2	RNA-Seq	RANDOM	GENOMIC	PAIRED	0	0	BGISEQ	BGISEQ-500	SRP339621	PRJNA767506	3	767506	SRS10400173	SAMN21906901	simple	28977	Cunninghamia lanceolata	PSK_5d-2							no					NANJING FORESTRY UNIVERSITY	SRA1303906		public	21B05B7E4F4D86E2F4FD05DABAF62E77	F35703B7C7A13FBE876A055AC5B12E60	https://www.ncbi.nlm.nih.gov/sra/?term=SRR16147834	https://www.ncbi.nlm.nih.gov/bioproject/PRJNA767506	https://www.ncbi.nlm.nih.gov/biosample/SAMN21906901	https://www.ncbi.nlm.nih.gov/sra/?term=SRX12432734	https://sra-downloadb.be-md.ncbi.nlm.nih.gov/sos8/sra-pub-zq-820/SRR016/16147/SRR16147834/SRR16147834.lite.1	374	
451	SRR16147835	2023-01-05 10:22:37	2021-10-01 07:50:40	21584025	6475207500	21584025	300	2282		https://sra-downloadb.be-md.ncbi.nlm.nih.gov/sos1/sra-pub-zq-38/SRR016/16147/SRR16147835/SRR16147835.lite.1	SRX12432733	PSK_5d-1	RNA-Seq	RANDOM	GENOMIC	PAIRED	0	0	BGISEQ	BGISEQ-500	SRP339621	PRJNA767506	3	767506	SRS10400171	SAMN21906900	simple	28977	Cunninghamia lanceolata	PSK_5d-1							no					NANJING FORESTRY UNIVERSITY	SRA1303906		public	2892209B4DC855E54B017892809FA7C2	8A432239D10C16943A9D7B79B51168A1	https://www.ncbi.nlm.nih.gov/sra/?term=SRR16147835	https://www.ncbi.nlm.nih.gov/bioproject/PRJNA767506	https://www.ncbi.nlm.nih.gov/biosample/SAMN21906900	https://www.ncbi.nlm.nih.gov/sra/?term=SRX12432733	https://sra-downloadb.be-md.ncbi.nlm.nih.gov/sos1/sra-pub-zq-38/SRR016/16147/SRR16147835/SRR16147835.lite.1	375	
452	SRR16147836	2023-01-05 10:22:37	2021-10-01 07:53:07	21032293	6309687900	21032293	300	2217		https://sra-downloadb.be-md.ncbi.nlm.nih.gov/sos8/sra-pub-zq-818/SRR016/16147/SRR16147836/SRR16147836.lite.1	SRX12432732	CK_1d-1	RNA-Seq	RANDOM	GENOMIC	PAIRED	0	0	BGISEQ	BGISEQ-500	SRP339621	PRJNA767506	3	767506	SRS10400170	SAMN21906873	simple	28977	Cunninghamia lanceolata	CK_1d-1							no					NANJING FORESTRY UNIVERSITY	SRA1303906		public	6B1D16316C4CB22E65BC8C76117CCB3A	DE29F36B566B70D2D21921584D909352	https://www.ncbi.nlm.nih.gov/sra/?term=SRR16147836	https://www.ncbi.nlm.nih.gov/bioproject/PRJNA767506	https://www.ncbi.nlm.nih.gov/biosample/SAMN21906873	https://www.ncbi.nlm.nih.gov/sra/?term=SRX12432732	https://sra-downloadb.be-md.ncbi.nlm.nih.gov/sos8/sra-pub-zq-818/SRR016/16147/SRR16147836/SRR16147836.lite.1	376	
453	SRR16147837	2023-01-05 10:22:37	2021-10-01 07:56:19	21113293	6333987900	21113293	300	2196		https://sra-downloadb.be-md.ncbi.nlm.nih.gov/sos9/sra-pub-zq-922/SRR016/16147/SRR16147837/SRR16147837.lite.1	SRX12432731	PSK_3d-3	RNA-Seq	RANDOM	GENOMIC	PAIRED	0	0	BGISEQ	BGISEQ-500	SRP339621	PRJNA767506	3	767506	SRS10400169	SAMN21906899	simple	28977	Cunninghamia lanceolata	PSK_3d-3							no					NANJING FORESTRY UNIVERSITY	SRA1303906		public	E2E6C5B4A6692F657522DE06A2AE579B	D808FF342B612B3CBEF452E728BDCBED	https://www.ncbi.nlm.nih.gov/sra/?term=SRR16147837	https://www.ncbi.nlm.nih.gov/bioproject/PRJNA767506	https://www.ncbi.nlm.nih.gov/biosample/SAMN21906899	https://www.ncbi.nlm.nih.gov/sra/?term=SRX12432731	https://sra-downloadb.be-md.ncbi.nlm.nih.gov/sos9/sra-pub-zq-922/SRR016/16147/SRR16147837/SRR16147837.lite.1	377	
454	SRR16147838	2023-01-05 10:22:37	2021-10-01 07:53:03	21153745	6346123500	21153745	300	2200		https://sra-downloadb.be-md.ncbi.nlm.nih.gov/sos9/sra-pub-zq-922/SRR016/16147/SRR16147838/SRR16147838.lite.1	SRX12432730	PSK_3d-2	RNA-Seq	RANDOM	GENOMIC	PAIRED	0	0	BGISEQ	BGISEQ-500	SRP339621	PRJNA767506	3	767506	SRS10400168	SAMN21906898	simple	28977	Cunninghamia lanceolata	PSK_3d-2							no					NANJING FORESTRY UNIVERSITY	SRA1303906		public	56E39F6EAEEA6E987D4D95DF6E4BDB9C	187FA2C3C9F36A33A93261378FA3D2B1	https://www.ncbi.nlm.nih.gov/sra/?term=SRR16147838	https://www.ncbi.nlm.nih.gov/bioproject/PRJNA767506	https://www.ncbi.nlm.nih.gov/biosample/SAMN21906898	https://www.ncbi.nlm.nih.gov/sra/?term=SRX12432730	https://sra-downloadb.be-md.ncbi.nlm.nih.gov/sos9/sra-pub-zq-922/SRR016/16147/SRR16147838/SRR16147838.lite.1	378	
455	SRR16147839	2023-01-05 10:22:37	2021-10-01 07:51:21	21040184	6312055200	21040184	300	2199		https://sra-downloadb.be-md.ncbi.nlm.nih.gov/sos9/sra-pub-zq-922/SRR016/16147/SRR16147839/SRR16147839.lite.1	SRX12432729	PSK_3d-1	RNA-Seq	RANDOM	GENOMIC	PAIRED	0	0	BGISEQ	BGISEQ-500	SRP339621	PRJNA767506	3	767506	SRS10400167	SAMN21906897	simple	28977	Cunninghamia lanceolata	PSK_3d-1							no					NANJING FORESTRY UNIVERSITY	SRA1303906		public	1E35A3DD5FEF1026BD91E617C43FFE7C	F7A1B06AD02AE00A2EEC2A5E27746B06	https://www.ncbi.nlm.nih.gov/sra/?term=SRR16147839	https://www.ncbi.nlm.nih.gov/bioproject/PRJNA767506	https://www.ncbi.nlm.nih.gov/biosample/SAMN21906897	https://www.ncbi.nlm.nih.gov/sra/?term=SRX12432729	https://sra-downloadb.be-md.ncbi.nlm.nih.gov/sos9/sra-pub-zq-922/SRR016/16147/SRR16147839/SRR16147839.lite.1	379	
456	SRR16147840	2023-01-05 10:22:37	2021-10-01 07:50:52	21211466	6363439800	21211466	300	2204		https://sra-downloadb.be-md.ncbi.nlm.nih.gov/sos9/sra-pub-zq-922/SRR016/16147/SRR16147840/SRR16147840.lite.1	SRX12432728	PSK_1d-3	RNA-Seq	RANDOM	GENOMIC	PAIRED	0	0	BGISEQ	BGISEQ-500	SRP339621	PRJNA767506	3	767506	SRS10400166	SAMN21906896	simple	28977	Cunninghamia lanceolata	PSK_1d-3							no					NANJING FORESTRY UNIVERSITY	SRA1303906		public	CD84DBE7EE9005E28409594DE32E0980	3DDE24C5D658C798ADDE0D216DAE9B7C	https://www.ncbi.nlm.nih.gov/sra/?term=SRR16147840	https://www.ncbi.nlm.nih.gov/bioproject/PRJNA767506	https://www.ncbi.nlm.nih.gov/biosample/SAMN21906896	https://www.ncbi.nlm.nih.gov/sra/?term=SRX12432728	https://sra-downloadb.be-md.ncbi.nlm.nih.gov/sos9/sra-pub-zq-922/SRR016/16147/SRR16147840/SRR16147840.lite.1	380	
457	SRR16147841	2023-01-05 10:22:37	2021-10-01 07:52:31	21127988	6338396400	21127988	300	2210		https://sra-downloadb.be-md.ncbi.nlm.nih.gov/sos9/sra-pub-zq-922/SRR016/16147/SRR16147841/SRR16147841.lite.1	SRX12432727	PSK_1d-2	RNA-Seq	RANDOM	GENOMIC	PAIRED	0	0	BGISEQ	BGISEQ-500	SRP339621	PRJNA767506	3	767506	SRS10400165	SAMN21906895	simple	28977	Cunninghamia lanceolata	PSK_1d-2							no					NANJING FORESTRY UNIVERSITY	SRA1303906		public	BCFF7EC1448C58A6E0CD11AA56AE3B83	CB1F4B05C74770ACAF562C62E07D7008	https://www.ncbi.nlm.nih.gov/sra/?term=SRR16147841	https://www.ncbi.nlm.nih.gov/bioproject/PRJNA767506	https://www.ncbi.nlm.nih.gov/biosample/SAMN21906895	https://www.ncbi.nlm.nih.gov/sra/?term=SRX12432727	https://sra-downloadb.be-md.ncbi.nlm.nih.gov/sos9/sra-pub-zq-922/SRR016/16147/SRR16147841/SRR16147841.lite.1	381	
458	SRR16147842	2023-01-05 10:22:37	2021-10-01 07:52:23	21215523	6364656900	21215523	300	2226		https://sra-downloadb.be-md.ncbi.nlm.nih.gov/sos1/sra-pub-zq-38/SRR016/16147/SRR16147842/SRR16147842.lite.1	SRX12432726	PSK_1d-1	RNA-Seq	RANDOM	GENOMIC	PAIRED	0	0	BGISEQ	BGISEQ-500	SRP339621	PRJNA767506	3	767506	SRS10400164	SAMN21906894	simple	28977	Cunninghamia lanceolata	PSK_1d-1							no					NANJING FORESTRY UNIVERSITY	SRA1303906		public	B39ED333712DB91D003E5FE8593FE35A	01DE97C2E7A6B43EB6D44E20FCD1BDA2	https://www.ncbi.nlm.nih.gov/sra/?term=SRR16147842	https://www.ncbi.nlm.nih.gov/bioproject/PRJNA767506	https://www.ncbi.nlm.nih.gov/biosample/SAMN21906894	https://www.ncbi.nlm.nih.gov/sra/?term=SRX12432726	https://sra-downloadb.be-md.ncbi.nlm.nih.gov/sos1/sra-pub-zq-38/SRR016/16147/SRR16147842/SRR16147842.lite.1	382	
459	SRR16147843	2023-01-05 10:22:37	2021-10-01 07:51:23	21604735	6481420500	21604735	300	2259		https://sra-downloadb.be-md.ncbi.nlm.nih.gov/sos9/sra-pub-zq-922/SRR016/16147/SRR16147843/SRR16147843.lite.1	SRX12432725	CK_40d-3	RNA-Seq	RANDOM	GENOMIC	PAIRED	0	0	BGISEQ	BGISEQ-500	SRP339621	PRJNA767506	3	767506	SRS10400162	SAMN21906893	simple	28977	Cunninghamia lanceolata	CK_40d-3							no					NANJING FORESTRY UNIVERSITY	SRA1303906		public	3492E6F9D361C33B3990E413402E4129	73A99094209CCDDF2F0DD08C2DBD9B5D	https://www.ncbi.nlm.nih.gov/sra/?term=SRR16147843	https://www.ncbi.nlm.nih.gov/bioproject/PRJNA767506	https://www.ncbi.nlm.nih.gov/biosample/SAMN21906893	https://www.ncbi.nlm.nih.gov/sra/?term=SRX12432725	https://sra-downloadb.be-md.ncbi.nlm.nih.gov/sos9/sra-pub-zq-922/SRR016/16147/SRR16147843/SRR16147843.lite.1	383	
460	SRR16147844	2023-01-05 10:22:37	2021-10-01 07:51:04	21471937	6441581100	21471937	300	2271		https://sra-downloadb.be-md.ncbi.nlm.nih.gov/sos9/sra-pub-zq-922/SRR016/16147/SRR16147844/SRR16147844.lite.1	SRX12432724	CK_40d-2	RNA-Seq	RANDOM	GENOMIC	PAIRED	0	0	BGISEQ	BGISEQ-500	SRP339621	PRJNA767506	3	767506	SRS10400163	SAMN21906892	simple	28977	Cunninghamia lanceolata	CK_40d-2							no					NANJING FORESTRY UNIVERSITY	SRA1303906		public	7540520CEC62FF36586B2853A6A61790	C9CE9889CCF63F4EFBF03B53A8EBF162	https://www.ncbi.nlm.nih.gov/sra/?term=SRR16147844	https://www.ncbi.nlm.nih.gov/bioproject/PRJNA767506	https://www.ncbi.nlm.nih.gov/biosample/SAMN21906892	https://www.ncbi.nlm.nih.gov/sra/?term=SRX12432724	https://sra-downloadb.be-md.ncbi.nlm.nih.gov/sos9/sra-pub-zq-922/SRR016/16147/SRR16147844/SRR16147844.lite.1	384	
461	SRR16147845	2023-01-05 10:22:37	2021-10-01 07:48:23	21235628	6370688400	21235628	300	2226		https://sra-downloadb.be-md.ncbi.nlm.nih.gov/sos9/sra-pub-zq-922/SRR016/16147/SRR16147845/SRR16147845.lite.1	SRX12432723	CK_40d-1	RNA-Seq	RANDOM	GENOMIC	PAIRED	0	0	BGISEQ	BGISEQ-500	SRP339621	PRJNA767506	3	767506	SRS10400161	SAMN21906891	simple	28977	Cunninghamia lanceolata	CK_40d-1							no					NANJING FORESTRY UNIVERSITY	SRA1303906		public	768B15B65D1846DA06A652657364BA5C	F2B7CA7662FD8F2E7C950073C9076E45	https://www.ncbi.nlm.nih.gov/sra/?term=SRR16147845	https://www.ncbi.nlm.nih.gov/bioproject/PRJNA767506	https://www.ncbi.nlm.nih.gov/biosample/SAMN21906891	https://www.ncbi.nlm.nih.gov/sra/?term=SRX12432723	https://sra-downloadb.be-md.ncbi.nlm.nih.gov/sos9/sra-pub-zq-922/SRR016/16147/SRR16147845/SRR16147845.lite.1	385	
462	SRR16147846	2023-01-05 10:22:37	2021-10-01 07:53:40	21953975	6586192500	21953975	300	2388		https://sra-downloadb.be-md.ncbi.nlm.nih.gov/sos9/sra-pub-zq-922/SRR016/16147/SRR16147846/SRR16147846.lite.1	SRX12432722	CK_30d-3	RNA-Seq	RANDOM	GENOMIC	PAIRED	0	0	BGISEQ	BGISEQ-500	SRP339621	PRJNA767506	3	767506	SRS10400160	SAMN21906890	simple	28977	Cunninghamia lanceolata	CK_30d-3							no					NANJING FORESTRY UNIVERSITY	SRA1303906		public	2CEB1DA6EE41BB0637FEBD67EE822B1E	0A304AE3C0E680A0137D1EA832800FE4	https://www.ncbi.nlm.nih.gov/sra/?term=SRR16147846	https://www.ncbi.nlm.nih.gov/bioproject/PRJNA767506	https://www.ncbi.nlm.nih.gov/biosample/SAMN21906890	https://www.ncbi.nlm.nih.gov/sra/?term=SRX12432722	https://sra-downloadb.be-md.ncbi.nlm.nih.gov/sos9/sra-pub-zq-922/SRR016/16147/SRR16147846/SRR16147846.lite.1	386	
463	SRR16147847	2023-01-05 10:22:36	2021-10-01 07:52:08	21000858	6300257400	21000858	300	2205		https://sra-downloadb.be-md.ncbi.nlm.nih.gov/sos8/sra-pub-zq-818/SRR016/16147/SRR16147847/SRR16147847.lite.1	SRX12432721	Callus_0d-3	RNA-Seq	RANDOM	GENOMIC	PAIRED	0	0	BGISEQ	BGISEQ-500	SRP339621	PRJNA767506	3	767506	SRS10400158	SAMN21906872	simple	28977	Cunninghamia lanceolata	Callus_0d-3							no					NANJING FORESTRY UNIVERSITY	SRA1303906		public	7463A3C78CD519A58BABB19090B7B8B3	635443A846A4F27BE44EF819180BFF3A	https://www.ncbi.nlm.nih.gov/sra/?term=SRR16147847	https://www.ncbi.nlm.nih.gov/bioproject/PRJNA767506	https://www.ncbi.nlm.nih.gov/biosample/SAMN21906872	https://www.ncbi.nlm.nih.gov/sra/?term=SRX12432721	https://sra-downloadb.be-md.ncbi.nlm.nih.gov/sos8/sra-pub-zq-818/SRR016/16147/SRR16147847/SRR16147847.lite.1	387	
464	SRR16147848	2023-01-05 10:22:36	2021-10-01 07:57:35	22036937	6611081100	22036937	300	2423		https://sra-downloadb.be-md.ncbi.nlm.nih.gov/sos9/sra-pub-zq-922/SRR016/16147/SRR16147848/SRR16147848.lite.1	SRX12432720	CK_30d-2	RNA-Seq	RANDOM	GENOMIC	PAIRED	0	0	BGISEQ	BGISEQ-500	SRP339621	PRJNA767506	3	767506	SRS10400157	SAMN21906889	simple	28977	Cunninghamia lanceolata	CK_30d-2							no					NANJING FORESTRY UNIVERSITY	SRA1303906		public	80AA938B15E4379AB4F20E3A1308529C	A0F2592C2FC59DC75EBA3EF7D94DE421	https://www.ncbi.nlm.nih.gov/sra/?term=SRR16147848	https://www.ncbi.nlm.nih.gov/bioproject/PRJNA767506	https://www.ncbi.nlm.nih.gov/biosample/SAMN21906889	https://www.ncbi.nlm.nih.gov/sra/?term=SRX12432720	https://sra-downloadb.be-md.ncbi.nlm.nih.gov/sos9/sra-pub-zq-922/SRR016/16147/SRR16147848/SRR16147848.lite.1	388	
465	SRR16147849	2023-01-05 10:22:36	2021-10-01 07:52:40	21860732	6558219600	21860732	300	2400		https://sra-downloadb.be-md.ncbi.nlm.nih.gov/sos9/sra-pub-zq-922/SRR016/16147/SRR16147849/SRR16147849.lite.1	SRX12432719	CK_30d-1	RNA-Seq	RANDOM	GENOMIC	PAIRED	0	0	BGISEQ	BGISEQ-500	SRP339621	PRJNA767506	3	767506	SRS10400159	SAMN21906888	simple	28977	Cunninghamia lanceolata	CK_30d-1							no					NANJING FORESTRY UNIVERSITY	SRA1303906		public	2F1B7CAB74848A6A23438FB7EC3E5614	046C0A86632608F7672EA1A941BB8B19	https://www.ncbi.nlm.nih.gov/sra/?term=SRR16147849	https://www.ncbi.nlm.nih.gov/bioproject/PRJNA767506	https://www.ncbi.nlm.nih.gov/biosample/SAMN21906888	https://www.ncbi.nlm.nih.gov/sra/?term=SRX12432719	https://sra-downloadb.be-md.ncbi.nlm.nih.gov/sos9/sra-pub-zq-922/SRR016/16147/SRR16147849/SRR16147849.lite.1	389	
466	SRR16147850	2023-01-05 10:22:36	2021-10-01 07:52:16	21160342	6348102600	21160342	300	2220		https://sra-downloadb.be-md.ncbi.nlm.nih.gov/sos8/sra-pub-zq-818/SRR016/16147/SRR16147850/SRR16147850.lite.1	SRX12432718	CK_15d-3	RNA-Seq	RANDOM	GENOMIC	PAIRED	0	0	BGISEQ	BGISEQ-500	SRP339621	PRJNA767506	3	767506	SRS10400156	SAMN21906887	simple	28977	Cunninghamia lanceolata	CK_15d-3							no					NANJING FORESTRY UNIVERSITY	SRA1303906		public	3AF3AE25767083CECCB23FE66DD6278A	9DCF101184863DE741B3573B62AA6545	https://www.ncbi.nlm.nih.gov/sra/?term=SRR16147850	https://www.ncbi.nlm.nih.gov/bioproject/PRJNA767506	https://www.ncbi.nlm.nih.gov/biosample/SAMN21906887	https://www.ncbi.nlm.nih.gov/sra/?term=SRX12432718	https://sra-downloadb.be-md.ncbi.nlm.nih.gov/sos8/sra-pub-zq-818/SRR016/16147/SRR16147850/SRR16147850.lite.1	390	
467	SRR16147851	2023-01-05 10:22:36	2021-10-01 07:50:32	21707386	6512215800	21707386	300	2307		https://sra-downloadb.be-md.ncbi.nlm.nih.gov/sos9/sra-pub-zq-922/SRR016/16147/SRR16147851/SRR16147851.lite.1	SRX12432717	CK_15d-2	RNA-Seq	RANDOM	GENOMIC	PAIRED	0	0	BGISEQ	BGISEQ-500	SRP339621	PRJNA767506	3	767506	SRS10400155	SAMN21906886	simple	28977	Cunninghamia lanceolata	CK_15d-2							no					NANJING FORESTRY UNIVERSITY	SRA1303906		public	B2E70A2EF97636EF1D282C0BF6B82609	01198624DA7CD95519EB638BF22A2CD4	https://www.ncbi.nlm.nih.gov/sra/?term=SRR16147851	https://www.ncbi.nlm.nih.gov/bioproject/PRJNA767506	https://www.ncbi.nlm.nih.gov/biosample/SAMN21906886	https://www.ncbi.nlm.nih.gov/sra/?term=SRX12432717	https://sra-downloadb.be-md.ncbi.nlm.nih.gov/sos9/sra-pub-zq-922/SRR016/16147/SRR16147851/SRR16147851.lite.1	391	
468	SRR16147852	2023-01-05 10:22:36	2021-10-01 07:53:22	21005082	6301524600	21005082	300	2198		https://sra-downloadb.be-md.ncbi.nlm.nih.gov/sos8/sra-pub-zq-818/SRR016/16147/SRR16147852/SRR16147852.lite.1	SRX12432716	CK_15d-1	RNA-Seq	RANDOM	GENOMIC	PAIRED	0	0	BGISEQ	BGISEQ-500	SRP339621	PRJNA767506	3	767506	SRS10400154	SAMN21906885	simple	28977	Cunninghamia lanceolata	CK_15d-1							no					NANJING FORESTRY UNIVERSITY	SRA1303906		public	97CCF1C1064F7C0432020121B11E3CBE	170B822F2E4C0EF03E9E91CD0FCCA55C	https://www.ncbi.nlm.nih.gov/sra/?term=SRR16147852	https://www.ncbi.nlm.nih.gov/bioproject/PRJNA767506	https://www.ncbi.nlm.nih.gov/biosample/SAMN21906885	https://www.ncbi.nlm.nih.gov/sra/?term=SRX12432716	https://sra-downloadb.be-md.ncbi.nlm.nih.gov/sos8/sra-pub-zq-818/SRR016/16147/SRR16147852/SRR16147852.lite.1	392	
469	SRR16147853	2023-01-05 10:22:36	2021-10-01 07:52:02	21099475	6329842500	21099475	300	2196		https://sra-downloadb.be-md.ncbi.nlm.nih.gov/sos9/sra-pub-zq-922/SRR016/16147/SRR16147853/SRR16147853.lite.1	SRX12432715	CK_7d-3	RNA-Seq	RANDOM	GENOMIC	PAIRED	0	0	BGISEQ	BGISEQ-500	SRP339621	PRJNA767506	3	767506	SRS10400153	SAMN21906884	simple	28977	Cunninghamia lanceolata	CK_7d-3							no					NANJING FORESTRY UNIVERSITY	SRA1303906		public	3234D7B7270B641EADDF848F00E0348F	F9C1311700A8266FE7B64799E00FD351	https://www.ncbi.nlm.nih.gov/sra/?term=SRR16147853	https://www.ncbi.nlm.nih.gov/bioproject/PRJNA767506	https://www.ncbi.nlm.nih.gov/biosample/SAMN21906884	https://www.ncbi.nlm.nih.gov/sra/?term=SRX12432715	https://sra-downloadb.be-md.ncbi.nlm.nih.gov/sos9/sra-pub-zq-922/SRR016/16147/SRR16147853/SRR16147853.lite.1	393	
470	SRR16147854	2023-01-05 10:22:36	2021-10-01 07:51:53	21146096	6343828800	21146096	300	2204		https://sra-downloadb.be-md.ncbi.nlm.nih.gov/sos1/sra-pub-zq-38/SRR016/16147/SRR16147854/SRR16147854.lite.1	SRX12432714	CK_7d-2	RNA-Seq	RANDOM	GENOMIC	PAIRED	0	0	BGISEQ	BGISEQ-500	SRP339621	PRJNA767506	3	767506	SRS10400152	SAMN21906883	simple	28977	Cunninghamia lanceolata	CK_7d-2							no					NANJING FORESTRY UNIVERSITY	SRA1303906		public	7F27A1E650C3152FD5FDD6F9632E6969	E0811FE2127097A021B1AEA959FC8D65	https://www.ncbi.nlm.nih.gov/sra/?term=SRR16147854	https://www.ncbi.nlm.nih.gov/bioproject/PRJNA767506	https://www.ncbi.nlm.nih.gov/biosample/SAMN21906883	https://www.ncbi.nlm.nih.gov/sra/?term=SRX12432714	https://sra-downloadb.be-md.ncbi.nlm.nih.gov/sos1/sra-pub-zq-38/SRR016/16147/SRR16147854/SRR16147854.lite.1	394	
471	SRR16147855	2023-01-05 10:22:36	2021-10-01 07:56:04	21086056	6325816800	21086056	300	2200		https://sra-downloadb.be-md.ncbi.nlm.nih.gov/sos1/sra-pub-zq-38/SRR016/16147/SRR16147855/SRR16147855.lite.1	SRX12432713	CK_7d-1	RNA-Seq	RANDOM	GENOMIC	PAIRED	0	0	BGISEQ	BGISEQ-500	SRP339621	PRJNA767506	3	767506	SRS10400151	SAMN21906882	simple	28977	Cunninghamia lanceolata	CK_7d-1							no					NANJING FORESTRY UNIVERSITY	SRA1303906		public	A075FC570A9EEFE6CB5382711F66C78F	56F3855D9E108F607511631EFCD5537F	https://www.ncbi.nlm.nih.gov/sra/?term=SRR16147855	https://www.ncbi.nlm.nih.gov/bioproject/PRJNA767506	https://www.ncbi.nlm.nih.gov/biosample/SAMN21906882	https://www.ncbi.nlm.nih.gov/sra/?term=SRX12432713	https://sra-downloadb.be-md.ncbi.nlm.nih.gov/sos1/sra-pub-zq-38/SRR016/16147/SRR16147855/SRR16147855.lite.1	395	
472	SRR16147856	2023-01-05 10:22:36	2021-10-01 07:54:06	21022797	6306839100	21022797	300	2181		https://sra-downloadb.be-md.ncbi.nlm.nih.gov/sos9/sra-pub-zq-922/SRR016/16147/SRR16147856/SRR16147856.lite.1	SRX12432712	CK_5d-3	RNA-Seq	RANDOM	GENOMIC	PAIRED	0	0	BGISEQ	BGISEQ-500	SRP339621	PRJNA767506	3	767506	SRS10400149	SAMN21906881	simple	28977	Cunninghamia lanceolata	CK_5d-3							no					NANJING FORESTRY UNIVERSITY	SRA1303906		public	D33F2C680402893CD06F349816815E0E	0A4200DCAD7618141F70A281DEF57C2A	https://www.ncbi.nlm.nih.gov/sra/?term=SRR16147856	https://www.ncbi.nlm.nih.gov/bioproject/PRJNA767506	https://www.ncbi.nlm.nih.gov/biosample/SAMN21906881	https://www.ncbi.nlm.nih.gov/sra/?term=SRX12432712	https://sra-downloadb.be-md.ncbi.nlm.nih.gov/sos9/sra-pub-zq-922/SRR016/16147/SRR16147856/SRR16147856.lite.1	396	
473	SRR16147857	2023-01-05 10:22:36	2021-10-01 07:53:47	21596231	6478869300	21596231	300	2272		https://sra-downloadb.be-md.ncbi.nlm.nih.gov/sos1/sra-pub-zq-38/SRR016/16147/SRR16147857/SRR16147857.lite.1	SRX12432711	CK_5d-2	RNA-Seq	RANDOM	GENOMIC	PAIRED	0	0	BGISEQ	BGISEQ-500	SRP339621	PRJNA767506	3	767506	SRS10400147	SAMN21906880	simple	28977	Cunninghamia lanceolata	CK_5d-2							no					NANJING FORESTRY UNIVERSITY	SRA1303906		public	70389CBC14433A3349FC62324438C2F2	A6D095B1DFE7AF2E85C01E2AEDC082C1	https://www.ncbi.nlm.nih.gov/sra/?term=SRR16147857	https://www.ncbi.nlm.nih.gov/bioproject/PRJNA767506	https://www.ncbi.nlm.nih.gov/biosample/SAMN21906880	https://www.ncbi.nlm.nih.gov/sra/?term=SRX12432711	https://sra-downloadb.be-md.ncbi.nlm.nih.gov/sos1/sra-pub-zq-38/SRR016/16147/SRR16147857/SRR16147857.lite.1	397	
474	SRR16147858	2023-01-05 10:22:36	2021-10-01 07:51:47	21186311	6355893300	21186311	300	2161		https://sra-downloadb.be-md.ncbi.nlm.nih.gov/sos9/sra-pub-zq-922/SRR016/16147/SRR16147858/SRR16147858.lite.1	SRX12432710	Callus_0d-2	RNA-Seq	RANDOM	GENOMIC	PAIRED	0	0	BGISEQ	BGISEQ-500	SRP339621	PRJNA767506	3	767506	SRS10400148	SAMN21906871	simple	28977	Cunninghamia lanceolata	Callus_0d-2							no					NANJING FORESTRY UNIVERSITY	SRA1303906		public	232002D6C2FF2526CEE7A241CED6BA0E	993BDC15567502F9EE695FFEAE4E8C00	https://www.ncbi.nlm.nih.gov/sra/?term=SRR16147858	https://www.ncbi.nlm.nih.gov/bioproject/PRJNA767506	https://www.ncbi.nlm.nih.gov/biosample/SAMN21906871	https://www.ncbi.nlm.nih.gov/sra/?term=SRX12432710	https://sra-downloadb.be-md.ncbi.nlm.nih.gov/sos9/sra-pub-zq-922/SRR016/16147/SRR16147858/SRR16147858.lite.1	398	
475	SRR16147859	2023-01-05 10:22:36	2021-10-01 08:05:53	21045792	6313737600	21045792	300	2195		https://sra-downloadb.be-md.ncbi.nlm.nih.gov/sos1/sra-pub-zq-38/SRR016/16147/SRR16147859/SRR16147859.lite.1	SRX12432709	Callus_0d-1	RNA-Seq	RANDOM	GENOMIC	PAIRED	0	0	BGISEQ	BGISEQ-500	SRP339621	PRJNA767506	3	767506	SRS10400150	SAMN21906870	simple	28977	Cunninghamia lanceolata	Callus_0d-1							no					NANJING FORESTRY UNIVERSITY	SRA1303906		public	2C1537BA42BE6952B2555A359E89491B	76C6032DBB3DF85FC3C10A17ABCCC50F	https://www.ncbi.nlm.nih.gov/sra/?term=SRR16147859	https://www.ncbi.nlm.nih.gov/bioproject/PRJNA767506	https://www.ncbi.nlm.nih.gov/biosample/SAMN21906870	https://www.ncbi.nlm.nih.gov/sra/?term=SRX12432709	https://sra-downloadb.be-md.ncbi.nlm.nih.gov/sos1/sra-pub-zq-38/SRR016/16147/SRR16147859/SRR16147859.lite.1	399	
476	SRR31672770	2025-12-08 00:00:36	2024-12-11 01:59:56	23737848	7121354400	23737848	300	1874		https://sra-downloadb.be-md.ncbi.nlm.nih.gov/sos1/sra-pub-zq-38/SRR031/31672/SRR31672770/SRR31672770.lite.1	SRX27035236	BV187-004T0006	RNA-Seq	Oligo-dT	TRANSCRIPTOMIC	PAIRED	0	0	ILLUMINA	Illumina NovaSeq X Plus	SRP550675	PRJNA1196633		1196633	SRS23498599	SAMN45592176	simple	128017	Dimocarpus longan	D3							no					FUJIAN AGRICULTURE AND FORESTRY UNIVERSITY	SRA2031791		public	B6E8873BEE6C57096583FECFB2EC3AE5	B0066623038589914730B0705A2AC764	https://www.ncbi.nlm.nih.gov/sra/?term=SRR31672770	https://www.ncbi.nlm.nih.gov/bioproject/PRJNA1196633	https://www.ncbi.nlm.nih.gov/biosample/SAMN45592176	https://www.ncbi.nlm.nih.gov/sra/?term=SRX27035236	https://sra-downloadb.be-md.ncbi.nlm.nih.gov/sos1/sra-pub-zq-38/SRR031/31672/SRR31672770/SRR31672770.lite.1	906	
477	SRR31672771	2025-12-08 00:00:35	2024-12-11 02:00:32	26191170	7857351000	26191170	300	2092		https://sra-downloadb.be-md.ncbi.nlm.nih.gov/sos1/sra-pub-zq-38/SRR031/31672/SRR31672771/SRR31672771.lite.1	SRX27035235	BV187-004T0005	RNA-Seq	Oligo-dT	TRANSCRIPTOMIC	PAIRED	0	0	ILLUMINA	Illumina NovaSeq X Plus	SRP550675	PRJNA1196633		1196633	SRS23498598	SAMN45592175	simple	128017	Dimocarpus longan	D2							no					FUJIAN AGRICULTURE AND FORESTRY UNIVERSITY	SRA2031791		public	A5BDCCCF75D9086479FBDE345D2802DC	03E6D83931B5D7B2E41DB5238455716B	https://www.ncbi.nlm.nih.gov/sra/?term=SRR31672771	https://www.ncbi.nlm.nih.gov/bioproject/PRJNA1196633	https://www.ncbi.nlm.nih.gov/biosample/SAMN45592175	https://www.ncbi.nlm.nih.gov/sra/?term=SRX27035235	https://sra-downloadb.be-md.ncbi.nlm.nih.gov/sos1/sra-pub-zq-38/SRR031/31672/SRR31672771/SRR31672771.lite.1	907	
478	SRR31672772	2025-12-08 00:00:35	2024-12-11 02:00:26	24799946	7439983800	24799946	300	1954		https://sra-downloadb.be-md.ncbi.nlm.nih.gov/sos1/sra-pub-zq-38/SRR031/31672/SRR31672772/SRR31672772.lite.1	SRX27035234	BV187-004T0004	RNA-Seq	Oligo-dT	TRANSCRIPTOMIC	PAIRED	0	0	ILLUMINA	Illumina NovaSeq X Plus	SRP550675	PRJNA1196633		1196633	SRS23498597	SAMN45592174	simple	128017	Dimocarpus longan	D1							no					FUJIAN AGRICULTURE AND FORESTRY UNIVERSITY	SRA2031791		public	EFDE259ADBAF03A5176D3F82D5084013	2C44C6658896D7A19838276DA32AFD71	https://www.ncbi.nlm.nih.gov/sra/?term=SRR31672772	https://www.ncbi.nlm.nih.gov/bioproject/PRJNA1196633	https://www.ncbi.nlm.nih.gov/biosample/SAMN45592174	https://www.ncbi.nlm.nih.gov/sra/?term=SRX27035234	https://sra-downloadb.be-md.ncbi.nlm.nih.gov/sos1/sra-pub-zq-38/SRR031/31672/SRR31672772/SRR31672772.lite.1	908	
479	SRR31672773	2025-12-08 00:00:35	2024-12-11 02:05:22	70329743	21098922900	70329743	300	5820		https://sra-downloadb.be-md.ncbi.nlm.nih.gov/sos7/sra-pub-run-38/SRR031/31672/SRR31672773/SRR31672773.1	SRX27035233	BV187-004T0003	RNA-Seq	Oligo-dT	TRANSCRIPTOMIC	PAIRED	0	0	ILLUMINA	Illumina NovaSeq X Plus	SRP550675	PRJNA1196633		1196633	SRS23498596	SAMN45592173	simple	128017	Dimocarpus longan	CK 3							no					FUJIAN AGRICULTURE AND FORESTRY UNIVERSITY	SRA2031791		public	7C9D167A435F20F4706CF79930F4B837	21EC0D9B4AE725A3261EA35DFC4EF7CE	https://www.ncbi.nlm.nih.gov/sra/?term=SRR31672773	https://www.ncbi.nlm.nih.gov/bioproject/PRJNA1196633	https://www.ncbi.nlm.nih.gov/biosample/SAMN45592173	https://www.ncbi.nlm.nih.gov/sra/?term=SRX27035233	https://sra-downloadb.be-md.ncbi.nlm.nih.gov/sos7/sra-pub-run-38/SRR031/31672/SRR31672773/SRR31672773.1	909	
480	SRR31672774	2025-12-08 00:00:35	2024-12-11 02:01:36	22058674	6617602200	22058674	300	1742		https://sra-downloadb.be-md.ncbi.nlm.nih.gov/sos1/sra-pub-zq-38/SRR031/31672/SRR31672774/SRR31672774.lite.1	SRX27035232	BV187-004T0002	RNA-Seq	Oligo-dT	TRANSCRIPTOMIC	PAIRED	0	0	ILLUMINA	Illumina NovaSeq X Plus	SRP550675	PRJNA1196633		1196633	SRS23498595	SAMN45592172	simple	128017	Dimocarpus longan	CK 2							no					FUJIAN AGRICULTURE AND FORESTRY UNIVERSITY	SRA2031791		public	A3C207DA17793DFF79821B5C9BD377A1	E9E477F1DE381421253B9FE61A912C87	https://www.ncbi.nlm.nih.gov/sra/?term=SRR31672774	https://www.ncbi.nlm.nih.gov/bioproject/PRJNA1196633	https://www.ncbi.nlm.nih.gov/biosample/SAMN45592172	https://www.ncbi.nlm.nih.gov/sra/?term=SRX27035232	https://sra-downloadb.be-md.ncbi.nlm.nih.gov/sos1/sra-pub-zq-38/SRR031/31672/SRR31672774/SRR31672774.lite.1	910	
481	SRR31672775	2025-12-08 00:00:35	2024-12-11 02:18:56	83541836	25062550800	83541836	300	6787		https://sra-downloadb.be-md.ncbi.nlm.nih.gov/sos7/sra-pub-run-38/SRR031/31672/SRR31672775/SRR31672775.1	SRX27035231	BV187-004T0001	RNA-Seq	Oligo-dT	TRANSCRIPTOMIC	PAIRED	0	0	ILLUMINA	Illumina NovaSeq X Plus	SRP550675	PRJNA1196633		1196633	SRS23498594	SAMN45592171	simple	128017	Dimocarpus longan	CK 1							no					FUJIAN AGRICULTURE AND FORESTRY UNIVERSITY	SRA2031791		public	9FA5FCCBC1EC6B1AFAD37ECCD9D64947	9B429BB5CD3B3306024663EBB296FFD9	https://www.ncbi.nlm.nih.gov/sra/?term=SRR31672775	https://www.ncbi.nlm.nih.gov/bioproject/PRJNA1196633	https://www.ncbi.nlm.nih.gov/biosample/SAMN45592171	https://www.ncbi.nlm.nih.gov/sra/?term=SRX27035231	https://sra-downloadb.be-md.ncbi.nlm.nih.gov/sos7/sra-pub-run-38/SRR031/31672/SRR31672775/SRR31672775.1	911	
482	SRR2533203	2016-09-28 22:40:12	2015-09-29 14:18:52	12554858	439420030	0	35	201		https://sra-downloadb.be-md.ncbi.nlm.nih.gov/sos5/sra-pub-zq-11/SRR002/533/SRR2533203/SRR2533203.sralite.1	SRX1294181	Dimocarpus longan somatic embryo	miRNA-Seq	PCR	TRANSCRIPTOMIC	SINGLE	0	0	ILLUMINA	Illumina HiSeq 2000	SRP064278	PRJNA297248		297248	SRS1093006	SAMN04120614	simple	128017	Dimocarpus longan	somatic embryo							no					FUJIAN AGRICULTURE AND FORESTRY UNIVERSITY	SRA301402		public	253D368D360A07E40B9DEB6AA1BB5FA8	64AC6CD721850ABD4728CE3B761CFDFD	https://www.ncbi.nlm.nih.gov/sra/?term=SRR2533203	https://www.ncbi.nlm.nih.gov/bioproject/PRJNA297248	https://www.ncbi.nlm.nih.gov/biosample/SAMN04120614	https://www.ncbi.nlm.nih.gov/sra/?term=SRX1294181	https://sra-downloadb.be-md.ncbi.nlm.nih.gov/sos5/sra-pub-zq-11/SRR002/533/SRR2533203/SRR2533203.sralite.1	699	
483	SRR10112229	2020-10-12 00:00:35	2019-09-13 07:08:55	29770084	5358615120	29770084	180	3857		https://sra-downloadb.be-md.ncbi.nlm.nih.gov/sos5/sra-pub-zq-16/SRR010/10112/SRR10112229/SRR10112229.lite.1	SRX6841772	GE_L	RNA-Seq	other	TRANSCRIPTOMIC	PAIRED	0	0	ILLUMINA	Illumina HiSeq 2000	SRP221534	PRJNA565345		565345	SRS5381375	SAMN12740651	simple	128017	Dimocarpus longan	globular embryos							no					FUJIAN AGRICULTURE AND FORESTRY UNIVERSITY	SRA961447		public	F4E4E0DF52208B6E06ED7BDAB1D0EAB7	888DC2ECDF1F1812B226E98E7A5FF53C	https://www.ncbi.nlm.nih.gov/sra/?term=SRR10112229	https://www.ncbi.nlm.nih.gov/bioproject/PRJNA565345	https://www.ncbi.nlm.nih.gov/biosample/SAMN12740651	https://www.ncbi.nlm.nih.gov/sra/?term=SRX6841772	https://sra-downloadb.be-md.ncbi.nlm.nih.gov/sos5/sra-pub-zq-16/SRR010/10112/SRR10112229/SRR10112229.lite.1	2	
484	SRR10112230	2020-10-12 00:00:35	2019-09-13 07:11:23	29790423	5362276140	29790423	180	3839		https://sra-downloadb.be-md.ncbi.nlm.nih.gov/sos5/sra-pub-zq-16/SRR010/10112/SRR10112230/SRR10112230.lite.1	SRX6841771	ICpEC_L	RNA-Seq	other	TRANSCRIPTOMIC	PAIRED	0	0	ILLUMINA	Illumina HiSeq 2000	SRP221534	PRJNA565345		565345	SRS5381374	SAMN12740650	simple	128017	Dimocarpus longan	incomplete compact pro-embryogenic cultures							no					FUJIAN AGRICULTURE AND FORESTRY UNIVERSITY	SRA961447		public	E6F523A1A7880429DDFC6CA6B4832F13	FD214C356C7A1493B4E5FB327A710606	https://www.ncbi.nlm.nih.gov/sra/?term=SRR10112230	https://www.ncbi.nlm.nih.gov/bioproject/PRJNA565345	https://www.ncbi.nlm.nih.gov/biosample/SAMN12740650	https://www.ncbi.nlm.nih.gov/sra/?term=SRX6841771	https://sra-downloadb.be-md.ncbi.nlm.nih.gov/sos5/sra-pub-zq-16/SRR010/10112/SRR10112230/SRR10112230.lite.1	3	
485	SRR10112231	2020-10-12 00:00:35	2019-09-13 07:07:56	32438129	5838863220	32438129	180	3044		https://sra-downloadb.be-md.ncbi.nlm.nih.gov/sos5/sra-pub-zq-16/SRR010/10112/SRR10112231/SRR10112231.lite.1	SRX6841770	EC_L	RNA-Seq	other	TRANSCRIPTOMIC	PAIRED	0	0	ILLUMINA	Illumina HiSeq 2000	SRP221534	PRJNA565345		565345	SRS5381373	SAMN12740649	simple	128017	Dimocarpus longan	embryogenic callus							no					FUJIAN AGRICULTURE AND FORESTRY UNIVERSITY	SRA961447		public	91A6DC4FB41D725AA3F0EE872538A3BF	8EA1FD13CF60B5B5890CB53490FD0415	https://www.ncbi.nlm.nih.gov/sra/?term=SRR10112231	https://www.ncbi.nlm.nih.gov/bioproject/PRJNA565345	https://www.ncbi.nlm.nih.gov/biosample/SAMN12740649	https://www.ncbi.nlm.nih.gov/sra/?term=SRX6841770	https://sra-downloadb.be-md.ncbi.nlm.nih.gov/sos5/sra-pub-zq-16/SRR010/10112/SRR10112231/SRR10112231.lite.1	4	
486	SRR10112232	2020-10-12 00:00:35	2019-09-13 07:09:30	29892927	5380726860	29892927	180	3829		https://sra-downloadb.be-md.ncbi.nlm.nih.gov/sos5/sra-pub-zq-16/SRR010/10112/SRR10112232/SRR10112232.lite.1	SRX6841769	NEC_L	RNA-Seq	other	TRANSCRIPTOMIC	PAIRED	0	0	ILLUMINA	Illumina HiSeq 2000	SRP221534	PRJNA565345		565345	SRS5381372	SAMN12740648	simple	128017	Dimocarpus longan	non-embryogenic callus							no					FUJIAN AGRICULTURE AND FORESTRY UNIVERSITY	SRA961447		public	1AA41BB392A3FAC07B659F91A69D39A5	A64AE8A77291FCB1598302AFA2ECDC0A	https://www.ncbi.nlm.nih.gov/sra/?term=SRR10112232	https://www.ncbi.nlm.nih.gov/bioproject/PRJNA565345	https://www.ncbi.nlm.nih.gov/biosample/SAMN12740648	https://www.ncbi.nlm.nih.gov/sra/?term=SRX6841769	https://sra-downloadb.be-md.ncbi.nlm.nih.gov/sos5/sra-pub-zq-16/SRR010/10112/SRR10112232/SRR10112232.lite.1	5	
487	SRR21980407	2025-11-23 00:00:53	2022-10-20 08:35:53	24655580	7335026056	24655580	297	2216		https://sra-downloadb.be-md.ncbi.nlm.nih.gov/sos1/sra-pub-zq-38/SRR021/21980/SRR21980407/SRR21980407.lite.1	SRX17963592	library_10	RNA-Seq	PCR	TRANSCRIPTOMIC	PAIRED	0	0	ILLUMINA	Illumina NovaSeq 6000	SRP403616	PRJNA889205		889205	SRS15479944	SAMN31233438	simple	128017	Dimocarpus longan	B11							no					INSTITUTE OF HORTICULTURAL BIOTECHNOLOGY	SRA1524046		public	E60B9A321DB1FD91404343DCBEEA414F	CA413153FE017F55BA4BA2F04FDE4121	https://www.ncbi.nlm.nih.gov/sra/?term=SRR21980407	https://www.ncbi.nlm.nih.gov/bioproject/PRJNA889205	https://www.ncbi.nlm.nih.gov/biosample/SAMN31233438	https://www.ncbi.nlm.nih.gov/sra/?term=SRX17963592	https://sra-downloadb.be-md.ncbi.nlm.nih.gov/sos1/sra-pub-zq-38/SRR021/21980/SRR21980407/SRR21980407.lite.1	540	
488	SRR21980408	2025-11-23 00:00:52	2022-10-20 10:51:23	24083158	7146995168	24083158	296	2183		https://sra-downloadb.be-md.ncbi.nlm.nih.gov/sos1/sra-pub-zq-38/SRR021/21980/SRR21980408/SRR21980408.lite.1	SRX17963591	library_9	RNA-Seq	PCR	TRANSCRIPTOMIC	PAIRED	0	0	ILLUMINA	Illumina NovaSeq 6000	SRP403616	PRJNA889205		889205	SRS15479943	SAMN31233437	simple	128017	Dimocarpus longan	A43							no					INSTITUTE OF HORTICULTURAL BIOTECHNOLOGY	SRA1524046		public	FDFA96C2723962FA1A062421D15D632C	376C9F6FF1221CDD3FA5296C0F5D798E	https://www.ncbi.nlm.nih.gov/sra/?term=SRR21980408	https://www.ncbi.nlm.nih.gov/bioproject/PRJNA889205	https://www.ncbi.nlm.nih.gov/biosample/SAMN31233437	https://www.ncbi.nlm.nih.gov/sra/?term=SRX17963591	https://sra-downloadb.be-md.ncbi.nlm.nih.gov/sos1/sra-pub-zq-38/SRR021/21980/SRR21980408/SRR21980408.lite.1	541	
489	SRR21980409	2025-11-23 00:00:51	2022-10-20 13:02:50	28250920	8408850456	28250920	297	2550		https://sra-downloadb.be-md.ncbi.nlm.nih.gov/sos1/sra-pub-zq-38/SRR021/21980/SRR21980409/SRR21980409.lite.1	SRX17963590	library_8	RNA-Seq	PCR	TRANSCRIPTOMIC	PAIRED	0	0	ILLUMINA	Illumina NovaSeq 6000	SRP403616	PRJNA889205		889205	SRS15479942	SAMN31233436	simple	128017	Dimocarpus longan	A42							no					INSTITUTE OF HORTICULTURAL BIOTECHNOLOGY	SRA1524046		public	C5B5FB6ED6CA82976BF768065EB731FC	EF89F0158A7C6E9C25BAA3A41E566F9F	https://www.ncbi.nlm.nih.gov/sra/?term=SRR21980409	https://www.ncbi.nlm.nih.gov/bioproject/PRJNA889205	https://www.ncbi.nlm.nih.gov/biosample/SAMN31233436	https://www.ncbi.nlm.nih.gov/sra/?term=SRX17963590	https://sra-downloadb.be-md.ncbi.nlm.nih.gov/sos1/sra-pub-zq-38/SRR021/21980/SRR21980409/SRR21980409.lite.1	542	
490	SRR21980410	2025-11-23 00:00:53	2022-10-20 08:32:56	25238343	7516422740	25238343	297	2274		https://sra-downloadb.be-md.ncbi.nlm.nih.gov/sos1/sra-pub-zq-38/SRR021/21980/SRR21980410/SRR21980410.lite.1	SRX17963589	library_7	RNA-Seq	PCR	TRANSCRIPTOMIC	PAIRED	0	0	ILLUMINA	Illumina NovaSeq 6000	SRP403616	PRJNA889205		889205	SRS15479941	SAMN31233435	simple	128017	Dimocarpus longan	A41							no					INSTITUTE OF HORTICULTURAL BIOTECHNOLOGY	SRA1524046		public	56F163EC76EA51AFF2BD72C6695943FA	01C117367FC9E74588F59C8B05ACDADF	https://www.ncbi.nlm.nih.gov/sra/?term=SRR21980410	https://www.ncbi.nlm.nih.gov/bioproject/PRJNA889205	https://www.ncbi.nlm.nih.gov/biosample/SAMN31233435	https://www.ncbi.nlm.nih.gov/sra/?term=SRX17963589	https://sra-downloadb.be-md.ncbi.nlm.nih.gov/sos1/sra-pub-zq-38/SRR021/21980/SRR21980410/SRR21980410.lite.1	543	
491	SRR21980411	2025-11-23 00:00:52	2022-10-20 08:30:50	24839518	7389341944	24839518	297	2253		https://sra-downloadb.be-md.ncbi.nlm.nih.gov/sos1/sra-pub-zq-38/SRR021/21980/SRR21980411/SRR21980411.lite.1	SRX17963588	library_6	RNA-Seq	PCR	TRANSCRIPTOMIC	PAIRED	0	0	ILLUMINA	Illumina NovaSeq 6000	SRP403616	PRJNA889205		889205	SRS15479940	SAMN31233434	simple	128017	Dimocarpus longan	A23							no					INSTITUTE OF HORTICULTURAL BIOTECHNOLOGY	SRA1524046		public	C9FECF0694DA89A7BCB52143DEC091B7	A3BC413783C65A88E570450EEBB912AE	https://www.ncbi.nlm.nih.gov/sra/?term=SRR21980411	https://www.ncbi.nlm.nih.gov/bioproject/PRJNA889205	https://www.ncbi.nlm.nih.gov/biosample/SAMN31233434	https://www.ncbi.nlm.nih.gov/sra/?term=SRX17963588	https://sra-downloadb.be-md.ncbi.nlm.nih.gov/sos1/sra-pub-zq-38/SRR021/21980/SRR21980411/SRR21980411.lite.1	544	
492	SRR21980412	2025-11-23 00:00:53	2022-10-20 08:30:53	22665049	6749708158	22665049	297	2055		https://sra-downloadb.be-md.ncbi.nlm.nih.gov/sos1/sra-pub-zq-38/SRR021/21980/SRR21980412/SRR21980412.lite.1	SRX17963587	library_5	RNA-Seq	PCR	TRANSCRIPTOMIC	PAIRED	0	0	ILLUMINA	Illumina NovaSeq 6000	SRP403616	PRJNA889205		889205	SRS15479939	SAMN31233433	simple	128017	Dimocarpus longan	A22							no					INSTITUTE OF HORTICULTURAL BIOTECHNOLOGY	SRA1524046		public	E41EFA4E9AB5181C080B2E70F111608D	64C17B17EA6AD315D58F3118096B9D4A	https://www.ncbi.nlm.nih.gov/sra/?term=SRR21980412	https://www.ncbi.nlm.nih.gov/bioproject/PRJNA889205	https://www.ncbi.nlm.nih.gov/biosample/SAMN31233433	https://www.ncbi.nlm.nih.gov/sra/?term=SRX17963587	https://sra-downloadb.be-md.ncbi.nlm.nih.gov/sos1/sra-pub-zq-38/SRR021/21980/SRR21980412/SRR21980412.lite.1	545	
493	SRR21980413	2025-11-23 00:00:52	2022-10-20 08:31:51	24099716	7195241392	24099716	298	2173		https://sra-downloadb.be-md.ncbi.nlm.nih.gov/sos1/sra-pub-zq-38/SRR021/21980/SRR21980413/SRR21980413.lite.1	SRX17963586	library_4	RNA-Seq	PCR	TRANSCRIPTOMIC	PAIRED	0	0	ILLUMINA	Illumina NovaSeq 6000	SRP403616	PRJNA889205		889205	SRS15479938	SAMN31233432	simple	128017	Dimocarpus longan	A21							no					INSTITUTE OF HORTICULTURAL BIOTECHNOLOGY	SRA1524046		public	76D1E2599757BCA1436445218562EA0D	149F6EF158D1F493BA6726A9E268AC97	https://www.ncbi.nlm.nih.gov/sra/?term=SRR21980413	https://www.ncbi.nlm.nih.gov/bioproject/PRJNA889205	https://www.ncbi.nlm.nih.gov/biosample/SAMN31233432	https://www.ncbi.nlm.nih.gov/sra/?term=SRX17963586	https://sra-downloadb.be-md.ncbi.nlm.nih.gov/sos1/sra-pub-zq-38/SRR021/21980/SRR21980413/SRR21980413.lite.1	546	
494	SRR21980414	2025-11-23 00:00:53	2022-10-20 08:30:28	25580740	7612616474	25580740	297	2322		https://sra-downloadb.be-md.ncbi.nlm.nih.gov/sos1/sra-pub-zq-38/SRR021/21980/SRR21980414/SRR21980414.lite.1	SRX17963585	library_3	RNA-Seq	PCR	TRANSCRIPTOMIC	PAIRED	0	0	ILLUMINA	Illumina NovaSeq 6000	SRP403616	PRJNA889205		889205	SRS15479937	SAMN31233431	simple	128017	Dimocarpus longan	A13							no					INSTITUTE OF HORTICULTURAL BIOTECHNOLOGY	SRA1524046		public	869FC89E1692D1887100B82C32D72F11	2A00BDA3448E7ED4DDB20563757EE965	https://www.ncbi.nlm.nih.gov/sra/?term=SRR21980414	https://www.ncbi.nlm.nih.gov/bioproject/PRJNA889205	https://www.ncbi.nlm.nih.gov/biosample/SAMN31233431	https://www.ncbi.nlm.nih.gov/sra/?term=SRX17963585	https://sra-downloadb.be-md.ncbi.nlm.nih.gov/sos1/sra-pub-zq-38/SRR021/21980/SRR21980414/SRR21980414.lite.1	547	
495	SRR21980415	2025-11-23 00:00:52	2022-10-20 09:06:53	28459137	8469788012	28459137	297	2565		https://sra-downloadb.be-md.ncbi.nlm.nih.gov/sos1/sra-pub-zq-38/SRR021/21980/SRR21980415/SRR21980415.lite.1	SRX17963584	library_18	RNA-Seq	PCR	TRANSCRIPTOMIC	PAIRED	0	0	ILLUMINA	Illumina NovaSeq 6000	SRP403616	PRJNA889205		889205	SRS15479936	SAMN31233446	simple	128017	Dimocarpus longan	B43							no					INSTITUTE OF HORTICULTURAL BIOTECHNOLOGY	SRA1524046		public	4C273AF49176343730A897420529EA7F	9A73A2FD1CDD2013A26F88A329CCA670	https://www.ncbi.nlm.nih.gov/sra/?term=SRR21980415	https://www.ncbi.nlm.nih.gov/bioproject/PRJNA889205	https://www.ncbi.nlm.nih.gov/biosample/SAMN31233446	https://www.ncbi.nlm.nih.gov/sra/?term=SRX17963584	https://sra-downloadb.be-md.ncbi.nlm.nih.gov/sos1/sra-pub-zq-38/SRR021/21980/SRR21980415/SRR21980415.lite.1	548	
496	SRR21980416	2025-11-23 00:00:53	2022-10-20 08:30:49	24853852	7402604048	24853852	297	2218		https://sra-downloadb.be-md.ncbi.nlm.nih.gov/sos1/sra-pub-zq-38/SRR021/21980/SRR21980416/SRR21980416.lite.1	SRX17963583	library_17	RNA-Seq	PCR	TRANSCRIPTOMIC	PAIRED	0	0	ILLUMINA	Illumina NovaSeq 6000	SRP403616	PRJNA889205		889205	SRS15479935	SAMN31233445	simple	128017	Dimocarpus longan	B42							no					INSTITUTE OF HORTICULTURAL BIOTECHNOLOGY	SRA1524046		public	CC7A3F385FDCBF0DFB2AC2135A1CF232	9D4E4B04149227E1126EC1D31BEE9FDB	https://www.ncbi.nlm.nih.gov/sra/?term=SRR21980416	https://www.ncbi.nlm.nih.gov/bioproject/PRJNA889205	https://www.ncbi.nlm.nih.gov/biosample/SAMN31233445	https://www.ncbi.nlm.nih.gov/sra/?term=SRX17963583	https://sra-downloadb.be-md.ncbi.nlm.nih.gov/sos1/sra-pub-zq-38/SRR021/21980/SRR21980416/SRR21980416.lite.1	549	
497	SRR21980417	2025-11-23 00:00:52	2022-10-20 08:33:55	26285132	7816472700	26285132	297	2336		https://sra-downloadb.be-md.ncbi.nlm.nih.gov/sos1/sra-pub-zq-38/SRR021/21980/SRR21980417/SRR21980417.lite.1	SRX17963582	library_16	RNA-Seq	PCR	TRANSCRIPTOMIC	PAIRED	0	0	ILLUMINA	Illumina NovaSeq 6000	SRP403616	PRJNA889205		889205	SRS15479934	SAMN31233444	simple	128017	Dimocarpus longan	B41							no					INSTITUTE OF HORTICULTURAL BIOTECHNOLOGY	SRA1524046		public	AF61BCBD71B7B9DD37BD999C2CD4F802	D1FB91874D366C6FD56BA3A88CC5372D	https://www.ncbi.nlm.nih.gov/sra/?term=SRR21980417	https://www.ncbi.nlm.nih.gov/bioproject/PRJNA889205	https://www.ncbi.nlm.nih.gov/biosample/SAMN31233444	https://www.ncbi.nlm.nih.gov/sra/?term=SRX17963582	https://sra-downloadb.be-md.ncbi.nlm.nih.gov/sos1/sra-pub-zq-38/SRR021/21980/SRR21980417/SRR21980417.lite.1	550	
498	SRR21980418	2025-11-23 00:00:53	2022-10-20 08:30:23	24226830	7220065892	24226830	298	2150		https://sra-downloadb.be-md.ncbi.nlm.nih.gov/sos1/sra-pub-zq-38/SRR021/21980/SRR21980418/SRR21980418.lite.1	SRX17963581	library_15	RNA-Seq	PCR	TRANSCRIPTOMIC	PAIRED	0	0	ILLUMINA	Illumina NovaSeq 6000	SRP403616	PRJNA889205		889205	SRS15479933	SAMN31233443	simple	128017	Dimocarpus longan	B23							no					INSTITUTE OF HORTICULTURAL BIOTECHNOLOGY	SRA1524046		public	195DE452FBD7F082D868FD7952E211F4	898AE6290D9F8248386D4863AC1D790F	https://www.ncbi.nlm.nih.gov/sra/?term=SRR21980418	https://www.ncbi.nlm.nih.gov/bioproject/PRJNA889205	https://www.ncbi.nlm.nih.gov/biosample/SAMN31233443	https://www.ncbi.nlm.nih.gov/sra/?term=SRX17963581	https://sra-downloadb.be-md.ncbi.nlm.nih.gov/sos1/sra-pub-zq-38/SRR021/21980/SRR21980418/SRR21980418.lite.1	551	
499	SRR21980419	2025-11-23 00:00:52	2022-10-20 08:37:47	24845881	7399987518	24845881	297	2218		https://sra-downloadb.be-md.ncbi.nlm.nih.gov/sos1/sra-pub-zq-38/SRR021/21980/SRR21980419/SRR21980419.lite.1	SRX17963580	library_14	RNA-Seq	PCR	TRANSCRIPTOMIC	PAIRED	0	0	ILLUMINA	Illumina NovaSeq 6000	SRP403616	PRJNA889205		889205	SRS15479932	SAMN31233442	simple	128017	Dimocarpus longan	B22							no					INSTITUTE OF HORTICULTURAL BIOTECHNOLOGY	SRA1524046		public	1D3E2341553BAB0EA61A14397426CEB1	07158190477231AF89BC3E300CA5310C	https://www.ncbi.nlm.nih.gov/sra/?term=SRR21980419	https://www.ncbi.nlm.nih.gov/bioproject/PRJNA889205	https://www.ncbi.nlm.nih.gov/biosample/SAMN31233442	https://www.ncbi.nlm.nih.gov/sra/?term=SRX17963580	https://sra-downloadb.be-md.ncbi.nlm.nih.gov/sos1/sra-pub-zq-38/SRR021/21980/SRR21980419/SRR21980419.lite.1	552	
500	SRR21980420	2025-11-23 00:00:52	2022-10-20 12:51:21	26620062	7914346852	26620062	297	2380		https://sra-downloadb.be-md.ncbi.nlm.nih.gov/sos1/sra-pub-zq-38/SRR021/21980/SRR21980420/SRR21980420.lite.1	SRX17963579	library_13	RNA-Seq	PCR	TRANSCRIPTOMIC	PAIRED	0	0	ILLUMINA	Illumina NovaSeq 6000	SRP403616	PRJNA889205		889205	SRS15479931	SAMN31233441	simple	128017	Dimocarpus longan	B21							no					INSTITUTE OF HORTICULTURAL BIOTECHNOLOGY	SRA1524046		public	91F6FE274AB630569AEEAEE3DA183D88	12FA2FC9AA93DFB29423E6CD879B102D	https://www.ncbi.nlm.nih.gov/sra/?term=SRR21980420	https://www.ncbi.nlm.nih.gov/bioproject/PRJNA889205	https://www.ncbi.nlm.nih.gov/biosample/SAMN31233441	https://www.ncbi.nlm.nih.gov/sra/?term=SRX17963579	https://sra-downloadb.be-md.ncbi.nlm.nih.gov/sos1/sra-pub-zq-38/SRR021/21980/SRR21980420/SRR21980420.lite.1	553	
501	SRR21980421	2025-11-23 00:00:52	2022-10-20 08:29:16	23737330	7066065746	23737330	297	2144		https://sra-downloadb.be-md.ncbi.nlm.nih.gov/sos1/sra-pub-zq-38/SRR021/21980/SRR21980421/SRR21980421.lite.1	SRX17963578	library_12	RNA-Seq	PCR	TRANSCRIPTOMIC	PAIRED	0	0	ILLUMINA	Illumina NovaSeq 6000	SRP403616	PRJNA889205		889205	SRS15479930	SAMN31233440	simple	128017	Dimocarpus longan	B13							no					INSTITUTE OF HORTICULTURAL BIOTECHNOLOGY	SRA1524046		public	CE0D18DEF81D6FF1E34F2FA874B46C59	FD1D59617C14D1718A2E3E44745464B2	https://www.ncbi.nlm.nih.gov/sra/?term=SRR21980421	https://www.ncbi.nlm.nih.gov/bioproject/PRJNA889205	https://www.ncbi.nlm.nih.gov/biosample/SAMN31233440	https://www.ncbi.nlm.nih.gov/sra/?term=SRX17963578	https://sra-downloadb.be-md.ncbi.nlm.nih.gov/sos1/sra-pub-zq-38/SRR021/21980/SRR21980421/SRR21980421.lite.1	554	
502	SRR21980422	2025-11-23 00:00:53	2022-10-20 08:33:39	24203289	7203633002	24203289	297	2197		https://sra-downloadb.be-md.ncbi.nlm.nih.gov/sos1/sra-pub-zq-38/SRR021/21980/SRR21980422/SRR21980422.lite.1	SRX17963577	library_11	RNA-Seq	PCR	TRANSCRIPTOMIC	PAIRED	0	0	ILLUMINA	Illumina NovaSeq 6000	SRP403616	PRJNA889205		889205	SRS15479929	SAMN31233439	simple	128017	Dimocarpus longan	B12							no					INSTITUTE OF HORTICULTURAL BIOTECHNOLOGY	SRA1524046		public	F68F94C46F03FDC1D3FB702D532A6796	937FCD504FDF0115DC5B7B8FFF2D6A93	https://www.ncbi.nlm.nih.gov/sra/?term=SRR21980422	https://www.ncbi.nlm.nih.gov/bioproject/PRJNA889205	https://www.ncbi.nlm.nih.gov/biosample/SAMN31233439	https://www.ncbi.nlm.nih.gov/sra/?term=SRX17963577	https://sra-downloadb.be-md.ncbi.nlm.nih.gov/sos1/sra-pub-zq-38/SRR021/21980/SRR21980422/SRR21980422.lite.1	555	
503	SRR21980423	2025-11-23 00:00:52	2022-10-20 08:35:02	27042024	8047084244	27042024	297	2489		https://sra-downloadb.be-md.ncbi.nlm.nih.gov/sos1/sra-pub-zq-38/SRR021/21980/SRR21980423/SRR21980423.lite.1	SRX17963576	library_2	RNA-Seq	PCR	TRANSCRIPTOMIC	PAIRED	0	0	ILLUMINA	Illumina NovaSeq 6000	SRP403616	PRJNA889205		889205	SRS15479928	SAMN31233430	simple	128017	Dimocarpus longan	A12							no					INSTITUTE OF HORTICULTURAL BIOTECHNOLOGY	SRA1524046		public	5385B7630F776B47E0CC6F610A26C4D7	5569F8320DA0B3A0E1FAEF491746AEE0	https://www.ncbi.nlm.nih.gov/sra/?term=SRR21980423	https://www.ncbi.nlm.nih.gov/bioproject/PRJNA889205	https://www.ncbi.nlm.nih.gov/biosample/SAMN31233430	https://www.ncbi.nlm.nih.gov/sra/?term=SRX17963576	https://sra-downloadb.be-md.ncbi.nlm.nih.gov/sos1/sra-pub-zq-38/SRR021/21980/SRR21980423/SRR21980423.lite.1	556	
504	SRR21980424	2025-11-23 00:00:53	2022-10-20 08:30:27	23871656	7092690344	23871656	297	2176		https://sra-downloadb.be-md.ncbi.nlm.nih.gov/sos1/sra-pub-zq-38/SRR021/21980/SRR21980424/SRR21980424.lite.1	SRX17963575	library_1	RNA-Seq	PCR	TRANSCRIPTOMIC	PAIRED	0	0	ILLUMINA	Illumina NovaSeq 6000	SRP403616	PRJNA889205		889205	SRS15479927	SAMN31233429	simple	128017	Dimocarpus longan	A11							no					INSTITUTE OF HORTICULTURAL BIOTECHNOLOGY	SRA1524046		public	AD532380F2BE194E94AE84D4BA6DAFFB	343147D1C23563C25C76B48ED2DA6611	https://www.ncbi.nlm.nih.gov/sra/?term=SRR21980424	https://www.ncbi.nlm.nih.gov/bioproject/PRJNA889205	https://www.ncbi.nlm.nih.gov/biosample/SAMN31233429	https://www.ncbi.nlm.nih.gov/sra/?term=SRX17963575	https://sra-downloadb.be-md.ncbi.nlm.nih.gov/sos1/sra-pub-zq-38/SRR021/21980/SRR21980424/SRR21980424.lite.1	557	
505	SRR22064615	2023-11-30 00:02:34	2022-10-27 11:36:51	46739141	14021742300	46739141	300	4128		https://sra-downloadb.be-md.ncbi.nlm.nih.gov/sos8/sra-pub-zq-818/SRR022/22064/SRR22064615/SRR22064615.lite.1	SRX18045199	S114	RNA-Seq	Oligo-dT	TRANSCRIPTOMIC	PAIRED	0	0	ILLUMINA	Illumina NovaSeq 6000	SRP404868	PRJNA894314		894314	SRS15551647	SAMN31446114	simple	128017	Dimocarpus longan	DlMIR408-OE							no					INSTITUTE OF HORTICULTURAL BIOTECHNOLOGY	SRA1528734		public	1E2572020954C70F71AA7F9CB56A9F5B	AE4ED42B83605A6CB2663A84FB8054B9	https://www.ncbi.nlm.nih.gov/sra/?term=SRR22064615	https://www.ncbi.nlm.nih.gov/bioproject/PRJNA894314	https://www.ncbi.nlm.nih.gov/biosample/SAMN31446114	https://www.ncbi.nlm.nih.gov/sra/?term=SRX18045199	https://sra-downloadb.be-md.ncbi.nlm.nih.gov/sos8/sra-pub-zq-818/SRR022/22064/SRR22064615/SRR22064615.lite.1	558	
506	SRR22097508	2023-11-30 00:02:45	2022-10-30 05:16:12	10287876	514393800	0	50	148		https://sra-downloadb.be-md.ncbi.nlm.nih.gov/sos8/sra-pub-zq-820/SRR022/22097/SRR22097508/SRR22097508.lite.1	SRX18077507	S626	miRNA-Seq	Oligo-dT	TRANSCRIPTOMIC	SINGLE	0	0	ILLUMINA	Illumina NovaSeq 6000	SRP405236	PRJNA895752		895752	SRS15581998	SAMN31523626	simple	128017	Dimocarpus longan	DlMIR408-OE-1							no					INSTITUTE OF HORTICULTURAL BIOTECHNOLOGY	SRA1530356		public	8764A17B02F1532B865DA7F8EF0AD489	97F626E0DF83C1283AB303290B335C8D	https://www.ncbi.nlm.nih.gov/sra/?term=SRR22097508	https://www.ncbi.nlm.nih.gov/bioproject/PRJNA895752	https://www.ncbi.nlm.nih.gov/biosample/SAMN31523626	https://www.ncbi.nlm.nih.gov/sra/?term=SRX18077507	https://sra-downloadb.be-md.ncbi.nlm.nih.gov/sos8/sra-pub-zq-820/SRR022/22097/SRR22097508/SRR22097508.lite.1	559	
507	SRR13600534	2021-02-01 14:05:16	2021-02-01 14:01:25	28954777	8686433100	28954777	300	2733		https://sra-downloadb.be-md.ncbi.nlm.nih.gov/sos9/sra-pub-zq-922/SRR013/13600/SRR13600534/SRR13600534.lite.1	SRX9994958	TC3-3	RNA-Seq	PCR	TRANSCRIPTOMIC	PAIRED	0	0	ILLUMINA	Illumina NovaSeq 6000	SRP304110	PRJNA698487		698487	SRS8163371	SAMN17722187	simple	51953	Elaeis guineensis	TC3-3							no					COCONUT RESEARCH INSTITUTE, CHINESE ACADEMY OF TROPICAL AGRICULTURAL SCIENCES	SRA1189972		public	E207B8C789BE38BF51D549F01EE0824A	1E2AB7D398D5C0947C156281C59E6885	https://www.ncbi.nlm.nih.gov/sra/?term=SRR13600534	https://www.ncbi.nlm.nih.gov/bioproject/PRJNA698487	https://www.ncbi.nlm.nih.gov/biosample/SAMN17722187	https://www.ncbi.nlm.nih.gov/sra/?term=SRX9994958	https://sra-downloadb.be-md.ncbi.nlm.nih.gov/sos9/sra-pub-zq-922/SRR013/13600/SRR13600534/SRR13600534.lite.1	92	
508	SRR13600535	2021-02-01 14:16:38	2021-02-01 13:59:39	28718265	8615479500	28718265	300	2771		https://sra-downloadb.be-md.ncbi.nlm.nih.gov/sos9/sra-pub-zq-922/SRR013/13600/SRR13600535/SRR13600535.lite.1	SRX9994957	TC3-2	RNA-Seq	PCR	TRANSCRIPTOMIC	PAIRED	0	0	ILLUMINA	Illumina NovaSeq 6000	SRP304110	PRJNA698487		698487	SRS8163372	SAMN17722186	simple	51953	Elaeis guineensis	TC3-2							no					COCONUT RESEARCH INSTITUTE, CHINESE ACADEMY OF TROPICAL AGRICULTURAL SCIENCES	SRA1189972		public	92CC9B4E636E907139917FF68F5569E8	E70B3B178C926734C17773F44E5DCAC9	https://www.ncbi.nlm.nih.gov/sra/?term=SRR13600535	https://www.ncbi.nlm.nih.gov/bioproject/PRJNA698487	https://www.ncbi.nlm.nih.gov/biosample/SAMN17722186	https://www.ncbi.nlm.nih.gov/sra/?term=SRX9994957	https://sra-downloadb.be-md.ncbi.nlm.nih.gov/sos9/sra-pub-zq-922/SRR013/13600/SRR13600535/SRR13600535.lite.1	93	
509	SRR13600536	2021-02-01 14:16:38	2021-02-01 14:00:28	32043559	9613067700	32043559	300	3117		https://sra-downloadb.be-md.ncbi.nlm.nih.gov/sos9/sra-pub-zq-924/SRR013/13600/SRR13600536/SRR13600536.lite.1	SRX9994956	TC3-1	RNA-Seq	PCR	TRANSCRIPTOMIC	PAIRED	0	0	ILLUMINA	Illumina NovaSeq 6000	SRP304110	PRJNA698487		698487	SRS8163369	SAMN17722185	simple	51953	Elaeis guineensis	TC3-1							no					COCONUT RESEARCH INSTITUTE, CHINESE ACADEMY OF TROPICAL AGRICULTURAL SCIENCES	SRA1189972		public	20875379A84F0501F9071B67BD6ADC0B	11817DBF9E03DC6C9989BE82A7FE91C4	https://www.ncbi.nlm.nih.gov/sra/?term=SRR13600536	https://www.ncbi.nlm.nih.gov/bioproject/PRJNA698487	https://www.ncbi.nlm.nih.gov/biosample/SAMN17722185	https://www.ncbi.nlm.nih.gov/sra/?term=SRX9994956	https://sra-downloadb.be-md.ncbi.nlm.nih.gov/sos9/sra-pub-zq-924/SRR013/13600/SRR13600536/SRR13600536.lite.1	94	
510	SRR13635188	2021-07-16 03:11:44	2021-02-04 22:56:17	22913180	6873954000	22913180	300	2070		https://sra-downloadb.be-md.ncbi.nlm.nih.gov/sos8/sra-pub-zq-820/SRR013/13635/SRR13635188/SRR13635188.lite.1	SRX10032426	SE3	RNA-Seq	PCR	TRANSCRIPTOMIC	PAIRED	0	0	ILLUMINA	Illumina NovaSeq 6000	SRP304795	PRJNA699335		699335	SRS8200083	SAMN17774779	simple	51953	Elaeis guineensis	SE3							no					COCONUT RESEARCH INSTITUTE, CHINESE ACADEMY OF TROPICAL AGRICULTURAL SCIENCES	SRA1192192		public	5EE4C504B8E6F69A1A78E87F07EF9346	B2FB9139DD6C99B7BDAC64BE12858576	https://www.ncbi.nlm.nih.gov/sra/?term=SRR13635188	https://www.ncbi.nlm.nih.gov/bioproject/PRJNA699335	https://www.ncbi.nlm.nih.gov/biosample/SAMN17774779	https://www.ncbi.nlm.nih.gov/sra/?term=SRX10032426	https://sra-downloadb.be-md.ncbi.nlm.nih.gov/sos8/sra-pub-zq-820/SRR013/13635/SRR13635188/SRR13635188.lite.1	95	
511	SRR13635189	2021-07-16 03:11:44	2021-02-04 22:54:59	21922397	6576719100	21922397	300	1985		https://sra-downloadb.be-md.ncbi.nlm.nih.gov/sos8/sra-pub-zq-820/SRR013/13635/SRR13635189/SRR13635189.lite.1	SRX10032425	SE2	RNA-Seq	PCR	TRANSCRIPTOMIC	PAIRED	0	0	ILLUMINA	Illumina NovaSeq 6000	SRP304795	PRJNA699335		699335	SRS8200082	SAMN17774778	simple	51953	Elaeis guineensis	SE2							no					COCONUT RESEARCH INSTITUTE, CHINESE ACADEMY OF TROPICAL AGRICULTURAL SCIENCES	SRA1192192		public	162DA62DF99917B78DFE351E61468609	CB13C2929AF0DB9099A8BEF64FE54066	https://www.ncbi.nlm.nih.gov/sra/?term=SRR13635189	https://www.ncbi.nlm.nih.gov/bioproject/PRJNA699335	https://www.ncbi.nlm.nih.gov/biosample/SAMN17774778	https://www.ncbi.nlm.nih.gov/sra/?term=SRX10032425	https://sra-downloadb.be-md.ncbi.nlm.nih.gov/sos8/sra-pub-zq-820/SRR013/13635/SRR13635189/SRR13635189.lite.1	96	
512	SRR13635190	2021-07-16 03:11:44	2021-02-04 22:58:23	25835480	7750644000	25835480	300	2354		https://sra-downloadb.be-md.ncbi.nlm.nih.gov/sos8/sra-pub-zq-820/SRR013/13635/SRR13635190/SRR13635190.lite.1	SRX10032424	SE1	RNA-Seq	PCR	TRANSCRIPTOMIC	PAIRED	0	0	ILLUMINA	Illumina NovaSeq 6000	SRP304795	PRJNA699335		699335	SRS8200081	SAMN17774777	simple	51953	Elaeis guineensis	SE1							no					COCONUT RESEARCH INSTITUTE, CHINESE ACADEMY OF TROPICAL AGRICULTURAL SCIENCES	SRA1192192		public	2191ED73BD1E06A2DB2B1F434639FB70	F7E378FA9AB2EC0C3291EE66819BCB68	https://www.ncbi.nlm.nih.gov/sra/?term=SRR13635190	https://www.ncbi.nlm.nih.gov/bioproject/PRJNA699335	https://www.ncbi.nlm.nih.gov/biosample/SAMN17774777	https://www.ncbi.nlm.nih.gov/sra/?term=SRX10032424	https://sra-downloadb.be-md.ncbi.nlm.nih.gov/sos8/sra-pub-zq-820/SRR013/13635/SRR13635190/SRR13635190.lite.1	97	
513	SRR13638175	2021-07-14 23:27:20	2021-02-05 03:36:42	14151562	707578100	0	50	257		https://sra-downloadb.be-md.ncbi.nlm.nih.gov/sos8/sra-pub-zq-820/SRR013/13638/SRR13638175/SRR13638175.lite.1	SRX10035413	SE3_sRNA	miRNA-Seq	PCR	TRANSCRIPTOMIC	SINGLE	0	0	ILLUMINA	Illumina NovaSeq 6000	SRP304836	PRJNA699699		699699	SRS8202416	SAMN17807434	simple	51953	Elaeis guineensis	SE3_sRNA							no					COCONUT RESEARCH INSTITUTE, CHINESE ACADEMY OF TROPICAL AGRICULTURAL SCIENCES	SRA1192247		public	E42CCAA0032387B0E451114111ED1FA4	42D89C440BAE44AEAB3B9DF0BAAA1D2A	https://www.ncbi.nlm.nih.gov/sra/?term=SRR13638175	https://www.ncbi.nlm.nih.gov/bioproject/PRJNA699699	https://www.ncbi.nlm.nih.gov/biosample/SAMN17807434	https://www.ncbi.nlm.nih.gov/sra/?term=SRX10035413	https://sra-downloadb.be-md.ncbi.nlm.nih.gov/sos8/sra-pub-zq-820/SRR013/13638/SRR13638175/SRR13638175.lite.1	98	
514	SRR13638176	2021-07-14 23:27:20	2021-02-05 03:34:11	10001997	500099850	0	50	180		https://sra-downloadb.be-md.ncbi.nlm.nih.gov/sos8/sra-pub-zq-820/SRR013/13638/SRR13638176/SRR13638176.lite.1	SRX10035412	SE2_sRNA	miRNA-Seq	PCR	TRANSCRIPTOMIC	SINGLE	0	0	ILLUMINA	Illumina NovaSeq 6000	SRP304836	PRJNA699699		699699	SRS8202415	SAMN17807433	simple	51953	Elaeis guineensis	SE2_sRNA							no					COCONUT RESEARCH INSTITUTE, CHINESE ACADEMY OF TROPICAL AGRICULTURAL SCIENCES	SRA1192247		public	6065BEA5B52302E11E191D822D550D5D	1390B58F528D0CC8FBB3685FF7873250	https://www.ncbi.nlm.nih.gov/sra/?term=SRR13638176	https://www.ncbi.nlm.nih.gov/bioproject/PRJNA699699	https://www.ncbi.nlm.nih.gov/biosample/SAMN17807433	https://www.ncbi.nlm.nih.gov/sra/?term=SRX10035412	https://sra-downloadb.be-md.ncbi.nlm.nih.gov/sos8/sra-pub-zq-820/SRR013/13638/SRR13638176/SRR13638176.lite.1	99	
515	SRR13638177	2021-07-14 23:27:20	2021-02-05 03:36:46	15016547	750827350	0	50	276		https://sra-downloadb.be-md.ncbi.nlm.nih.gov/sos8/sra-pub-zq-820/SRR013/13638/SRR13638177/SRR13638177.lite.1	SRX10035411	SE1_sRNA	miRNA-Seq	PCR	TRANSCRIPTOMIC	SINGLE	0	0	ILLUMINA	Illumina NovaSeq 6000	SRP304836	PRJNA699699		699699	SRS8202414	SAMN17807432	simple	51953	Elaeis guineensis	SE1_sRNA							no					COCONUT RESEARCH INSTITUTE, CHINESE ACADEMY OF TROPICAL AGRICULTURAL SCIENCES	SRA1192247		public	259B0813B137C94DB91A141203AE8E61	7395528A9E245D2AC0D26F2AEBF410E4	https://www.ncbi.nlm.nih.gov/sra/?term=SRR13638177	https://www.ncbi.nlm.nih.gov/bioproject/PRJNA699699	https://www.ncbi.nlm.nih.gov/biosample/SAMN17807432	https://www.ncbi.nlm.nih.gov/sra/?term=SRX10035411	https://sra-downloadb.be-md.ncbi.nlm.nih.gov/sos8/sra-pub-zq-820/SRR013/13638/SRR13638177/SRR13638177.lite.1	100	
516	SRR13755308	2021-02-22 16:12:15	2021-02-20 13:22:53	12896992	1302596192	0	101	579		https://sra-downloadb.be-md.ncbi.nlm.nih.gov/sos9/sra-pub-zq-924/SRR013/13755/SRR13755308/SRR13755308.lite.1	SRX10142079		RNA-Seq	cDNA	TRANSCRIPTOMIC	SINGLE	0	0	ILLUMINA	Illumina HiSeq 2500	SRP307244	PRJNA703384	3	703384	SRS8295375	SAMN18016083	simple	51953	Elaeis guineensis	GSM5098004							no					GEO	SRA1198349		public	5D18A8014C197E3A8B34ED6BD99E8A77	878C7D2E1E6A949B9D45155D502F5511	https://www.ncbi.nlm.nih.gov/sra/?term=SRR13755308	https://www.ncbi.nlm.nih.gov/bioproject/PRJNA703384	https://www.ncbi.nlm.nih.gov/biosample/SAMN18016083	https://www.ncbi.nlm.nih.gov/sra/?term=SRX10142079	https://sra-downloadb.be-md.ncbi.nlm.nih.gov/sos9/sra-pub-zq-924/SRR013/13755/SRR13755308/SRR13755308.lite.1	101	
517	SRR13755309	2021-02-22 16:12:15	2021-02-20 13:23:54	13707693	1384476993	0	101	612		https://sra-downloadb.be-md.ncbi.nlm.nih.gov/sos9/sra-pub-zq-922/SRR013/13755/SRR13755309/SRR13755309.lite.1	SRX10142080		RNA-Seq	cDNA	TRANSCRIPTOMIC	SINGLE	0	0	ILLUMINA	Illumina HiSeq 2500	SRP307244	PRJNA703384	3	703384	SRS8295376	SAMN18016082	simple	51953	Elaeis guineensis	GSM5098005							no					GEO	SRA1198349		public	6D95B3A8CDD156F20D704973BC130305	06C0EF0861D1B9B44B136206A1F9FAA3	https://www.ncbi.nlm.nih.gov/sra/?term=SRR13755309	https://www.ncbi.nlm.nih.gov/bioproject/PRJNA703384	https://www.ncbi.nlm.nih.gov/biosample/SAMN18016082	https://www.ncbi.nlm.nih.gov/sra/?term=SRX10142080	https://sra-downloadb.be-md.ncbi.nlm.nih.gov/sos9/sra-pub-zq-922/SRR013/13755/SRR13755309/SRR13755309.lite.1	102	
518	SRR13755310	2021-02-22 16:12:15	2021-02-20 13:22:25	11111510	1122262510	0	101	501		https://sra-downloadb.be-md.ncbi.nlm.nih.gov/sos9/sra-pub-zq-924/SRR013/13755/SRR13755310/SRR13755310.lite.1	SRX10142081		RNA-Seq	cDNA	TRANSCRIPTOMIC	SINGLE	0	0	ILLUMINA	Illumina HiSeq 2500	SRP307244	PRJNA703384	3	703384	SRS8295377	SAMN18016081	simple	51953	Elaeis guineensis	GSM5098006							no					GEO	SRA1198349		public	C4FE8A80971DE7D4B5E9A415D38481B5	9898F15960D5A4A303F2006A98BEB75C	https://www.ncbi.nlm.nih.gov/sra/?term=SRR13755310	https://www.ncbi.nlm.nih.gov/bioproject/PRJNA703384	https://www.ncbi.nlm.nih.gov/biosample/SAMN18016081	https://www.ncbi.nlm.nih.gov/sra/?term=SRX10142081	https://sra-downloadb.be-md.ncbi.nlm.nih.gov/sos9/sra-pub-zq-924/SRR013/13755/SRR13755310/SRR13755310.lite.1	103	
519	SRR13755311	2021-02-22 16:12:15	2021-02-20 13:23:32	12279039	1240182939	0	101	554		https://sra-downloadb.be-md.ncbi.nlm.nih.gov/sos9/sra-pub-zq-924/SRR013/13755/SRR13755311/SRR13755311.lite.1	SRX10142082		RNA-Seq	cDNA	TRANSCRIPTOMIC	SINGLE	0	0	ILLUMINA	Illumina HiSeq 2500	SRP307244	PRJNA703384	3	703384	SRS8295378	SAMN18016080	simple	51953	Elaeis guineensis	GSM5098007							no					GEO	SRA1198349		public	F74838E58B9C9EE654A88990F217EEFA	35BB201EFC0B12036917050C983B88BD	https://www.ncbi.nlm.nih.gov/sra/?term=SRR13755311	https://www.ncbi.nlm.nih.gov/bioproject/PRJNA703384	https://www.ncbi.nlm.nih.gov/biosample/SAMN18016080	https://www.ncbi.nlm.nih.gov/sra/?term=SRX10142082	https://sra-downloadb.be-md.ncbi.nlm.nih.gov/sos9/sra-pub-zq-924/SRR013/13755/SRR13755311/SRR13755311.lite.1	104	
520	SRR13755312	2021-02-22 16:12:16	2021-02-20 13:23:55	12665523	1279217823	0	101	568		https://sra-downloadb.be-md.ncbi.nlm.nih.gov/sos9/sra-pub-zq-922/SRR013/13755/SRR13755312/SRR13755312.lite.1	SRX10142083		RNA-Seq	cDNA	TRANSCRIPTOMIC	SINGLE	0	0	ILLUMINA	Illumina HiSeq 2500	SRP307244	PRJNA703384	3	703384	SRS8295379	SAMN18016079	simple	51953	Elaeis guineensis	GSM5098008							no					GEO	SRA1198349		public	980C8F9C62433B0CD8A044678287FFAB	A7AE142A83F5B4C414D204FD468C35D6	https://www.ncbi.nlm.nih.gov/sra/?term=SRR13755312	https://www.ncbi.nlm.nih.gov/bioproject/PRJNA703384	https://www.ncbi.nlm.nih.gov/biosample/SAMN18016079	https://www.ncbi.nlm.nih.gov/sra/?term=SRX10142083	https://sra-downloadb.be-md.ncbi.nlm.nih.gov/sos9/sra-pub-zq-922/SRR013/13755/SRR13755312/SRR13755312.lite.1	105	
521	SRR13755313	2021-02-22 16:12:16	2021-02-20 13:22:47	12482216	1260703816	0	101	559		https://sra-downloadb.be-md.ncbi.nlm.nih.gov/sos9/sra-pub-zq-924/SRR013/13755/SRR13755313/SRR13755313.lite.1	SRX10142084		RNA-Seq	cDNA	TRANSCRIPTOMIC	SINGLE	0	0	ILLUMINA	Illumina HiSeq 2500	SRP307244	PRJNA703384	3	703384	SRS8295380	SAMN18016078	simple	51953	Elaeis guineensis	GSM5098009							no					GEO	SRA1198349		public	5A4B5CB3EE672F53CF13A78D7CC4E3E0	0C4679708E48B2FBC481EC2502825DB4	https://www.ncbi.nlm.nih.gov/sra/?term=SRR13755313	https://www.ncbi.nlm.nih.gov/bioproject/PRJNA703384	https://www.ncbi.nlm.nih.gov/biosample/SAMN18016078	https://www.ncbi.nlm.nih.gov/sra/?term=SRX10142084	https://sra-downloadb.be-md.ncbi.nlm.nih.gov/sos9/sra-pub-zq-924/SRR013/13755/SRR13755313/SRR13755313.lite.1	106	
522	SRR13755314	2021-02-22 16:12:16	2021-02-20 13:23:27	11910998	1203010798	0	101	516		https://sra-downloadb.be-md.ncbi.nlm.nih.gov/sos9/sra-pub-zq-922/SRR013/13755/SRR13755314/SRR13755314.lite.1	SRX10142085		RNA-Seq	cDNA	TRANSCRIPTOMIC	SINGLE	0	0	ILLUMINA	Illumina HiSeq 2500	SRP307244	PRJNA703384	3	703384	SRS8295381	SAMN18016077	simple	51953	Elaeis guineensis	GSM5098010							no					GEO	SRA1198349		public	4FB5772B1D74AEE2D75EF508C132F904	344F669C991B3074FF34579860B5594C	https://www.ncbi.nlm.nih.gov/sra/?term=SRR13755314	https://www.ncbi.nlm.nih.gov/bioproject/PRJNA703384	https://www.ncbi.nlm.nih.gov/biosample/SAMN18016077	https://www.ncbi.nlm.nih.gov/sra/?term=SRX10142085	https://sra-downloadb.be-md.ncbi.nlm.nih.gov/sos9/sra-pub-zq-922/SRR013/13755/SRR13755314/SRR13755314.lite.1	107	
523	SRR13755315	2021-02-22 16:12:16	2021-02-20 13:23:57	12572730	1269845730	0	101	559		https://sra-downloadb.be-md.ncbi.nlm.nih.gov/sos9/sra-pub-zq-922/SRR013/13755/SRR13755315/SRR13755315.lite.1	SRX10142086		RNA-Seq	cDNA	TRANSCRIPTOMIC	SINGLE	0	0	ILLUMINA	Illumina HiSeq 2500	SRP307244	PRJNA703384	3	703384	SRS8295382	SAMN18016076	simple	51953	Elaeis guineensis	GSM5098011							no					GEO	SRA1198349		public	6A141E0B90B9AED1B8D941B485B72FC2	F9C138D714E19A7D1900B0C1DD04F7A4	https://www.ncbi.nlm.nih.gov/sra/?term=SRR13755315	https://www.ncbi.nlm.nih.gov/bioproject/PRJNA703384	https://www.ncbi.nlm.nih.gov/biosample/SAMN18016076	https://www.ncbi.nlm.nih.gov/sra/?term=SRX10142086	https://sra-downloadb.be-md.ncbi.nlm.nih.gov/sos9/sra-pub-zq-922/SRR013/13755/SRR13755315/SRR13755315.lite.1	108	
524	SRR13755316	2021-02-22 16:12:16	2021-02-20 13:24:56	14179279	1432107179	0	101	632		https://sra-downloadb.be-md.ncbi.nlm.nih.gov/sos9/sra-pub-zq-924/SRR013/13755/SRR13755316/SRR13755316.lite.1	SRX10142087		RNA-Seq	cDNA	TRANSCRIPTOMIC	SINGLE	0	0	ILLUMINA	Illumina HiSeq 2500	SRP307244	PRJNA703384	3	703384	SRS8295384	SAMN18016075	simple	51953	Elaeis guineensis	GSM5098012							no					GEO	SRA1198349		public	67D2616E948364A71532638D3E827AEC	24422C682D6B7D1497E52419B77A13B5	https://www.ncbi.nlm.nih.gov/sra/?term=SRR13755316	https://www.ncbi.nlm.nih.gov/bioproject/PRJNA703384	https://www.ncbi.nlm.nih.gov/biosample/SAMN18016075	https://www.ncbi.nlm.nih.gov/sra/?term=SRX10142087	https://sra-downloadb.be-md.ncbi.nlm.nih.gov/sos9/sra-pub-zq-924/SRR013/13755/SRR13755316/SRR13755316.lite.1	109	
525	SRR13755317	2021-02-22 16:12:16	2021-02-20 13:24:57	15834051	1599239151	0	101	721		https://sra-downloadb.be-md.ncbi.nlm.nih.gov/sos9/sra-pub-zq-924/SRR013/13755/SRR13755317/SRR13755317.lite.1	SRX10142088		RNA-Seq	cDNA	TRANSCRIPTOMIC	SINGLE	0	0	ILLUMINA	Illumina HiSeq 2500	SRP307244	PRJNA703384	3	703384	SRS8295383	SAMN18016074	simple	51953	Elaeis guineensis	GSM5098013							no					GEO	SRA1198349		public	43E3F4320303D6BB352B9CD927078701	B3D64BA102477B27DFBED5955794865F	https://www.ncbi.nlm.nih.gov/sra/?term=SRR13755317	https://www.ncbi.nlm.nih.gov/bioproject/PRJNA703384	https://www.ncbi.nlm.nih.gov/biosample/SAMN18016074	https://www.ncbi.nlm.nih.gov/sra/?term=SRX10142088	https://sra-downloadb.be-md.ncbi.nlm.nih.gov/sos9/sra-pub-zq-924/SRR013/13755/SRR13755317/SRR13755317.lite.1	110	
526	SRR13755318	2021-02-22 16:12:16	2021-02-20 13:23:42	12236069	1235842969	0	101	538		https://sra-downloadb.be-md.ncbi.nlm.nih.gov/sos9/sra-pub-zq-924/SRR013/13755/SRR13755318/SRR13755318.lite.1	SRX10142089		RNA-Seq	cDNA	TRANSCRIPTOMIC	SINGLE	0	0	ILLUMINA	Illumina HiSeq 2500	SRP307244	PRJNA703384	3	703384	SRS8295385	SAMN18016073	simple	51953	Elaeis guineensis	GSM5098014							no					GEO	SRA1198349		public	A63B9BFA84ABE365EF0787895A814A48	E5C5A89ABA2B88B736EEC9DDE104346D	https://www.ncbi.nlm.nih.gov/sra/?term=SRR13755318	https://www.ncbi.nlm.nih.gov/bioproject/PRJNA703384	https://www.ncbi.nlm.nih.gov/biosample/SAMN18016073	https://www.ncbi.nlm.nih.gov/sra/?term=SRX10142089	https://sra-downloadb.be-md.ncbi.nlm.nih.gov/sos9/sra-pub-zq-924/SRR013/13755/SRR13755318/SRR13755318.lite.1	111	
527	SRR13755319	2021-02-22 16:12:16	2021-02-20 13:23:57	13435560	1356991560	0	101	629		https://sra-downloadb.be-md.ncbi.nlm.nih.gov/sos9/sra-pub-zq-924/SRR013/13755/SRR13755319/SRR13755319.lite.1	SRX10142090		RNA-Seq	cDNA	TRANSCRIPTOMIC	SINGLE	0	0	ILLUMINA	Illumina HiSeq 2500	SRP307244	PRJNA703384	3	703384	SRS8295386	SAMN18016072	simple	51953	Elaeis guineensis	GSM5098015							no					GEO	SRA1198349		public	DBF35B289291D29B460A0A4BFE58635D	F1F1F803BB5E5CA9D0AAA2F248FCB5EF	https://www.ncbi.nlm.nih.gov/sra/?term=SRR13755319	https://www.ncbi.nlm.nih.gov/bioproject/PRJNA703384	https://www.ncbi.nlm.nih.gov/biosample/SAMN18016072	https://www.ncbi.nlm.nih.gov/sra/?term=SRX10142090	https://sra-downloadb.be-md.ncbi.nlm.nih.gov/sos9/sra-pub-zq-924/SRR013/13755/SRR13755319/SRR13755319.lite.1	112	
528	SRR13755320	2021-02-22 16:12:16	2021-02-20 13:23:42	13012921	1314305021	0	101	573		https://sra-downloadb.be-md.ncbi.nlm.nih.gov/sos9/sra-pub-zq-924/SRR013/13755/SRR13755320/SRR13755320.lite.1	SRX10142091		RNA-Seq	cDNA	TRANSCRIPTOMIC	SINGLE	0	0	ILLUMINA	Illumina HiSeq 2500	SRP307244	PRJNA703384	3	703384	SRS8295387	SAMN18016071	simple	51953	Elaeis guineensis	GSM5098016							no					GEO	SRA1198349		public	CB94C385801ECA874C088AAA2F7E1A87	8015FF5AECA783108E0AF073CE1FC5BC	https://www.ncbi.nlm.nih.gov/sra/?term=SRR13755320	https://www.ncbi.nlm.nih.gov/bioproject/PRJNA703384	https://www.ncbi.nlm.nih.gov/biosample/SAMN18016071	https://www.ncbi.nlm.nih.gov/sra/?term=SRX10142091	https://sra-downloadb.be-md.ncbi.nlm.nih.gov/sos9/sra-pub-zq-924/SRR013/13755/SRR13755320/SRR13755320.lite.1	113	
529	SRR13755321	2021-02-22 16:12:16	2021-02-20 13:22:46	12034522	1215486722	0	101	544		https://sra-downloadb.be-md.ncbi.nlm.nih.gov/sos9/sra-pub-zq-924/SRR013/13755/SRR13755321/SRR13755321.lite.1	SRX10142092		RNA-Seq	cDNA	TRANSCRIPTOMIC	SINGLE	0	0	ILLUMINA	Illumina HiSeq 2500	SRP307244	PRJNA703384	3	703384	SRS8295388	SAMN18016070	simple	51953	Elaeis guineensis	GSM5098017							no					GEO	SRA1198349		public	C3BFD072FAE8840F1B974A0E1FCBA682	F036119726D97B6AC1E772922EF3E0B8	https://www.ncbi.nlm.nih.gov/sra/?term=SRR13755321	https://www.ncbi.nlm.nih.gov/bioproject/PRJNA703384	https://www.ncbi.nlm.nih.gov/biosample/SAMN18016070	https://www.ncbi.nlm.nih.gov/sra/?term=SRX10142092	https://sra-downloadb.be-md.ncbi.nlm.nih.gov/sos9/sra-pub-zq-924/SRR013/13755/SRR13755321/SRR13755321.lite.1	114	
530	SRR13755322	2021-02-22 16:12:16	2021-02-20 13:23:11	11223679	1133591579	0	101	508		https://sra-downloadb.be-md.ncbi.nlm.nih.gov/sos9/sra-pub-zq-924/SRR013/13755/SRR13755322/SRR13755322.lite.1	SRX10142093		RNA-Seq	cDNA	TRANSCRIPTOMIC	SINGLE	0	0	ILLUMINA	Illumina HiSeq 2500	SRP307244	PRJNA703384	3	703384	SRS8295389	SAMN18016069	simple	51953	Elaeis guineensis	GSM5098018							no					GEO	SRA1198349		public	9FDC588A7AECCEE460196647DC73F412	D96CA93460B74CF6E132F7BE50DB941A	https://www.ncbi.nlm.nih.gov/sra/?term=SRR13755322	https://www.ncbi.nlm.nih.gov/bioproject/PRJNA703384	https://www.ncbi.nlm.nih.gov/biosample/SAMN18016069	https://www.ncbi.nlm.nih.gov/sra/?term=SRX10142093	https://sra-downloadb.be-md.ncbi.nlm.nih.gov/sos9/sra-pub-zq-924/SRR013/13755/SRR13755322/SRR13755322.lite.1	115	
531	SRR13755323	2021-02-22 16:12:16	2021-02-20 13:22:34	11337534	1145090934	0	101	514		https://sra-downloadb.be-md.ncbi.nlm.nih.gov/sos9/sra-pub-zq-924/SRR013/13755/SRR13755323/SRR13755323.lite.1	SRX10142094		RNA-Seq	cDNA	TRANSCRIPTOMIC	SINGLE	0	0	ILLUMINA	Illumina HiSeq 2500	SRP307244	PRJNA703384	3	703384	SRS8295390	SAMN18016068	simple	51953	Elaeis guineensis	GSM5098019							no					GEO	SRA1198349		public	D8A60A9F49F86F2F394C127C86FD2800	58F94B46439C19987494E3A6B317FE82	https://www.ncbi.nlm.nih.gov/sra/?term=SRR13755323	https://www.ncbi.nlm.nih.gov/bioproject/PRJNA703384	https://www.ncbi.nlm.nih.gov/biosample/SAMN18016068	https://www.ncbi.nlm.nih.gov/sra/?term=SRX10142094	https://sra-downloadb.be-md.ncbi.nlm.nih.gov/sos9/sra-pub-zq-924/SRR013/13755/SRR13755323/SRR13755323.lite.1	116	
532	SRR13755324	2021-02-22 16:12:16	2021-02-20 13:22:31	11335538	1144889338	0	101	518		https://sra-downloadb.be-md.ncbi.nlm.nih.gov/sos9/sra-pub-zq-924/SRR013/13755/SRR13755324/SRR13755324.lite.1	SRX10142095		RNA-Seq	cDNA	TRANSCRIPTOMIC	SINGLE	0	0	ILLUMINA	Illumina HiSeq 2500	SRP307244	PRJNA703384	3	703384	SRS8295391	SAMN18016067	simple	51953	Elaeis guineensis	GSM5098020							no					GEO	SRA1198349		public	113C1F4AFE93119B764E62F713242536	CA991913F71544BBD3404C86E98782E0	https://www.ncbi.nlm.nih.gov/sra/?term=SRR13755324	https://www.ncbi.nlm.nih.gov/bioproject/PRJNA703384	https://www.ncbi.nlm.nih.gov/biosample/SAMN18016067	https://www.ncbi.nlm.nih.gov/sra/?term=SRX10142095	https://sra-downloadb.be-md.ncbi.nlm.nih.gov/sos9/sra-pub-zq-924/SRR013/13755/SRR13755324/SRR13755324.lite.1	117	
533	SRR13755325	2021-02-22 16:12:16	2021-02-20 13:22:33	11145836	1125729436	0	101	493		https://sra-downloadb.be-md.ncbi.nlm.nih.gov/sos9/sra-pub-zq-922/SRR013/13755/SRR13755325/SRR13755325.lite.1	SRX10142096		RNA-Seq	cDNA	TRANSCRIPTOMIC	SINGLE	0	0	ILLUMINA	Illumina HiSeq 2500	SRP307244	PRJNA703384	3	703384	SRS8295392	SAMN18016066	simple	51953	Elaeis guineensis	GSM5098021							no					GEO	SRA1198349		public	CD3629FDBD6A902776CBD824B8867971	EBD59AAD17483ACA5EA5781FB11F5C59	https://www.ncbi.nlm.nih.gov/sra/?term=SRR13755325	https://www.ncbi.nlm.nih.gov/bioproject/PRJNA703384	https://www.ncbi.nlm.nih.gov/biosample/SAMN18016066	https://www.ncbi.nlm.nih.gov/sra/?term=SRX10142096	https://sra-downloadb.be-md.ncbi.nlm.nih.gov/sos9/sra-pub-zq-922/SRR013/13755/SRR13755325/SRR13755325.lite.1	118	
534	SRR13755326	2021-02-22 16:12:16	2021-02-20 13:23:05	12033375	1215370875	0	101	549		https://sra-downloadb.be-md.ncbi.nlm.nih.gov/sos9/sra-pub-zq-922/SRR013/13755/SRR13755326/SRR13755326.lite.1	SRX10142097		RNA-Seq	cDNA	TRANSCRIPTOMIC	SINGLE	0	0	ILLUMINA	Illumina HiSeq 2500	SRP307244	PRJNA703384	3	703384	SRS8295393	SAMN18016065	simple	51953	Elaeis guineensis	GSM5098022							no					GEO	SRA1198349		public	ABA7F9D8AC152B605C8209B037CEE9A8	F380D5E0DAFB1AD665C1F75972013E64	https://www.ncbi.nlm.nih.gov/sra/?term=SRR13755326	https://www.ncbi.nlm.nih.gov/bioproject/PRJNA703384	https://www.ncbi.nlm.nih.gov/biosample/SAMN18016065	https://www.ncbi.nlm.nih.gov/sra/?term=SRX10142097	https://sra-downloadb.be-md.ncbi.nlm.nih.gov/sos9/sra-pub-zq-922/SRR013/13755/SRR13755326/SRR13755326.lite.1	119	
535	SRR13755327	2021-02-22 16:12:16	2021-02-20 13:22:48	11027473	1113774773	0	101	512		https://sra-downloadb.be-md.ncbi.nlm.nih.gov/sos9/sra-pub-zq-924/SRR013/13755/SRR13755327/SRR13755327.lite.1	SRX10142098		RNA-Seq	cDNA	TRANSCRIPTOMIC	SINGLE	0	0	ILLUMINA	Illumina HiSeq 2500	SRP307244	PRJNA703384	3	703384	SRS8295394	SAMN18016105	simple	51953	Elaeis guineensis	GSM5098023							no					GEO	SRA1198349		public	413A694A3051F0235590A4FC1CD57B94	CE868B20740A521777C79EF9B93B8EA8	https://www.ncbi.nlm.nih.gov/sra/?term=SRR13755327	https://www.ncbi.nlm.nih.gov/bioproject/PRJNA703384	https://www.ncbi.nlm.nih.gov/biosample/SAMN18016105	https://www.ncbi.nlm.nih.gov/sra/?term=SRX10142098	https://sra-downloadb.be-md.ncbi.nlm.nih.gov/sos9/sra-pub-zq-924/SRR013/13755/SRR13755327/SRR13755327.lite.1	120	
536	SRR13755328	2021-02-22 16:12:16	2021-02-20 13:23:33	11609951	1172605051	0	101	506		https://sra-downloadb.be-md.ncbi.nlm.nih.gov/sos9/sra-pub-zq-924/SRR013/13755/SRR13755328/SRR13755328.lite.1	SRX10142099		RNA-Seq	cDNA	TRANSCRIPTOMIC	SINGLE	0	0	ILLUMINA	Illumina HiSeq 2500	SRP307244	PRJNA703384	3	703384	SRS8295395	SAMN18016104	simple	51953	Elaeis guineensis	GSM5098024							no					GEO	SRA1198349		public	589D0956DF97E225AE45E0B3694A8ECA	5225D8404A6A96999285DDBCA583A359	https://www.ncbi.nlm.nih.gov/sra/?term=SRR13755328	https://www.ncbi.nlm.nih.gov/bioproject/PRJNA703384	https://www.ncbi.nlm.nih.gov/biosample/SAMN18016104	https://www.ncbi.nlm.nih.gov/sra/?term=SRX10142099	https://sra-downloadb.be-md.ncbi.nlm.nih.gov/sos9/sra-pub-zq-924/SRR013/13755/SRR13755328/SRR13755328.lite.1	121	
537	SRR13755329	2021-02-22 16:12:16	2021-02-20 13:22:57	12407910	1253198910	0	101	555		https://sra-downloadb.be-md.ncbi.nlm.nih.gov/sos9/sra-pub-zq-922/SRR013/13755/SRR13755329/SRR13755329.lite.1	SRX10142100		RNA-Seq	cDNA	TRANSCRIPTOMIC	SINGLE	0	0	ILLUMINA	Illumina HiSeq 2500	SRP307244	PRJNA703384	3	703384	SRS8295396	SAMN18016103	simple	51953	Elaeis guineensis	GSM5098025							no					GEO	SRA1198349		public	6E87388C23542F282010D4C8071349BE	8143D382A706A17C9F8D3864DF571B63	https://www.ncbi.nlm.nih.gov/sra/?term=SRR13755329	https://www.ncbi.nlm.nih.gov/bioproject/PRJNA703384	https://www.ncbi.nlm.nih.gov/biosample/SAMN18016103	https://www.ncbi.nlm.nih.gov/sra/?term=SRX10142100	https://sra-downloadb.be-md.ncbi.nlm.nih.gov/sos9/sra-pub-zq-922/SRR013/13755/SRR13755329/SRR13755329.lite.1	122	
538	SRR13755330	2021-02-22 16:12:16	2021-02-20 13:24:11	13142304	1327372704	0	101	584		https://sra-downloadb.be-md.ncbi.nlm.nih.gov/sos9/sra-pub-zq-924/SRR013/13755/SRR13755330/SRR13755330.lite.1	SRX10142101		RNA-Seq	cDNA	TRANSCRIPTOMIC	SINGLE	0	0	ILLUMINA	Illumina HiSeq 2500	SRP307244	PRJNA703384	3	703384	SRS8295397	SAMN18016102	simple	51953	Elaeis guineensis	GSM5098026							no					GEO	SRA1198349		public	9C5A3698CAFFE0862B18E9679791EFFA	0BE4B20073A8EC048ECB9268AA379672	https://www.ncbi.nlm.nih.gov/sra/?term=SRR13755330	https://www.ncbi.nlm.nih.gov/bioproject/PRJNA703384	https://www.ncbi.nlm.nih.gov/biosample/SAMN18016102	https://www.ncbi.nlm.nih.gov/sra/?term=SRX10142101	https://sra-downloadb.be-md.ncbi.nlm.nih.gov/sos9/sra-pub-zq-924/SRR013/13755/SRR13755330/SRR13755330.lite.1	123	
539	SRR13755331	2021-02-22 16:12:16	2021-02-20 13:23:34	12693345	1282027845	0	101	569		https://sra-downloadb.be-md.ncbi.nlm.nih.gov/sos9/sra-pub-zq-924/SRR013/13755/SRR13755331/SRR13755331.lite.1	SRX10142102		RNA-Seq	cDNA	TRANSCRIPTOMIC	SINGLE	0	0	ILLUMINA	Illumina HiSeq 2500	SRP307244	PRJNA703384	3	703384	SRS8295398	SAMN18016101	simple	51953	Elaeis guineensis	GSM5098027							no					GEO	SRA1198349		public	82C3DA32FFBDEC1D3D3971D237477DFD	44D4537E78FCE6D8AA5C3818BFF006ED	https://www.ncbi.nlm.nih.gov/sra/?term=SRR13755331	https://www.ncbi.nlm.nih.gov/bioproject/PRJNA703384	https://www.ncbi.nlm.nih.gov/biosample/SAMN18016101	https://www.ncbi.nlm.nih.gov/sra/?term=SRX10142102	https://sra-downloadb.be-md.ncbi.nlm.nih.gov/sos9/sra-pub-zq-924/SRR013/13755/SRR13755331/SRR13755331.lite.1	124	
540	SRR13755332	2021-02-22 16:12:16	2021-02-20 13:22:53	12128527	1224981227	0	101	557		https://sra-downloadb.be-md.ncbi.nlm.nih.gov/sos9/sra-pub-zq-924/SRR013/13755/SRR13755332/SRR13755332.lite.1	SRX10142103		RNA-Seq	cDNA	TRANSCRIPTOMIC	SINGLE	0	0	ILLUMINA	Illumina HiSeq 2500	SRP307244	PRJNA703384	3	703384	SRS8295399	SAMN18016100	simple	51953	Elaeis guineensis	GSM5098028							no					GEO	SRA1198349		public	8457F42EE2CFC45C334FCF04580C253E	D5F84C5D4D9FE8842A6F57E63E312348	https://www.ncbi.nlm.nih.gov/sra/?term=SRR13755332	https://www.ncbi.nlm.nih.gov/bioproject/PRJNA703384	https://www.ncbi.nlm.nih.gov/biosample/SAMN18016100	https://www.ncbi.nlm.nih.gov/sra/?term=SRX10142103	https://sra-downloadb.be-md.ncbi.nlm.nih.gov/sos9/sra-pub-zq-924/SRR013/13755/SRR13755332/SRR13755332.lite.1	125	
541	SRR13755333	2021-02-22 16:12:16	2021-02-20 13:23:55	12194798	1231674598	0	101	549		https://sra-downloadb.be-md.ncbi.nlm.nih.gov/sos9/sra-pub-zq-924/SRR013/13755/SRR13755333/SRR13755333.lite.1	SRX10142104		RNA-Seq	cDNA	TRANSCRIPTOMIC	SINGLE	0	0	ILLUMINA	Illumina HiSeq 2500	SRP307244	PRJNA703384	3	703384	SRS8295400	SAMN18016099	simple	51953	Elaeis guineensis	GSM5098029							no					GEO	SRA1198349		public	5619C22CA7E4FD29348EB41018BD889E	73C6C1CAFCC715AE6D3B603FA312CA3B	https://www.ncbi.nlm.nih.gov/sra/?term=SRR13755333	https://www.ncbi.nlm.nih.gov/bioproject/PRJNA703384	https://www.ncbi.nlm.nih.gov/biosample/SAMN18016099	https://www.ncbi.nlm.nih.gov/sra/?term=SRX10142104	https://sra-downloadb.be-md.ncbi.nlm.nih.gov/sos9/sra-pub-zq-924/SRR013/13755/SRR13755333/SRR13755333.lite.1	126	
542	SRR13755334	2021-02-22 16:12:16	2021-02-20 13:24:19	14003067	1414309767	0	101	637		https://sra-downloadb.be-md.ncbi.nlm.nih.gov/sos9/sra-pub-zq-922/SRR013/13755/SRR13755334/SRR13755334.lite.1	SRX10142105		RNA-Seq	cDNA	TRANSCRIPTOMIC	SINGLE	0	0	ILLUMINA	Illumina HiSeq 2500	SRP307244	PRJNA703384	3	703384	SRS8295401	SAMN18016098	simple	51953	Elaeis guineensis	GSM5098030							no					GEO	SRA1198349		public	BAE18492D9C8CAD2A58CD9EEAF937D8B	CDE8E3AA3D0C7981FE6D00B8A0C0CEAE	https://www.ncbi.nlm.nih.gov/sra/?term=SRR13755334	https://www.ncbi.nlm.nih.gov/bioproject/PRJNA703384	https://www.ncbi.nlm.nih.gov/biosample/SAMN18016098	https://www.ncbi.nlm.nih.gov/sra/?term=SRX10142105	https://sra-downloadb.be-md.ncbi.nlm.nih.gov/sos9/sra-pub-zq-922/SRR013/13755/SRR13755334/SRR13755334.lite.1	127	
543	SRR13755335	2021-02-22 16:12:16	2021-02-20 13:23:35	12484496	1260934096	0	101	569		https://sra-downloadb.be-md.ncbi.nlm.nih.gov/sos9/sra-pub-zq-922/SRR013/13755/SRR13755335/SRR13755335.lite.1	SRX10142106		RNA-Seq	cDNA	TRANSCRIPTOMIC	SINGLE	0	0	ILLUMINA	Illumina HiSeq 2500	SRP307244	PRJNA703384	3	703384	SRS8295402	SAMN18016097	simple	51953	Elaeis guineensis	GSM5098031							no					GEO	SRA1198349		public	904B12794CE5E8E8EEAEDC3693C2E390	41458C0385D0AEF6569A00DCDF535C6E	https://www.ncbi.nlm.nih.gov/sra/?term=SRR13755335	https://www.ncbi.nlm.nih.gov/bioproject/PRJNA703384	https://www.ncbi.nlm.nih.gov/biosample/SAMN18016097	https://www.ncbi.nlm.nih.gov/sra/?term=SRX10142106	https://sra-downloadb.be-md.ncbi.nlm.nih.gov/sos9/sra-pub-zq-922/SRR013/13755/SRR13755335/SRR13755335.lite.1	128	
544	SRR13755336	2021-02-22 16:12:16	2021-02-20 13:23:58	12692266	1281918866	0	101	584		https://sra-downloadb.be-md.ncbi.nlm.nih.gov/sos9/sra-pub-zq-922/SRR013/13755/SRR13755336/SRR13755336.lite.1	SRX10142107		RNA-Seq	cDNA	TRANSCRIPTOMIC	SINGLE	0	0	ILLUMINA	Illumina HiSeq 2500	SRP307244	PRJNA703384	3	703384	SRS8295403	SAMN18016096	simple	51953	Elaeis guineensis	GSM5098032							no					GEO	SRA1198349		public	9649CA0CC826E32D7F45A89EF9667DF6	BAC3D90F0B0DD3523EA613EF3BD27999	https://www.ncbi.nlm.nih.gov/sra/?term=SRR13755336	https://www.ncbi.nlm.nih.gov/bioproject/PRJNA703384	https://www.ncbi.nlm.nih.gov/biosample/SAMN18016096	https://www.ncbi.nlm.nih.gov/sra/?term=SRX10142107	https://sra-downloadb.be-md.ncbi.nlm.nih.gov/sos9/sra-pub-zq-922/SRR013/13755/SRR13755336/SRR13755336.lite.1	129	
545	SRR13755337	2021-02-22 16:12:16	2021-02-20 13:24:08	13638210	1377459210	0	101	604		https://sra-downloadb.be-md.ncbi.nlm.nih.gov/sos9/sra-pub-zq-924/SRR013/13755/SRR13755337/SRR13755337.lite.1	SRX10142108		RNA-Seq	cDNA	TRANSCRIPTOMIC	SINGLE	0	0	ILLUMINA	Illumina HiSeq 2500	SRP307244	PRJNA703384	3	703384	SRS8295404	SAMN18016095	simple	51953	Elaeis guineensis	GSM5098033							no					GEO	SRA1198349		public	E113A2D9986323D4638AF9A7B8AD871B	2929122A9B298851DF52C38B7FF75A17	https://www.ncbi.nlm.nih.gov/sra/?term=SRR13755337	https://www.ncbi.nlm.nih.gov/bioproject/PRJNA703384	https://www.ncbi.nlm.nih.gov/biosample/SAMN18016095	https://www.ncbi.nlm.nih.gov/sra/?term=SRX10142108	https://sra-downloadb.be-md.ncbi.nlm.nih.gov/sos9/sra-pub-zq-924/SRR013/13755/SRR13755337/SRR13755337.lite.1	130	
546	SRR13755338	2021-02-22 16:12:16	2021-02-20 13:23:45	12823243	1295147543	0	101	583		https://sra-downloadb.be-md.ncbi.nlm.nih.gov/sos9/sra-pub-zq-924/SRR013/13755/SRR13755338/SRR13755338.lite.1	SRX10142109		RNA-Seq	cDNA	TRANSCRIPTOMIC	SINGLE	0	0	ILLUMINA	Illumina HiSeq 2500	SRP307244	PRJNA703384	3	703384	SRS8295405	SAMN18016094	simple	51953	Elaeis guineensis	GSM5098034							no					GEO	SRA1198349		public	ECAF9BA923BCCFA1569E96C95C819367	C09B45ED98A6A11C5FDB22164AA0FB3B	https://www.ncbi.nlm.nih.gov/sra/?term=SRR13755338	https://www.ncbi.nlm.nih.gov/bioproject/PRJNA703384	https://www.ncbi.nlm.nih.gov/biosample/SAMN18016094	https://www.ncbi.nlm.nih.gov/sra/?term=SRX10142109	https://sra-downloadb.be-md.ncbi.nlm.nih.gov/sos9/sra-pub-zq-924/SRR013/13755/SRR13755338/SRR13755338.lite.1	131	
547	SRR13755339	2021-02-22 16:12:16	2021-02-20 13:25:20	16791079	1695898979	0	101	750		https://sra-downloadb.be-md.ncbi.nlm.nih.gov/sos9/sra-pub-zq-922/SRR013/13755/SRR13755339/SRR13755339.lite.1	SRX10142110		RNA-Seq	cDNA	TRANSCRIPTOMIC	SINGLE	0	0	ILLUMINA	Illumina HiSeq 2500	SRP307244	PRJNA703384	3	703384	SRS8295406	SAMN18016093	simple	51953	Elaeis guineensis	GSM5098035							no					GEO	SRA1198349		public	F3D0512022432F1E8DFCE4B99D49A5D8	6C8546A7CDEBA73D3913A3E85AE6A8D6	https://www.ncbi.nlm.nih.gov/sra/?term=SRR13755339	https://www.ncbi.nlm.nih.gov/bioproject/PRJNA703384	https://www.ncbi.nlm.nih.gov/biosample/SAMN18016093	https://www.ncbi.nlm.nih.gov/sra/?term=SRX10142110	https://sra-downloadb.be-md.ncbi.nlm.nih.gov/sos9/sra-pub-zq-922/SRR013/13755/SRR13755339/SRR13755339.lite.1	132	
548	SRR13755340	2021-02-22 16:12:16	2021-02-20 13:23:23	16236308	828051708	0	51	374		https://sra-downloadb.be-md.ncbi.nlm.nih.gov/sos9/sra-pub-zq-924/SRR013/13755/SRR13755340/SRR13755340.lite.1	SRX10142111		RNA-Seq	cDNA	TRANSCRIPTOMIC	SINGLE	0	0	ILLUMINA	Illumina HiSeq 2500	SRP307244	PRJNA703384	3	703384	SRS8295407	SAMN18016092	simple	51953	Elaeis guineensis	GSM5098036							no					GEO	SRA1198349		public	7010B44F91E80A2BD05DC447E3C5FC65	AC0DEB9E20FE4258C2274ECFAC538A06	https://www.ncbi.nlm.nih.gov/sra/?term=SRR13755340	https://www.ncbi.nlm.nih.gov/bioproject/PRJNA703384	https://www.ncbi.nlm.nih.gov/biosample/SAMN18016092	https://www.ncbi.nlm.nih.gov/sra/?term=SRX10142111	https://sra-downloadb.be-md.ncbi.nlm.nih.gov/sos9/sra-pub-zq-924/SRR013/13755/SRR13755340/SRR13755340.lite.1	133	
549	SRR13755341	2021-02-22 16:12:16	2021-02-20 13:24:22	19917936	1015814736	0	51	464		https://sra-downloadb.be-md.ncbi.nlm.nih.gov/sos9/sra-pub-zq-924/SRR013/13755/SRR13755341/SRR13755341.lite.1	SRX10142112		RNA-Seq	cDNA	TRANSCRIPTOMIC	SINGLE	0	0	ILLUMINA	Illumina HiSeq 2500	SRP307244	PRJNA703384	3	703384	SRS8295408	SAMN18016091	simple	51953	Elaeis guineensis	GSM5098037							no					GEO	SRA1198349		public	4BA87976A94E2B44E0E76A6BD46F2FBA	618C07FAC2D65866DEF395CB8A97DD68	https://www.ncbi.nlm.nih.gov/sra/?term=SRR13755341	https://www.ncbi.nlm.nih.gov/bioproject/PRJNA703384	https://www.ncbi.nlm.nih.gov/biosample/SAMN18016091	https://www.ncbi.nlm.nih.gov/sra/?term=SRX10142112	https://sra-downloadb.be-md.ncbi.nlm.nih.gov/sos9/sra-pub-zq-924/SRR013/13755/SRR13755341/SRR13755341.lite.1	134	
550	SRR13755342	2021-02-22 16:12:16	2021-02-20 13:23:20	18956290	966770790	0	51	434		https://sra-downloadb.be-md.ncbi.nlm.nih.gov/sos9/sra-pub-zq-922/SRR013/13755/SRR13755342/SRR13755342.lite.1	SRX10142113		RNA-Seq	cDNA	TRANSCRIPTOMIC	SINGLE	0	0	ILLUMINA	Illumina HiSeq 2500	SRP307244	PRJNA703384	3	703384	SRS8295409	SAMN18016090	simple	51953	Elaeis guineensis	GSM5098038							no					GEO	SRA1198349		public	9A30C95088B4438A5BDB0667F752AC01	1EF063A5FE32FCB0A599EFB29E3BCF37	https://www.ncbi.nlm.nih.gov/sra/?term=SRR13755342	https://www.ncbi.nlm.nih.gov/bioproject/PRJNA703384	https://www.ncbi.nlm.nih.gov/biosample/SAMN18016090	https://www.ncbi.nlm.nih.gov/sra/?term=SRX10142113	https://sra-downloadb.be-md.ncbi.nlm.nih.gov/sos9/sra-pub-zq-922/SRR013/13755/SRR13755342/SRR13755342.lite.1	135	
551	SRR13755343	2021-02-22 16:12:16	2021-02-20 13:22:57	13928526	710354826	0	51	322		https://sra-downloadb.be-md.ncbi.nlm.nih.gov/sos9/sra-pub-zq-924/SRR013/13755/SRR13755343/SRR13755343.lite.1	SRX10142114		RNA-Seq	cDNA	TRANSCRIPTOMIC	SINGLE	0	0	ILLUMINA	Illumina HiSeq 2500	SRP307244	PRJNA703384	3	703384	SRS8295410	SAMN18016089	simple	51953	Elaeis guineensis	GSM5098039							no					GEO	SRA1198349		public	211CB952148AE60A9090813F232B9C66	43BF5EC3D11743C6892229F4A88113F7	https://www.ncbi.nlm.nih.gov/sra/?term=SRR13755343	https://www.ncbi.nlm.nih.gov/bioproject/PRJNA703384	https://www.ncbi.nlm.nih.gov/biosample/SAMN18016089	https://www.ncbi.nlm.nih.gov/sra/?term=SRX10142114	https://sra-downloadb.be-md.ncbi.nlm.nih.gov/sos9/sra-pub-zq-924/SRR013/13755/SRR13755343/SRR13755343.lite.1	136	
552	SRR13755344	2021-02-22 16:12:16	2021-02-20 13:23:23	16083311	820248861	0	51	372		https://sra-downloadb.be-md.ncbi.nlm.nih.gov/sos9/sra-pub-zq-924/SRR013/13755/SRR13755344/SRR13755344.lite.1	SRX10142115		RNA-Seq	cDNA	TRANSCRIPTOMIC	SINGLE	0	0	ILLUMINA	Illumina HiSeq 2500	SRP307244	PRJNA703384	3	703384	SRS8295411	SAMN18016088	simple	51953	Elaeis guineensis	GSM5098040							no					GEO	SRA1198349		public	150A78D740724EF0E88547D183EDE616	BEA928DCF2EAAC990F00860AC5E8B6B7	https://www.ncbi.nlm.nih.gov/sra/?term=SRR13755344	https://www.ncbi.nlm.nih.gov/bioproject/PRJNA703384	https://www.ncbi.nlm.nih.gov/biosample/SAMN18016088	https://www.ncbi.nlm.nih.gov/sra/?term=SRX10142115	https://sra-downloadb.be-md.ncbi.nlm.nih.gov/sos9/sra-pub-zq-924/SRR013/13755/SRR13755344/SRR13755344.lite.1	137	
553	SRR13755345	2021-02-22 16:12:16	2021-02-20 13:24:36	20231747	1031819097	0	51	462		https://sra-downloadb.be-md.ncbi.nlm.nih.gov/sos9/sra-pub-zq-922/SRR013/13755/SRR13755345/SRR13755345.lite.1	SRX10142116		RNA-Seq	cDNA	TRANSCRIPTOMIC	SINGLE	0	0	ILLUMINA	Illumina HiSeq 2500	SRP307244	PRJNA703384	3	703384	SRS8295412	SAMN18016087	simple	51953	Elaeis guineensis	GSM5098041							no					GEO	SRA1198349		public	0A761B89996032CA08D2B342D4E7F6C7	504F0D475AD9A8E0321F10AF2BD99B3C	https://www.ncbi.nlm.nih.gov/sra/?term=SRR13755345	https://www.ncbi.nlm.nih.gov/bioproject/PRJNA703384	https://www.ncbi.nlm.nih.gov/biosample/SAMN18016087	https://www.ncbi.nlm.nih.gov/sra/?term=SRX10142116	https://sra-downloadb.be-md.ncbi.nlm.nih.gov/sos9/sra-pub-zq-922/SRR013/13755/SRR13755345/SRR13755345.lite.1	138	
554	SRR13755346	2021-02-22 16:12:16	2021-02-20 13:24:03	16321614	832402314	0	51	377		https://sra-downloadb.be-md.ncbi.nlm.nih.gov/sos9/sra-pub-zq-924/SRR013/13755/SRR13755346/SRR13755346.lite.1	SRX10142117		RNA-Seq	cDNA	TRANSCRIPTOMIC	SINGLE	0	0	ILLUMINA	Illumina HiSeq 2500	SRP307244	PRJNA703384	3	703384	SRS8295413	SAMN18016086	simple	51953	Elaeis guineensis	GSM5098042							no					GEO	SRA1198349		public	9666E2F17BEFFC1772FB0E43EF38C415	C853F5B351653B0A8311E074B2A9F6A9	https://www.ncbi.nlm.nih.gov/sra/?term=SRR13755346	https://www.ncbi.nlm.nih.gov/bioproject/PRJNA703384	https://www.ncbi.nlm.nih.gov/biosample/SAMN18016086	https://www.ncbi.nlm.nih.gov/sra/?term=SRX10142117	https://sra-downloadb.be-md.ncbi.nlm.nih.gov/sos9/sra-pub-zq-924/SRR013/13755/SRR13755346/SRR13755346.lite.1	139	
555	SRR13755347	2021-02-22 16:12:16	2021-02-20 13:24:11	16212199	826822149	0	51	371		https://sra-downloadb.be-md.ncbi.nlm.nih.gov/sos9/sra-pub-zq-922/SRR013/13755/SRR13755347/SRR13755347.lite.1	SRX10142118		RNA-Seq	cDNA	TRANSCRIPTOMIC	SINGLE	0	0	ILLUMINA	Illumina HiSeq 2500	SRP307244	PRJNA703384	3	703384	SRS8295414	SAMN18016085	simple	51953	Elaeis guineensis	GSM5098043							no					GEO	SRA1198349		public	047B29581FEA68DFB9DAB6A1EA14231A	B4400502B0FB1A54F4BB65206E10C003	https://www.ncbi.nlm.nih.gov/sra/?term=SRR13755347	https://www.ncbi.nlm.nih.gov/bioproject/PRJNA703384	https://www.ncbi.nlm.nih.gov/biosample/SAMN18016085	https://www.ncbi.nlm.nih.gov/sra/?term=SRX10142118	https://sra-downloadb.be-md.ncbi.nlm.nih.gov/sos9/sra-pub-zq-922/SRR013/13755/SRR13755347/SRR13755347.lite.1	140	
556	SRR13755348	2021-02-22 16:12:16	2021-02-20 13:23:56	15994015	815694765	0	51	369		https://sra-downloadb.be-md.ncbi.nlm.nih.gov/sos9/sra-pub-zq-924/SRR013/13755/SRR13755348/SRR13755348.lite.1	SRX10142119		RNA-Seq	cDNA	TRANSCRIPTOMIC	SINGLE	0	0	ILLUMINA	Illumina HiSeq 2500	SRP307244	PRJNA703384	3	703384	SRS8295415	SAMN18016084	simple	51953	Elaeis guineensis	GSM5098044							no					GEO	SRA1198349		public	45D139B1EA34A5C19D3E10AED44301E4	7DA2C7BAAE75F8C8927D9C76390DDE81	https://www.ncbi.nlm.nih.gov/sra/?term=SRR13755348	https://www.ncbi.nlm.nih.gov/bioproject/PRJNA703384	https://www.ncbi.nlm.nih.gov/biosample/SAMN18016084	https://www.ncbi.nlm.nih.gov/sra/?term=SRX10142119	https://sra-downloadb.be-md.ncbi.nlm.nih.gov/sos9/sra-pub-zq-924/SRR013/13755/SRR13755348/SRR13755348.lite.1	141	
557	SRR13755349	2021-02-22 16:12:16	2021-02-20 13:23:55	16904670	862138170	0	51	389		https://sra-downloadb.be-md.ncbi.nlm.nih.gov/sos9/sra-pub-zq-924/SRR013/13755/SRR13755349/SRR13755349.lite.1	SRX10142120		RNA-Seq	cDNA	TRANSCRIPTOMIC	SINGLE	0	0	ILLUMINA	Illumina HiSeq 2500	SRP307244	PRJNA703384	3	703384	SRS8295416	SAMN18016122	simple	51953	Elaeis guineensis	GSM5098045							no					GEO	SRA1198349		public	F9120650AABEBE64A12A8B828F0AE25E	D2927A95291C72D2E30191F36E1E977C	https://www.ncbi.nlm.nih.gov/sra/?term=SRR13755349	https://www.ncbi.nlm.nih.gov/bioproject/PRJNA703384	https://www.ncbi.nlm.nih.gov/biosample/SAMN18016122	https://www.ncbi.nlm.nih.gov/sra/?term=SRX10142120	https://sra-downloadb.be-md.ncbi.nlm.nih.gov/sos9/sra-pub-zq-924/SRR013/13755/SRR13755349/SRR13755349.lite.1	142	
558	SRR13755350	2021-02-22 16:12:16	2021-02-20 13:23:41	16003739	816190689	0	51	369		https://sra-downloadb.be-md.ncbi.nlm.nih.gov/sos9/sra-pub-zq-924/SRR013/13755/SRR13755350/SRR13755350.lite.1	SRX10142121		RNA-Seq	cDNA	TRANSCRIPTOMIC	SINGLE	0	0	ILLUMINA	Illumina HiSeq 2500	SRP307244	PRJNA703384	3	703384	SRS8295418	SAMN18016121	simple	51953	Elaeis guineensis	GSM5098046							no					GEO	SRA1198349		public	934F7C2827826DED7A60B83FEE5E1918	D0BC8718541572982EB2C49A8B1D82CB	https://www.ncbi.nlm.nih.gov/sra/?term=SRR13755350	https://www.ncbi.nlm.nih.gov/bioproject/PRJNA703384	https://www.ncbi.nlm.nih.gov/biosample/SAMN18016121	https://www.ncbi.nlm.nih.gov/sra/?term=SRX10142121	https://sra-downloadb.be-md.ncbi.nlm.nih.gov/sos9/sra-pub-zq-924/SRR013/13755/SRR13755350/SRR13755350.lite.1	143	
559	SRR13755351	2021-02-22 16:12:16	2021-02-20 13:23:25	14205651	724488201	0	51	327		https://sra-downloadb.be-md.ncbi.nlm.nih.gov/sos9/sra-pub-zq-924/SRR013/13755/SRR13755351/SRR13755351.lite.1	SRX10142122		RNA-Seq	cDNA	TRANSCRIPTOMIC	SINGLE	0	0	ILLUMINA	Illumina HiSeq 2500	SRP307244	PRJNA703384	3	703384	SRS8295417	SAMN18016120	simple	51953	Elaeis guineensis	GSM5098047							no					GEO	SRA1198349		public	AA39C1D89B427276BF00AFF4DEDB6E05	C67558A1827299D40CEE006D78B60A54	https://www.ncbi.nlm.nih.gov/sra/?term=SRR13755351	https://www.ncbi.nlm.nih.gov/bioproject/PRJNA703384	https://www.ncbi.nlm.nih.gov/biosample/SAMN18016120	https://www.ncbi.nlm.nih.gov/sra/?term=SRX10142122	https://sra-downloadb.be-md.ncbi.nlm.nih.gov/sos9/sra-pub-zq-924/SRR013/13755/SRR13755351/SRR13755351.lite.1	144	
560	SRR13755352	2021-02-22 16:12:16	2021-02-20 13:23:43	17583524	896759724	0	51	408		https://sra-downloadb.be-md.ncbi.nlm.nih.gov/sos9/sra-pub-zq-922/SRR013/13755/SRR13755352/SRR13755352.lite.1	SRX10142123		RNA-Seq	cDNA	TRANSCRIPTOMIC	SINGLE	0	0	ILLUMINA	Illumina HiSeq 2500	SRP307244	PRJNA703384	3	703384	SRS8295419	SAMN18016119	simple	51953	Elaeis guineensis	GSM5098048							no					GEO	SRA1198349		public	717FE66E6356F56D105D78B446243300	5249B9EC21075AA6EA1527E3826FD94A	https://www.ncbi.nlm.nih.gov/sra/?term=SRR13755352	https://www.ncbi.nlm.nih.gov/bioproject/PRJNA703384	https://www.ncbi.nlm.nih.gov/biosample/SAMN18016119	https://www.ncbi.nlm.nih.gov/sra/?term=SRX10142123	https://sra-downloadb.be-md.ncbi.nlm.nih.gov/sos9/sra-pub-zq-922/SRR013/13755/SRR13755352/SRR13755352.lite.1	145	
561	SRR13755353	2021-02-22 16:12:16	2021-02-20 13:24:23	18366733	936703383	0	51	424		https://sra-downloadb.be-md.ncbi.nlm.nih.gov/sos9/sra-pub-zq-924/SRR013/13755/SRR13755353/SRR13755353.lite.1	SRX10142124		RNA-Seq	cDNA	TRANSCRIPTOMIC	SINGLE	0	0	ILLUMINA	Illumina HiSeq 2500	SRP307244	PRJNA703384	3	703384	SRS8295422	SAMN18016118	simple	51953	Elaeis guineensis	GSM5098049							no					GEO	SRA1198349		public	4497B5A613B6D5D6446380534C6AFE71	5D65EA20A1BEB6E4B18F1F12DE56AD98	https://www.ncbi.nlm.nih.gov/sra/?term=SRR13755353	https://www.ncbi.nlm.nih.gov/bioproject/PRJNA703384	https://www.ncbi.nlm.nih.gov/biosample/SAMN18016118	https://www.ncbi.nlm.nih.gov/sra/?term=SRX10142124	https://sra-downloadb.be-md.ncbi.nlm.nih.gov/sos9/sra-pub-zq-924/SRR013/13755/SRR13755353/SRR13755353.lite.1	146	
562	SRR13755354	2021-02-22 16:12:16	2021-02-20 13:23:29	16752731	854389281	0	51	388		https://sra-downloadb.be-md.ncbi.nlm.nih.gov/sos9/sra-pub-zq-924/SRR013/13755/SRR13755354/SRR13755354.lite.1	SRX10142125		RNA-Seq	cDNA	TRANSCRIPTOMIC	SINGLE	0	0	ILLUMINA	Illumina HiSeq 2500	SRP307244	PRJNA703384	3	703384	SRS8295421	SAMN18016117	simple	51953	Elaeis guineensis	GSM5098050							no					GEO	SRA1198349		public	2B8DB056F6E8AB699B913769EF8CB9A5	965FF81100D4B1CAED475D5962D038A9	https://www.ncbi.nlm.nih.gov/sra/?term=SRR13755354	https://www.ncbi.nlm.nih.gov/bioproject/PRJNA703384	https://www.ncbi.nlm.nih.gov/biosample/SAMN18016117	https://www.ncbi.nlm.nih.gov/sra/?term=SRX10142125	https://sra-downloadb.be-md.ncbi.nlm.nih.gov/sos9/sra-pub-zq-924/SRR013/13755/SRR13755354/SRR13755354.lite.1	147	
563	SRR13755355	2021-02-22 16:12:16	2021-02-20 13:24:08	16144045	823346295	0	51	374		https://sra-downloadb.be-md.ncbi.nlm.nih.gov/sos9/sra-pub-zq-924/SRR013/13755/SRR13755355/SRR13755355.lite.1	SRX10142126		RNA-Seq	cDNA	TRANSCRIPTOMIC	SINGLE	0	0	ILLUMINA	Illumina HiSeq 2500	SRP307244	PRJNA703384	3	703384	SRS8295420	SAMN18016116	simple	51953	Elaeis guineensis	GSM5098051							no					GEO	SRA1198349		public	BBAD7103DC86DF7B7656B8C259508229	FEA147FD7BBCFE67A974FA36A1D5FD63	https://www.ncbi.nlm.nih.gov/sra/?term=SRR13755355	https://www.ncbi.nlm.nih.gov/bioproject/PRJNA703384	https://www.ncbi.nlm.nih.gov/biosample/SAMN18016116	https://www.ncbi.nlm.nih.gov/sra/?term=SRX10142126	https://sra-downloadb.be-md.ncbi.nlm.nih.gov/sos9/sra-pub-zq-924/SRR013/13755/SRR13755355/SRR13755355.lite.1	148	
564	SRR13755356	2021-02-22 16:12:16	2021-02-20 13:24:08	19251996	981851796	0	51	441		https://sra-downloadb.be-md.ncbi.nlm.nih.gov/sos9/sra-pub-zq-924/SRR013/13755/SRR13755356/SRR13755356.lite.1	SRX10142127		RNA-Seq	cDNA	TRANSCRIPTOMIC	SINGLE	0	0	ILLUMINA	Illumina HiSeq 2500	SRP307244	PRJNA703384	3	703384	SRS8295423	SAMN18016115	simple	51953	Elaeis guineensis	GSM5098052							no					GEO	SRA1198349		public	5696CA4D61CCA94769FEC7D16B1FBCE1	1891C50C914CB669CE51385C0DD43086	https://www.ncbi.nlm.nih.gov/sra/?term=SRR13755356	https://www.ncbi.nlm.nih.gov/bioproject/PRJNA703384	https://www.ncbi.nlm.nih.gov/biosample/SAMN18016115	https://www.ncbi.nlm.nih.gov/sra/?term=SRX10142127	https://sra-downloadb.be-md.ncbi.nlm.nih.gov/sos9/sra-pub-zq-924/SRR013/13755/SRR13755356/SRR13755356.lite.1	149	
565	SRR13755357	2021-02-22 16:12:16	2021-02-20 13:23:08	14872158	758480058	0	51	348		https://sra-downloadb.be-md.ncbi.nlm.nih.gov/sos9/sra-pub-zq-924/SRR013/13755/SRR13755357/SRR13755357.lite.1	SRX10142128		RNA-Seq	cDNA	TRANSCRIPTOMIC	SINGLE	0	0	ILLUMINA	Illumina HiSeq 2500	SRP307244	PRJNA703384	3	703384	SRS8295424	SAMN18016114	simple	51953	Elaeis guineensis	GSM5098053							no					GEO	SRA1198349		public	B3AAE8E03AA262FD8DB842EAF8093082	78EEFE872D35F1AB3603064E5686EA8B	https://www.ncbi.nlm.nih.gov/sra/?term=SRR13755357	https://www.ncbi.nlm.nih.gov/bioproject/PRJNA703384	https://www.ncbi.nlm.nih.gov/biosample/SAMN18016114	https://www.ncbi.nlm.nih.gov/sra/?term=SRX10142128	https://sra-downloadb.be-md.ncbi.nlm.nih.gov/sos9/sra-pub-zq-924/SRR013/13755/SRR13755357/SRR13755357.lite.1	150	
566	SRR13755358	2021-02-22 16:12:16	2021-02-20 13:23:38	19938827	1016880177	0	51	459		https://sra-downloadb.be-md.ncbi.nlm.nih.gov/sos9/sra-pub-zq-922/SRR013/13755/SRR13755358/SRR13755358.lite.1	SRX10142129		RNA-Seq	cDNA	TRANSCRIPTOMIC	SINGLE	0	0	ILLUMINA	Illumina HiSeq 2500	SRP307244	PRJNA703384	3	703384	SRS8295425	SAMN18016113	simple	51953	Elaeis guineensis	GSM5098054							no					GEO	SRA1198349		public	08D5AFDDBC642C9887FC7014C2743E74	11B973A04C5B4CF7AD4FFB0EA4F75ED6	https://www.ncbi.nlm.nih.gov/sra/?term=SRR13755358	https://www.ncbi.nlm.nih.gov/bioproject/PRJNA703384	https://www.ncbi.nlm.nih.gov/biosample/SAMN18016113	https://www.ncbi.nlm.nih.gov/sra/?term=SRX10142129	https://sra-downloadb.be-md.ncbi.nlm.nih.gov/sos9/sra-pub-zq-922/SRR013/13755/SRR13755358/SRR13755358.lite.1	151	
567	SRR13755359	2021-02-22 16:12:16	2021-02-20 13:23:01	13423494	684598194	0	51	311		https://sra-downloadb.be-md.ncbi.nlm.nih.gov/sos9/sra-pub-zq-924/SRR013/13755/SRR13755359/SRR13755359.lite.1	SRX10142130		RNA-Seq	cDNA	TRANSCRIPTOMIC	SINGLE	0	0	ILLUMINA	Illumina HiSeq 2500	SRP307244	PRJNA703384	3	703384	SRS8295426	SAMN18016112	simple	51953	Elaeis guineensis	GSM5098055							no					GEO	SRA1198349		public	A251424D9357CB92157071D18611CC16	AD049B3A12125CBAA5442E7262982170	https://www.ncbi.nlm.nih.gov/sra/?term=SRR13755359	https://www.ncbi.nlm.nih.gov/bioproject/PRJNA703384	https://www.ncbi.nlm.nih.gov/biosample/SAMN18016112	https://www.ncbi.nlm.nih.gov/sra/?term=SRX10142130	https://sra-downloadb.be-md.ncbi.nlm.nih.gov/sos9/sra-pub-zq-924/SRR013/13755/SRR13755359/SRR13755359.lite.1	152	
568	SRR13755360	2021-02-22 16:12:16	2021-02-20 13:24:00	13036470	1316683470	0	101	582		https://sra-downloadb.be-md.ncbi.nlm.nih.gov/sos9/sra-pub-zq-924/SRR013/13755/SRR13755360/SRR13755360.lite.1	SRX10142131		RNA-Seq	cDNA	TRANSCRIPTOMIC	SINGLE	0	0	ILLUMINA	Illumina HiSeq 2500	SRP307244	PRJNA703384	3	703384	SRS8295427	SAMN18016111	simple	51953	Elaeis guineensis	GSM5098056							no					GEO	SRA1198349		public	B425D538A96A79965BB1450E9D062E38	6A9FBA6A2176A58BF07FD04C5389D93F	https://www.ncbi.nlm.nih.gov/sra/?term=SRR13755360	https://www.ncbi.nlm.nih.gov/bioproject/PRJNA703384	https://www.ncbi.nlm.nih.gov/biosample/SAMN18016111	https://www.ncbi.nlm.nih.gov/sra/?term=SRX10142131	https://sra-downloadb.be-md.ncbi.nlm.nih.gov/sos9/sra-pub-zq-924/SRR013/13755/SRR13755360/SRR13755360.lite.1	153	
569	SRR13755361	2021-02-22 16:12:16	2021-02-20 13:24:04	12949187	1307867887	0	101	586		https://sra-downloadb.be-md.ncbi.nlm.nih.gov/sos9/sra-pub-zq-924/SRR013/13755/SRR13755361/SRR13755361.lite.1	SRX10142132		RNA-Seq	cDNA	TRANSCRIPTOMIC	SINGLE	0	0	ILLUMINA	Illumina HiSeq 2500	SRP307244	PRJNA703384	3	703384	SRS8295428	SAMN18016110	simple	51953	Elaeis guineensis	GSM5098057							no					GEO	SRA1198349		public	9A3118BB95F29E1669275795631D69DF	82F3EAD6690AE63FCF29F067AC523AA4	https://www.ncbi.nlm.nih.gov/sra/?term=SRR13755361	https://www.ncbi.nlm.nih.gov/bioproject/PRJNA703384	https://www.ncbi.nlm.nih.gov/biosample/SAMN18016110	https://www.ncbi.nlm.nih.gov/sra/?term=SRX10142132	https://sra-downloadb.be-md.ncbi.nlm.nih.gov/sos9/sra-pub-zq-924/SRR013/13755/SRR13755361/SRR13755361.lite.1	154	
570	SRR13755362	2021-02-22 16:12:16	2021-02-20 13:22:47	11805364	1192341764	0	101	532		https://sra-downloadb.be-md.ncbi.nlm.nih.gov/sos9/sra-pub-zq-922/SRR013/13755/SRR13755362/SRR13755362.lite.1	SRX10142133		RNA-Seq	cDNA	TRANSCRIPTOMIC	SINGLE	0	0	ILLUMINA	Illumina HiSeq 2500	SRP307244	PRJNA703384	3	703384	SRS8295429	SAMN18016109	simple	51953	Elaeis guineensis	GSM5098058							no					GEO	SRA1198349		public	9374B4C460225A043D481EF32691CFB7	89850CA12FC92A293D9BCAA20BDE5CB6	https://www.ncbi.nlm.nih.gov/sra/?term=SRR13755362	https://www.ncbi.nlm.nih.gov/bioproject/PRJNA703384	https://www.ncbi.nlm.nih.gov/biosample/SAMN18016109	https://www.ncbi.nlm.nih.gov/sra/?term=SRX10142133	https://sra-downloadb.be-md.ncbi.nlm.nih.gov/sos9/sra-pub-zq-922/SRR013/13755/SRR13755362/SRR13755362.lite.1	155	
571	SRR13755363	2021-02-22 16:12:16	2021-02-20 13:23:47	12229385	1235167885	0	101	548		https://sra-downloadb.be-md.ncbi.nlm.nih.gov/sos9/sra-pub-zq-922/SRR013/13755/SRR13755363/SRR13755363.lite.1	SRX10142134		RNA-Seq	cDNA	TRANSCRIPTOMIC	SINGLE	0	0	ILLUMINA	Illumina HiSeq 2500	SRP307244	PRJNA703384	3	703384	SRS8295430	SAMN18016108	simple	51953	Elaeis guineensis	GSM5098059							no					GEO	SRA1198349		public	2FFFDB9242D52AA2BC45A17E37C5BEDB	4035FBDCE37471E0E7501E9AF9D7989E	https://www.ncbi.nlm.nih.gov/sra/?term=SRR13755363	https://www.ncbi.nlm.nih.gov/bioproject/PRJNA703384	https://www.ncbi.nlm.nih.gov/biosample/SAMN18016108	https://www.ncbi.nlm.nih.gov/sra/?term=SRX10142134	https://sra-downloadb.be-md.ncbi.nlm.nih.gov/sos9/sra-pub-zq-922/SRR013/13755/SRR13755363/SRR13755363.lite.1	156	
572	SRR13755364	2021-02-22 16:12:16	2021-02-20 13:23:23	12403367	1252740067	0	101	558		https://sra-downloadb.be-md.ncbi.nlm.nih.gov/sos9/sra-pub-zq-922/SRR013/13755/SRR13755364/SRR13755364.lite.1	SRX10142135		RNA-Seq	cDNA	TRANSCRIPTOMIC	SINGLE	0	0	ILLUMINA	Illumina HiSeq 2500	SRP307244	PRJNA703384	3	703384	SRS8295431	SAMN18016107	simple	51953	Elaeis guineensis	GSM5098060							no					GEO	SRA1198349		public	0135E760B973EFC094035EB14F8AA150	AC386EB7F344A4ADBD940A4D1CC109B5	https://www.ncbi.nlm.nih.gov/sra/?term=SRR13755364	https://www.ncbi.nlm.nih.gov/bioproject/PRJNA703384	https://www.ncbi.nlm.nih.gov/biosample/SAMN18016107	https://www.ncbi.nlm.nih.gov/sra/?term=SRX10142135	https://sra-downloadb.be-md.ncbi.nlm.nih.gov/sos9/sra-pub-zq-922/SRR013/13755/SRR13755364/SRR13755364.lite.1	157	
573	SRR13755365	2021-02-22 16:12:16	2021-02-20 13:22:49	11394408	1150835208	0	101	522		https://sra-downloadb.be-md.ncbi.nlm.nih.gov/sos9/sra-pub-zq-922/SRR013/13755/SRR13755365/SRR13755365.lite.1	SRX10142136		RNA-Seq	cDNA	TRANSCRIPTOMIC	SINGLE	0	0	ILLUMINA	Illumina HiSeq 2500	SRP307244	PRJNA703384	3	703384	SRS8295432	SAMN18016106	simple	51953	Elaeis guineensis	GSM5098061							no					GEO	SRA1198349		public	90BCC3276756E788F3B9190233CE925B	ABD078DD4A53A0342987E7EB75EAD13D	https://www.ncbi.nlm.nih.gov/sra/?term=SRR13755365	https://www.ncbi.nlm.nih.gov/bioproject/PRJNA703384	https://www.ncbi.nlm.nih.gov/biosample/SAMN18016106	https://www.ncbi.nlm.nih.gov/sra/?term=SRX10142136	https://sra-downloadb.be-md.ncbi.nlm.nih.gov/sos9/sra-pub-zq-922/SRR013/13755/SRR13755365/SRR13755365.lite.1	158	
574	SRR32729337	2025-03-16 19:10:44	2025-03-16 19:09:28	25752874	7725862200	25752874	300	2037		https://sra-downloadb.be-md.ncbi.nlm.nih.gov/sos7/sra-pub-zq-41/SRR032/32729/SRR32729337/SRR32729337.lite.1	SRX28015766	Treat-48h-1	RNA-Seq	cDNA	TRANSCRIPTOMIC	PAIRED	0	0	ILLUMINA	Illumina HiSeq 2000	SRP570794	PRJNA1235841		1235841	SRS24377650	SAMN47353294	simple	82096	Eleutherococcus senticosus	Treat-48h-1							no					STATE KEY LABORATORY OF TREE GENETICS AND BREEDING	SRA2094496		public	6FE19D83EACB6B5CDE162F710345A71F	86DC3C317EC5B3ECD15CB27C7E560BC7	https://www.ncbi.nlm.nih.gov/sra/?term=SRR32729337	https://www.ncbi.nlm.nih.gov/bioproject/PRJNA1235841	https://www.ncbi.nlm.nih.gov/biosample/SAMN47353294	https://www.ncbi.nlm.nih.gov/sra/?term=SRX28015766	https://sra-downloadb.be-md.ncbi.nlm.nih.gov/sos7/sra-pub-zq-41/SRR032/32729/SRR32729337/SRR32729337.lite.1	912	
575	SRR32729338	2025-03-16 19:10:44	2025-03-16 19:09:46	26731578	8019473400	26731578	300	2099		https://sra-downloadb.be-md.ncbi.nlm.nih.gov/sos7/sra-pub-zq-41/SRR032/32729/SRR32729338/SRR32729338.lite.1	SRX28015765	Treat-24h-3	RNA-Seq	cDNA	TRANSCRIPTOMIC	PAIRED	0	0	ILLUMINA	Illumina HiSeq 2000	SRP570794	PRJNA1235841		1235841	SRS24377651	SAMN47353293	simple	82096	Eleutherococcus senticosus	Treat-24h-3							no					STATE KEY LABORATORY OF TREE GENETICS AND BREEDING	SRA2094496		public	6C2C5AAE420089C554122AAA8BCD22D1	00A6F6BB4BBA8AAC4868399DFFAD5486	https://www.ncbi.nlm.nih.gov/sra/?term=SRR32729338	https://www.ncbi.nlm.nih.gov/bioproject/PRJNA1235841	https://www.ncbi.nlm.nih.gov/biosample/SAMN47353293	https://www.ncbi.nlm.nih.gov/sra/?term=SRX28015765	https://sra-downloadb.be-md.ncbi.nlm.nih.gov/sos7/sra-pub-zq-41/SRR032/32729/SRR32729338/SRR32729338.lite.1	913	
576	SRR32729339	2025-03-16 19:13:27	2025-03-16 19:10:58	31660396	9498118800	31660396	300	2469		https://sra-downloadb.be-md.ncbi.nlm.nih.gov/sos7/sra-pub-zq-41/SRR032/32729/SRR32729339/SRR32729339.lite.1	SRX28015764	Treat-24h-2	RNA-Seq	cDNA	TRANSCRIPTOMIC	PAIRED	0	0	ILLUMINA	Illumina HiSeq 2000	SRP570794	PRJNA1235841		1235841	SRS24377649	SAMN47353292	simple	82096	Eleutherococcus senticosus	Treat-24h-2							no					STATE KEY LABORATORY OF TREE GENETICS AND BREEDING	SRA2094496		public	58AE0CC72051A3ADC69B1FF568B491A9	826A460B12BA0DF8305B4A655B941DD3	https://www.ncbi.nlm.nih.gov/sra/?term=SRR32729339	https://www.ncbi.nlm.nih.gov/bioproject/PRJNA1235841	https://www.ncbi.nlm.nih.gov/biosample/SAMN47353292	https://www.ncbi.nlm.nih.gov/sra/?term=SRX28015764	https://sra-downloadb.be-md.ncbi.nlm.nih.gov/sos7/sra-pub-zq-41/SRR032/32729/SRR32729339/SRR32729339.lite.1	914	
577	SRR32729340	2025-03-16 19:12:24	2025-03-16 19:10:37	27404557	8221367100	27404557	300	2162		https://sra-downloadb.be-md.ncbi.nlm.nih.gov/sos7/sra-pub-zq-41/SRR032/32729/SRR32729340/SRR32729340.lite.1	SRX28015763	Treat-24h-1	RNA-Seq	cDNA	TRANSCRIPTOMIC	PAIRED	0	0	ILLUMINA	Illumina HiSeq 2000	SRP570794	PRJNA1235841		1235841	SRS24377648	SAMN47353291	simple	82096	Eleutherococcus senticosus	Treat-24h-1							no					STATE KEY LABORATORY OF TREE GENETICS AND BREEDING	SRA2094496		public	55CD6681C348994D76E4CFF904DB074C	795ED8F1B0B554C0DA50920D57A6571A	https://www.ncbi.nlm.nih.gov/sra/?term=SRR32729340	https://www.ncbi.nlm.nih.gov/bioproject/PRJNA1235841	https://www.ncbi.nlm.nih.gov/biosample/SAMN47353291	https://www.ncbi.nlm.nih.gov/sra/?term=SRX28015763	https://sra-downloadb.be-md.ncbi.nlm.nih.gov/sos7/sra-pub-zq-41/SRR032/32729/SRR32729340/SRR32729340.lite.1	915	
578	SRR32729341	2025-03-16 19:12:24	2025-03-16 19:10:07	28723921	8617176300	28723921	300	2263		https://sra-downloadb.be-md.ncbi.nlm.nih.gov/sos7/sra-pub-zq-41/SRR032/32729/SRR32729341/SRR32729341.lite.1	SRX28015762	Treat-12h-3	RNA-Seq	cDNA	TRANSCRIPTOMIC	PAIRED	0	0	ILLUMINA	Illumina HiSeq 2000	SRP570794	PRJNA1235841		1235841	SRS24377646	SAMN47353290	simple	82096	Eleutherococcus senticosus	Treat-12h-3							no					STATE KEY LABORATORY OF TREE GENETICS AND BREEDING	SRA2094496		public	93F91C2165FFA1214B2A448B5D5AFC7A	7F7EE34A19035C0AC37D3643795504CA	https://www.ncbi.nlm.nih.gov/sra/?term=SRR32729341	https://www.ncbi.nlm.nih.gov/bioproject/PRJNA1235841	https://www.ncbi.nlm.nih.gov/biosample/SAMN47353290	https://www.ncbi.nlm.nih.gov/sra/?term=SRX28015762	https://sra-downloadb.be-md.ncbi.nlm.nih.gov/sos7/sra-pub-zq-41/SRR032/32729/SRR32729341/SRR32729341.lite.1	916	
579	SRR32729342	2025-03-16 19:13:27	2025-03-16 19:11:53	26325599	7897679700	26325599	300	2075		https://sra-downloadb.be-md.ncbi.nlm.nih.gov/sos7/sra-pub-zq-41/SRR032/32729/SRR32729342/SRR32729342.lite.1	SRX28015761	Treat-12h-2	RNA-Seq	cDNA	TRANSCRIPTOMIC	PAIRED	0	0	ILLUMINA	Illumina HiSeq 2000	SRP570794	PRJNA1235841		1235841	SRS24377645	SAMN47353289	simple	82096	Eleutherococcus senticosus	Treat-12h-2							no					STATE KEY LABORATORY OF TREE GENETICS AND BREEDING	SRA2094496		public	6A3A350378387E19C0C8AAB68A4B44B2	627D4B6BC1B6E70D2BC9CD6E6B587D30	https://www.ncbi.nlm.nih.gov/sra/?term=SRR32729342	https://www.ncbi.nlm.nih.gov/bioproject/PRJNA1235841	https://www.ncbi.nlm.nih.gov/biosample/SAMN47353289	https://www.ncbi.nlm.nih.gov/sra/?term=SRX28015761	https://sra-downloadb.be-md.ncbi.nlm.nih.gov/sos7/sra-pub-zq-41/SRR032/32729/SRR32729342/SRR32729342.lite.1	917	
580	SRR32729343	2025-03-16 19:13:27	2025-03-16 19:11:29	23910078	7173023400	23910078	300	1910		https://sra-downloadb.be-md.ncbi.nlm.nih.gov/sos7/sra-pub-zq-41/SRR032/32729/SRR32729343/SRR32729343.lite.1	SRX28015760	Treat-12h-1	RNA-Seq	cDNA	TRANSCRIPTOMIC	PAIRED	0	0	ILLUMINA	Illumina HiSeq 2000	SRP570794	PRJNA1235841		1235841	SRS24377644	SAMN47353288	simple	82096	Eleutherococcus senticosus	Treat-12h-1							no					STATE KEY LABORATORY OF TREE GENETICS AND BREEDING	SRA2094496		public	DF5AB3198D9832CD8EE61F86449611CA	6354B2F2E7181BD9317C8E37AD4183E6	https://www.ncbi.nlm.nih.gov/sra/?term=SRR32729343	https://www.ncbi.nlm.nih.gov/bioproject/PRJNA1235841	https://www.ncbi.nlm.nih.gov/biosample/SAMN47353288	https://www.ncbi.nlm.nih.gov/sra/?term=SRX28015760	https://sra-downloadb.be-md.ncbi.nlm.nih.gov/sos7/sra-pub-zq-41/SRR032/32729/SRR32729343/SRR32729343.lite.1	918	
581	SRR32729344	2025-03-16 19:13:27	2025-03-16 19:11:22	24817656	7445296800	24817656	300	1996		https://sra-downloadb.be-md.ncbi.nlm.nih.gov/sos7/sra-pub-zq-41/SRR032/32729/SRR32729344/SRR32729344.lite.1	SRX28015759	Treat-0h-3	RNA-Seq	cDNA	TRANSCRIPTOMIC	PAIRED	0	0	ILLUMINA	Illumina HiSeq 2000	SRP570794	PRJNA1235841		1235841	SRS24377647	SAMN47353287	simple	82096	Eleutherococcus senticosus	Treat-0h-3							no					STATE KEY LABORATORY OF TREE GENETICS AND BREEDING	SRA2094496		public	724D33EBE389F97344B91C9723A8B8E8	44789CED4295F73A3DCC958CE401E67E	https://www.ncbi.nlm.nih.gov/sra/?term=SRR32729344	https://www.ncbi.nlm.nih.gov/bioproject/PRJNA1235841	https://www.ncbi.nlm.nih.gov/biosample/SAMN47353287	https://www.ncbi.nlm.nih.gov/sra/?term=SRX28015759	https://sra-downloadb.be-md.ncbi.nlm.nih.gov/sos7/sra-pub-zq-41/SRR032/32729/SRR32729344/SRR32729344.lite.1	919	
582	SRR32729345	2025-03-16 19:24:27	2025-03-16 19:12:04	27517847	8255354100	27517847	300	2213		https://sra-downloadb.be-md.ncbi.nlm.nih.gov/sos7/sra-pub-zq-41/SRR032/32729/SRR32729345/SRR32729345.lite.1	SRX28015758	Treat-72h-3	RNA-Seq	cDNA	TRANSCRIPTOMIC	PAIRED	0	0	ILLUMINA	Illumina HiSeq 2000	SRP570794	PRJNA1235841		1235841	SRS24377642	SAMN47353299	simple	82096	Eleutherococcus senticosus	Treat-72h-3							no					STATE KEY LABORATORY OF TREE GENETICS AND BREEDING	SRA2094496		public	28880A0CD0315D890A74C9DFFEB3163D	D731E2D79F89CD90090DE03750BBC063	https://www.ncbi.nlm.nih.gov/sra/?term=SRR32729345	https://www.ncbi.nlm.nih.gov/bioproject/PRJNA1235841	https://www.ncbi.nlm.nih.gov/biosample/SAMN47353299	https://www.ncbi.nlm.nih.gov/sra/?term=SRX28015758	https://sra-downloadb.be-md.ncbi.nlm.nih.gov/sos7/sra-pub-zq-41/SRR032/32729/SRR32729345/SRR32729345.lite.1	920	
583	SRR32729346	2025-03-16 19:24:27	2025-03-16 19:12:34	26715231	8014569300	26715231	300	2100		https://sra-downloadb.be-md.ncbi.nlm.nih.gov/sos7/sra-pub-zq-41/SRR032/32729/SRR32729346/SRR32729346.lite.1	SRX28015757	Treat-72h-2	RNA-Seq	cDNA	TRANSCRIPTOMIC	PAIRED	0	0	ILLUMINA	Illumina HiSeq 2000	SRP570794	PRJNA1235841		1235841	SRS24377643	SAMN47353298	simple	82096	Eleutherococcus senticosus	Treat-72h-2							no					STATE KEY LABORATORY OF TREE GENETICS AND BREEDING	SRA2094496		public	EB2CDF2369008CFDFED54CE201D5D3CE	F1C39B2C0ADFBFA284961276DA784392	https://www.ncbi.nlm.nih.gov/sra/?term=SRR32729346	https://www.ncbi.nlm.nih.gov/bioproject/PRJNA1235841	https://www.ncbi.nlm.nih.gov/biosample/SAMN47353298	https://www.ncbi.nlm.nih.gov/sra/?term=SRX28015757	https://sra-downloadb.be-md.ncbi.nlm.nih.gov/sos7/sra-pub-zq-41/SRR032/32729/SRR32729346/SRR32729346.lite.1	921	
584	SRR32729347	2025-03-16 19:13:27	2025-03-16 19:11:29	25481997	7644599100	25481997	300	2024		https://sra-downloadb.be-md.ncbi.nlm.nih.gov/sos7/sra-pub-zq-41/SRR032/32729/SRR32729347/SRR32729347.lite.1	SRX28015756	Treat-72h-1	RNA-Seq	cDNA	TRANSCRIPTOMIC	PAIRED	0	0	ILLUMINA	Illumina HiSeq 2000	SRP570794	PRJNA1235841		1235841	SRS24377640	SAMN47353297	simple	82096	Eleutherococcus senticosus	Treat-72h-1							no					STATE KEY LABORATORY OF TREE GENETICS AND BREEDING	SRA2094496		public	CB9FF1536F2D2DB5D95702D214FE85F2	D5C04DFA7A1A90BE5654AFE9817BDB4F	https://www.ncbi.nlm.nih.gov/sra/?term=SRR32729347	https://www.ncbi.nlm.nih.gov/bioproject/PRJNA1235841	https://www.ncbi.nlm.nih.gov/biosample/SAMN47353297	https://www.ncbi.nlm.nih.gov/sra/?term=SRX28015756	https://sra-downloadb.be-md.ncbi.nlm.nih.gov/sos7/sra-pub-zq-41/SRR032/32729/SRR32729347/SRR32729347.lite.1	922	
585	SRR32729348	2025-03-16 19:13:27	2025-03-16 19:11:57	28065482	8419644600	28065482	300	2196		https://sra-downloadb.be-md.ncbi.nlm.nih.gov/sos7/sra-pub-zq-41/SRR032/32729/SRR32729348/SRR32729348.lite.1	SRX28015755	Treat-48h-3	RNA-Seq	cDNA	TRANSCRIPTOMIC	PAIRED	0	0	ILLUMINA	Illumina HiSeq 2000	SRP570794	PRJNA1235841		1235841	SRS24377641	SAMN47353296	simple	82096	Eleutherococcus senticosus	Treat-48h-3							no					STATE KEY LABORATORY OF TREE GENETICS AND BREEDING	SRA2094496		public	68BAB24A7EE8B91BBA52038D5A61B6B6	42B5827F8B8E0E919579E7A4338685A1	https://www.ncbi.nlm.nih.gov/sra/?term=SRR32729348	https://www.ncbi.nlm.nih.gov/bioproject/PRJNA1235841	https://www.ncbi.nlm.nih.gov/biosample/SAMN47353296	https://www.ncbi.nlm.nih.gov/sra/?term=SRX28015755	https://sra-downloadb.be-md.ncbi.nlm.nih.gov/sos7/sra-pub-zq-41/SRR032/32729/SRR32729348/SRR32729348.lite.1	923	
586	SRR32729349	2025-03-16 19:13:27	2025-03-16 19:11:07	25482924	7644877200	25482924	300	2002		https://sra-downloadb.be-md.ncbi.nlm.nih.gov/sos7/sra-pub-zq-41/SRR032/32729/SRR32729349/SRR32729349.lite.1	SRX28015754	Treat-48h-2	RNA-Seq	cDNA	TRANSCRIPTOMIC	PAIRED	0	0	ILLUMINA	Illumina HiSeq 2000	SRP570794	PRJNA1235841		1235841	SRS24377638	SAMN47353295	simple	82096	Eleutherococcus senticosus	Treat-48h-2							no					STATE KEY LABORATORY OF TREE GENETICS AND BREEDING	SRA2094496		public	50E37A9BAA6C65664FD73394F7569707	CB13758B2F6933A5DE2757E85A61A3AD	https://www.ncbi.nlm.nih.gov/sra/?term=SRR32729349	https://www.ncbi.nlm.nih.gov/bioproject/PRJNA1235841	https://www.ncbi.nlm.nih.gov/biosample/SAMN47353295	https://www.ncbi.nlm.nih.gov/sra/?term=SRX28015754	https://sra-downloadb.be-md.ncbi.nlm.nih.gov/sos7/sra-pub-zq-41/SRR032/32729/SRR32729349/SRR32729349.lite.1	924	
587	SRR32729350	2025-03-16 19:24:27	2025-03-16 19:13:09	28941402	8682420600	28941402	300	2277		https://sra-downloadb.be-md.ncbi.nlm.nih.gov/sos7/sra-pub-zq-41/SRR032/32729/SRR32729350/SRR32729350.lite.1	SRX28015753	Treat-0h-2	RNA-Seq	cDNA	TRANSCRIPTOMIC	PAIRED	0	0	ILLUMINA	Illumina HiSeq 2000	SRP570794	PRJNA1235841		1235841	SRS24377639	SAMN47353286	simple	82096	Eleutherococcus senticosus	Treat-0h-2							no					STATE KEY LABORATORY OF TREE GENETICS AND BREEDING	SRA2094496		public	B50C8E6C7A2B6ABB2086096C99EDEC20	776ED2C78DEC8B9270B935DE0650EEEC	https://www.ncbi.nlm.nih.gov/sra/?term=SRR32729350	https://www.ncbi.nlm.nih.gov/bioproject/PRJNA1235841	https://www.ncbi.nlm.nih.gov/biosample/SAMN47353286	https://www.ncbi.nlm.nih.gov/sra/?term=SRX28015753	https://sra-downloadb.be-md.ncbi.nlm.nih.gov/sos7/sra-pub-zq-41/SRR032/32729/SRR32729350/SRR32729350.lite.1	925	
588	SRR32729351	2025-03-16 19:24:27	2025-03-16 19:13:02	28275182	8482554600	28275182	300	2248		https://sra-downloadb.be-md.ncbi.nlm.nih.gov/sos7/sra-pub-zq-41/SRR032/32729/SRR32729351/SRR32729351.lite.1	SRX28015752	Treat-0h-1	RNA-Seq	cDNA	TRANSCRIPTOMIC	PAIRED	0	0	ILLUMINA	Illumina HiSeq 2000	SRP570794	PRJNA1235841		1235841	SRS24377637	SAMN47353285	simple	82096	Eleutherococcus senticosus	Treat-0h-1							no					STATE KEY LABORATORY OF TREE GENETICS AND BREEDING	SRA2094496		public	CA189ABA10D96C24E775DE5965096B1C	7691A017CE8B8AF2C9686FBB946FA79A	https://www.ncbi.nlm.nih.gov/sra/?term=SRR32729351	https://www.ncbi.nlm.nih.gov/bioproject/PRJNA1235841	https://www.ncbi.nlm.nih.gov/biosample/SAMN47353285	https://www.ncbi.nlm.nih.gov/sra/?term=SRX28015752	https://sra-downloadb.be-md.ncbi.nlm.nih.gov/sos7/sra-pub-zq-41/SRR032/32729/SRR32729351/SRR32729351.lite.1	926	
589	SRR1972523	2016-03-26 00:00:00	2015-04-18 04:21:50	110994054	22420798908	110994054	202	14920		https://sra-downloadb.be-md.ncbi.nlm.nih.gov/sos5/sra-pub-zq-11/SRR001/972/SRR1972523/SRR1972523.sralite.1	SRX969052	RNA-somatic embryo	RNA-Seq	unspecified	TRANSCRIPTOMIC	PAIRED	0	0	ILLUMINA	Illumina HiSeq 2000	SRP056559	PRJNA279326		279326	SRS884280	SAMN03447935	simple	58228	Garcinia mangostana	Somatic embryo							no					INSTITUTE OF SYSTEMS BIOLOGY, UKM	SRA248795		public	ED05045857B9910F2D93DD73D6C9C478	BF4FE26993FF1572C1970F119C5E6B07	https://www.ncbi.nlm.nih.gov/sra/?term=SRR1972523	https://www.ncbi.nlm.nih.gov/bioproject/PRJNA279326	https://www.ncbi.nlm.nih.gov/biosample/SAMN03447935	https://www.ncbi.nlm.nih.gov/sra/?term=SRX969052	https://sra-downloadb.be-md.ncbi.nlm.nih.gov/sos5/sra-pub-zq-11/SRR001/972/SRR1972523/SRR1972523.sralite.1	516	
590	SRR5220366	2019-10-01 17:04:13	2017-01-31 15:52:27	28535828	1455327228	0	51	773		https://sra-downloadb.be-md.ncbi.nlm.nih.gov/sos5/sra-pub-zq-14/SRR005/220/SRR5220366.sralite.1	SRX2530233		RNA-Seq	cDNA	TRANSCRIPTOMIC	SINGLE	0	0	ILLUMINA	Illumina HiSeq 2500	SRP098658	PRJNA369414		369414	SRS1951128	SAMN06285416	simple	3847	Glycine max	GSM2472701							no					GEO	SRA534172		public	3D4ED677216D9363034F75621D4B81BB	E55DD7E6C807F706552CEDB252B2D5A5	https://www.ncbi.nlm.nih.gov/sra/?term=SRR5220366	https://www.ncbi.nlm.nih.gov/bioproject/PRJNA369414	https://www.ncbi.nlm.nih.gov/biosample/SAMN06285416	https://www.ncbi.nlm.nih.gov/sra/?term=SRX2530233	https://sra-downloadb.be-md.ncbi.nlm.nih.gov/sos5/sra-pub-zq-14/SRR005/220/SRR5220366.sralite.1	1005	
591	SRR5220367	2019-10-01 17:04:13	2017-01-31 15:53:58	32917438	1678789338	0	51	904		https://sra-downloadb.be-md.ncbi.nlm.nih.gov/sos5/sra-pub-zq-14/SRR005/220/SRR5220367.sralite.1	SRX2530234		RNA-Seq	cDNA	TRANSCRIPTOMIC	SINGLE	0	0	ILLUMINA	Illumina HiSeq 2500	SRP098658	PRJNA369414		369414	SRS1951129	SAMN06285436	simple	3847	Glycine max	GSM2472702							no					GEO	SRA534172		public	DB260267AAB43E44A80549CD050DA384	07C5BB3652D1944F117F67DE19033DB3	https://www.ncbi.nlm.nih.gov/sra/?term=SRR5220367	https://www.ncbi.nlm.nih.gov/bioproject/PRJNA369414	https://www.ncbi.nlm.nih.gov/biosample/SAMN06285436	https://www.ncbi.nlm.nih.gov/sra/?term=SRX2530234	https://sra-downloadb.be-md.ncbi.nlm.nih.gov/sos5/sra-pub-zq-14/SRR005/220/SRR5220367.sralite.1	1006	
592	SRR5220368	2019-10-01 17:04:13	2017-01-31 15:56:19	39395599	2009175549	0	51	1064		https://sra-downloadb.be-md.ncbi.nlm.nih.gov/sos5/sra-pub-zq-14/SRR005/220/SRR5220368.sralite.1	SRX2530235		RNA-Seq	cDNA	TRANSCRIPTOMIC	SINGLE	0	0	ILLUMINA	Illumina HiSeq 2500	SRP098658	PRJNA369414		369414	SRS1951130	SAMN06285400	simple	3847	Glycine max	GSM2472703							no					GEO	SRA534172		public	ECA9AA35A282B1AC9C4FB48C95FF37D3	9846E3DE421ADAC9B3FE5BA4E38DB8A6	https://www.ncbi.nlm.nih.gov/sra/?term=SRR5220368	https://www.ncbi.nlm.nih.gov/bioproject/PRJNA369414	https://www.ncbi.nlm.nih.gov/biosample/SAMN06285400	https://www.ncbi.nlm.nih.gov/sra/?term=SRX2530235	https://sra-downloadb.be-md.ncbi.nlm.nih.gov/sos5/sra-pub-zq-14/SRR005/220/SRR5220368.sralite.1	1007	
593	SRR5220369	2019-10-01 17:04:13	2017-01-31 15:56:40	41044831	2052241550	0	50	1347		https://sra-downloadb.be-md.ncbi.nlm.nih.gov/sos5/sra-pub-zq-14/SRR005/220/SRR5220369.sralite.1	SRX2530236		RNA-Seq	cDNA	TRANSCRIPTOMIC	SINGLE	0	0	ILLUMINA	Illumina HiSeq 2500	SRP098658	PRJNA369414		369414	SRS1951131	SAMN06285399	simple	3847	Glycine max	GSM2472704							no					GEO	SRA534172		public	1C82C9A3B8651F0DDAE3DDA1DAADE716	CBEAFF042580EFAE88E5B7DB5E0351B8	https://www.ncbi.nlm.nih.gov/sra/?term=SRR5220369	https://www.ncbi.nlm.nih.gov/bioproject/PRJNA369414	https://www.ncbi.nlm.nih.gov/biosample/SAMN06285399	https://www.ncbi.nlm.nih.gov/sra/?term=SRX2530236	https://sra-downloadb.be-md.ncbi.nlm.nih.gov/sos5/sra-pub-zq-14/SRR005/220/SRR5220369.sralite.1	1008	
594	SRR5220370	2019-10-01 17:04:13	2017-01-31 15:56:12	40387388	2019369400	0	50	1326		https://sra-downloadb.be-md.ncbi.nlm.nih.gov/sos5/sra-pub-zq-14/SRR005/220/SRR5220370.sralite.1	SRX2530237		RNA-Seq	cDNA	TRANSCRIPTOMIC	SINGLE	0	0	ILLUMINA	Illumina HiSeq 2500	SRP098658	PRJNA369414		369414	SRS1951132	SAMN06285398	simple	3847	Glycine max	GSM2472705							no					GEO	SRA534172		public	CFFA759788422CA3ABCD31B302690CD2	56DD4388C8B4D826263BE904022D389B	https://www.ncbi.nlm.nih.gov/sra/?term=SRR5220370	https://www.ncbi.nlm.nih.gov/bioproject/PRJNA369414	https://www.ncbi.nlm.nih.gov/biosample/SAMN06285398	https://www.ncbi.nlm.nih.gov/sra/?term=SRX2530237	https://sra-downloadb.be-md.ncbi.nlm.nih.gov/sos5/sra-pub-zq-14/SRR005/220/SRR5220370.sralite.1	1009	
595	SRR5220371	2019-10-01 17:04:13	2017-01-31 15:55:39	38225488	1911274400	0	50	1288		https://sra-downloadb.be-md.ncbi.nlm.nih.gov/sos5/sra-pub-zq-14/SRR005/220/SRR5220371.sralite.1	SRX2530238		RNA-Seq	cDNA	TRANSCRIPTOMIC	SINGLE	0	0	ILLUMINA	Illumina HiSeq 2500	SRP098658	PRJNA369414		369414	SRS1951133	SAMN06285397	simple	3847	Glycine max	GSM2472706							no					GEO	SRA534172		public	0FCA4DC4D9A123DC75985C42B8B3764B	116E738ECD99EED390EDFA646AB37C13	https://www.ncbi.nlm.nih.gov/sra/?term=SRR5220371	https://www.ncbi.nlm.nih.gov/bioproject/PRJNA369414	https://www.ncbi.nlm.nih.gov/biosample/SAMN06285397	https://www.ncbi.nlm.nih.gov/sra/?term=SRX2530238	https://sra-downloadb.be-md.ncbi.nlm.nih.gov/sos5/sra-pub-zq-14/SRR005/220/SRR5220371.sralite.1	1010	
596	SRR5220372	2019-10-01 17:04:13	2017-01-31 15:54:36	36075827	1803791350	0	50	1186		https://sra-downloadb.be-md.ncbi.nlm.nih.gov/sos5/sra-pub-zq-14/SRR005/220/SRR5220372.sralite.1	SRX2530239		RNA-Seq	cDNA	TRANSCRIPTOMIC	SINGLE	0	0	ILLUMINA	Illumina HiSeq 2500	SRP098658	PRJNA369414		369414	SRS1951134	SAMN06285396	simple	3847	Glycine max	GSM2472707							no					GEO	SRA534172		public	67A00522010E3066DA247B89ADCE720D	58FAE2334AE28A7FDF2180DFCC298FA6	https://www.ncbi.nlm.nih.gov/sra/?term=SRR5220372	https://www.ncbi.nlm.nih.gov/bioproject/PRJNA369414	https://www.ncbi.nlm.nih.gov/biosample/SAMN06285396	https://www.ncbi.nlm.nih.gov/sra/?term=SRX2530239	https://sra-downloadb.be-md.ncbi.nlm.nih.gov/sos5/sra-pub-zq-14/SRR005/220/SRR5220372.sralite.1	1011	
597	SRR5220373	2019-10-01 17:04:13	2017-01-31 15:54:32	37194639	1859731950	0	50	1226		https://sra-downloadb.be-md.ncbi.nlm.nih.gov/sos5/sra-pub-zq-14/SRR005/220/SRR5220373.sralite.1	SRX2530240		RNA-Seq	cDNA	TRANSCRIPTOMIC	SINGLE	0	0	ILLUMINA	Illumina HiSeq 2500	SRP098658	PRJNA369414		369414	SRS1951135	SAMN06285441	simple	3847	Glycine max	GSM2472708							no					GEO	SRA534172		public	205C363C10FB4E9F008BB10906B53792	B1D4828A9BDD65F3C03D87A8CA8283BE	https://www.ncbi.nlm.nih.gov/sra/?term=SRR5220373	https://www.ncbi.nlm.nih.gov/bioproject/PRJNA369414	https://www.ncbi.nlm.nih.gov/biosample/SAMN06285441	https://www.ncbi.nlm.nih.gov/sra/?term=SRX2530240	https://sra-downloadb.be-md.ncbi.nlm.nih.gov/sos5/sra-pub-zq-14/SRR005/220/SRR5220373.sralite.1	1012	
598	SRR5220374	2019-10-01 17:04:13	2017-01-31 15:56:53	42512699	2125634950	0	50	1434		https://sra-downloadb.be-md.ncbi.nlm.nih.gov/sos5/sra-pub-zq-14/SRR005/220/SRR5220374.sralite.1	SRX2530241		RNA-Seq	cDNA	TRANSCRIPTOMIC	SINGLE	0	0	ILLUMINA	Illumina HiSeq 2500	SRP098658	PRJNA369414		369414	SRS1951136	SAMN06285440	simple	3847	Glycine max	GSM2472709							no					GEO	SRA534172		public	77B5D0B36725549E338D95E2F5EF0F2B	939ED3A37696F201898B9F197DF207CB	https://www.ncbi.nlm.nih.gov/sra/?term=SRR5220374	https://www.ncbi.nlm.nih.gov/bioproject/PRJNA369414	https://www.ncbi.nlm.nih.gov/biosample/SAMN06285440	https://www.ncbi.nlm.nih.gov/sra/?term=SRX2530241	https://sra-downloadb.be-md.ncbi.nlm.nih.gov/sos5/sra-pub-zq-14/SRR005/220/SRR5220374.sralite.1	1014	
599	SRR5220375	2019-10-01 17:04:13	2017-01-31 15:56:37	39837552	1991877600	0	50	1309		https://sra-downloadb.be-md.ncbi.nlm.nih.gov/sos5/sra-pub-zq-14/SRR005/220/SRR5220375.sralite.1	SRX2530242		RNA-Seq	cDNA	TRANSCRIPTOMIC	SINGLE	0	0	ILLUMINA	Illumina HiSeq 2500	SRP098658	PRJNA369414		369414	SRS1951137	SAMN06285439	simple	3847	Glycine max	GSM2472710							no					GEO	SRA534172		public	F2B303BF4274699D1BABFDE423260DE9	CEACC7CB0C6E69640DB2298EE69FF01F	https://www.ncbi.nlm.nih.gov/sra/?term=SRR5220375	https://www.ncbi.nlm.nih.gov/bioproject/PRJNA369414	https://www.ncbi.nlm.nih.gov/biosample/SAMN06285439	https://www.ncbi.nlm.nih.gov/sra/?term=SRX2530242	https://sra-downloadb.be-md.ncbi.nlm.nih.gov/sos5/sra-pub-zq-14/SRR005/220/SRR5220375.sralite.1	1015	
600	SRR5220376	2019-10-01 17:04:13	2017-01-31 15:54:22	36162596	1808129800	0	50	1209		https://sra-downloadb.be-md.ncbi.nlm.nih.gov/sos5/sra-pub-zq-14/SRR005/220/SRR5220376.sralite.1	SRX2530243		RNA-Seq	cDNA	TRANSCRIPTOMIC	SINGLE	0	0	ILLUMINA	Illumina HiSeq 2500	SRP098658	PRJNA369414		369414	SRS1951138	SAMN06285438	simple	3847	Glycine max	GSM2472711							no					GEO	SRA534172		public	EE81E705E236A04BCC08F3EEE941363A	3F036D2E0C4A594F2D910D5444EDCD45	https://www.ncbi.nlm.nih.gov/sra/?term=SRR5220376	https://www.ncbi.nlm.nih.gov/bioproject/PRJNA369414	https://www.ncbi.nlm.nih.gov/biosample/SAMN06285438	https://www.ncbi.nlm.nih.gov/sra/?term=SRX2530243	https://sra-downloadb.be-md.ncbi.nlm.nih.gov/sos5/sra-pub-zq-14/SRR005/220/SRR5220376.sralite.1	1016	
601	SRR5220377	2019-10-01 17:04:13	2017-01-31 15:55:13	41853377	2092668850	0	50	1411		https://sra-downloadb.be-md.ncbi.nlm.nih.gov/sos5/sra-pub-zq-14/SRR005/220/SRR5220377.sralite.1	SRX2530244		RNA-Seq	cDNA	TRANSCRIPTOMIC	SINGLE	0	0	ILLUMINA	Illumina HiSeq 2500	SRP098658	PRJNA369414		369414	SRS1951139	SAMN06285437	simple	3847	Glycine max	GSM2472712							no					GEO	SRA534172		public	D40DE9A30DAB41792E1DE33C76A4D509	7BA89B9DBD588D78ECB4EF5EA8A76B6A	https://www.ncbi.nlm.nih.gov/sra/?term=SRR5220377	https://www.ncbi.nlm.nih.gov/bioproject/PRJNA369414	https://www.ncbi.nlm.nih.gov/biosample/SAMN06285437	https://www.ncbi.nlm.nih.gov/sra/?term=SRX2530244	https://sra-downloadb.be-md.ncbi.nlm.nih.gov/sos5/sra-pub-zq-14/SRR005/220/SRR5220377.sralite.1	1017	
602	SRR5220378	2019-10-01 17:04:13	2017-01-31 15:55:06	38752945	1937647250	0	50	1294		https://sra-downloadb.be-md.ncbi.nlm.nih.gov/sos5/sra-pub-zq-14/SRR005/220/SRR5220378.sralite.1	SRX2530245		RNA-Seq	cDNA	TRANSCRIPTOMIC	SINGLE	0	0	ILLUMINA	Illumina HiSeq 2500	SRP098658	PRJNA369414		369414	SRS1951140	SAMN06285415	simple	3847	Glycine max	GSM2472713							no					GEO	SRA534172		public	02E91C5887A675F9846E46C7E4BAC46E	3250A53EAFF928EFB53CBB98040FA09D	https://www.ncbi.nlm.nih.gov/sra/?term=SRR5220378	https://www.ncbi.nlm.nih.gov/bioproject/PRJNA369414	https://www.ncbi.nlm.nih.gov/biosample/SAMN06285415	https://www.ncbi.nlm.nih.gov/sra/?term=SRX2530245	https://sra-downloadb.be-md.ncbi.nlm.nih.gov/sos5/sra-pub-zq-14/SRR005/220/SRR5220378.sralite.1	1018	
603	SRR5220379	2019-10-01 17:04:13	2017-01-31 15:54:33	39944556	1997227800	0	50	1331		https://sra-downloadb.be-md.ncbi.nlm.nih.gov/sos5/sra-pub-zq-14/SRR005/220/SRR5220379.sralite.1	SRX2530246		RNA-Seq	cDNA	TRANSCRIPTOMIC	SINGLE	0	0	ILLUMINA	Illumina HiSeq 2500	SRP098658	PRJNA369414		369414	SRS1951141	SAMN06285414	simple	3847	Glycine max	GSM2472714							no					GEO	SRA534172		public	D72B56936E7577AB19755776C8D86B7A	0816D9AB5AB58F008A1DA2AC84BF46B2	https://www.ncbi.nlm.nih.gov/sra/?term=SRR5220379	https://www.ncbi.nlm.nih.gov/bioproject/PRJNA369414	https://www.ncbi.nlm.nih.gov/biosample/SAMN06285414	https://www.ncbi.nlm.nih.gov/sra/?term=SRX2530246	https://sra-downloadb.be-md.ncbi.nlm.nih.gov/sos5/sra-pub-zq-14/SRR005/220/SRR5220379.sralite.1	1019	
604	SRR5220380	2019-10-01 17:04:13	2017-01-31 15:55:31	43363751	2168187550	0	50	1436		https://sra-downloadb.be-md.ncbi.nlm.nih.gov/sos5/sra-pub-zq-14/SRR005/220/SRR5220380.sralite.1	SRX2530247		RNA-Seq	cDNA	TRANSCRIPTOMIC	SINGLE	0	0	ILLUMINA	Illumina HiSeq 2500	SRP098658	PRJNA369414		369414	SRS1951142	SAMN06285413	simple	3847	Glycine max	GSM2472715							no					GEO	SRA534172		public	BEAD7769BB7F14E6BD81B1C9D8857036	62412B94FA369DAB41FCFF1752A35B35	https://www.ncbi.nlm.nih.gov/sra/?term=SRR5220380	https://www.ncbi.nlm.nih.gov/bioproject/PRJNA369414	https://www.ncbi.nlm.nih.gov/biosample/SAMN06285413	https://www.ncbi.nlm.nih.gov/sra/?term=SRX2530247	https://sra-downloadb.be-md.ncbi.nlm.nih.gov/sos5/sra-pub-zq-14/SRR005/220/SRR5220380.sralite.1	1020	
605	SRR5220381	2019-10-01 17:04:13	2017-01-31 15:54:04	37848958	1892447900	0	50	1263		https://sra-downloadb.be-md.ncbi.nlm.nih.gov/sos5/sra-pub-zq-14/SRR005/220/SRR5220381.sralite.1	SRX2530248		RNA-Seq	cDNA	TRANSCRIPTOMIC	SINGLE	0	0	ILLUMINA	Illumina HiSeq 2500	SRP098658	PRJNA369414		369414	SRS1951143	SAMN06285412	simple	3847	Glycine max	GSM2472716							no					GEO	SRA534172		public	C3C495061A0ED8B8E5803F4932B73BE2	128916308F57AD41E68B401A4CDF5F8A	https://www.ncbi.nlm.nih.gov/sra/?term=SRR5220381	https://www.ncbi.nlm.nih.gov/bioproject/PRJNA369414	https://www.ncbi.nlm.nih.gov/biosample/SAMN06285412	https://www.ncbi.nlm.nih.gov/sra/?term=SRX2530248	https://sra-downloadb.be-md.ncbi.nlm.nih.gov/sos5/sra-pub-zq-14/SRR005/220/SRR5220381.sralite.1	1021	
606	SRR5220382	2019-10-01 17:04:13	2017-01-31 15:55:52	45507960	2275398000	0	50	1514		https://sra-downloadb.be-md.ncbi.nlm.nih.gov/sos5/sra-pub-zq-14/SRR005/220/SRR5220382.sralite.1	SRX2530249		RNA-Seq	cDNA	TRANSCRIPTOMIC	SINGLE	0	0	ILLUMINA	Illumina HiSeq 2500	SRP098658	PRJNA369414		369414	SRS1951144	SAMN06285411	simple	3847	Glycine max	GSM2472717							no					GEO	SRA534172		public	FD61E3F0313B783E9FDF99C40354F5EC	4EFEC04DCEEA4D12DE1A25C2198EC347	https://www.ncbi.nlm.nih.gov/sra/?term=SRR5220382	https://www.ncbi.nlm.nih.gov/bioproject/PRJNA369414	https://www.ncbi.nlm.nih.gov/biosample/SAMN06285411	https://www.ncbi.nlm.nih.gov/sra/?term=SRX2530249	https://sra-downloadb.be-md.ncbi.nlm.nih.gov/sos5/sra-pub-zq-14/SRR005/220/SRR5220382.sralite.1	1022	
607	SRR5220383	2019-10-01 17:04:13	2017-01-31 15:53:24	37417538	1870876900	0	50	1266		https://sra-downloadb.be-md.ncbi.nlm.nih.gov/sos5/sra-pub-zq-14/SRR005/220/SRR5220383.sralite.1	SRX2530250		RNA-Seq	cDNA	TRANSCRIPTOMIC	SINGLE	0	0	ILLUMINA	Illumina HiSeq 2500	SRP098658	PRJNA369414		369414	SRS1951145	SAMN06285410	simple	3847	Glycine max	GSM2472718							no					GEO	SRA534172		public	D55A40FCEE3AFBFBCC578CC0E9EADB28	3DCE60FB3BE4AE2BC9EC5F4E1FF5AD2D	https://www.ncbi.nlm.nih.gov/sra/?term=SRR5220383	https://www.ncbi.nlm.nih.gov/bioproject/PRJNA369414	https://www.ncbi.nlm.nih.gov/biosample/SAMN06285410	https://www.ncbi.nlm.nih.gov/sra/?term=SRX2530250	https://sra-downloadb.be-md.ncbi.nlm.nih.gov/sos5/sra-pub-zq-14/SRR005/220/SRR5220383.sralite.1	1023	
608	SRR5220384	2019-10-01 17:04:13	2017-01-31 15:53:55	40632743	2031637150	0	50	1395		https://sra-downloadb.be-md.ncbi.nlm.nih.gov/sos5/sra-pub-zq-14/SRR005/220/SRR5220384.sralite.1	SRX2530251		RNA-Seq	cDNA	TRANSCRIPTOMIC	SINGLE	0	0	ILLUMINA	Illumina HiSeq 2500	SRP098658	PRJNA369414		369414	SRS1951146	SAMN06285409	simple	3847	Glycine max	GSM2472719							no					GEO	SRA534172		public	C88310ABD100764582B53FEBD355F1CE	66922387B01BCA5F8A163348DE9D3C22	https://www.ncbi.nlm.nih.gov/sra/?term=SRR5220384	https://www.ncbi.nlm.nih.gov/bioproject/PRJNA369414	https://www.ncbi.nlm.nih.gov/biosample/SAMN06285409	https://www.ncbi.nlm.nih.gov/sra/?term=SRX2530251	https://sra-downloadb.be-md.ncbi.nlm.nih.gov/sos5/sra-pub-zq-14/SRR005/220/SRR5220384.sralite.1	1025	
609	SRR5220385	2019-10-01 17:04:13	2017-01-31 15:56:04	47376526	2368826300	0	50	1629		https://sra-downloadb.be-md.ncbi.nlm.nih.gov/sos5/sra-pub-zq-14/SRR005/220/SRR5220385.sralite.1	SRX2530252		RNA-Seq	cDNA	TRANSCRIPTOMIC	SINGLE	0	0	ILLUMINA	Illumina HiSeq 2500	SRP098658	PRJNA369414		369414	SRS1951147	SAMN06285408	simple	3847	Glycine max	GSM2472720							no					GEO	SRA534172		public	B3A234EA00ABA7C8EEAC5DC4BA91EB7D	5BA676DF696B248FAD90D3FBADB01F5F	https://www.ncbi.nlm.nih.gov/sra/?term=SRR5220385	https://www.ncbi.nlm.nih.gov/bioproject/PRJNA369414	https://www.ncbi.nlm.nih.gov/biosample/SAMN06285408	https://www.ncbi.nlm.nih.gov/sra/?term=SRX2530252	https://sra-downloadb.be-md.ncbi.nlm.nih.gov/sos5/sra-pub-zq-14/SRR005/220/SRR5220385.sralite.1	1026	
610	SRR5220386	2019-10-01 17:04:13	2017-01-31 15:56:43	40550856	2027542800	0	50	1395		https://sra-downloadb.be-md.ncbi.nlm.nih.gov/sos5/sra-pub-zq-14/SRR005/220/SRR5220386.sralite.1	SRX2530253		RNA-Seq	cDNA	TRANSCRIPTOMIC	SINGLE	0	0	ILLUMINA	Illumina HiSeq 2500	SRP098658	PRJNA369414		369414	SRS1951148	SAMN06285457	simple	3847	Glycine max	GSM2472721							no					GEO	SRA534172		public	5EDC0E88A1D1A69BE25ECC13530EC573	F82E722F23CC168C2D93B84114853060	https://www.ncbi.nlm.nih.gov/sra/?term=SRR5220386	https://www.ncbi.nlm.nih.gov/bioproject/PRJNA369414	https://www.ncbi.nlm.nih.gov/biosample/SAMN06285457	https://www.ncbi.nlm.nih.gov/sra/?term=SRX2530253	https://sra-downloadb.be-md.ncbi.nlm.nih.gov/sos5/sra-pub-zq-14/SRR005/220/SRR5220386.sralite.1	1027	
611	SRR5220387	2019-10-01 17:04:13	2017-01-31 15:56:06	28689494	1463164194	0	51	897		https://sra-downloadb.be-md.ncbi.nlm.nih.gov/sos5/sra-pub-zq-14/SRR005/220/SRR5220387.sralite.1	SRX2530254		ncRNA-Seq	size fractionation	TRANSCRIPTOMIC	SINGLE	0	0	ILLUMINA	Illumina HiSeq 2500	SRP098658	PRJNA369414		369414	SRS1951149	SAMN06285456	simple	3847	Glycine max	GSM2472722							no					GEO	SRA534172		public	DB96B3759E5BA79E84EF6BA1826865E9	6B1065D87BF0CEBDE564FF5C3AC63EF5	https://www.ncbi.nlm.nih.gov/sra/?term=SRR5220387	https://www.ncbi.nlm.nih.gov/bioproject/PRJNA369414	https://www.ncbi.nlm.nih.gov/biosample/SAMN06285456	https://www.ncbi.nlm.nih.gov/sra/?term=SRX2530254	https://sra-downloadb.be-md.ncbi.nlm.nih.gov/sos5/sra-pub-zq-14/SRR005/220/SRR5220387.sralite.1	1028	
612	SRR5220388	2019-10-01 17:04:13	2017-01-31 15:59:28	34684722	1768920822	0	51	1150		https://sra-downloadb.be-md.ncbi.nlm.nih.gov/sos5/sra-pub-zq-14/SRR005/220/SRR5220388.sralite.1	SRX2530255		ncRNA-Seq	size fractionation	TRANSCRIPTOMIC	SINGLE	0	0	ILLUMINA	Illumina HiSeq 2500	SRP098658	PRJNA369414		369414	SRS1951150	SAMN06285455	simple	3847	Glycine max	GSM2472723							no					GEO	SRA534172		public	5D0EEECCBE109464C599CCA0B52A5DE3	60FEDFDEB50F1D71DF595265BA603990	https://www.ncbi.nlm.nih.gov/sra/?term=SRR5220388	https://www.ncbi.nlm.nih.gov/bioproject/PRJNA369414	https://www.ncbi.nlm.nih.gov/biosample/SAMN06285455	https://www.ncbi.nlm.nih.gov/sra/?term=SRX2530255	https://sra-downloadb.be-md.ncbi.nlm.nih.gov/sos5/sra-pub-zq-14/SRR005/220/SRR5220388.sralite.1	1029	
613	SRR5220389	2019-10-01 17:04:13	2017-01-31 15:58:44	36270861	1849813911	0	51	1205		https://sra-downloadb.be-md.ncbi.nlm.nih.gov/sos5/sra-pub-zq-14/SRR005/220/SRR5220389.sralite.1	SRX2530256		ncRNA-Seq	size fractionation	TRANSCRIPTOMIC	SINGLE	0	0	ILLUMINA	Illumina HiSeq 2500	SRP098658	PRJNA369414		369414	SRS1951151	SAMN06285454	simple	3847	Glycine max	GSM2472724							no					GEO	SRA534172		public	311B7A1D9464A4FC776A6E450949251F	F29F38D60511ADC164EE55D8EE7AE623	https://www.ncbi.nlm.nih.gov/sra/?term=SRR5220389	https://www.ncbi.nlm.nih.gov/bioproject/PRJNA369414	https://www.ncbi.nlm.nih.gov/biosample/SAMN06285454	https://www.ncbi.nlm.nih.gov/sra/?term=SRX2530256	https://sra-downloadb.be-md.ncbi.nlm.nih.gov/sos5/sra-pub-zq-14/SRR005/220/SRR5220389.sralite.1	1030	
614	SRR5220390	2019-10-01 17:04:13	2017-01-31 15:59:25	36950395	1884470145	0	51	1221		https://sra-downloadb.be-md.ncbi.nlm.nih.gov/sos5/sra-pub-zq-14/SRR005/220/SRR5220390.sralite.1	SRX2530257		ncRNA-Seq	size fractionation	TRANSCRIPTOMIC	SINGLE	0	0	ILLUMINA	Illumina HiSeq 2500	SRP098658	PRJNA369414		369414	SRS1951154	SAMN06285453	simple	3847	Glycine max	GSM2472725							no					GEO	SRA534172		public	CD2924631CE25A805E0BE732A3F8B4EE	52676848916C53D753C0C8A8C766D114	https://www.ncbi.nlm.nih.gov/sra/?term=SRR5220390	https://www.ncbi.nlm.nih.gov/bioproject/PRJNA369414	https://www.ncbi.nlm.nih.gov/biosample/SAMN06285453	https://www.ncbi.nlm.nih.gov/sra/?term=SRX2530257	https://sra-downloadb.be-md.ncbi.nlm.nih.gov/sos5/sra-pub-zq-14/SRR005/220/SRR5220390.sralite.1	1031	
615	SRR5220391	2019-10-01 17:04:13	2017-01-31 15:59:41	36449621	1858930671	0	51	1243		https://sra-downloadb.be-md.ncbi.nlm.nih.gov/sos5/sra-pub-zq-14/SRR005/220/SRR5220391.sralite.1	SRX2530258		ncRNA-Seq	size fractionation	TRANSCRIPTOMIC	SINGLE	0	0	ILLUMINA	Illumina HiSeq 2500	SRP098658	PRJNA369414		369414	SRS1951152	SAMN06285452	simple	3847	Glycine max	GSM2472726							no					GEO	SRA534172		public	0FF2D920D6DCBB2F99B1B1DCDA9E9CD1	45A6CA0023C7FBF97DC4FBF654329A75	https://www.ncbi.nlm.nih.gov/sra/?term=SRR5220391	https://www.ncbi.nlm.nih.gov/bioproject/PRJNA369414	https://www.ncbi.nlm.nih.gov/biosample/SAMN06285452	https://www.ncbi.nlm.nih.gov/sra/?term=SRX2530258	https://sra-downloadb.be-md.ncbi.nlm.nih.gov/sos5/sra-pub-zq-14/SRR005/220/SRR5220391.sralite.1	1032	
616	SRR5220392	2019-10-01 17:04:13	2017-01-31 15:59:08	37138549	1894065999	0	51	1244		https://sra-downloadb.be-md.ncbi.nlm.nih.gov/sos5/sra-pub-zq-14/SRR005/220/SRR5220392.sralite.1	SRX2530259		ncRNA-Seq	size fractionation	TRANSCRIPTOMIC	SINGLE	0	0	ILLUMINA	Illumina HiSeq 2500	SRP098658	PRJNA369414		369414	SRS1951153	SAMN06285451	simple	3847	Glycine max	GSM2472727							no					GEO	SRA534172		public	144EF6028790DB126565C4FCC0E9F7FE	C3C2CC9DAA3673F7EE2A9F8FA392DB2D	https://www.ncbi.nlm.nih.gov/sra/?term=SRR5220392	https://www.ncbi.nlm.nih.gov/bioproject/PRJNA369414	https://www.ncbi.nlm.nih.gov/biosample/SAMN06285451	https://www.ncbi.nlm.nih.gov/sra/?term=SRX2530259	https://sra-downloadb.be-md.ncbi.nlm.nih.gov/sos5/sra-pub-zq-14/SRR005/220/SRR5220392.sralite.1	1033	
617	SRR5220393	2019-10-01 17:04:13	2017-01-31 15:59:08	36723590	1872903090	0	51	1253		https://sra-downloadb.be-md.ncbi.nlm.nih.gov/sos5/sra-pub-zq-14/SRR005/220/SRR5220393.sralite.1	SRX2530260		ncRNA-Seq	size fractionation	TRANSCRIPTOMIC	SINGLE	0	0	ILLUMINA	Illumina HiSeq 2500	SRP098658	PRJNA369414		369414	SRS1951155	SAMN06285479	simple	3847	Glycine max	GSM2472728							no					GEO	SRA534172		public	18C74A2BECD01316BE22685B4CF14B63	F73EA5C6F0248941441A11350F3B551C	https://www.ncbi.nlm.nih.gov/sra/?term=SRR5220393	https://www.ncbi.nlm.nih.gov/bioproject/PRJNA369414	https://www.ncbi.nlm.nih.gov/biosample/SAMN06285479	https://www.ncbi.nlm.nih.gov/sra/?term=SRX2530260	https://sra-downloadb.be-md.ncbi.nlm.nih.gov/sos5/sra-pub-zq-14/SRR005/220/SRR5220393.sralite.1	1035	
618	SRR5220394	2019-10-01 17:04:13	2017-01-31 16:04:01	46446895	2368791645	0	51	1556		https://sra-downloadb.be-md.ncbi.nlm.nih.gov/sos5/sra-pub-zq-14/SRR005/220/SRR5220394.sralite.1	SRX2530261		ncRNA-Seq	size fractionation	TRANSCRIPTOMIC	SINGLE	0	0	ILLUMINA	Illumina HiSeq 2500	SRP098658	PRJNA369414		369414	SRS1951156	SAMN06285478	simple	3847	Glycine max	GSM2472729							no					GEO	SRA534172		public	D2BC5EE9BBB0BAB6858B5873D89AE62B	5B8358E6D2A15DC841BA98149764F099	https://www.ncbi.nlm.nih.gov/sra/?term=SRR5220394	https://www.ncbi.nlm.nih.gov/bioproject/PRJNA369414	https://www.ncbi.nlm.nih.gov/biosample/SAMN06285478	https://www.ncbi.nlm.nih.gov/sra/?term=SRX2530261	https://sra-downloadb.be-md.ncbi.nlm.nih.gov/sos5/sra-pub-zq-14/SRR005/220/SRR5220394.sralite.1	1036	
619	SRR5220395	2019-10-01 17:04:13	2017-01-31 16:09:07	47692567	2432320917	0	51	1597		https://sra-downloadb.be-md.ncbi.nlm.nih.gov/sos5/sra-pub-zq-14/SRR005/220/SRR5220395.sralite.1	SRX2530262		ncRNA-Seq	size fractionation	TRANSCRIPTOMIC	SINGLE	0	0	ILLUMINA	Illumina HiSeq 2500	SRP098658	PRJNA369414		369414	SRS1951157	SAMN06285477	simple	3847	Glycine max	GSM2472730							no					GEO	SRA534172		public	00C81293E67DCDD408A00C392F942CA1	55EE1614D883FB6FD3080CD5880439F0	https://www.ncbi.nlm.nih.gov/sra/?term=SRR5220395	https://www.ncbi.nlm.nih.gov/bioproject/PRJNA369414	https://www.ncbi.nlm.nih.gov/biosample/SAMN06285477	https://www.ncbi.nlm.nih.gov/sra/?term=SRX2530262	https://sra-downloadb.be-md.ncbi.nlm.nih.gov/sos5/sra-pub-zq-14/SRR005/220/SRR5220395.sralite.1	1037	
620	SRR5220396	2019-10-01 17:04:13	2017-01-31 16:02:54	45385780	2314674780	0	51	1541		https://sra-downloadb.be-md.ncbi.nlm.nih.gov/sos5/sra-pub-zq-14/SRR005/220/SRR5220396.sralite.1	SRX2530263		ncRNA-Seq	size fractionation	TRANSCRIPTOMIC	SINGLE	0	0	ILLUMINA	Illumina HiSeq 2500	SRP098658	PRJNA369414		369414	SRS1951158	SAMN06285476	simple	3847	Glycine max	GSM2472731							no					GEO	SRA534172		public	A8C1FFD17BFC99F55689517E91C29829	2E61AAA4A2FE7A429BF29E2BEBCCD6FB	https://www.ncbi.nlm.nih.gov/sra/?term=SRR5220396	https://www.ncbi.nlm.nih.gov/bioproject/PRJNA369414	https://www.ncbi.nlm.nih.gov/biosample/SAMN06285476	https://www.ncbi.nlm.nih.gov/sra/?term=SRX2530263	https://sra-downloadb.be-md.ncbi.nlm.nih.gov/sos5/sra-pub-zq-14/SRR005/220/SRR5220396.sralite.1	1038	
621	SRR5220397	2019-10-01 17:04:13	2017-01-31 16:00:34	45579363	2324547513	0	51	1552		https://sra-downloadb.be-md.ncbi.nlm.nih.gov/sos5/sra-pub-zq-14/SRR005/220/SRR5220397.sralite.1	SRX2530264		ncRNA-Seq	size fractionation	TRANSCRIPTOMIC	SINGLE	0	0	ILLUMINA	Illumina HiSeq 2500	SRP098658	PRJNA369414		369414	SRS1951159	SAMN06285475	simple	3847	Glycine max	GSM2472732							no					GEO	SRA534172		public	E4672834C30AA18861AF6D2B31D45DFA	F21C055B4CBDDF1EE83E19005D01FC69	https://www.ncbi.nlm.nih.gov/sra/?term=SRR5220397	https://www.ncbi.nlm.nih.gov/bioproject/PRJNA369414	https://www.ncbi.nlm.nih.gov/biosample/SAMN06285475	https://www.ncbi.nlm.nih.gov/sra/?term=SRX2530264	https://sra-downloadb.be-md.ncbi.nlm.nih.gov/sos5/sra-pub-zq-14/SRR005/220/SRR5220397.sralite.1	1039	
622	SRR5220398	2019-10-01 17:04:13	2017-01-31 16:00:14	47083342	2401250442	0	51	1613		https://sra-downloadb.be-md.ncbi.nlm.nih.gov/sos5/sra-pub-zq-14/SRR005/220/SRR5220398.sralite.1	SRX2530265		ncRNA-Seq	size fractionation	TRANSCRIPTOMIC	SINGLE	0	0	ILLUMINA	Illumina HiSeq 2500	SRP098658	PRJNA369414		369414	SRS1951160	SAMN06285474	simple	3847	Glycine max	GSM2472733							no					GEO	SRA534172		public	EE01394EFC8D6A19A6DB9BDC0D5972E1	7B8B154F11D0D4F0B262D0DDECF1562D	https://www.ncbi.nlm.nih.gov/sra/?term=SRR5220398	https://www.ncbi.nlm.nih.gov/bioproject/PRJNA369414	https://www.ncbi.nlm.nih.gov/biosample/SAMN06285474	https://www.ncbi.nlm.nih.gov/sra/?term=SRX2530265	https://sra-downloadb.be-md.ncbi.nlm.nih.gov/sos5/sra-pub-zq-14/SRR005/220/SRR5220398.sralite.1	1040	
623	SRR5220399	2019-10-01 17:04:13	2017-01-31 16:00:33	48853952	2491551552	0	51	1666		https://sra-downloadb.be-md.ncbi.nlm.nih.gov/sos5/sra-pub-zq-14/SRR005/220/SRR5220399.sralite.1	SRX2530266		ncRNA-Seq	size fractionation	TRANSCRIPTOMIC	SINGLE	0	0	ILLUMINA	Illumina HiSeq 2500	SRP098658	PRJNA369414		369414	SRS1951161	SAMN06285473	simple	3847	Glycine max	GSM2472734							no					GEO	SRA534172		public	1B782336B4D164A8787235EF2BD9EAF1	C922ED67A4AB95B059F64AC0D87B88E6	https://www.ncbi.nlm.nih.gov/sra/?term=SRR5220399	https://www.ncbi.nlm.nih.gov/bioproject/PRJNA369414	https://www.ncbi.nlm.nih.gov/biosample/SAMN06285473	https://www.ncbi.nlm.nih.gov/sra/?term=SRX2530266	https://sra-downloadb.be-md.ncbi.nlm.nih.gov/sos5/sra-pub-zq-14/SRR005/220/SRR5220399.sralite.1	1041	
624	SRR5220400	2019-10-01 17:04:13	2017-01-31 16:03:30	48524628	2474756028	0	51	1632		https://sra-downloadb.be-md.ncbi.nlm.nih.gov/sos5/sra-pub-zq-14/SRR005/220/SRR5220400.sralite.1	SRX2530267		ncRNA-Seq	size fractionation	TRANSCRIPTOMIC	SINGLE	0	0	ILLUMINA	Illumina HiSeq 2500	SRP098658	PRJNA369414		369414	SRS1951162	SAMN06285472	simple	3847	Glycine max	GSM2472735							no					GEO	SRA534172		public	E243E3D112917AB845F7C4488D96BD05	6761904FE2C1A084BE2AE12EA84E5FE5	https://www.ncbi.nlm.nih.gov/sra/?term=SRR5220400	https://www.ncbi.nlm.nih.gov/bioproject/PRJNA369414	https://www.ncbi.nlm.nih.gov/biosample/SAMN06285472	https://www.ncbi.nlm.nih.gov/sra/?term=SRX2530267	https://sra-downloadb.be-md.ncbi.nlm.nih.gov/sos5/sra-pub-zq-14/SRR005/220/SRR5220400.sralite.1	1042	
625	SRR5220401	2019-10-01 17:04:14	2017-01-31 16:03:01	43585532	2222862132	0	51	1502		https://sra-downloadb.be-md.ncbi.nlm.nih.gov/sos5/sra-pub-zq-14/SRR005/220/SRR5220401.sralite.1	SRX2530268		ncRNA-Seq	size fractionation	TRANSCRIPTOMIC	SINGLE	0	0	ILLUMINA	Illumina HiSeq 2500	SRP098658	PRJNA369414		369414	SRS1951163	SAMN06285471	simple	3847	Glycine max	GSM2472736							no					GEO	SRA534172		public	B1B4CA42DC6335848A59852E2C30F41B	44EB776D9B82F3C45DB0A1DD90C637DE	https://www.ncbi.nlm.nih.gov/sra/?term=SRR5220401	https://www.ncbi.nlm.nih.gov/bioproject/PRJNA369414	https://www.ncbi.nlm.nih.gov/biosample/SAMN06285471	https://www.ncbi.nlm.nih.gov/sra/?term=SRX2530268	https://sra-downloadb.be-md.ncbi.nlm.nih.gov/sos5/sra-pub-zq-14/SRR005/220/SRR5220401.sralite.1	1043	
626	SRR5220402	2019-10-01 17:04:14	2017-01-31 16:03:53	47074853	2400817503	0	51	1625		https://sra-downloadb.be-md.ncbi.nlm.nih.gov/sos5/sra-pub-zq-14/SRR005/220/SRR5220402.sralite.1	SRX2530269		ncRNA-Seq	size fractionation	TRANSCRIPTOMIC	SINGLE	0	0	ILLUMINA	Illumina HiSeq 2500	SRP098658	PRJNA369414		369414	SRS1951164	SAMN06285470	simple	3847	Glycine max	GSM2472737							no					GEO	SRA534172		public	5BE75822B3AD0C2031A973B6F75E1CFA	3795E55D96CC832D4EA8AF44F3C0A883	https://www.ncbi.nlm.nih.gov/sra/?term=SRR5220402	https://www.ncbi.nlm.nih.gov/bioproject/PRJNA369414	https://www.ncbi.nlm.nih.gov/biosample/SAMN06285470	https://www.ncbi.nlm.nih.gov/sra/?term=SRX2530269	https://sra-downloadb.be-md.ncbi.nlm.nih.gov/sos5/sra-pub-zq-14/SRR005/220/SRR5220402.sralite.1	1044	
627	SRR5220403	2019-10-01 17:04:14	2017-01-31 15:55:18	33644881	1715888931	0	51	1130		https://sra-downloadb.be-md.ncbi.nlm.nih.gov/sos5/sra-pub-zq-14/SRR005/220/SRR5220403.sralite.1	SRX2530270		ncRNA-Seq	size fractionation	TRANSCRIPTOMIC	SINGLE	0	0	ILLUMINA	Illumina HiSeq 2500	SRP098658	PRJNA369414		369414	SRS1951165	SAMN06285469	simple	3847	Glycine max	GSM2472738							no					GEO	SRA534172		public	D464223075C55BD1007C8E015B7B5E77	F45D43C9D6B50678530AC1EF4B886BEE	https://www.ncbi.nlm.nih.gov/sra/?term=SRR5220403	https://www.ncbi.nlm.nih.gov/bioproject/PRJNA369414	https://www.ncbi.nlm.nih.gov/biosample/SAMN06285469	https://www.ncbi.nlm.nih.gov/sra/?term=SRX2530270	https://sra-downloadb.be-md.ncbi.nlm.nih.gov/sos5/sra-pub-zq-14/SRR005/220/SRR5220403.sralite.1	1045	
628	SRR5220404	2019-10-01 17:04:14	2017-01-31 15:56:12	38971332	1987537932	0	51	1296		https://sra-downloadb.be-md.ncbi.nlm.nih.gov/sos5/sra-pub-zq-14/SRR005/220/SRR5220404.sralite.1	SRX2530271		ncRNA-Seq	size fractionation	TRANSCRIPTOMIC	SINGLE	0	0	ILLUMINA	Illumina HiSeq 2500	SRP098658	PRJNA369414		369414	SRS1951166	SAMN06285468	simple	3847	Glycine max	GSM2472739							no					GEO	SRA534172		public	607F61270A53308064E9493332E5E6E5	3DF789B0F2B8B1027A8045640C83C4F2	https://www.ncbi.nlm.nih.gov/sra/?term=SRR5220404	https://www.ncbi.nlm.nih.gov/bioproject/PRJNA369414	https://www.ncbi.nlm.nih.gov/biosample/SAMN06285468	https://www.ncbi.nlm.nih.gov/sra/?term=SRX2530271	https://sra-downloadb.be-md.ncbi.nlm.nih.gov/sos5/sra-pub-zq-14/SRR005/220/SRR5220404.sralite.1	1046	
629	SRR5220405	2019-10-01 17:04:14	2017-01-31 16:02:53	43645735	2225932485	0	51	1435		https://sra-downloadb.be-md.ncbi.nlm.nih.gov/sos5/sra-pub-zq-14/SRR005/220/SRR5220405.sralite.1	SRX2530272		ncRNA-Seq	size fractionation	TRANSCRIPTOMIC	SINGLE	0	0	ILLUMINA	Illumina HiSeq 2500	SRP098658	PRJNA369414		369414	SRS1951167	SAMN06285467	simple	3847	Glycine max	GSM2472740							no					GEO	SRA534172		public	FEEF6FD38C03268CF171D137D732BBA7	4D09DCA7C0A391B16E96FCB2AB83C1F6	https://www.ncbi.nlm.nih.gov/sra/?term=SRR5220405	https://www.ncbi.nlm.nih.gov/bioproject/PRJNA369414	https://www.ncbi.nlm.nih.gov/biosample/SAMN06285467	https://www.ncbi.nlm.nih.gov/sra/?term=SRX2530272	https://sra-downloadb.be-md.ncbi.nlm.nih.gov/sos5/sra-pub-zq-14/SRR005/220/SRR5220405.sralite.1	1047	
630	SRR27393520	2024-01-01 21:56:31	2024-01-01 21:50:36	27180479	8208504658	27180479	302	2171		https://sra-downloadb.be-md.ncbi.nlm.nih.gov/sos9/sra-pub-zq-922/SRR027/27393/SRR27393520/SRR27393520.lite.1	SRX23069772	H5_2	RNA-Seq	PolyA	TRANSCRIPTOMIC	PAIRED	0	0	ILLUMINA	Illumina HiSeq 2500	SRP480839	PRJNA1059609		1059609	SRS20029542	SAMN39208929	simple	3635	Gossypium hirsutum	Whole genome RNA sequence of Gossypium hirsutum ZB1092							no					HUAZHONG AGRICULTURAL UNIVERSITY	SRA1777847		public	EDB7C08097B65762674D5B9786AF53B7	5A9EEA58950FE581A1B208693C0B05C2	https://www.ncbi.nlm.nih.gov/sra/?term=SRR27393520	https://www.ncbi.nlm.nih.gov/bioproject/PRJNA1059609	https://www.ncbi.nlm.nih.gov/biosample/SAMN39208929	https://www.ncbi.nlm.nih.gov/sra/?term=SRX23069772	https://sra-downloadb.be-md.ncbi.nlm.nih.gov/sos9/sra-pub-zq-922/SRR027/27393/SRR27393520/SRR27393520.lite.1	711	
631	SRR27393521	2024-01-01 21:54:17	2024-01-01 21:48:14	19736210	5960335420	19736210	302	1585		https://sra-downloadb.be-md.ncbi.nlm.nih.gov/sos9/sra-pub-zq-922/SRR027/27393/SRR27393521/SRR27393521.lite.1	SRX23069771	H5_1	RNA-Seq	PolyA	TRANSCRIPTOMIC	PAIRED	0	0	ILLUMINA	Illumina HiSeq 2500	SRP480839	PRJNA1059609		1059609	SRS20029542	SAMN39208929	simple	3635	Gossypium hirsutum	Whole genome RNA sequence of Gossypium hirsutum ZB1092							no					HUAZHONG AGRICULTURAL UNIVERSITY	SRA1777847		public	679DAAB572DA51EEAF5409722C3A94D1	B04A6F5C654DA29EE8F9A3E2A0A1EF50	https://www.ncbi.nlm.nih.gov/sra/?term=SRR27393521	https://www.ncbi.nlm.nih.gov/bioproject/PRJNA1059609	https://www.ncbi.nlm.nih.gov/biosample/SAMN39208929	https://www.ncbi.nlm.nih.gov/sra/?term=SRX23069771	https://sra-downloadb.be-md.ncbi.nlm.nih.gov/sos9/sra-pub-zq-922/SRR027/27393/SRR27393521/SRR27393521.lite.1	712	
632	SRR27393522	2024-01-01 21:56:31	2024-01-01 21:51:13	26609779	8036153258	26609779	302	2107		https://sra-downloadb.be-md.ncbi.nlm.nih.gov/sos9/sra-pub-zq-922/SRR027/27393/SRR27393522/SRR27393522.lite.1	SRX23069770	H4_2	RNA-Seq	PolyA	TRANSCRIPTOMIC	PAIRED	0	0	ILLUMINA	Illumina HiSeq 2500	SRP480839	PRJNA1059609		1059609	SRS20029542	SAMN39208929	simple	3635	Gossypium hirsutum	Whole genome RNA sequence of Gossypium hirsutum ZB1092							no					HUAZHONG AGRICULTURAL UNIVERSITY	SRA1777847		public	F320F517CD6A967EC85EBF09488B9792	62BB4487BD6521DD593D193698D2E483	https://www.ncbi.nlm.nih.gov/sra/?term=SRR27393522	https://www.ncbi.nlm.nih.gov/bioproject/PRJNA1059609	https://www.ncbi.nlm.nih.gov/biosample/SAMN39208929	https://www.ncbi.nlm.nih.gov/sra/?term=SRX23069770	https://sra-downloadb.be-md.ncbi.nlm.nih.gov/sos9/sra-pub-zq-922/SRR027/27393/SRR27393522/SRR27393522.lite.1	713	
633	SRR27393523	2024-01-01 21:56:31	2024-01-01 21:50:30	28245635	8530181770	28245635	302	2230		https://sra-downloadb.be-md.ncbi.nlm.nih.gov/sos9/sra-pub-zq-922/SRR027/27393/SRR27393523/SRR27393523.lite.1	SRX23069769	H4_1	RNA-Seq	PolyA	TRANSCRIPTOMIC	PAIRED	0	0	ILLUMINA	Illumina HiSeq 2500	SRP480839	PRJNA1059609		1059609	SRS20029542	SAMN39208929	simple	3635	Gossypium hirsutum	Whole genome RNA sequence of Gossypium hirsutum ZB1092							no					HUAZHONG AGRICULTURAL UNIVERSITY	SRA1777847		public	FF971EC448E089D1E7ED8D8151A76E95	61037E6EB896AEEF24B24D24ACB2081D	https://www.ncbi.nlm.nih.gov/sra/?term=SRR27393523	https://www.ncbi.nlm.nih.gov/bioproject/PRJNA1059609	https://www.ncbi.nlm.nih.gov/biosample/SAMN39208929	https://www.ncbi.nlm.nih.gov/sra/?term=SRX23069769	https://sra-downloadb.be-md.ncbi.nlm.nih.gov/sos9/sra-pub-zq-922/SRR027/27393/SRR27393523/SRR27393523.lite.1	714	
634	SRR27393524	2024-01-01 21:56:31	2024-01-01 21:52:40	37781907	11410135914	37781907	302	2954		https://sra-downloadb.be-md.ncbi.nlm.nih.gov/sos9/sra-pub-zq-922/SRR027/27393/SRR27393524/SRR27393524.lite.1	SRX23069768	H3_2	RNA-Seq	PolyA	TRANSCRIPTOMIC	PAIRED	0	0	ILLUMINA	Illumina HiSeq 2500	SRP480839	PRJNA1059609		1059609	SRS20029542	SAMN39208929	simple	3635	Gossypium hirsutum	Whole genome RNA sequence of Gossypium hirsutum ZB1092							no					HUAZHONG AGRICULTURAL UNIVERSITY	SRA1777847		public	116D43ADE5350C931CA111F2F095DBAB	9DE68081A7149F9FBAFF089B965867F9	https://www.ncbi.nlm.nih.gov/sra/?term=SRR27393524	https://www.ncbi.nlm.nih.gov/bioproject/PRJNA1059609	https://www.ncbi.nlm.nih.gov/biosample/SAMN39208929	https://www.ncbi.nlm.nih.gov/sra/?term=SRX23069768	https://sra-downloadb.be-md.ncbi.nlm.nih.gov/sos9/sra-pub-zq-922/SRR027/27393/SRR27393524/SRR27393524.lite.1	715	
635	SRR27393525	2024-01-01 22:24:03	2024-01-01 22:10:53	76203513	23013460926	76203513	302	6043		https://sra-downloadb.be-md.ncbi.nlm.nih.gov/sos9/sra-pub-zq-922/SRR027/27393/SRR27393525/SRR27393525.lite.1	SRX23069767	H3_1	RNA-Seq	PolyA	TRANSCRIPTOMIC	PAIRED	0	0	ILLUMINA	Illumina HiSeq 2500	SRP480839	PRJNA1059609		1059609	SRS20029542	SAMN39208929	simple	3635	Gossypium hirsutum	Whole genome RNA sequence of Gossypium hirsutum ZB1092							no					HUAZHONG AGRICULTURAL UNIVERSITY	SRA1777847		public	B2D25E4481BC56394898082697E4B1F0	8A409081D41109605F046A7154BAD5CF	https://www.ncbi.nlm.nih.gov/sra/?term=SRR27393525	https://www.ncbi.nlm.nih.gov/bioproject/PRJNA1059609	https://www.ncbi.nlm.nih.gov/biosample/SAMN39208929	https://www.ncbi.nlm.nih.gov/sra/?term=SRX23069767	https://sra-downloadb.be-md.ncbi.nlm.nih.gov/sos9/sra-pub-zq-922/SRR027/27393/SRR27393525/SRR27393525.lite.1	716	
636	SRR27393526	2024-01-01 21:56:31	2024-01-01 21:52:08	31855460	9620348920	31855460	302	2537		https://sra-downloadb.be-md.ncbi.nlm.nih.gov/sos9/sra-pub-zq-922/SRR027/27393/SRR27393526/SRR27393526.lite.1	SRX23069766	H2_2	RNA-Seq	PolyA	TRANSCRIPTOMIC	PAIRED	0	0	ILLUMINA	Illumina HiSeq 2500	SRP480839	PRJNA1059609		1059609	SRS20029542	SAMN39208929	simple	3635	Gossypium hirsutum	Whole genome RNA sequence of Gossypium hirsutum ZB1092							no					HUAZHONG AGRICULTURAL UNIVERSITY	SRA1777847		public	8ABB9F03E016406C79246417A458DF34	E2A92B2C7942E7CEDCD19D19924A906E	https://www.ncbi.nlm.nih.gov/sra/?term=SRR27393526	https://www.ncbi.nlm.nih.gov/bioproject/PRJNA1059609	https://www.ncbi.nlm.nih.gov/biosample/SAMN39208929	https://www.ncbi.nlm.nih.gov/sra/?term=SRX23069766	https://sra-downloadb.be-md.ncbi.nlm.nih.gov/sos9/sra-pub-zq-922/SRR027/27393/SRR27393526/SRR27393526.lite.1	717	
637	SRR27393527	2024-01-01 21:54:17	2024-01-01 21:49:11	21927731	6622174762	21927731	302	1767		https://sra-downloadb.be-md.ncbi.nlm.nih.gov/sos9/sra-pub-zq-922/SRR027/27393/SRR27393527/SRR27393527.lite.1	SRX23069765	H2_1	RNA-Seq	PolyA	TRANSCRIPTOMIC	PAIRED	0	0	ILLUMINA	Illumina HiSeq 2500	SRP480839	PRJNA1059609		1059609	SRS20029542	SAMN39208929	simple	3635	Gossypium hirsutum	Whole genome RNA sequence of Gossypium hirsutum ZB1092							no					HUAZHONG AGRICULTURAL UNIVERSITY	SRA1777847		public	2282A1B5CD5D22D32F7FB95C53C49F06	C2164A81FE534921418846B142B9B5C6	https://www.ncbi.nlm.nih.gov/sra/?term=SRR27393527	https://www.ncbi.nlm.nih.gov/bioproject/PRJNA1059609	https://www.ncbi.nlm.nih.gov/biosample/SAMN39208929	https://www.ncbi.nlm.nih.gov/sra/?term=SRX23069765	https://sra-downloadb.be-md.ncbi.nlm.nih.gov/sos9/sra-pub-zq-922/SRR027/27393/SRR27393527/SRR27393527.lite.1	718	
638	SRR27393528	2024-01-01 21:56:31	2024-01-01 21:52:29	34338677	10370280454	34338677	302	2729		https://sra-downloadb.be-md.ncbi.nlm.nih.gov/sos9/sra-pub-zq-922/SRR027/27393/SRR27393528/SRR27393528.lite.1	SRX23069764	H1_2	RNA-Seq	PolyA	TRANSCRIPTOMIC	PAIRED	0	0	ILLUMINA	Illumina HiSeq 2500	SRP480839	PRJNA1059609		1059609	SRS20029542	SAMN39208929	simple	3635	Gossypium hirsutum	Whole genome RNA sequence of Gossypium hirsutum ZB1092							no					HUAZHONG AGRICULTURAL UNIVERSITY	SRA1777847		public	D92FD29DD45A450FC9F9296B34038A3B	4DF8FD02D515454B2BDF054B46395771	https://www.ncbi.nlm.nih.gov/sra/?term=SRR27393528	https://www.ncbi.nlm.nih.gov/bioproject/PRJNA1059609	https://www.ncbi.nlm.nih.gov/biosample/SAMN39208929	https://www.ncbi.nlm.nih.gov/sra/?term=SRX23069764	https://sra-downloadb.be-md.ncbi.nlm.nih.gov/sos9/sra-pub-zq-922/SRR027/27393/SRR27393528/SRR27393528.lite.1	720	
639	SRR27393529	2024-01-01 21:56:31	2024-01-01 21:51:48	33259162	10044266924	33259162	302	2643		https://sra-downloadb.be-md.ncbi.nlm.nih.gov/sos9/sra-pub-zq-922/SRR027/27393/SRR27393529/SRR27393529.lite.1	SRX23069763	H1_1	RNA-Seq	PolyA	TRANSCRIPTOMIC	PAIRED	0	0	ILLUMINA	Illumina HiSeq 2500	SRP480839	PRJNA1059609		1059609	SRS20029542	SAMN39208929	simple	3635	Gossypium hirsutum	Whole genome RNA sequence of Gossypium hirsutum ZB1092							no					HUAZHONG AGRICULTURAL UNIVERSITY	SRA1777847		public	F07047B6B21F5E96E8BAC8A35E2B6462	2228A7F1207FA955264F890C917BDA3E	https://www.ncbi.nlm.nih.gov/sra/?term=SRR27393529	https://www.ncbi.nlm.nih.gov/bioproject/PRJNA1059609	https://www.ncbi.nlm.nih.gov/biosample/SAMN39208929	https://www.ncbi.nlm.nih.gov/sra/?term=SRX23069763	https://sra-downloadb.be-md.ncbi.nlm.nih.gov/sos9/sra-pub-zq-922/SRR027/27393/SRR27393529/SRR27393529.lite.1	721	
640	SRR27393510	2024-01-01 21:46:56	2024-01-01 21:43:19	26953128	8139844656	26953128	302	2134		https://sra-downloadb.be-md.ncbi.nlm.nih.gov/sos9/sra-pub-zq-922/SRR027/27393/SRR27393510/SRR27393510.lite.1	SRX23069762	Y5_2	RNA-Seq	PolyA	TRANSCRIPTOMIC	PAIRED	0	0	ILLUMINA	Illumina HiSeq 2500	SRP480838	PRJNA1059613		1059613	SRS20029541	SAMN39209006	simple	3635	Gossypium hirsutum	Whole genome RNA sequence of Gossypium hirsutum YZ1 hypocotyl during somatic embryogenesis							no					HUAZHONG AGRICULTURAL UNIVERSITY	SRA1777846		public	9822F05B1FD9C5C1B997033BF57336A1	14216E14B10B09FE4D52B36A7D22C2FF	https://www.ncbi.nlm.nih.gov/sra/?term=SRR27393510	https://www.ncbi.nlm.nih.gov/bioproject/PRJNA1059613	https://www.ncbi.nlm.nih.gov/biosample/SAMN39209006	https://www.ncbi.nlm.nih.gov/sra/?term=SRX23069762	https://sra-downloadb.be-md.ncbi.nlm.nih.gov/sos9/sra-pub-zq-922/SRR027/27393/SRR27393510/SRR27393510.lite.1	700	
641	SRR27393511	2024-01-01 21:54:17	2024-01-01 21:47:42	29714117	8973663334	29714117	302	2376		https://sra-downloadb.be-md.ncbi.nlm.nih.gov/sos9/sra-pub-zq-922/SRR027/27393/SRR27393511/SRR27393511.lite.1	SRX23069761	Y5_1	RNA-Seq	PolyA	TRANSCRIPTOMIC	PAIRED	0	0	ILLUMINA	Illumina HiSeq 2500	SRP480838	PRJNA1059613		1059613	SRS20029541	SAMN39209006	simple	3635	Gossypium hirsutum	Whole genome RNA sequence of Gossypium hirsutum YZ1 hypocotyl during somatic embryogenesis							no					HUAZHONG AGRICULTURAL UNIVERSITY	SRA1777846		public	856ED5CF95329A3AABF79690D94D2398	65953646821327F9F7DC23C792753C89	https://www.ncbi.nlm.nih.gov/sra/?term=SRR27393511	https://www.ncbi.nlm.nih.gov/bioproject/PRJNA1059613	https://www.ncbi.nlm.nih.gov/biosample/SAMN39209006	https://www.ncbi.nlm.nih.gov/sra/?term=SRX23069761	https://sra-downloadb.be-md.ncbi.nlm.nih.gov/sos9/sra-pub-zq-922/SRR027/27393/SRR27393511/SRR27393511.lite.1	702	
642	SRR27393512	2024-01-01 21:46:56	2024-01-01 21:44:43	24126479	7286196658	24126479	302	1933		https://sra-downloadb.be-md.ncbi.nlm.nih.gov/sos9/sra-pub-zq-922/SRR027/27393/SRR27393512/SRR27393512.lite.1	SRX23069760	Y4_2	RNA-Seq	PolyA	TRANSCRIPTOMIC	PAIRED	0	0	ILLUMINA	Illumina HiSeq 2500	SRP480838	PRJNA1059613		1059613	SRS20029541	SAMN39209006	simple	3635	Gossypium hirsutum	Whole genome RNA sequence of Gossypium hirsutum YZ1 hypocotyl during somatic embryogenesis							no					HUAZHONG AGRICULTURAL UNIVERSITY	SRA1777846		public	8926D5029173C00010E98D33B1945311	DA41DA6028F13C83DA1620E5D0843F2C	https://www.ncbi.nlm.nih.gov/sra/?term=SRR27393512	https://www.ncbi.nlm.nih.gov/bioproject/PRJNA1059613	https://www.ncbi.nlm.nih.gov/biosample/SAMN39209006	https://www.ncbi.nlm.nih.gov/sra/?term=SRX23069760	https://sra-downloadb.be-md.ncbi.nlm.nih.gov/sos9/sra-pub-zq-922/SRR027/27393/SRR27393512/SRR27393512.lite.1	703	
643	SRR27393513	2024-01-01 21:50:24	2024-01-01 21:44:27	25211511	7613876322	25211511	302	2027		https://sra-downloadb.be-md.ncbi.nlm.nih.gov/sos9/sra-pub-zq-922/SRR027/27393/SRR27393513/SRR27393513.lite.1	SRX23069759	Y4_1	RNA-Seq	PolyA	TRANSCRIPTOMIC	PAIRED	0	0	ILLUMINA	Illumina HiSeq 2500	SRP480838	PRJNA1059613		1059613	SRS20029541	SAMN39209006	simple	3635	Gossypium hirsutum	Whole genome RNA sequence of Gossypium hirsutum YZ1 hypocotyl during somatic embryogenesis							no					HUAZHONG AGRICULTURAL UNIVERSITY	SRA1777846		public	AF785BE83CB2E67ED83B525143C0E414	99BAD1341E1E0DC2849DA24F2E4F6792	https://www.ncbi.nlm.nih.gov/sra/?term=SRR27393513	https://www.ncbi.nlm.nih.gov/bioproject/PRJNA1059613	https://www.ncbi.nlm.nih.gov/biosample/SAMN39209006	https://www.ncbi.nlm.nih.gov/sra/?term=SRX23069759	https://sra-downloadb.be-md.ncbi.nlm.nih.gov/sos9/sra-pub-zq-922/SRR027/27393/SRR27393513/SRR27393513.lite.1	704	
644	SRR27393514	2024-01-01 21:46:56	2024-01-01 21:44:21	21911347	6617226794	21911347	302	1727		https://sra-downloadb.be-md.ncbi.nlm.nih.gov/sos9/sra-pub-zq-922/SRR027/27393/SRR27393514/SRR27393514.lite.1	SRX23069758	Y3_2	RNA-Seq	PolyA	TRANSCRIPTOMIC	PAIRED	0	0	ILLUMINA	Illumina HiSeq 2500	SRP480838	PRJNA1059613		1059613	SRS20029541	SAMN39209006	simple	3635	Gossypium hirsutum	Whole genome RNA sequence of Gossypium hirsutum YZ1 hypocotyl during somatic embryogenesis							no					HUAZHONG AGRICULTURAL UNIVERSITY	SRA1777846		public	05D79C744ACCF6AC3A6BE4FE7E18FF8E	700F8BECE2D5EEA97C343D621AA01EB4	https://www.ncbi.nlm.nih.gov/sra/?term=SRR27393514	https://www.ncbi.nlm.nih.gov/bioproject/PRJNA1059613	https://www.ncbi.nlm.nih.gov/biosample/SAMN39209006	https://www.ncbi.nlm.nih.gov/sra/?term=SRX23069758	https://sra-downloadb.be-md.ncbi.nlm.nih.gov/sos9/sra-pub-zq-922/SRR027/27393/SRR27393514/SRR27393514.lite.1	705	
645	SRR27393515	2024-01-01 21:50:24	2024-01-01 21:45:45	22613460	6829264920	22613460	302	1792		https://sra-downloadb.be-md.ncbi.nlm.nih.gov/sos9/sra-pub-zq-922/SRR027/27393/SRR27393515/SRR27393515.lite.1	SRX23069757	Y3_1	RNA-Seq	PolyA	TRANSCRIPTOMIC	PAIRED	0	0	ILLUMINA	Illumina HiSeq 2500	SRP480838	PRJNA1059613		1059613	SRS20029541	SAMN39209006	simple	3635	Gossypium hirsutum	Whole genome RNA sequence of Gossypium hirsutum YZ1 hypocotyl during somatic embryogenesis							no					HUAZHONG AGRICULTURAL UNIVERSITY	SRA1777846		public	27C58DB012A183CA865F5B5E7F3E5309	B55DC1E3A365968FFAABAD1939C67DCB	https://www.ncbi.nlm.nih.gov/sra/?term=SRR27393515	https://www.ncbi.nlm.nih.gov/bioproject/PRJNA1059613	https://www.ncbi.nlm.nih.gov/biosample/SAMN39209006	https://www.ncbi.nlm.nih.gov/sra/?term=SRX23069757	https://sra-downloadb.be-md.ncbi.nlm.nih.gov/sos9/sra-pub-zq-922/SRR027/27393/SRR27393515/SRR27393515.lite.1	706	
646	SRR27393516	2024-01-01 21:54:17	2024-01-01 21:47:09	22012970	6647916940	22012970	302	1715		https://sra-downloadb.be-md.ncbi.nlm.nih.gov/sos9/sra-pub-zq-922/SRR027/27393/SRR27393516/SRR27393516.lite.1	SRX23069756	Y2_2	RNA-Seq	PolyA	TRANSCRIPTOMIC	PAIRED	0	0	ILLUMINA	Illumina HiSeq 2500	SRP480838	PRJNA1059613		1059613	SRS20029541	SAMN39209006	simple	3635	Gossypium hirsutum	Whole genome RNA sequence of Gossypium hirsutum YZ1 hypocotyl during somatic embryogenesis							no					HUAZHONG AGRICULTURAL UNIVERSITY	SRA1777846		public	96950CB0A65E5583D14ABA860C0D8F47	722B3300DB16C2B01CFAA2073011CA80	https://www.ncbi.nlm.nih.gov/sra/?term=SRR27393516	https://www.ncbi.nlm.nih.gov/bioproject/PRJNA1059613	https://www.ncbi.nlm.nih.gov/biosample/SAMN39209006	https://www.ncbi.nlm.nih.gov/sra/?term=SRX23069756	https://sra-downloadb.be-md.ncbi.nlm.nih.gov/sos9/sra-pub-zq-922/SRR027/27393/SRR27393516/SRR27393516.lite.1	707	
647	SRR27393517	2024-01-01 21:50:24	2024-01-01 21:45:58	21702922	6554282444	21702922	302	1721		https://sra-downloadb.be-md.ncbi.nlm.nih.gov/sos9/sra-pub-zq-922/SRR027/27393/SRR27393517/SRR27393517.lite.1	SRX23069755	Y2_1	RNA-Seq	PolyA	TRANSCRIPTOMIC	PAIRED	0	0	ILLUMINA	Illumina HiSeq 2500	SRP480838	PRJNA1059613		1059613	SRS20029541	SAMN39209006	simple	3635	Gossypium hirsutum	Whole genome RNA sequence of Gossypium hirsutum YZ1 hypocotyl during somatic embryogenesis							no					HUAZHONG AGRICULTURAL UNIVERSITY	SRA1777846		public	D9ECA596B34B4D8139D6DF663B4FF8DB	D8DA3E2CF84A7A994E36CAA740FE945F	https://www.ncbi.nlm.nih.gov/sra/?term=SRR27393517	https://www.ncbi.nlm.nih.gov/bioproject/PRJNA1059613	https://www.ncbi.nlm.nih.gov/biosample/SAMN39209006	https://www.ncbi.nlm.nih.gov/sra/?term=SRX23069755	https://sra-downloadb.be-md.ncbi.nlm.nih.gov/sos9/sra-pub-zq-922/SRR027/27393/SRR27393517/SRR27393517.lite.1	708	
648	SRR27393518	2024-01-01 21:54:17	2024-01-01 21:47:34	21273203	6424507306	21273203	302	1685		https://sra-downloadb.be-md.ncbi.nlm.nih.gov/sos9/sra-pub-zq-922/SRR027/27393/SRR27393518/SRR27393518.lite.1	SRX23069754	Y1_2	RNA-Seq	PolyA	TRANSCRIPTOMIC	PAIRED	0	0	ILLUMINA	Illumina HiSeq 2500	SRP480838	PRJNA1059613		1059613	SRS20029541	SAMN39209006	simple	3635	Gossypium hirsutum	Whole genome RNA sequence of Gossypium hirsutum YZ1 hypocotyl during somatic embryogenesis							no					HUAZHONG AGRICULTURAL UNIVERSITY	SRA1777846		public	6807AAB8464925F8CF3CE7A47771DCF0	7792B0210B84ADD6860A328DC19520CD	https://www.ncbi.nlm.nih.gov/sra/?term=SRR27393518	https://www.ncbi.nlm.nih.gov/bioproject/PRJNA1059613	https://www.ncbi.nlm.nih.gov/biosample/SAMN39209006	https://www.ncbi.nlm.nih.gov/sra/?term=SRX23069754	https://sra-downloadb.be-md.ncbi.nlm.nih.gov/sos9/sra-pub-zq-922/SRR027/27393/SRR27393518/SRR27393518.lite.1	709	
649	SRR27393519	2024-01-01 21:46:56	2024-01-01 21:44:43	19744410	5962811820	19744410	302	1569		https://sra-downloadb.be-md.ncbi.nlm.nih.gov/sos9/sra-pub-zq-922/SRR027/27393/SRR27393519/SRR27393519.lite.1	SRX23069753	Y1_1	RNA-Seq	PolyA	TRANSCRIPTOMIC	PAIRED	0	0	ILLUMINA	Illumina HiSeq 2500	SRP480838	PRJNA1059613		1059613	SRS20029541	SAMN39209006	simple	3635	Gossypium hirsutum	Whole genome RNA sequence of Gossypium hirsutum YZ1 hypocotyl during somatic embryogenesis							no					HUAZHONG AGRICULTURAL UNIVERSITY	SRA1777846		public	E5CCB13D3E56AEC1519E917063AA37F4	3948D01E80CC6EBFE8D8404CFC23BD6C	https://www.ncbi.nlm.nih.gov/sra/?term=SRR27393519	https://www.ncbi.nlm.nih.gov/bioproject/PRJNA1059613	https://www.ncbi.nlm.nih.gov/biosample/SAMN39209006	https://www.ncbi.nlm.nih.gov/sra/?term=SRX23069753	https://sra-downloadb.be-md.ncbi.nlm.nih.gov/sos9/sra-pub-zq-922/SRR027/27393/SRR27393519/SRR27393519.lite.1	710	
650	SRR500504	2012-06-04 14:35:18	2012-05-24 09:45:37	3839500	134382500	0	35	83		https://sra-downloadb.be-md.ncbi.nlm.nih.gov/sos5/sra-pub-zq-11/SRR000/500/SRR500504/SRR500504.sralite.1	SRX149422	GSM936802: yxy-1	RNA-Seq	cDNA	TRANSCRIPTOMIC	SINGLE	0	0	ILLUMINA	Illumina Genome Analyzer	SRP013364	PRJNA167449		167449	SRS334884	SAMN00998313	simple	3635	Gossypium hirsutum	GSM936802							no					GEO	SRA053142		public	BDD7A46408445C3F9EDF424134C72217	A7C59F5F55813594A329484189DB1CB7	https://www.ncbi.nlm.nih.gov/sra/?term=SRR500504	https://www.ncbi.nlm.nih.gov/bioproject/PRJNA167449	https://www.ncbi.nlm.nih.gov/biosample/SAMN00998313	https://www.ncbi.nlm.nih.gov/sra/?term=SRX149422	https://sra-downloadb.be-md.ncbi.nlm.nih.gov/sos5/sra-pub-zq-11/SRR000/500/SRR500504/SRR500504.sralite.1	995	
651	SRR500505	2012-06-04 14:35:18	2012-05-24 09:45:41	3699501	129482535	0	35	79		https://sra-downloadb.be-md.ncbi.nlm.nih.gov/sos5/sra-pub-zq-11/SRR000/500/SRR500505/SRR500505.sralite.1	SRX149423	GSM936803: yxy-2	RNA-Seq	cDNA	TRANSCRIPTOMIC	SINGLE	0	0	ILLUMINA	Illumina Genome Analyzer	SRP013364	PRJNA167449		167449	SRS334885	SAMN00998314	simple	3635	Gossypium hirsutum	GSM936803							no					GEO	SRA053142		public	899D066E8FA20D59F727103C316F9CD8	16FD5DDE5542345B50E512E6D813CB6B	https://www.ncbi.nlm.nih.gov/sra/?term=SRR500505	https://www.ncbi.nlm.nih.gov/bioproject/PRJNA167449	https://www.ncbi.nlm.nih.gov/biosample/SAMN00998314	https://www.ncbi.nlm.nih.gov/sra/?term=SRX149423	https://sra-downloadb.be-md.ncbi.nlm.nih.gov/sos5/sra-pub-zq-11/SRR000/500/SRR500505/SRR500505.sralite.1	996	
652	SRR500506	2012-06-04 14:35:18	2012-05-24 09:45:39	3538501	123847535	0	35	77		https://sra-downloadb.be-md.ncbi.nlm.nih.gov/sos5/sra-pub-zq-11/SRR000/500/SRR500506/SRR500506.sralite.1	SRX149424	GSM936804: yxy-3	RNA-Seq	cDNA	TRANSCRIPTOMIC	SINGLE	0	0	ILLUMINA	Illumina Genome Analyzer	SRP013364	PRJNA167449		167449	SRS334886	SAMN00998315	simple	3635	Gossypium hirsutum	GSM936804							no					GEO	SRA053142		public	09F06950E03A5B4AE835D78767522A0C	EC3B4D679C340DB24EFDBCAD85704BD2	https://www.ncbi.nlm.nih.gov/sra/?term=SRR500506	https://www.ncbi.nlm.nih.gov/bioproject/PRJNA167449	https://www.ncbi.nlm.nih.gov/biosample/SAMN00998315	https://www.ncbi.nlm.nih.gov/sra/?term=SRX149424	https://sra-downloadb.be-md.ncbi.nlm.nih.gov/sos5/sra-pub-zq-11/SRR000/500/SRR500506/SRR500506.sralite.1	997	
653	SRR500507	2012-06-04 14:35:18	2012-05-24 09:45:58	3580500	125317500	0	35	80		https://sra-downloadb.be-md.ncbi.nlm.nih.gov/sos5/sra-pub-zq-11/SRR000/500/SRR500507/SRR500507.sralite.1	SRX149425	GSM936805: yxy-4	RNA-Seq	cDNA	TRANSCRIPTOMIC	SINGLE	0	0	ILLUMINA	Illumina Genome Analyzer	SRP013364	PRJNA167449		167449	SRS334887	SAMN00998316	simple	3635	Gossypium hirsutum	GSM936805							no					GEO	SRA053142		public	41A6D4D083E1A26D75BAB2C904ED2A70	7A76371C7E82F942CEFB2ADAC70F02F5	https://www.ncbi.nlm.nih.gov/sra/?term=SRR500507	https://www.ncbi.nlm.nih.gov/bioproject/PRJNA167449	https://www.ncbi.nlm.nih.gov/biosample/SAMN00998316	https://www.ncbi.nlm.nih.gov/sra/?term=SRX149425	https://sra-downloadb.be-md.ncbi.nlm.nih.gov/sos5/sra-pub-zq-11/SRR000/500/SRR500507/SRR500507.sralite.1	998	
654	SRR500508	2012-06-04 14:35:18	2012-05-24 09:46:04	3794000	132790000	0	35	84		https://sra-downloadb.be-md.ncbi.nlm.nih.gov/sos5/sra-pub-zq-11/SRR000/500/SRR500508/SRR500508.sralite.1	SRX149426	GSM936806: yxy-5	RNA-Seq	cDNA	TRANSCRIPTOMIC	SINGLE	0	0	ILLUMINA	Illumina Genome Analyzer	SRP013364	PRJNA167449		167449	SRS334888	SAMN00998317	simple	3635	Gossypium hirsutum	GSM936806							no					GEO	SRA053142		public	9BBDDEDD497FB98FB709DF17C802A9B8	F82FDC87B5F1E2347EDCEE5EE3415E05	https://www.ncbi.nlm.nih.gov/sra/?term=SRR500508	https://www.ncbi.nlm.nih.gov/bioproject/PRJNA167449	https://www.ncbi.nlm.nih.gov/biosample/SAMN00998317	https://www.ncbi.nlm.nih.gov/sra/?term=SRX149426	https://sra-downloadb.be-md.ncbi.nlm.nih.gov/sos5/sra-pub-zq-11/SRR000/500/SRR500508/SRR500508.sralite.1	999	
655	SRR500509	2012-06-04 14:35:18	2012-05-24 09:46:03	3692500	129237500	0	35	78		https://sra-downloadb.be-md.ncbi.nlm.nih.gov/sos5/sra-pub-zq-11/SRR000/500/SRR500509/SRR500509.sralite.1	SRX149427	GSM936807: yxy-6	RNA-Seq	cDNA	TRANSCRIPTOMIC	SINGLE	0	0	ILLUMINA	Illumina Genome Analyzer	SRP013364	PRJNA167449		167449	SRS334889	SAMN00998318	simple	3635	Gossypium hirsutum	GSM936807							no					GEO	SRA053142		public	2F6873F6E79B8341679160BDD9E145A5	20CD9879F464B345CD24B68077D68E95	https://www.ncbi.nlm.nih.gov/sra/?term=SRR500509	https://www.ncbi.nlm.nih.gov/bioproject/PRJNA167449	https://www.ncbi.nlm.nih.gov/biosample/SAMN00998318	https://www.ncbi.nlm.nih.gov/sra/?term=SRX149427	https://sra-downloadb.be-md.ncbi.nlm.nih.gov/sos5/sra-pub-zq-11/SRR000/500/SRR500509/SRR500509.sralite.1	1000	
656	SRR500510	2012-06-04 14:35:18	2012-05-24 09:46:10	3671500	128502500	0	35	78		https://sra-downloadb.be-md.ncbi.nlm.nih.gov/sos5/sra-pub-zq-11/SRR000/500/SRR500510/SRR500510.sralite.1	SRX149428	GSM936808: yxy-7	RNA-Seq	cDNA	TRANSCRIPTOMIC	SINGLE	0	0	ILLUMINA	Illumina Genome Analyzer	SRP013364	PRJNA167449		167449	SRS334890	SAMN00998319	simple	3635	Gossypium hirsutum	GSM936808							no					GEO	SRA053142		public	BF5AA94BB0987BD7CAC1E155731766E7	C6FF8C2184BE27CDD4DFDD7CB39BB549	https://www.ncbi.nlm.nih.gov/sra/?term=SRR500510	https://www.ncbi.nlm.nih.gov/bioproject/PRJNA167449	https://www.ncbi.nlm.nih.gov/biosample/SAMN00998319	https://www.ncbi.nlm.nih.gov/sra/?term=SRX149428	https://sra-downloadb.be-md.ncbi.nlm.nih.gov/sos5/sra-pub-zq-11/SRR000/500/SRR500510/SRR500510.sralite.1	1001	
657	SRR500511	2012-06-04 14:35:18	2012-05-24 09:46:02	3801000	133035000	0	35	83		https://sra-downloadb.be-md.ncbi.nlm.nih.gov/sos5/sra-pub-zq-11/SRR000/500/SRR500511/SRR500511.sralite.1	SRX149429	GSM936809: yxy-8	RNA-Seq	cDNA	TRANSCRIPTOMIC	SINGLE	0	0	ILLUMINA	Illumina Genome Analyzer	SRP013364	PRJNA167449		167449	SRS334891	SAMN00998320	simple	3635	Gossypium hirsutum	GSM936809							no					GEO	SRA053142		public	8C014F57BE00E538DFFD077993116063	84FE5E8D776560983129A8FC6F8A0E5A	https://www.ncbi.nlm.nih.gov/sra/?term=SRR500511	https://www.ncbi.nlm.nih.gov/bioproject/PRJNA167449	https://www.ncbi.nlm.nih.gov/biosample/SAMN00998320	https://www.ncbi.nlm.nih.gov/sra/?term=SRX149429	https://sra-downloadb.be-md.ncbi.nlm.nih.gov/sos5/sra-pub-zq-11/SRR000/500/SRR500511/SRR500511.sralite.1	1002	
658	SRR500512	2012-06-04 14:35:18	2012-05-24 09:46:04	3710000	129850000	0	35	81		https://sra-downloadb.be-md.ncbi.nlm.nih.gov/sos5/sra-pub-zq-11/SRR000/500/SRR500512/SRR500512.sralite.1	SRX149430	GSM936810: yxy-9	RNA-Seq	cDNA	TRANSCRIPTOMIC	SINGLE	0	0	ILLUMINA	Illumina Genome Analyzer	SRP013364	PRJNA167449		167449	SRS334892	SAMN00998321	simple	3635	Gossypium hirsutum	GSM936810							no					GEO	SRA053142		public	CFCF4AB958DF411B61BD0DA9A7A55BF3	697522AD8C06FDADAB1F2E69014D332E	https://www.ncbi.nlm.nih.gov/sra/?term=SRR500512	https://www.ncbi.nlm.nih.gov/bioproject/PRJNA167449	https://www.ncbi.nlm.nih.gov/biosample/SAMN00998321	https://www.ncbi.nlm.nih.gov/sra/?term=SRX149430	https://sra-downloadb.be-md.ncbi.nlm.nih.gov/sos5/sra-pub-zq-11/SRR000/500/SRR500512/SRR500512.sralite.1	1004	
659	SRR576119	2015-07-22 17:03:01	2015-12-14 15:56:38	25559552	1252418048	0	49	789		https://sra-downloadb.be-md.ncbi.nlm.nih.gov/sos5/sra-pub-run-32/SRR000/576/SRR576119/SRR576119.2	SRX189282		RNA-Seq	size fractionation	TRANSCRIPTOMIC	SINGLE	0	0	ILLUMINA	Illumina Genome Analyzer II	SRP015881	PRJNA175921	2	175921	SRS365367	SAMN01730045	simple	3635	Gossypium hirsutum	GSM1008996							no					GEO	SRA059028		public	64D46BD082094012CB206650964C0F1F	FC3C5502320441961F2E98353E132788	https://www.ncbi.nlm.nih.gov/sra/?term=SRR576119	https://www.ncbi.nlm.nih.gov/bioproject/PRJNA175921	https://www.ncbi.nlm.nih.gov/biosample/SAMN01730045	https://www.ncbi.nlm.nih.gov/sra/?term=SRX189282	https://sra-downloadb.be-md.ncbi.nlm.nih.gov/sos5/sra-pub-run-32/SRR000/576/SRR576119/SRR576119.2	1069	
660	SRR576120	2015-07-22 17:03:00	2015-12-14 15:56:56	15927775	780460975	0	49	466		https://sra-downloadb.be-md.ncbi.nlm.nih.gov/sos5/sra-pub-run-32/SRR000/576/SRR576120/SRR576120.2	SRX189283		RNA-Seq	cDNA	TRANSCRIPTOMIC	SINGLE	0	0	ILLUMINA	Illumina Genome Analyzer II	SRP015881	PRJNA175921	2	175921	SRS365368	SAMN01730046	simple	3635	Gossypium hirsutum	GSM1008997							no					GEO	SRA059028		public	7787BBDEC515D8AF2FF7A6AAB65C0535	B3C356BD2F948FE6F104FB9C0B180264	https://www.ncbi.nlm.nih.gov/sra/?term=SRR576120	https://www.ncbi.nlm.nih.gov/bioproject/PRJNA175921	https://www.ncbi.nlm.nih.gov/biosample/SAMN01730046	https://www.ncbi.nlm.nih.gov/sra/?term=SRX189283	https://sra-downloadb.be-md.ncbi.nlm.nih.gov/sos5/sra-pub-run-32/SRR000/576/SRR576120/SRR576120.2	1070	
661	SRR576121	2015-07-22 17:03:01	2015-12-14 15:59:03	26721911	1309373639	0	49	820		https://sra-downloadb.be-md.ncbi.nlm.nih.gov/sos5/sra-pub-run-32/SRR000/576/SRR576121/SRR576121.2	SRX189284		RNA-Seq	size fractionation	TRANSCRIPTOMIC	SINGLE	0	0	ILLUMINA	Illumina Genome Analyzer II	SRP015881	PRJNA175921	2	175921	SRS365369	SAMN01730047	simple	3635	Gossypium hirsutum	GSM1008998							no					GEO	SRA059028		public	B39D4BF5A36A2D6B8E0143AE222A4F7E	EED92F0A6351FDBE86AE435752A0281F	https://www.ncbi.nlm.nih.gov/sra/?term=SRR576121	https://www.ncbi.nlm.nih.gov/bioproject/PRJNA175921	https://www.ncbi.nlm.nih.gov/biosample/SAMN01730047	https://www.ncbi.nlm.nih.gov/sra/?term=SRX189284	https://sra-downloadb.be-md.ncbi.nlm.nih.gov/sos5/sra-pub-run-32/SRR000/576/SRR576121/SRR576121.2	1071	
662	SRR576122	2015-07-22 17:03:01	2015-12-14 15:59:35	16825142	824431958	0	49	485		https://sra-downloadb.be-md.ncbi.nlm.nih.gov/sos5/sra-pub-run-32/SRR000/576/SRR576122/SRR576122.2	SRX189285		RNA-Seq	cDNA	TRANSCRIPTOMIC	SINGLE	0	0	ILLUMINA	Illumina Genome Analyzer II	SRP015881	PRJNA175921	2	175921	SRS365370	SAMN01730048	simple	3635	Gossypium hirsutum	GSM1008999							no					GEO	SRA059028		public	C456F00F2458F724B12EE80732882F4F	B0BD6B43E90AA3D285C4E4B825C94F95	https://www.ncbi.nlm.nih.gov/sra/?term=SRR576122	https://www.ncbi.nlm.nih.gov/bioproject/PRJNA175921	https://www.ncbi.nlm.nih.gov/biosample/SAMN01730048	https://www.ncbi.nlm.nih.gov/sra/?term=SRX189285	https://sra-downloadb.be-md.ncbi.nlm.nih.gov/sos5/sra-pub-run-32/SRR000/576/SRR576122/SRR576122.2	1072	
663	SRR800613	2015-07-22 17:03:37	2015-11-16 13:49:36	11610568	568917832	0	49	328		https://sra-downloadb.be-md.ncbi.nlm.nih.gov/sos5/sra-pub-run-32/SRR000/800/SRR800613/SRR800613.2	SRX257605		RNA-Seq	cDNA	TRANSCRIPTOMIC	SINGLE	0	0	ILLUMINA	Illumina HiSeq 2000	SRP020354	PRJNA196402	2	196402	SRS405824	SAMN01995743	simple	3635	Gossypium hirsutum	GSM1111703							no					GEO	SRA072275		public	F77C127F12F77FB0AD403EE97F0D33BE	CB4FE7B6F37ECBBA1B791DA793FC46DE	https://www.ncbi.nlm.nih.gov/sra/?term=SRR800613	https://www.ncbi.nlm.nih.gov/bioproject/PRJNA196402	https://www.ncbi.nlm.nih.gov/biosample/SAMN01995743	https://www.ncbi.nlm.nih.gov/sra/?term=SRX257605	https://sra-downloadb.be-md.ncbi.nlm.nih.gov/sos5/sra-pub-run-32/SRR000/800/SRR800613/SRR800613.2	1104	
664	SRR800614	2015-07-22 17:03:37	2015-11-16 13:48:09	11769529	576706921	0	49	335		https://sra-downloadb.be-md.ncbi.nlm.nih.gov/sos5/sra-pub-run-32/SRR000/800/SRR800614/SRR800614.2	SRX257606		RNA-Seq	cDNA	TRANSCRIPTOMIC	SINGLE	0	0	ILLUMINA	Illumina HiSeq 2000	SRP020354	PRJNA196402	2	196402	SRS405825	SAMN01995744	simple	3635	Gossypium hirsutum	GSM1111704							no					GEO	SRA072275		public	86A89B7C5D1F3A14A5E876AFD7FD2C7A	892F01A962085A22FA66EF7EB3F25FE9	https://www.ncbi.nlm.nih.gov/sra/?term=SRR800614	https://www.ncbi.nlm.nih.gov/bioproject/PRJNA196402	https://www.ncbi.nlm.nih.gov/biosample/SAMN01995744	https://www.ncbi.nlm.nih.gov/sra/?term=SRX257606	https://sra-downloadb.be-md.ncbi.nlm.nih.gov/sos5/sra-pub-run-32/SRR000/800/SRR800614/SRR800614.2	1105	
665	SRR800615	2015-07-22 17:03:37	2015-11-16 13:46:41	12346385	604972865	0	49	349		https://sra-downloadb.be-md.ncbi.nlm.nih.gov/sos5/sra-pub-run-32/SRR000/800/SRR800615/SRR800615.2	SRX257607		RNA-Seq	cDNA	TRANSCRIPTOMIC	SINGLE	0	0	ILLUMINA	Illumina HiSeq 2000	SRP020354	PRJNA196402	2	196402	SRS405826	SAMN01995745	simple	3635	Gossypium hirsutum	GSM1111705							no					GEO	SRA072275		public	20DEA63642D3CC4FBD0F4698ACEADCFE	5247DCF700F53706A76DC28281E34EF3	https://www.ncbi.nlm.nih.gov/sra/?term=SRR800615	https://www.ncbi.nlm.nih.gov/bioproject/PRJNA196402	https://www.ncbi.nlm.nih.gov/biosample/SAMN01995745	https://www.ncbi.nlm.nih.gov/sra/?term=SRX257607	https://sra-downloadb.be-md.ncbi.nlm.nih.gov/sos5/sra-pub-run-32/SRR000/800/SRR800615/SRR800615.2	1106	
666	SRR5527245	2018-08-07 20:32:41	2017-05-11 09:33:11	27374440	7938510301	27374440	289	3365		https://sra-downloadb.be-md.ncbi.nlm.nih.gov/sos5/sra-pub-zq-14/SRR005/527/SRR5527245.sralite.1	SRX2678710		RNA-Seq	PolyA	TRANSCRIPTOMIC	PAIRED	0	0	ILLUMINA	Illumina HiSeq 3000	SRP102637	PRJNA380842		380842	SRS2076247	SAMN06649954	simple	3635	Gossypium hirsutum	Tissue culture cells							no					HUAZHONG AGRICULTURAL UNIVERSITY	SRA549994		public	13E99701108C46E2F2AAB1760F3DABCF	F940F656C86EC672011D52DF21DED0CE	https://www.ncbi.nlm.nih.gov/sra/?term=SRR5527245	https://www.ncbi.nlm.nih.gov/bioproject/PRJNA380842	https://www.ncbi.nlm.nih.gov/biosample/SAMN06649954	https://www.ncbi.nlm.nih.gov/sra/?term=SRX2678710	https://sra-downloadb.be-md.ncbi.nlm.nih.gov/sos5/sra-pub-zq-14/SRR005/527/SRR5527245.sralite.1	1056	
667	SRR5527246	2018-08-07 20:32:46	2017-05-11 09:15:23	25409326	7355156137	25409326	289	2827		https://sra-downloadb.be-md.ncbi.nlm.nih.gov/sos5/sra-pub-zq-14/SRR005/527/SRR5527246.sralite.1	SRX2678710		RNA-Seq	PolyA	TRANSCRIPTOMIC	PAIRED	0	0	ILLUMINA	Illumina HiSeq 3000	SRP102637	PRJNA380842		380842	SRS2076247	SAMN06649954	simple	3635	Gossypium hirsutum	Tissue culture cells							no					HUAZHONG AGRICULTURAL UNIVERSITY	SRA549994		public	F14D27CF3A13B3EE85004D99AAC66EB4	5E7578B63812E9D98FEC690E20A1F97F	https://www.ncbi.nlm.nih.gov/sra/?term=SRR5527246	https://www.ncbi.nlm.nih.gov/bioproject/PRJNA380842	https://www.ncbi.nlm.nih.gov/biosample/SAMN06649954	https://www.ncbi.nlm.nih.gov/sra/?term=SRX2678710	https://sra-downloadb.be-md.ncbi.nlm.nih.gov/sos5/sra-pub-zq-14/SRR005/527/SRR5527246.sralite.1	1057	
668	SRR5527247	2018-08-07 20:32:50	2017-05-11 09:43:43	42701596	12500996593	42701596	292	4630		https://sra-downloadb.be-md.ncbi.nlm.nih.gov/sos5/sra-pub-zq-14/SRR005/527/SRR5527247.sralite.1	SRX2678710		RNA-Seq	PolyA	TRANSCRIPTOMIC	PAIRED	0	0	ILLUMINA	Illumina HiSeq 3000	SRP102637	PRJNA380842		380842	SRS2076247	SAMN06649954	simple	3635	Gossypium hirsutum	Tissue culture cells							no					HUAZHONG AGRICULTURAL UNIVERSITY	SRA549994		public	F9CF39F9AB55509FAE7E9BD731F11C4B	3C8EBF196B3BB513BC23D3C04DCF6AF9	https://www.ncbi.nlm.nih.gov/sra/?term=SRR5527247	https://www.ncbi.nlm.nih.gov/bioproject/PRJNA380842	https://www.ncbi.nlm.nih.gov/biosample/SAMN06649954	https://www.ncbi.nlm.nih.gov/sra/?term=SRX2678710	https://sra-downloadb.be-md.ncbi.nlm.nih.gov/sos5/sra-pub-zq-14/SRR005/527/SRR5527247.sralite.1	1058	
669	SRR5527248	2018-08-07 20:32:54	2017-05-11 09:22:42	31225317	8874291870	31225317	284	3312		https://sra-downloadb.be-md.ncbi.nlm.nih.gov/sos5/sra-pub-zq-14/SRR005/527/SRR5527248.sralite.1	SRX2678710		RNA-Seq	PolyA	TRANSCRIPTOMIC	PAIRED	0	0	ILLUMINA	Illumina HiSeq 3000	SRP102637	PRJNA380842		380842	SRS2076247	SAMN06649954	simple	3635	Gossypium hirsutum	Tissue culture cells							no					HUAZHONG AGRICULTURAL UNIVERSITY	SRA549994		public	A440A673F64E57751D56469A0FAFC226	B250347457F5619E8A9B6A117643307F	https://www.ncbi.nlm.nih.gov/sra/?term=SRR5527248	https://www.ncbi.nlm.nih.gov/bioproject/PRJNA380842	https://www.ncbi.nlm.nih.gov/biosample/SAMN06649954	https://www.ncbi.nlm.nih.gov/sra/?term=SRX2678710	https://sra-downloadb.be-md.ncbi.nlm.nih.gov/sos5/sra-pub-zq-14/SRR005/527/SRR5527248.sralite.1	1059	
670	SRR5527249	2018-08-07 20:33:10	2017-05-11 09:36:53	59636331	18010171962	59636331	302	6037		https://sra-downloadb.be-md.ncbi.nlm.nih.gov/sos5/sra-pub-zq-14/SRR005/527/SRR5527249.sralite.1	SRX2678710		RNA-Seq	PolyA	TRANSCRIPTOMIC	PAIRED	0	0	ILLUMINA	Illumina HiSeq 3000	SRP102637	PRJNA380842		380842	SRS2076247	SAMN06649954	simple	3635	Gossypium hirsutum	Tissue culture cells							no					HUAZHONG AGRICULTURAL UNIVERSITY	SRA549994		public	5C7EC4BE192E6A7F9D594AED9D84F2BB	08F90F52DF6415A7AB3E3656B06E4A4D	https://www.ncbi.nlm.nih.gov/sra/?term=SRR5527249	https://www.ncbi.nlm.nih.gov/bioproject/PRJNA380842	https://www.ncbi.nlm.nih.gov/biosample/SAMN06649954	https://www.ncbi.nlm.nih.gov/sra/?term=SRX2678710	https://sra-downloadb.be-md.ncbi.nlm.nih.gov/sos5/sra-pub-zq-14/SRR005/527/SRR5527249.sralite.1	1060	
671	SRR5527250	2018-08-07 20:33:10	2017-05-11 09:15:24	26570105	7617313728	26570105	286	2847		https://sra-downloadb.be-md.ncbi.nlm.nih.gov/sos5/sra-pub-zq-14/SRR005/527/SRR5527250.sralite.1	SRX2678710		RNA-Seq	PolyA	TRANSCRIPTOMIC	PAIRED	0	0	ILLUMINA	Illumina HiSeq 3000	SRP102637	PRJNA380842		380842	SRS2076247	SAMN06649954	simple	3635	Gossypium hirsutum	Tissue culture cells							no					HUAZHONG AGRICULTURAL UNIVERSITY	SRA549994		public	38E918D1F6805B8B842D9516F30291F1	C29C2130F93BDB588B0574D562636680	https://www.ncbi.nlm.nih.gov/sra/?term=SRR5527250	https://www.ncbi.nlm.nih.gov/bioproject/PRJNA380842	https://www.ncbi.nlm.nih.gov/biosample/SAMN06649954	https://www.ncbi.nlm.nih.gov/sra/?term=SRX2678710	https://sra-downloadb.be-md.ncbi.nlm.nih.gov/sos5/sra-pub-zq-14/SRR005/527/SRR5527250.sralite.1	1061	
672	SRR5527300	2018-08-07 20:35:33	2017-05-11 09:01:18	10988643	259475782	0	23	121		https://sra-downloadb.be-md.ncbi.nlm.nih.gov/sos5/sra-pub-zq-14/SRR005/527/SRR5527300.sralite.1	SRX2678712		miRNA-Seq	size fractionation	TRANSCRIPTOMIC	SINGLE	0	0	ILLUMINA	Illumina HiSeq 2000	SRP102637	PRJNA380842		380842	SRS2076247	SAMN06649954	simple	3635	Gossypium hirsutum	Tissue culture cells							no					HUAZHONG AGRICULTURAL UNIVERSITY	SRA549994		public	DFED30C115AEC6815C556BF22959010C	08F663050B801DB30EE83482B101A10F	https://www.ncbi.nlm.nih.gov/sra/?term=SRR5527300	https://www.ncbi.nlm.nih.gov/bioproject/PRJNA380842	https://www.ncbi.nlm.nih.gov/biosample/SAMN06649954	https://www.ncbi.nlm.nih.gov/sra/?term=SRX2678712	https://sra-downloadb.be-md.ncbi.nlm.nih.gov/sos5/sra-pub-zq-14/SRR005/527/SRR5527300.sralite.1	1063	
673	SRR5527301	2018-08-07 20:35:38	2017-05-11 09:01:26	10789959	250216321	0	23	122		https://sra-downloadb.be-md.ncbi.nlm.nih.gov/sos5/sra-pub-zq-14/SRR005/527/SRR5527301.sralite.1	SRX2678712		miRNA-Seq	size fractionation	TRANSCRIPTOMIC	SINGLE	0	0	ILLUMINA	Illumina HiSeq 2000	SRP102637	PRJNA380842		380842	SRS2076247	SAMN06649954	simple	3635	Gossypium hirsutum	Tissue culture cells							no					HUAZHONG AGRICULTURAL UNIVERSITY	SRA549994		public	5383D7AE5526A426D84EB4E8A1347977	112A2664BBDF9B405204E77EE53F2C0E	https://www.ncbi.nlm.nih.gov/sra/?term=SRR5527301	https://www.ncbi.nlm.nih.gov/bioproject/PRJNA380842	https://www.ncbi.nlm.nih.gov/biosample/SAMN06649954	https://www.ncbi.nlm.nih.gov/sra/?term=SRX2678712	https://sra-downloadb.be-md.ncbi.nlm.nih.gov/sos5/sra-pub-zq-14/SRR005/527/SRR5527301.sralite.1	1064	
674	SRR5527302	2018-08-07 20:35:43	2017-05-11 09:01:17	11246664	258649807	0	22	113		https://sra-downloadb.be-md.ncbi.nlm.nih.gov/sos5/sra-pub-zq-14/SRR005/527/SRR5527302.sralite.1	SRX2678712		miRNA-Seq	size fractionation	TRANSCRIPTOMIC	SINGLE	0	0	ILLUMINA	Illumina HiSeq 2000	SRP102637	PRJNA380842		380842	SRS2076247	SAMN06649954	simple	3635	Gossypium hirsutum	Tissue culture cells							no					HUAZHONG AGRICULTURAL UNIVERSITY	SRA549994		public	1B6AE853B5254BFDCD017E3A0824FB48	8BF4822BE1BA1E2F27E47BE4DC23EAF1	https://www.ncbi.nlm.nih.gov/sra/?term=SRR5527302	https://www.ncbi.nlm.nih.gov/bioproject/PRJNA380842	https://www.ncbi.nlm.nih.gov/biosample/SAMN06649954	https://www.ncbi.nlm.nih.gov/sra/?term=SRX2678712	https://sra-downloadb.be-md.ncbi.nlm.nih.gov/sos5/sra-pub-zq-14/SRR005/527/SRR5527302.sralite.1	1065	
675	SRR5527303	2018-08-07 20:35:53	2017-05-11 09:01:23	11170465	259256214	0	23	116		https://sra-downloadb.be-md.ncbi.nlm.nih.gov/sos5/sra-pub-zq-14/SRR005/527/SRR5527303.sralite.1	SRX2678712		miRNA-Seq	size fractionation	TRANSCRIPTOMIC	SINGLE	0	0	ILLUMINA	Illumina HiSeq 2000	SRP102637	PRJNA380842		380842	SRS2076247	SAMN06649954	simple	3635	Gossypium hirsutum	Tissue culture cells							no					HUAZHONG AGRICULTURAL UNIVERSITY	SRA549994		public	A1A29D2FB19CD936D6D67DA44A3AA9F5	FDCA1075631D3D7964983321308642B7	https://www.ncbi.nlm.nih.gov/sra/?term=SRR5527303	https://www.ncbi.nlm.nih.gov/bioproject/PRJNA380842	https://www.ncbi.nlm.nih.gov/biosample/SAMN06649954	https://www.ncbi.nlm.nih.gov/sra/?term=SRX2678712	https://sra-downloadb.be-md.ncbi.nlm.nih.gov/sos5/sra-pub-zq-14/SRR005/527/SRR5527303.sralite.1	1066	
676	SRR5527304	2018-08-07 20:35:59	2017-05-11 09:01:15	11033946	254445158	0	23	118		https://sra-downloadb.be-md.ncbi.nlm.nih.gov/sos5/sra-pub-zq-14/SRR005/527/SRR5527304.sralite.1	SRX2678712		miRNA-Seq	size fractionation	TRANSCRIPTOMIC	SINGLE	0	0	ILLUMINA	Illumina HiSeq 2000	SRP102637	PRJNA380842		380842	SRS2076247	SAMN06649954	simple	3635	Gossypium hirsutum	Tissue culture cells							no					HUAZHONG AGRICULTURAL UNIVERSITY	SRA549994		public	AFA4D3D8E278D9F636FD48C35E4EE530	CB18C1DFD6F3FFCF87F719BDFE2F1438	https://www.ncbi.nlm.nih.gov/sra/?term=SRR5527304	https://www.ncbi.nlm.nih.gov/bioproject/PRJNA380842	https://www.ncbi.nlm.nih.gov/biosample/SAMN06649954	https://www.ncbi.nlm.nih.gov/sra/?term=SRX2678712	https://sra-downloadb.be-md.ncbi.nlm.nih.gov/sos5/sra-pub-zq-14/SRR005/527/SRR5527304.sralite.1	1067	
677	SRR5527413	2018-08-07 20:36:10	2017-05-11 09:02:40	11303312	261618067	0	23	115		https://sra-downloadb.be-md.ncbi.nlm.nih.gov/sos5/sra-pub-zq-14/SRR005/527/SRR5527413.sralite.1	SRX2678712		miRNA-Seq	size fractionation	TRANSCRIPTOMIC	SINGLE	0	0	ILLUMINA	Illumina HiSeq 2000	SRP102637	PRJNA380842		380842	SRS2076247	SAMN06649954	simple	3635	Gossypium hirsutum	Tissue culture cells							no					HUAZHONG AGRICULTURAL UNIVERSITY	SRA549994		public	7D9B84CCBFE9F8E1740CEF0C982B5720	4F53D3650B45E304D7B85F2E347F4A83	https://www.ncbi.nlm.nih.gov/sra/?term=SRR5527413	https://www.ncbi.nlm.nih.gov/bioproject/PRJNA380842	https://www.ncbi.nlm.nih.gov/biosample/SAMN06649954	https://www.ncbi.nlm.nih.gov/sra/?term=SRX2678712	https://sra-downloadb.be-md.ncbi.nlm.nih.gov/sos5/sra-pub-zq-14/SRR005/527/SRR5527413.sralite.1	1068	
678	SRR18078748	2022-02-23 09:01:28	2022-02-23 08:49:47	22659135	6771586678	22659135	298	2111		https://sra-downloadb.be-md.ncbi.nlm.nih.gov/sos1/sra-pub-zq-38/SRR018/18078/SRR18078748/SRR18078748.lite.1	SRX14230304	T10	RNA-Seq	PCR	TRANSCRIPTOMIC	PAIRED	0	0	ILLUMINA	Illumina HiSeq 2500	SRP360616	PRJNA808630		808630	SRS12051528	SAMN26096476	simple	3635	Gossypium hirsutum	T10							no					INSTITUTE OF COTTON RESEARCH OF CAAS	SRA1374833		public	0D1B6A60CF5E82C1902032BBB01EDDC3	F8E2C2C8711576F7E5ACBB71B4F3CBAF	https://www.ncbi.nlm.nih.gov/sra/?term=SRR18078748	https://www.ncbi.nlm.nih.gov/bioproject/PRJNA808630	https://www.ncbi.nlm.nih.gov/biosample/SAMN26096476	https://www.ncbi.nlm.nih.gov/sra/?term=SRX14230304	https://sra-downloadb.be-md.ncbi.nlm.nih.gov/sos1/sra-pub-zq-38/SRR018/18078/SRR18078748/SRR18078748.lite.1	484	
679	SRR18078749	2022-02-23 09:01:28	2022-02-23 08:50:00	23099455	6901324494	23099455	298	2140		https://sra-downloadb.be-md.ncbi.nlm.nih.gov/sos1/sra-pub-zq-38/SRR018/18078/SRR18078749/SRR18078749.lite.1	SRX14230303	T09	RNA-Seq	PCR	TRANSCRIPTOMIC	PAIRED	0	0	ILLUMINA	Illumina HiSeq 2500	SRP360616	PRJNA808630		808630	SRS12051527	SAMN26096475	simple	3635	Gossypium hirsutum	T09							no					INSTITUTE OF COTTON RESEARCH OF CAAS	SRA1374833		public	A71E6A21487165A87B8A639D03384034	ECACDC5A0DEF71F54471BA9C34E50827	https://www.ncbi.nlm.nih.gov/sra/?term=SRR18078749	https://www.ncbi.nlm.nih.gov/bioproject/PRJNA808630	https://www.ncbi.nlm.nih.gov/biosample/SAMN26096475	https://www.ncbi.nlm.nih.gov/sra/?term=SRX14230303	https://sra-downloadb.be-md.ncbi.nlm.nih.gov/sos1/sra-pub-zq-38/SRR018/18078/SRR18078749/SRR18078749.lite.1	485	
680	SRR18078750	2022-02-23 09:44:03	2022-02-23 08:54:17	27356425	8170922184	27356425	298	2554		https://sra-downloadb.be-md.ncbi.nlm.nih.gov/sos9/sra-pub-zq-924/SRR018/18078/SRR18078750/SRR18078750.lite.1	SRX14230302	T08	RNA-Seq	PCR	TRANSCRIPTOMIC	PAIRED	0	0	ILLUMINA	Illumina HiSeq 2500	SRP360616	PRJNA808630		808630	SRS12051526	SAMN26096474	simple	3635	Gossypium hirsutum	T08							no					INSTITUTE OF COTTON RESEARCH OF CAAS	SRA1374833		public	4AAAF3E38876B5F21BD036E3D1D5C5BB	FEBA4BFEEBC1F420D5F8FF14E14DD7C4	https://www.ncbi.nlm.nih.gov/sra/?term=SRR18078750	https://www.ncbi.nlm.nih.gov/bioproject/PRJNA808630	https://www.ncbi.nlm.nih.gov/biosample/SAMN26096474	https://www.ncbi.nlm.nih.gov/sra/?term=SRX14230302	https://sra-downloadb.be-md.ncbi.nlm.nih.gov/sos9/sra-pub-zq-924/SRR018/18078/SRR18078750/SRR18078750.lite.1	486	
681	SRR18078751	2022-02-23 09:44:03	2022-02-23 08:53:30	23835111	7117080878	23835111	298	2255		https://sra-downloadb.be-md.ncbi.nlm.nih.gov/sos1/sra-pub-zq-38/SRR018/18078/SRR18078751/SRR18078751.lite.1	SRX14230301	T07	RNA-Seq	PCR	TRANSCRIPTOMIC	PAIRED	0	0	ILLUMINA	Illumina HiSeq 2500	SRP360616	PRJNA808630		808630	SRS12051524	SAMN26096473	simple	3635	Gossypium hirsutum	T07							no					INSTITUTE OF COTTON RESEARCH OF CAAS	SRA1374833		public	BAD4D8D890FBCAA4AF371E2936F38334	E91AD52979999D688109476BCCDB5705	https://www.ncbi.nlm.nih.gov/sra/?term=SRR18078751	https://www.ncbi.nlm.nih.gov/bioproject/PRJNA808630	https://www.ncbi.nlm.nih.gov/biosample/SAMN26096473	https://www.ncbi.nlm.nih.gov/sra/?term=SRX14230301	https://sra-downloadb.be-md.ncbi.nlm.nih.gov/sos1/sra-pub-zq-38/SRR018/18078/SRR18078751/SRR18078751.lite.1	487	
682	SRR18078752	2022-02-23 09:44:03	2022-02-23 08:51:19	19814448	5920178496	19814448	298	1817		https://sra-downloadb.be-md.ncbi.nlm.nih.gov/sos9/sra-pub-zq-922/SRR018/18078/SRR18078752/SRR18078752.lite.1	SRX14230300	T06	RNA-Seq	PCR	TRANSCRIPTOMIC	PAIRED	0	0	ILLUMINA	Illumina HiSeq 2500	SRP360616	PRJNA808630		808630	SRS12051525	SAMN26096472	simple	3635	Gossypium hirsutum	T06							no					INSTITUTE OF COTTON RESEARCH OF CAAS	SRA1374833		public	9EE018EF227CE84F4F26CAB15F575FF5	E351D34287C89853666C5A4A251A9163	https://www.ncbi.nlm.nih.gov/sra/?term=SRR18078752	https://www.ncbi.nlm.nih.gov/bioproject/PRJNA808630	https://www.ncbi.nlm.nih.gov/biosample/SAMN26096472	https://www.ncbi.nlm.nih.gov/sra/?term=SRX14230300	https://sra-downloadb.be-md.ncbi.nlm.nih.gov/sos9/sra-pub-zq-922/SRR018/18078/SRR18078752/SRR18078752.lite.1	488	
683	SRR18078753	2022-02-23 09:44:03	2022-02-23 08:59:03	19793869	5902041768	19793869	298	1829		https://sra-downloadb.be-md.ncbi.nlm.nih.gov/sos9/sra-pub-zq-922/SRR018/18078/SRR18078753/SRR18078753.lite.1	SRX14230299	T05	RNA-Seq	PCR	TRANSCRIPTOMIC	PAIRED	0	0	ILLUMINA	Illumina HiSeq 2500	SRP360616	PRJNA808630		808630	SRS12051523	SAMN26096471	simple	3635	Gossypium hirsutum	T05							no					INSTITUTE OF COTTON RESEARCH OF CAAS	SRA1374833		public	2C1231436D1519A2121E78F5B94C803E	A07910E9EAEAC2C0113C57058F5ED062	https://www.ncbi.nlm.nih.gov/sra/?term=SRR18078753	https://www.ncbi.nlm.nih.gov/bioproject/PRJNA808630	https://www.ncbi.nlm.nih.gov/biosample/SAMN26096471	https://www.ncbi.nlm.nih.gov/sra/?term=SRX14230299	https://sra-downloadb.be-md.ncbi.nlm.nih.gov/sos9/sra-pub-zq-922/SRR018/18078/SRR18078753/SRR18078753.lite.1	490	
684	SRR18078754	2022-02-23 09:01:28	2022-02-23 08:48:51	23082745	6892802108	23082745	298	2122		https://sra-downloadb.be-md.ncbi.nlm.nih.gov/sos9/sra-pub-zq-924/SRR018/18078/SRR18078754/SRR18078754.lite.1	SRX14230298	T04	RNA-Seq	PCR	TRANSCRIPTOMIC	PAIRED	0	0	ILLUMINA	Illumina HiSeq 2500	SRP360616	PRJNA808630		808630	SRS12051522	SAMN26096470	simple	3635	Gossypium hirsutum	T04							no					INSTITUTE OF COTTON RESEARCH OF CAAS	SRA1374833		public	1071586286559D40BE0D9D3DACC93F2F	D6F87C698364476660FC09EEAE7664FD	https://www.ncbi.nlm.nih.gov/sra/?term=SRR18078754	https://www.ncbi.nlm.nih.gov/bioproject/PRJNA808630	https://www.ncbi.nlm.nih.gov/biosample/SAMN26096470	https://www.ncbi.nlm.nih.gov/sra/?term=SRX14230298	https://sra-downloadb.be-md.ncbi.nlm.nih.gov/sos9/sra-pub-zq-924/SRR018/18078/SRR18078754/SRR18078754.lite.1	491	
685	SRR18078755	2022-02-23 09:01:28	2022-02-23 08:48:33	20873354	6238955574	20873354	298	1939		https://sra-downloadb.be-md.ncbi.nlm.nih.gov/sos9/sra-pub-zq-922/SRR018/18078/SRR18078755/SRR18078755.lite.1	SRX14230297	T03	RNA-Seq	PCR	TRANSCRIPTOMIC	PAIRED	0	0	ILLUMINA	Illumina HiSeq 2500	SRP360616	PRJNA808630		808630	SRS12051520	SAMN26096469	simple	3635	Gossypium hirsutum	T03							no					INSTITUTE OF COTTON RESEARCH OF CAAS	SRA1374833		public	A9EFA6E52D1B346A6D7CA5E7089C5877	60AFF16332D4210C7A8CA76FCEE05729	https://www.ncbi.nlm.nih.gov/sra/?term=SRR18078755	https://www.ncbi.nlm.nih.gov/bioproject/PRJNA808630	https://www.ncbi.nlm.nih.gov/biosample/SAMN26096469	https://www.ncbi.nlm.nih.gov/sra/?term=SRX14230297	https://sra-downloadb.be-md.ncbi.nlm.nih.gov/sos9/sra-pub-zq-922/SRR018/18078/SRR18078755/SRR18078755.lite.1	492	
686	SRR18078756	2022-02-23 09:44:03	2022-02-23 08:58:34	22957957	6858062878	22957957	298	2132		https://sra-downloadb.be-md.ncbi.nlm.nih.gov/sos1/sra-pub-zq-38/SRR018/18078/SRR18078756/SRR18078756.lite.1	SRX14230296	T18	RNA-Seq	PCR	TRANSCRIPTOMIC	PAIRED	0	0	ILLUMINA	Illumina HiSeq 2500	SRP360616	PRJNA808630		808630	SRS12051521	SAMN26096484	simple	3635	Gossypium hirsutum	T18							no					INSTITUTE OF COTTON RESEARCH OF CAAS	SRA1374833		public	0A3CD6C05844B27E26ACD6658DA0A9FE	B1E6C808D25828C891DB6138DC95E9D1	https://www.ncbi.nlm.nih.gov/sra/?term=SRR18078756	https://www.ncbi.nlm.nih.gov/bioproject/PRJNA808630	https://www.ncbi.nlm.nih.gov/biosample/SAMN26096484	https://www.ncbi.nlm.nih.gov/sra/?term=SRX14230296	https://sra-downloadb.be-md.ncbi.nlm.nih.gov/sos1/sra-pub-zq-38/SRR018/18078/SRR18078756/SRR18078756.lite.1	493	
687	SRR18078757	2022-02-23 09:01:28	2022-02-23 08:48:57	21398972	6381868238	21398972	298	1965		https://sra-downloadb.be-md.ncbi.nlm.nih.gov/sos8/sra-pub-zq-820/SRR018/18078/SRR18078757/SRR18078757.lite.1	SRX14230295	T17	RNA-Seq	PCR	TRANSCRIPTOMIC	PAIRED	0	0	ILLUMINA	Illumina HiSeq 2500	SRP360616	PRJNA808630		808630	SRS12051519	SAMN26096483	simple	3635	Gossypium hirsutum	T17							no					INSTITUTE OF COTTON RESEARCH OF CAAS	SRA1374833		public	254B431D251374B963A684B29AF8859E	5AB867F07395AA5A25B075B20448DB7C	https://www.ncbi.nlm.nih.gov/sra/?term=SRR18078757	https://www.ncbi.nlm.nih.gov/bioproject/PRJNA808630	https://www.ncbi.nlm.nih.gov/biosample/SAMN26096483	https://www.ncbi.nlm.nih.gov/sra/?term=SRX14230295	https://sra-downloadb.be-md.ncbi.nlm.nih.gov/sos8/sra-pub-zq-820/SRR018/18078/SRR18078757/SRR18078757.lite.1	494	
688	SRR18078758	2022-02-23 09:01:28	2022-02-23 08:50:13	24462471	7304623136	24462471	298	2272		https://sra-downloadb.be-md.ncbi.nlm.nih.gov/sos1/sra-pub-zq-38/SRR018/18078/SRR18078758/SRR18078758.lite.1	SRX14230294	T16	RNA-Seq	PCR	TRANSCRIPTOMIC	PAIRED	0	0	ILLUMINA	Illumina HiSeq 2500	SRP360616	PRJNA808630		808630	SRS12051518	SAMN26096482	simple	3635	Gossypium hirsutum	T16							no					INSTITUTE OF COTTON RESEARCH OF CAAS	SRA1374833		public	B5C776DD9B604046D2E4793B11CC1A02	2D765BD10C6E991D472D9EFD33619F71	https://www.ncbi.nlm.nih.gov/sra/?term=SRR18078758	https://www.ncbi.nlm.nih.gov/bioproject/PRJNA808630	https://www.ncbi.nlm.nih.gov/biosample/SAMN26096482	https://www.ncbi.nlm.nih.gov/sra/?term=SRX14230294	https://sra-downloadb.be-md.ncbi.nlm.nih.gov/sos1/sra-pub-zq-38/SRR018/18078/SRR18078758/SRR18078758.lite.1	495	
689	SRR18078759	2022-02-23 09:44:03	2022-02-23 09:00:01	21365598	6379212838	21365598	298	1962		https://sra-downloadb.be-md.ncbi.nlm.nih.gov/sos9/sra-pub-zq-922/SRR018/18078/SRR18078759/SRR18078759.lite.1	SRX14230293	T15	RNA-Seq	PCR	TRANSCRIPTOMIC	PAIRED	0	0	ILLUMINA	Illumina HiSeq 2500	SRP360616	PRJNA808630		808630	SRS12051517	SAMN26096481	simple	3635	Gossypium hirsutum	T15							no					INSTITUTE OF COTTON RESEARCH OF CAAS	SRA1374833		public	5108C8B0F300960A27AE7FF79A90F04E	087E5E67DAE99199ADD0A2E8CF0223D9	https://www.ncbi.nlm.nih.gov/sra/?term=SRR18078759	https://www.ncbi.nlm.nih.gov/bioproject/PRJNA808630	https://www.ncbi.nlm.nih.gov/biosample/SAMN26096481	https://www.ncbi.nlm.nih.gov/sra/?term=SRX14230293	https://sra-downloadb.be-md.ncbi.nlm.nih.gov/sos9/sra-pub-zq-922/SRR018/18078/SRR18078759/SRR18078759.lite.1	496	
690	SRR18078760	2022-02-23 09:01:28	2022-02-23 08:49:59	20745583	6196852974	20745583	298	1905		https://sra-downloadb.be-md.ncbi.nlm.nih.gov/sos9/sra-pub-zq-922/SRR018/18078/SRR18078760/SRR18078760.lite.1	SRX14230292	T14	RNA-Seq	PCR	TRANSCRIPTOMIC	PAIRED	0	0	ILLUMINA	Illumina HiSeq 2500	SRP360616	PRJNA808630		808630	SRS12051516	SAMN26096480	simple	3635	Gossypium hirsutum	T14							no					INSTITUTE OF COTTON RESEARCH OF CAAS	SRA1374833		public	05EC57D2595C8CBC3BCE46CE31D56339	98EF051F9363717677810433EF6B9551	https://www.ncbi.nlm.nih.gov/sra/?term=SRR18078760	https://www.ncbi.nlm.nih.gov/bioproject/PRJNA808630	https://www.ncbi.nlm.nih.gov/biosample/SAMN26096480	https://www.ncbi.nlm.nih.gov/sra/?term=SRX14230292	https://sra-downloadb.be-md.ncbi.nlm.nih.gov/sos9/sra-pub-zq-922/SRR018/18078/SRR18078760/SRR18078760.lite.1	497	
691	SRR18078761	2022-02-23 09:01:28	2022-02-23 08:47:24	19742909	5893939490	19742909	298	1815		https://sra-downloadb.be-md.ncbi.nlm.nih.gov/sos8/sra-pub-zq-820/SRR018/18078/SRR18078761/SRR18078761.lite.1	SRX14230291	T13	RNA-Seq	PCR	TRANSCRIPTOMIC	PAIRED	0	0	ILLUMINA	Illumina HiSeq 2500	SRP360616	PRJNA808630		808630	SRS12051514	SAMN26096479	simple	3635	Gossypium hirsutum	T13							no					INSTITUTE OF COTTON RESEARCH OF CAAS	SRA1374833		public	4854BCC3A4B2317DB39E4F71FBA6D61F	4241C6DF0E5CABE3404F00163804CECF	https://www.ncbi.nlm.nih.gov/sra/?term=SRR18078761	https://www.ncbi.nlm.nih.gov/bioproject/PRJNA808630	https://www.ncbi.nlm.nih.gov/biosample/SAMN26096479	https://www.ncbi.nlm.nih.gov/sra/?term=SRX14230291	https://sra-downloadb.be-md.ncbi.nlm.nih.gov/sos8/sra-pub-zq-820/SRR018/18078/SRR18078761/SRR18078761.lite.1	498	
692	SRR18078762	2022-02-23 09:44:03	2022-02-23 08:57:43	23909602	7135086430	23909602	298	2229		https://sra-downloadb.be-md.ncbi.nlm.nih.gov/sos8/sra-pub-zq-820/SRR018/18078/SRR18078762/SRR18078762.lite.1	SRX14230290	T12	RNA-Seq	PCR	TRANSCRIPTOMIC	PAIRED	0	0	ILLUMINA	Illumina HiSeq 2500	SRP360616	PRJNA808630		808630	SRS12051515	SAMN26096478	simple	3635	Gossypium hirsutum	T12							no					INSTITUTE OF COTTON RESEARCH OF CAAS	SRA1374833		public	5B0780B9E0D1F45DA778A54C527C2403	80860ED0E7CEEAD6D5C53DB431CD9509	https://www.ncbi.nlm.nih.gov/sra/?term=SRR18078762	https://www.ncbi.nlm.nih.gov/bioproject/PRJNA808630	https://www.ncbi.nlm.nih.gov/biosample/SAMN26096478	https://www.ncbi.nlm.nih.gov/sra/?term=SRX14230290	https://sra-downloadb.be-md.ncbi.nlm.nih.gov/sos8/sra-pub-zq-820/SRR018/18078/SRR18078762/SRR18078762.lite.1	500	
693	SRR18078763	2022-02-23 09:44:03	2022-02-23 08:58:59	22230159	6637238090	22230159	298	2088		https://sra-downloadb.be-md.ncbi.nlm.nih.gov/sos9/sra-pub-zq-922/SRR018/18078/SRR18078763/SRR18078763.lite.1	SRX14230289	T11	RNA-Seq	PCR	TRANSCRIPTOMIC	PAIRED	0	0	ILLUMINA	Illumina HiSeq 2500	SRP360616	PRJNA808630		808630	SRS12051513	SAMN26096477	simple	3635	Gossypium hirsutum	T11							no					INSTITUTE OF COTTON RESEARCH OF CAAS	SRA1374833		public	EFAD36B7B8C89BC95F86B94DD6407A56	74517C8264BAF7926215B5B7B212A013	https://www.ncbi.nlm.nih.gov/sra/?term=SRR18078763	https://www.ncbi.nlm.nih.gov/bioproject/PRJNA808630	https://www.ncbi.nlm.nih.gov/biosample/SAMN26096477	https://www.ncbi.nlm.nih.gov/sra/?term=SRX14230289	https://sra-downloadb.be-md.ncbi.nlm.nih.gov/sos9/sra-pub-zq-922/SRR018/18078/SRR18078763/SRR18078763.lite.1	501	
694	SRR18078764	2022-02-23 09:01:28	2022-02-23 08:50:06	23608106	7051509484	23608106	298	2175		https://sra-downloadb.be-md.ncbi.nlm.nih.gov/sos1/sra-pub-zq-38/SRR018/18078/SRR18078764/SRR18078764.lite.1	SRX14230288	T02	RNA-Seq	PCR	TRANSCRIPTOMIC	PAIRED	0	0	ILLUMINA	Illumina HiSeq 2500	SRP360616	PRJNA808630		808630	SRS12051512	SAMN26096468	simple	3635	Gossypium hirsutum	T02							no					INSTITUTE OF COTTON RESEARCH OF CAAS	SRA1374833		public	A2EB5A60E69508851AB35A63D215EA1D	BCE76330C1C55804B827CCAEDE3497DD	https://www.ncbi.nlm.nih.gov/sra/?term=SRR18078764	https://www.ncbi.nlm.nih.gov/bioproject/PRJNA808630	https://www.ncbi.nlm.nih.gov/biosample/SAMN26096468	https://www.ncbi.nlm.nih.gov/sra/?term=SRX14230288	https://sra-downloadb.be-md.ncbi.nlm.nih.gov/sos1/sra-pub-zq-38/SRR018/18078/SRR18078764/SRR18078764.lite.1	502	
695	SRR18078765	2022-02-23 09:44:03	2022-02-23 08:52:46	24411122	7289039888	24411122	298	2289		https://sra-downloadb.be-md.ncbi.nlm.nih.gov/sos8/sra-pub-zq-820/SRR018/18078/SRR18078765/SRR18078765.lite.1	SRX14230287	T01	RNA-Seq	PCR	TRANSCRIPTOMIC	PAIRED	0	0	ILLUMINA	Illumina HiSeq 2500	SRP360616	PRJNA808630		808630	SRS12051511	SAMN26096467	simple	3635	Gossypium hirsutum	T01							no					INSTITUTE OF COTTON RESEARCH OF CAAS	SRA1374833		public	C3FE3688D8E3B104BE17E845524E6BBF	F43BD38F440D61AE9790535B82AD3702	https://www.ncbi.nlm.nih.gov/sra/?term=SRR18078765	https://www.ncbi.nlm.nih.gov/bioproject/PRJNA808630	https://www.ncbi.nlm.nih.gov/biosample/SAMN26096467	https://www.ncbi.nlm.nih.gov/sra/?term=SRX14230287	https://sra-downloadb.be-md.ncbi.nlm.nih.gov/sos8/sra-pub-zq-820/SRR018/18078/SRR18078765/SRR18078765.lite.1	503	
696	SRR24530420	2024-06-01 00:57:56	2023-05-12 22:17:32	19710026	5913007800	19710026	300	1878		https://sra-downloadb.be-md.ncbi.nlm.nih.gov/sos6/sra-pub-zq-40/SRR024/24530/SRR24530420/SRR24530420.lite.1	SRX20314626	J4_2	RNA-Seq	PolyA	TRANSCRIPTOMIC	PAIRED	0	0	ILLUMINA	Illumina HiSeq 2500	SRP437504	PRJNA874819		874819	SRS17638961	SAMN30573013	simple	3635	Gossypium hirsutum	Transcriptome of Gossypium hirsutum cultivar Jin668							no					HUAZHONG AGRICULTURAL UNIVERSITY	SRA1637554		public	CAE843501B63AC0DEA023C07C52047F6	01DF334E18548F40AD7397A9F00C0F7C	https://www.ncbi.nlm.nih.gov/sra/?term=SRR24530420	https://www.ncbi.nlm.nih.gov/bioproject/PRJNA874819	https://www.ncbi.nlm.nih.gov/biosample/SAMN30573013	https://www.ncbi.nlm.nih.gov/sra/?term=SRX20314626	https://sra-downloadb.be-md.ncbi.nlm.nih.gov/sos6/sra-pub-zq-40/SRR024/24530/SRR24530420/SRR24530420.lite.1	652	
697	SRR24530421	2024-06-01 00:57:56	2023-05-12 22:17:45	20219158	6065747400	20219158	300	2020		https://sra-downloadb.be-md.ncbi.nlm.nih.gov/sos6/sra-pub-zq-40/SRR024/24530/SRR24530421/SRR24530421.lite.1	SRX20314625	J4_1	RNA-Seq	PolyA	TRANSCRIPTOMIC	PAIRED	0	0	ILLUMINA	Illumina HiSeq 2500	SRP437504	PRJNA874819		874819	SRS17638961	SAMN30573013	simple	3635	Gossypium hirsutum	Transcriptome of Gossypium hirsutum cultivar Jin668							no					HUAZHONG AGRICULTURAL UNIVERSITY	SRA1637554		public	2A3D56F070C109C1E6E9ED9F284D4898	769EA0CB821EE81EA6477DAF9D25101C	https://www.ncbi.nlm.nih.gov/sra/?term=SRR24530421	https://www.ncbi.nlm.nih.gov/bioproject/PRJNA874819	https://www.ncbi.nlm.nih.gov/biosample/SAMN30573013	https://www.ncbi.nlm.nih.gov/sra/?term=SRX20314625	https://sra-downloadb.be-md.ncbi.nlm.nih.gov/sos6/sra-pub-zq-40/SRR024/24530/SRR24530421/SRR24530421.lite.1	653	
698	SRR24530422	2024-06-01 00:57:56	2023-05-12 22:18:22	22762456	6828736800	22762456	300	2073		https://sra-downloadb.be-md.ncbi.nlm.nih.gov/sos6/sra-pub-zq-40/SRR024/24530/SRR24530422/SRR24530422.lite.1	SRX20314624	J3_2	RNA-Seq	PolyA	TRANSCRIPTOMIC	PAIRED	0	0	ILLUMINA	Illumina HiSeq 2500	SRP437504	PRJNA874819		874819	SRS17638961	SAMN30573013	simple	3635	Gossypium hirsutum	Transcriptome of Gossypium hirsutum cultivar Jin668							no					HUAZHONG AGRICULTURAL UNIVERSITY	SRA1637554		public	AD83C9C81C0614486FA7A73A71DE6DF8	849577CC90EEDF23EE2AA8F4B362A184	https://www.ncbi.nlm.nih.gov/sra/?term=SRR24530422	https://www.ncbi.nlm.nih.gov/bioproject/PRJNA874819	https://www.ncbi.nlm.nih.gov/biosample/SAMN30573013	https://www.ncbi.nlm.nih.gov/sra/?term=SRX20314624	https://sra-downloadb.be-md.ncbi.nlm.nih.gov/sos6/sra-pub-zq-40/SRR024/24530/SRR24530422/SRR24530422.lite.1	654	
699	SRR24530423	2024-06-01 00:57:56	2023-05-12 22:18:01	22564954	6769486200	22564954	300	2032		https://sra-downloadb.be-md.ncbi.nlm.nih.gov/sos6/sra-pub-zq-40/SRR024/24530/SRR24530423/SRR24530423.lite.1	SRX20314623	J3_1	RNA-Seq	PolyA	TRANSCRIPTOMIC	PAIRED	0	0	ILLUMINA	Illumina HiSeq 2500	SRP437504	PRJNA874819		874819	SRS17638961	SAMN30573013	simple	3635	Gossypium hirsutum	Transcriptome of Gossypium hirsutum cultivar Jin668							no					HUAZHONG AGRICULTURAL UNIVERSITY	SRA1637554		public	76872896C17C0CA210A25F694C6EC591	9EBBBCFC23DEC2678C72192A333B54CE	https://www.ncbi.nlm.nih.gov/sra/?term=SRR24530423	https://www.ncbi.nlm.nih.gov/bioproject/PRJNA874819	https://www.ncbi.nlm.nih.gov/biosample/SAMN30573013	https://www.ncbi.nlm.nih.gov/sra/?term=SRX20314623	https://sra-downloadb.be-md.ncbi.nlm.nih.gov/sos6/sra-pub-zq-40/SRR024/24530/SRR24530423/SRR24530423.lite.1	655	
700	SRR24530424	2024-06-01 00:57:56	2023-05-12 22:27:38	20667093	6200127900	20667093	300	1991		https://sra-downloadb.be-md.ncbi.nlm.nih.gov/sos6/sra-pub-zq-40/SRR024/24530/SRR24530424/SRR24530424.lite.1	SRX20314622	J2_2	RNA-Seq	PolyA	TRANSCRIPTOMIC	PAIRED	0	0	ILLUMINA	Illumina HiSeq 2500	SRP437504	PRJNA874819		874819	SRS17638961	SAMN30573013	simple	3635	Gossypium hirsutum	Transcriptome of Gossypium hirsutum cultivar Jin668							no					HUAZHONG AGRICULTURAL UNIVERSITY	SRA1637554		public	216FC876140EAF111B1DB02B0A406DA6	73539532458B67366D003BA7A1522433	https://www.ncbi.nlm.nih.gov/sra/?term=SRR24530424	https://www.ncbi.nlm.nih.gov/bioproject/PRJNA874819	https://www.ncbi.nlm.nih.gov/biosample/SAMN30573013	https://www.ncbi.nlm.nih.gov/sra/?term=SRX20314622	https://sra-downloadb.be-md.ncbi.nlm.nih.gov/sos6/sra-pub-zq-40/SRR024/24530/SRR24530424/SRR24530424.lite.1	656	
701	SRR24530425	2024-06-01 00:57:56	2023-05-12 22:24:10	22225611	6667683300	22225611	300	2112		https://sra-downloadb.be-md.ncbi.nlm.nih.gov/sos6/sra-pub-zq-40/SRR024/24530/SRR24530425/SRR24530425.lite.1	SRX20314621	J2_1	RNA-Seq	PolyA	TRANSCRIPTOMIC	PAIRED	0	0	ILLUMINA	Illumina HiSeq 2500	SRP437504	PRJNA874819		874819	SRS17638961	SAMN30573013	simple	3635	Gossypium hirsutum	Transcriptome of Gossypium hirsutum cultivar Jin668							no					HUAZHONG AGRICULTURAL UNIVERSITY	SRA1637554		public	6C54DB6D831D8E698B4CB214FDC6949E	8CBD2A4CED8C3768593800A2E53330D7	https://www.ncbi.nlm.nih.gov/sra/?term=SRR24530425	https://www.ncbi.nlm.nih.gov/bioproject/PRJNA874819	https://www.ncbi.nlm.nih.gov/biosample/SAMN30573013	https://www.ncbi.nlm.nih.gov/sra/?term=SRX20314621	https://sra-downloadb.be-md.ncbi.nlm.nih.gov/sos6/sra-pub-zq-40/SRR024/24530/SRR24530425/SRR24530425.lite.1	658	
702	SRR24530435	2024-06-01 00:57:56	2023-05-12 22:25:09	21988072	6596421600	21988072	300	2084		https://sra-downloadb.be-md.ncbi.nlm.nih.gov/sos6/sra-pub-zq-40/SRR024/24530/SRR24530435/SRR24530435.lite.1	SRX20314611	J1_2	RNA-Seq	PolyA	TRANSCRIPTOMIC	PAIRED	0	0	ILLUMINA	Illumina HiSeq 2500	SRP437504	PRJNA874819		874819	SRS17638961	SAMN30573013	simple	3635	Gossypium hirsutum	Transcriptome of Gossypium hirsutum cultivar Jin668							no					HUAZHONG AGRICULTURAL UNIVERSITY	SRA1637554		public	DCB76B760C85B697825EB28CBF2AD6D0	92721506E866495DCF0B1ED2EA7E453E	https://www.ncbi.nlm.nih.gov/sra/?term=SRR24530435	https://www.ncbi.nlm.nih.gov/bioproject/PRJNA874819	https://www.ncbi.nlm.nih.gov/biosample/SAMN30573013	https://www.ncbi.nlm.nih.gov/sra/?term=SRX20314611	https://sra-downloadb.be-md.ncbi.nlm.nih.gov/sos6/sra-pub-zq-40/SRR024/24530/SRR24530435/SRR24530435.lite.1	659	
703	SRR24530446	2024-06-01 00:57:55	2023-05-12 22:34:40	19215836	5764750800	19215836	300	1860		https://sra-downloadb.be-md.ncbi.nlm.nih.gov/sos6/sra-pub-zq-40/SRR024/24530/SRR24530446/SRR24530446.lite.1	SRX20314600	J1_1	RNA-Seq	PolyA	TRANSCRIPTOMIC	PAIRED	0	0	ILLUMINA	Illumina HiSeq 2500	SRP437504	PRJNA874819		874819	SRS17638961	SAMN30573013	simple	3635	Gossypium hirsutum	Transcriptome of Gossypium hirsutum cultivar Jin668							no					HUAZHONG AGRICULTURAL UNIVERSITY	SRA1637554		public	2860382967015280753382433DD8BFF7	00DFCC4FDC3C503DD044A66CA17322FA	https://www.ncbi.nlm.nih.gov/sra/?term=SRR24530446	https://www.ncbi.nlm.nih.gov/bioproject/PRJNA874819	https://www.ncbi.nlm.nih.gov/biosample/SAMN30573013	https://www.ncbi.nlm.nih.gov/sra/?term=SRX20314600	https://sra-downloadb.be-md.ncbi.nlm.nih.gov/sos6/sra-pub-zq-40/SRR024/24530/SRR24530446/SRR24530446.lite.1	661	
704	SRR24530457	2024-06-01 00:57:55	2023-05-12 22:23:28	20940468	6282140400	20940468	300	1984		https://sra-downloadb.be-md.ncbi.nlm.nih.gov/sos6/sra-pub-zq-40/SRR024/24530/SRR24530457/SRR24530457.lite.1	SRX20314589	J0_2	RNA-Seq	PolyA	TRANSCRIPTOMIC	PAIRED	0	0	ILLUMINA	Illumina HiSeq 2500	SRP437504	PRJNA874819		874819	SRS17638961	SAMN30573013	simple	3635	Gossypium hirsutum	Transcriptome of Gossypium hirsutum cultivar Jin668							no					HUAZHONG AGRICULTURAL UNIVERSITY	SRA1637554		public	2D4B06D6F56A3E2FD0EED2610F7B0727	10A6250866D17DF0F188052CD3CB5FA0	https://www.ncbi.nlm.nih.gov/sra/?term=SRR24530457	https://www.ncbi.nlm.nih.gov/bioproject/PRJNA874819	https://www.ncbi.nlm.nih.gov/biosample/SAMN30573013	https://www.ncbi.nlm.nih.gov/sra/?term=SRX20314589	https://sra-downloadb.be-md.ncbi.nlm.nih.gov/sos6/sra-pub-zq-40/SRR024/24530/SRR24530457/SRR24530457.lite.1	662	
705	SRR24530458	2024-06-01 00:57:55	2023-05-12 22:24:26	20987223	6296166900	20987223	300	2003		https://sra-downloadb.be-md.ncbi.nlm.nih.gov/sos6/sra-pub-zq-40/SRR024/24530/SRR24530458/SRR24530458.lite.1	SRX20314588	J0_1	RNA-Seq	PolyA	TRANSCRIPTOMIC	PAIRED	0	0	ILLUMINA	Illumina HiSeq 2500	SRP437504	PRJNA874819		874819	SRS17638961	SAMN30573013	simple	3635	Gossypium hirsutum	Transcriptome of Gossypium hirsutum cultivar Jin668							no					HUAZHONG AGRICULTURAL UNIVERSITY	SRA1637554		public	4AC556F2392AF46D2415EC3A69DF1387	2CA9B56526E55D45175202CA55DBF997	https://www.ncbi.nlm.nih.gov/sra/?term=SRR24530458	https://www.ncbi.nlm.nih.gov/bioproject/PRJNA874819	https://www.ncbi.nlm.nih.gov/biosample/SAMN30573013	https://www.ncbi.nlm.nih.gov/sra/?term=SRX20314588	https://sra-downloadb.be-md.ncbi.nlm.nih.gov/sos6/sra-pub-zq-40/SRR024/24530/SRR24530458/SRR24530458.lite.1	663	
706	SRR24519917	2024-05-01 00:29:44	2023-05-12 07:56:11	19900376	5970112800	19900376	300	1923		https://sra-downloadb.be-md.ncbi.nlm.nih.gov/sos6/sra-pub-zq-40/SRR024/24519/SRR24519917/SRR24519917.lite.1	SRX20304156	T4_2	RNA-Seq	PolyA	TRANSCRIPTOMIC	PAIRED	0	0	ILLUMINA	Illumina HiSeq 2500	SRP437341	PRJNA960825		960825	SRS17629323	SAMN34319147	simple	3635	Gossypium hirsutum	Whole genome RNA sequence of Gossypium hirsutum TM-1							no					HUAZHONG AGRICULTURAL UNIVERSITY	SRA1637069		public	0BDF0C5A841447D2AEE90AAA5E2FD764	577671BD30F7DF7713AA74E4364290FB	https://www.ncbi.nlm.nih.gov/sra/?term=SRR24519917	https://www.ncbi.nlm.nih.gov/bioproject/PRJNA960825	https://www.ncbi.nlm.nih.gov/biosample/SAMN34319147	https://www.ncbi.nlm.nih.gov/sra/?term=SRX20304156	https://sra-downloadb.be-md.ncbi.nlm.nih.gov/sos6/sra-pub-zq-40/SRR024/24519/SRR24519917/SRR24519917.lite.1	641	
707	SRR24519918	2024-05-01 00:29:44	2023-05-12 08:02:05	20058514	6017554200	20058514	300	1917		https://sra-downloadb.be-md.ncbi.nlm.nih.gov/sos6/sra-pub-zq-40/SRR024/24519/SRR24519918/SRR24519918.lite.1	SRX20304155	T4_1	RNA-Seq	PolyA	TRANSCRIPTOMIC	PAIRED	0	0	ILLUMINA	Illumina HiSeq 2500	SRP437341	PRJNA960825		960825	SRS17629323	SAMN34319147	simple	3635	Gossypium hirsutum	Whole genome RNA sequence of Gossypium hirsutum TM-1							no					HUAZHONG AGRICULTURAL UNIVERSITY	SRA1637069		public	6DD433FBE90DEFE17F1A5577983138FD	6C8ECF59B3EA056F000A573A30FD50B1	https://www.ncbi.nlm.nih.gov/sra/?term=SRR24519918	https://www.ncbi.nlm.nih.gov/bioproject/PRJNA960825	https://www.ncbi.nlm.nih.gov/biosample/SAMN34319147	https://www.ncbi.nlm.nih.gov/sra/?term=SRX20304155	https://sra-downloadb.be-md.ncbi.nlm.nih.gov/sos6/sra-pub-zq-40/SRR024/24519/SRR24519918/SRR24519918.lite.1	642	
708	SRR24519919	2024-05-01 00:29:44	2023-05-12 08:02:50	20208927	6062678100	20208927	300	1901		https://sra-downloadb.be-md.ncbi.nlm.nih.gov/sos6/sra-pub-zq-40/SRR024/24519/SRR24519919/SRR24519919.lite.1	SRX20304154	T3_2	RNA-Seq	PolyA	TRANSCRIPTOMIC	PAIRED	0	0	ILLUMINA	Illumina HiSeq 2500	SRP437341	PRJNA960825		960825	SRS17629323	SAMN34319147	simple	3635	Gossypium hirsutum	Whole genome RNA sequence of Gossypium hirsutum TM-1							no					HUAZHONG AGRICULTURAL UNIVERSITY	SRA1637069		public	BC29AACEB67F1DA2884086DBD920FB16	D1005959EB10BDA4A3B1DCC57FE031E0	https://www.ncbi.nlm.nih.gov/sra/?term=SRR24519919	https://www.ncbi.nlm.nih.gov/bioproject/PRJNA960825	https://www.ncbi.nlm.nih.gov/biosample/SAMN34319147	https://www.ncbi.nlm.nih.gov/sra/?term=SRX20304154	https://sra-downloadb.be-md.ncbi.nlm.nih.gov/sos6/sra-pub-zq-40/SRR024/24519/SRR24519919/SRR24519919.lite.1	643	
709	SRR24519920	2024-05-01 00:29:44	2023-05-12 08:08:04	20655293	6196587900	20655293	300	1974		https://sra-downloadb.be-md.ncbi.nlm.nih.gov/sos6/sra-pub-zq-40/SRR024/24519/SRR24519920/SRR24519920.lite.1	SRX20304153	T3_1	RNA-Seq	PolyA	TRANSCRIPTOMIC	PAIRED	0	0	ILLUMINA	Illumina HiSeq 2500	SRP437341	PRJNA960825		960825	SRS17629323	SAMN34319147	simple	3635	Gossypium hirsutum	Whole genome RNA sequence of Gossypium hirsutum TM-1							no					HUAZHONG AGRICULTURAL UNIVERSITY	SRA1637069		public	C0AA5E50CAA4DDC548467FC1191FDFE0	19148C0BCB4313B67705E739C242E6A7	https://www.ncbi.nlm.nih.gov/sra/?term=SRR24519920	https://www.ncbi.nlm.nih.gov/bioproject/PRJNA960825	https://www.ncbi.nlm.nih.gov/biosample/SAMN34319147	https://www.ncbi.nlm.nih.gov/sra/?term=SRX20304153	https://sra-downloadb.be-md.ncbi.nlm.nih.gov/sos6/sra-pub-zq-40/SRR024/24519/SRR24519920/SRR24519920.lite.1	644	
710	SRR24519921	2024-05-01 00:29:44	2023-05-12 08:03:32	20133971	6040191300	20133971	300	1921		https://sra-downloadb.be-md.ncbi.nlm.nih.gov/sos6/sra-pub-zq-40/SRR024/24519/SRR24519921/SRR24519921.lite.1	SRX20304152	T2_2	RNA-Seq	PolyA	TRANSCRIPTOMIC	PAIRED	0	0	ILLUMINA	Illumina HiSeq 2500	SRP437341	PRJNA960825		960825	SRS17629323	SAMN34319147	simple	3635	Gossypium hirsutum	Whole genome RNA sequence of Gossypium hirsutum TM-1							no					HUAZHONG AGRICULTURAL UNIVERSITY	SRA1637069		public	036859D7A17226580ABACD509EFEF1A3	5492AEB3F2A943D003FBDD13EAA9BFF8	https://www.ncbi.nlm.nih.gov/sra/?term=SRR24519921	https://www.ncbi.nlm.nih.gov/bioproject/PRJNA960825	https://www.ncbi.nlm.nih.gov/biosample/SAMN34319147	https://www.ncbi.nlm.nih.gov/sra/?term=SRX20304152	https://sra-downloadb.be-md.ncbi.nlm.nih.gov/sos6/sra-pub-zq-40/SRR024/24519/SRR24519921/SRR24519921.lite.1	645	
711	SRR24519922	2024-05-01 00:29:44	2023-05-12 08:04:22	20014941	6004482300	20014941	300	1903		https://sra-downloadb.be-md.ncbi.nlm.nih.gov/sos6/sra-pub-zq-40/SRR024/24519/SRR24519922/SRR24519922.lite.1	SRX20304151	T2_1	RNA-Seq	PolyA	TRANSCRIPTOMIC	PAIRED	0	0	ILLUMINA	Illumina HiSeq 2500	SRP437341	PRJNA960825		960825	SRS17629323	SAMN34319147	simple	3635	Gossypium hirsutum	Whole genome RNA sequence of Gossypium hirsutum TM-1							no					HUAZHONG AGRICULTURAL UNIVERSITY	SRA1637069		public	2C7053895A1B66655F49C765F4CC68A8	53693003136FF3CBC08B945720D8AEF9	https://www.ncbi.nlm.nih.gov/sra/?term=SRR24519922	https://www.ncbi.nlm.nih.gov/bioproject/PRJNA960825	https://www.ncbi.nlm.nih.gov/biosample/SAMN34319147	https://www.ncbi.nlm.nih.gov/sra/?term=SRX20304151	https://sra-downloadb.be-md.ncbi.nlm.nih.gov/sos6/sra-pub-zq-40/SRR024/24519/SRR24519922/SRR24519922.lite.1	646	
712	SRR24519923	2024-05-01 00:29:44	2023-05-12 09:40:16	20750538	6225161400	20750538	300	1986		https://sra-downloadb.be-md.ncbi.nlm.nih.gov/sos6/sra-pub-zq-40/SRR024/24519/SRR24519923/SRR24519923.lite.1	SRX20304150	T1_2	RNA-Seq	PolyA	TRANSCRIPTOMIC	PAIRED	0	0	ILLUMINA	Illumina HiSeq 2500	SRP437341	PRJNA960825		960825	SRS17629323	SAMN34319147	simple	3635	Gossypium hirsutum	Whole genome RNA sequence of Gossypium hirsutum TM-1							no					HUAZHONG AGRICULTURAL UNIVERSITY	SRA1637069		public	11F3DEC951825199A19F5C50DB98CDDD	D2D3F471055023F76272C7DF77EABC0B	https://www.ncbi.nlm.nih.gov/sra/?term=SRR24519923	https://www.ncbi.nlm.nih.gov/bioproject/PRJNA960825	https://www.ncbi.nlm.nih.gov/biosample/SAMN34319147	https://www.ncbi.nlm.nih.gov/sra/?term=SRX20304150	https://sra-downloadb.be-md.ncbi.nlm.nih.gov/sos6/sra-pub-zq-40/SRR024/24519/SRR24519923/SRR24519923.lite.1	647	
713	SRR24519924	2024-05-01 00:29:44	2023-05-12 08:03:52	20262862	6078858600	20262862	300	1931		https://sra-downloadb.be-md.ncbi.nlm.nih.gov/sos6/sra-pub-zq-40/SRR024/24519/SRR24519924/SRR24519924.lite.1	SRX20304149	T1_1	RNA-Seq	PolyA	TRANSCRIPTOMIC	PAIRED	0	0	ILLUMINA	Illumina HiSeq 2500	SRP437341	PRJNA960825		960825	SRS17629323	SAMN34319147	simple	3635	Gossypium hirsutum	Whole genome RNA sequence of Gossypium hirsutum TM-1							no					HUAZHONG AGRICULTURAL UNIVERSITY	SRA1637069		public	D6BBC98FD9A8DAB96BE55C63988EB5D5	76DBB8943FB49DBE19F9DC8216D2B6F9	https://www.ncbi.nlm.nih.gov/sra/?term=SRR24519924	https://www.ncbi.nlm.nih.gov/bioproject/PRJNA960825	https://www.ncbi.nlm.nih.gov/biosample/SAMN34319147	https://www.ncbi.nlm.nih.gov/sra/?term=SRX20304149	https://sra-downloadb.be-md.ncbi.nlm.nih.gov/sos6/sra-pub-zq-40/SRR024/24519/SRR24519924/SRR24519924.lite.1	648	
714	SRR24519925	2024-05-01 00:29:44	2023-05-12 08:07:40	21926025	6577807500	21926025	300	2057		https://sra-downloadb.be-md.ncbi.nlm.nih.gov/sos6/sra-pub-zq-40/SRR024/24519/SRR24519925/SRR24519925.lite.1	SRX20304148	T0_2	RNA-Seq	PolyA	TRANSCRIPTOMIC	PAIRED	0	0	ILLUMINA	Illumina HiSeq 2500	SRP437341	PRJNA960825		960825	SRS17629323	SAMN34319147	simple	3635	Gossypium hirsutum	Whole genome RNA sequence of Gossypium hirsutum TM-1							no					HUAZHONG AGRICULTURAL UNIVERSITY	SRA1637069		public	05431BA3444F329099A25A8881E19D3E	3790E86271F2D241213E406593BC6D0E	https://www.ncbi.nlm.nih.gov/sra/?term=SRR24519925	https://www.ncbi.nlm.nih.gov/bioproject/PRJNA960825	https://www.ncbi.nlm.nih.gov/biosample/SAMN34319147	https://www.ncbi.nlm.nih.gov/sra/?term=SRX20304148	https://sra-downloadb.be-md.ncbi.nlm.nih.gov/sos6/sra-pub-zq-40/SRR024/24519/SRR24519925/SRR24519925.lite.1	649	
715	SRR24519926	2024-05-01 00:29:44	2023-05-12 08:03:35	20777492	6233247600	20777492	300	1971		https://sra-downloadb.be-md.ncbi.nlm.nih.gov/sos6/sra-pub-zq-40/SRR024/24519/SRR24519926/SRR24519926.lite.1	SRX20304147	T0_1	RNA-Seq	PolyA	TRANSCRIPTOMIC	PAIRED	0	0	ILLUMINA	Illumina HiSeq 2500	SRP437341	PRJNA960825		960825	SRS17629323	SAMN34319147	simple	3635	Gossypium hirsutum	Whole genome RNA sequence of Gossypium hirsutum TM-1							no					HUAZHONG AGRICULTURAL UNIVERSITY	SRA1637069		public	F0D60273EC7422E4EE5633A39B8C0EA6	53AE2EE44FB233D5B947483D2BA88E45	https://www.ncbi.nlm.nih.gov/sra/?term=SRR24519926	https://www.ncbi.nlm.nih.gov/bioproject/PRJNA960825	https://www.ncbi.nlm.nih.gov/biosample/SAMN34319147	https://www.ncbi.nlm.nih.gov/sra/?term=SRX20304147	https://sra-downloadb.be-md.ncbi.nlm.nih.gov/sos6/sra-pub-zq-40/SRR024/24519/SRR24519926/SRR24519926.lite.1	651	
716	SRR1171726	2014-02-19 08:54:24	2014-02-19 08:52:16	516589	129630658	0	250	85		https://sra-downloadb.be-md.ncbi.nlm.nih.gov/sos5/sra-pub-zq-11/SRR001/171/SRR1171726/SRR1171726.lite.1	SRX451709	Hb454SomaticEmbryogenesis	FL-cDNA	RANDOM	TRANSCRIPTOMIC	SINGLE	0	0	LS454	454 GS FLX Titanium	SRP036032	PRJNA235297		235297	SRS544845	SAMN02597075	simple	3981	Hevea brasiliensis	Hevea_454_Somatic_Embryogenesis							no					CIRAD	SRA129320		public	94484AAC0AAA8252B9B59EE85D6A8D56	70B2DC0D6770C46FABD4DA50EBA4C288	https://www.ncbi.nlm.nih.gov/sra/?term=SRR1171726	https://www.ncbi.nlm.nih.gov/bioproject/PRJNA235297	https://www.ncbi.nlm.nih.gov/biosample/SAMN02597075	https://www.ncbi.nlm.nih.gov/sra/?term=SRX451709	https://sra-downloadb.be-md.ncbi.nlm.nih.gov/sos5/sra-pub-zq-11/SRR001/171/SRR1171726/SRR1171726.lite.1	12	
717	SRR3136156	2016-06-01 20:50:06	2016-02-24 05:06:12	27493766	5195489635	25102499	188	3043		https://sra-downloadb.be-md.ncbi.nlm.nih.gov/sos5/sra-pub-zq-14/SRR003/136/SRR3136156.sralite.1	SRX1554786	Root	RNA-Seq	cDNA	TRANSCRIPTOMIC	PAIRED	0	0	ILLUMINA	Illumina HiSeq 2000	SRP069104	PRJNA310171	2	310171	SRS1270561	SAMN04448802	simple	3981	Hevea brasiliensis	tissue.root							no					RUBBER RESEARCH INSTITUE	SRA342918		public	A9A88DB0A553E78722BDE54F17CDEC4F	8F76E8E64EE2C0191D73DC6E89AFFECB	https://www.ncbi.nlm.nih.gov/sra/?term=SRR3136156	https://www.ncbi.nlm.nih.gov/bioproject/PRJNA310171	https://www.ncbi.nlm.nih.gov/biosample/SAMN04448802	https://www.ncbi.nlm.nih.gov/sra/?term=SRX1554786	https://sra-downloadb.be-md.ncbi.nlm.nih.gov/sos5/sra-pub-zq-14/SRR003/136/SRR3136156.sralite.1	868	
718	SRR12353005	2020-12-10 00:07:43	2020-07-30 13:03:40	24902548	7520569496	24902548	302	2690		https://sra-downloadb.be-md.ncbi.nlm.nih.gov/sos9/sra-pub-zq-922/SRR012/12353/SRR12353005/SRR12353005.lite.1	SRX8853070	ZP-1	RNA-Seq	Oligo-dT	TRANSCRIPTOMIC	PAIRED	0	0	ILLUMINA	Illumina NovaSeq 6000	SRP274325	PRJNA646309		646309	SRS7114834	SAMN15540805	simple	3981	Hevea brasiliensis	ZP1							no					INSTITUTE OF TROPICAL BIOSCIENCE AND BIOTECHNOLOGY,CHINESE ACADEMY OF TROPICAL AGRICULTURAL SCIENCE	SRA1105724		public	7E6D9A3D642D28C06895800CA5A89F9D	FA8F3CBB6C4334A2C17CFD0DEFE4018C	https://www.ncbi.nlm.nih.gov/sra/?term=SRR12353005	https://www.ncbi.nlm.nih.gov/bioproject/PRJNA646309	https://www.ncbi.nlm.nih.gov/biosample/SAMN15540805	https://www.ncbi.nlm.nih.gov/sra/?term=SRX8853070	https://sra-downloadb.be-md.ncbi.nlm.nih.gov/sos9/sra-pub-zq-922/SRR012/12353/SRR12353005/SRR12353005.lite.1	58	
719	SRR12353006	2020-12-10 00:07:43	2020-07-30 13:10:13	24422284	7326685200	24422284	300	2398		https://sra-downloadb.be-md.ncbi.nlm.nih.gov/sos9/sra-pub-zq-922/SRR012/12353/SRR12353006/SRR12353006.lite.1	SRX8853069	QP-3	RNA-Seq	Oligo-dT	TRANSCRIPTOMIC	PAIRED	0	0	ILLUMINA	Illumina NovaSeq 6000	SRP274325	PRJNA646309		646309	SRS7114833	SAMN15540804	simple	3981	Hevea brasiliensis	QP3							no					INSTITUTE OF TROPICAL BIOSCIENCE AND BIOTECHNOLOGY,CHINESE ACADEMY OF TROPICAL AGRICULTURAL SCIENCE	SRA1105724		public	FBB1F40440043EBE8B12E42F2B173B30	A964FFA40C3A9AB988EF617256AF0158	https://www.ncbi.nlm.nih.gov/sra/?term=SRR12353006	https://www.ncbi.nlm.nih.gov/bioproject/PRJNA646309	https://www.ncbi.nlm.nih.gov/biosample/SAMN15540804	https://www.ncbi.nlm.nih.gov/sra/?term=SRX8853069	https://sra-downloadb.be-md.ncbi.nlm.nih.gov/sos9/sra-pub-zq-922/SRR012/12353/SRR12353006/SRR12353006.lite.1	59	
720	SRR12353007	2020-12-10 00:07:43	2020-07-30 13:12:13	48970492	7345573800	0	150	2411		https://sra-downloadb.be-md.ncbi.nlm.nih.gov/sos9/sra-pub-zq-924/SRR012/12353/SRR12353007/SRR12353007.lite.1	SRX8853068	QP-2	RNA-Seq	Oligo-dT	TRANSCRIPTOMIC	PAIRED	0	0	ILLUMINA	Illumina NovaSeq 6000	SRP274325	PRJNA646309		646309	SRS7114832	SAMN15540803	simple	3981	Hevea brasiliensis	QP2							no					INSTITUTE OF TROPICAL BIOSCIENCE AND BIOTECHNOLOGY,CHINESE ACADEMY OF TROPICAL AGRICULTURAL SCIENCE	SRA1105724		public	3D06FCAF7F0211648A210CFF3A55C25F	3356CFE0CDC4D624A7A320E64E773052	https://www.ncbi.nlm.nih.gov/sra/?term=SRR12353007	https://www.ncbi.nlm.nih.gov/bioproject/PRJNA646309	https://www.ncbi.nlm.nih.gov/biosample/SAMN15540803	https://www.ncbi.nlm.nih.gov/sra/?term=SRX8853068	https://sra-downloadb.be-md.ncbi.nlm.nih.gov/sos9/sra-pub-zq-924/SRR012/12353/SRR12353007/SRR12353007.lite.1	60	
721	SRR12353008	2020-12-10 00:07:42	2020-07-30 13:04:15	24440615	7332184500	24440615	300	2403		https://sra-downloadb.be-md.ncbi.nlm.nih.gov/sos9/sra-pub-zq-922/SRR012/12353/SRR12353008/SRR12353008.lite.1	SRX8853067	QP-1	RNA-Seq	Oligo-dT	TRANSCRIPTOMIC	PAIRED	0	0	ILLUMINA	Illumina NovaSeq 6000	SRP274325	PRJNA646309		646309	SRS7114831	SAMN15540802	simple	3981	Hevea brasiliensis	QP1							no					INSTITUTE OF TROPICAL BIOSCIENCE AND BIOTECHNOLOGY,CHINESE ACADEMY OF TROPICAL AGRICULTURAL SCIENCE	SRA1105724		public	C126EAB06458DA535E5B0E40588A0024	289B6C93CA14C9F851D98E6E19630298	https://www.ncbi.nlm.nih.gov/sra/?term=SRR12353008	https://www.ncbi.nlm.nih.gov/bioproject/PRJNA646309	https://www.ncbi.nlm.nih.gov/biosample/SAMN15540802	https://www.ncbi.nlm.nih.gov/sra/?term=SRX8853067	https://sra-downloadb.be-md.ncbi.nlm.nih.gov/sos9/sra-pub-zq-922/SRR012/12353/SRR12353008/SRR12353008.lite.1	61	
722	SRR12353009	2020-12-10 00:07:42	2020-07-30 13:04:36	24445926	7333777800	24445926	300	2387		https://sra-downloadb.be-md.ncbi.nlm.nih.gov/sos9/sra-pub-zq-924/SRR012/12353/SRR12353009/SRR12353009.lite.1	SRX8853066	CP-3	RNA-Seq	Oligo-dT	TRANSCRIPTOMIC	PAIRED	0	0	ILLUMINA	Illumina NovaSeq 6000	SRP274325	PRJNA646309		646309	SRS7114830	SAMN15540801	simple	3981	Hevea brasiliensis	CP3							no					INSTITUTE OF TROPICAL BIOSCIENCE AND BIOTECHNOLOGY,CHINESE ACADEMY OF TROPICAL AGRICULTURAL SCIENCE	SRA1105724		public	047885C153F5BA5D2B10853006E87446	1B5A108C38B26328C01A4A0D1B991271	https://www.ncbi.nlm.nih.gov/sra/?term=SRR12353009	https://www.ncbi.nlm.nih.gov/bioproject/PRJNA646309	https://www.ncbi.nlm.nih.gov/biosample/SAMN15540801	https://www.ncbi.nlm.nih.gov/sra/?term=SRX8853066	https://sra-downloadb.be-md.ncbi.nlm.nih.gov/sos9/sra-pub-zq-924/SRR012/12353/SRR12353009/SRR12353009.lite.1	62	
723	SRR12353010	2020-12-10 00:07:42	2020-07-30 13:06:29	24530641	7359192300	24530641	300	2407		https://sra-downloadb.be-md.ncbi.nlm.nih.gov/sos9/sra-pub-zq-924/SRR012/12353/SRR12353010/SRR12353010.lite.1	SRX8853065	CP-2	RNA-Seq	Oligo-dT	TRANSCRIPTOMIC	PAIRED	0	0	ILLUMINA	Illumina NovaSeq 6000	SRP274325	PRJNA646309		646309	SRS7114829	SAMN15540800	simple	3981	Hevea brasiliensis	CP2							no					INSTITUTE OF TROPICAL BIOSCIENCE AND BIOTECHNOLOGY,CHINESE ACADEMY OF TROPICAL AGRICULTURAL SCIENCE	SRA1105724		public	1C959CB3077B51638AB7A6BC70AE9A24	D57D738EDBB5BB5DEA441E9708F17A53	https://www.ncbi.nlm.nih.gov/sra/?term=SRR12353010	https://www.ncbi.nlm.nih.gov/bioproject/PRJNA646309	https://www.ncbi.nlm.nih.gov/biosample/SAMN15540800	https://www.ncbi.nlm.nih.gov/sra/?term=SRX8853065	https://sra-downloadb.be-md.ncbi.nlm.nih.gov/sos9/sra-pub-zq-924/SRR012/12353/SRR12353010/SRR12353010.lite.1	63	
724	SRR12353011	2020-12-10 00:07:42	2020-07-30 13:01:48	24159817	7247945100	24159817	300	2348		https://sra-downloadb.be-md.ncbi.nlm.nih.gov/sos9/sra-pub-zq-922/SRR012/12353/SRR12353011/SRR12353011.lite.1	SRX8853064	CP-1	RNA-Seq	Oligo-dT	TRANSCRIPTOMIC	PAIRED	0	0	ILLUMINA	Illumina NovaSeq 6000	SRP274325	PRJNA646309		646309	SRS7114828	SAMN15540799	simple	3981	Hevea brasiliensis	CP1							no					INSTITUTE OF TROPICAL BIOSCIENCE AND BIOTECHNOLOGY,CHINESE ACADEMY OF TROPICAL AGRICULTURAL SCIENCE	SRA1105724		public	E184D0810604F0EC6CE21E91643CEBC4	28AF756572D33E1DFB67CE23556A81CE	https://www.ncbi.nlm.nih.gov/sra/?term=SRR12353011	https://www.ncbi.nlm.nih.gov/bioproject/PRJNA646309	https://www.ncbi.nlm.nih.gov/biosample/SAMN15540799	https://www.ncbi.nlm.nih.gov/sra/?term=SRX8853064	https://sra-downloadb.be-md.ncbi.nlm.nih.gov/sos9/sra-pub-zq-922/SRR012/12353/SRR12353011/SRR12353011.lite.1	64	
725	SRR12353012	2020-12-10 00:07:42	2020-07-30 13:07:20	24559475	7416961450	24559475	302	2654		https://sra-downloadb.be-md.ncbi.nlm.nih.gov/sos9/sra-pub-zq-922/SRR012/12353/SRR12353012/SRR12353012.lite.1	SRX8853063	YS-3	RNA-Seq	Oligo-dT	TRANSCRIPTOMIC	PAIRED	0	0	ILLUMINA	Illumina NovaSeq 6000	SRP274325	PRJNA646309		646309	SRS7114827	SAMN15540798	simple	3981	Hevea brasiliensis	YS3							no					INSTITUTE OF TROPICAL BIOSCIENCE AND BIOTECHNOLOGY,CHINESE ACADEMY OF TROPICAL AGRICULTURAL SCIENCE	SRA1105724		public	3B3AD6FFAE4253254FE25DAF1A9EFE4C	96D4730DCA980DB461996938464CA2F4	https://www.ncbi.nlm.nih.gov/sra/?term=SRR12353012	https://www.ncbi.nlm.nih.gov/bioproject/PRJNA646309	https://www.ncbi.nlm.nih.gov/biosample/SAMN15540798	https://www.ncbi.nlm.nih.gov/sra/?term=SRX8853063	https://sra-downloadb.be-md.ncbi.nlm.nih.gov/sos9/sra-pub-zq-922/SRR012/12353/SRR12353012/SRR12353012.lite.1	65	
726	SRR12353013	2020-12-10 00:07:42	2020-07-30 13:07:16	24487031	7346109300	24487031	300	2514		https://sra-downloadb.be-md.ncbi.nlm.nih.gov/sos9/sra-pub-zq-922/SRR012/12353/SRR12353013/SRR12353013.lite.1	SRX8853062	ZPM-3	RNA-Seq	Oligo-dT	TRANSCRIPTOMIC	PAIRED	0	0	ILLUMINA	Illumina NovaSeq 6000	SRP274325	PRJNA646309		646309	SRS7114826	SAMN15540813	simple	3981	Hevea brasiliensis	ZPM3							no					INSTITUTE OF TROPICAL BIOSCIENCE AND BIOTECHNOLOGY,CHINESE ACADEMY OF TROPICAL AGRICULTURAL SCIENCE	SRA1105724		public	7D5EA608F7F13A0CB0F7B4CC1BD0D509	F95ACCB7E021ADC96E179D9A9C76D27F	https://www.ncbi.nlm.nih.gov/sra/?term=SRR12353013	https://www.ncbi.nlm.nih.gov/bioproject/PRJNA646309	https://www.ncbi.nlm.nih.gov/biosample/SAMN15540813	https://www.ncbi.nlm.nih.gov/sra/?term=SRX8853062	https://sra-downloadb.be-md.ncbi.nlm.nih.gov/sos9/sra-pub-zq-922/SRR012/12353/SRR12353013/SRR12353013.lite.1	66	
727	SRR12353014	2020-12-10 00:07:42	2020-07-30 13:05:33	24327283	7298184900	24327283	300	2561		https://sra-downloadb.be-md.ncbi.nlm.nih.gov/sos9/sra-pub-zq-922/SRR012/12353/SRR12353014/SRR12353014.lite.1	SRX8853061	ZPM-2	RNA-Seq	Oligo-dT	TRANSCRIPTOMIC	PAIRED	0	0	ILLUMINA	Illumina NovaSeq 6000	SRP274325	PRJNA646309		646309	SRS7114825	SAMN15540812	simple	3981	Hevea brasiliensis	ZPM2							no					INSTITUTE OF TROPICAL BIOSCIENCE AND BIOTECHNOLOGY,CHINESE ACADEMY OF TROPICAL AGRICULTURAL SCIENCE	SRA1105724		public	BCD5D786603B7A115243D490536E0F06	7CF4242A5D64F2EE8D3018096DB4DDF6	https://www.ncbi.nlm.nih.gov/sra/?term=SRR12353014	https://www.ncbi.nlm.nih.gov/bioproject/PRJNA646309	https://www.ncbi.nlm.nih.gov/biosample/SAMN15540812	https://www.ncbi.nlm.nih.gov/sra/?term=SRX8853061	https://sra-downloadb.be-md.ncbi.nlm.nih.gov/sos9/sra-pub-zq-922/SRR012/12353/SRR12353014/SRR12353014.lite.1	67	
728	SRR12353015	2020-12-10 00:07:42	2020-07-30 13:07:17	24885789	7465736700	24885789	300	2528		https://sra-downloadb.be-md.ncbi.nlm.nih.gov/sos9/sra-pub-zq-922/SRR012/12353/SRR12353015/SRR12353015.lite.1	SRX8853060	ZPM-1	RNA-Seq	Oligo-dT	TRANSCRIPTOMIC	PAIRED	0	0	ILLUMINA	Illumina NovaSeq 6000	SRP274325	PRJNA646309		646309	SRS7114823	SAMN15540811	simple	3981	Hevea brasiliensis	ZPM1							no					INSTITUTE OF TROPICAL BIOSCIENCE AND BIOTECHNOLOGY,CHINESE ACADEMY OF TROPICAL AGRICULTURAL SCIENCE	SRA1105724		public	E6FCBD446E0AFCDF571603DC48E1FE98	0CEB4F6717FE16021EF718B3582F1039	https://www.ncbi.nlm.nih.gov/sra/?term=SRR12353015	https://www.ncbi.nlm.nih.gov/bioproject/PRJNA646309	https://www.ncbi.nlm.nih.gov/biosample/SAMN15540811	https://www.ncbi.nlm.nih.gov/sra/?term=SRX8853060	https://sra-downloadb.be-md.ncbi.nlm.nih.gov/sos9/sra-pub-zq-922/SRR012/12353/SRR12353015/SRR12353015.lite.1	68	
729	SRR12353016	2020-12-10 00:07:42	2020-07-30 13:02:23	24546572	7413064744	24546572	302	2652		https://sra-downloadb.be-md.ncbi.nlm.nih.gov/sos9/sra-pub-zq-922/SRR012/12353/SRR12353016/SRR12353016.lite.1	SRX8853059	QPM-3	RNA-Seq	Oligo-dT	TRANSCRIPTOMIC	PAIRED	0	0	ILLUMINA	Illumina NovaSeq 6000	SRP274325	PRJNA646309		646309	SRS7114824	SAMN15540810	simple	3981	Hevea brasiliensis	QPM3							no					INSTITUTE OF TROPICAL BIOSCIENCE AND BIOTECHNOLOGY,CHINESE ACADEMY OF TROPICAL AGRICULTURAL SCIENCE	SRA1105724		public	EA17D02AFD6F308B3F74A594780D56B4	9CFC2C693EBD2633975A3B4C8ACD8488	https://www.ncbi.nlm.nih.gov/sra/?term=SRR12353016	https://www.ncbi.nlm.nih.gov/bioproject/PRJNA646309	https://www.ncbi.nlm.nih.gov/biosample/SAMN15540810	https://www.ncbi.nlm.nih.gov/sra/?term=SRX8853059	https://sra-downloadb.be-md.ncbi.nlm.nih.gov/sos9/sra-pub-zq-922/SRR012/12353/SRR12353016/SRR12353016.lite.1	69	
730	SRR12353017	2020-12-10 00:07:42	2020-07-30 13:03:01	24538123	7410513146	24538123	302	2659		https://sra-downloadb.be-md.ncbi.nlm.nih.gov/sos9/sra-pub-zq-924/SRR012/12353/SRR12353017/SRR12353017.lite.1	SRX8853058	QPM-2	RNA-Seq	Oligo-dT	TRANSCRIPTOMIC	PAIRED	0	0	ILLUMINA	Illumina NovaSeq 6000	SRP274325	PRJNA646309		646309	SRS7114821	SAMN15540809	simple	3981	Hevea brasiliensis	QPM2							no					INSTITUTE OF TROPICAL BIOSCIENCE AND BIOTECHNOLOGY,CHINESE ACADEMY OF TROPICAL AGRICULTURAL SCIENCE	SRA1105724		public	DCC373054B73AD4BE9135F5444DCC54D	6568FA44F11D33716AAAF4B1F88A70E9	https://www.ncbi.nlm.nih.gov/sra/?term=SRR12353017	https://www.ncbi.nlm.nih.gov/bioproject/PRJNA646309	https://www.ncbi.nlm.nih.gov/biosample/SAMN15540809	https://www.ncbi.nlm.nih.gov/sra/?term=SRX8853058	https://sra-downloadb.be-md.ncbi.nlm.nih.gov/sos9/sra-pub-zq-924/SRR012/12353/SRR12353017/SRR12353017.lite.1	70	
731	SRR12353018	2020-12-10 00:07:42	2020-07-30 13:03:50	24921989	7526440678	24921989	302	2694		https://sra-downloadb.be-md.ncbi.nlm.nih.gov/sos9/sra-pub-zq-922/SRR012/12353/SRR12353018/SRR12353018.lite.1	SRX8853057	QPM-1	RNA-Seq	Oligo-dT	TRANSCRIPTOMIC	PAIRED	0	0	ILLUMINA	Illumina NovaSeq 6000	SRP274325	PRJNA646309		646309	SRS7114820	SAMN15540808	simple	3981	Hevea brasiliensis	QPM1							no					INSTITUTE OF TROPICAL BIOSCIENCE AND BIOTECHNOLOGY,CHINESE ACADEMY OF TROPICAL AGRICULTURAL SCIENCE	SRA1105724		public	47B93ED570AA609BD2644B54791876B7	3E2CE6D0038BDF6618A018DCAD4FCE9C	https://www.ncbi.nlm.nih.gov/sra/?term=SRR12353018	https://www.ncbi.nlm.nih.gov/bioproject/PRJNA646309	https://www.ncbi.nlm.nih.gov/biosample/SAMN15540808	https://www.ncbi.nlm.nih.gov/sra/?term=SRX8853057	https://sra-downloadb.be-md.ncbi.nlm.nih.gov/sos9/sra-pub-zq-922/SRR012/12353/SRR12353018/SRR12353018.lite.1	71	
732	SRR12353019	2020-12-10 00:07:42	2020-07-30 13:07:36	25027421	7558281142	25027421	302	2698		https://sra-downloadb.be-md.ncbi.nlm.nih.gov/sos9/sra-pub-zq-924/SRR012/12353/SRR12353019/SRR12353019.lite.1	SRX8853056	ZP-3	RNA-Seq	Oligo-dT	TRANSCRIPTOMIC	PAIRED	0	0	ILLUMINA	Illumina NovaSeq 6000	SRP274325	PRJNA646309		646309	SRS7114822	SAMN15540807	simple	3981	Hevea brasiliensis	ZP3							no					INSTITUTE OF TROPICAL BIOSCIENCE AND BIOTECHNOLOGY,CHINESE ACADEMY OF TROPICAL AGRICULTURAL SCIENCE	SRA1105724		public	A9AD140DB1597CCF9DC5C8B423D87A43	6E807F31E0624E8ED94D6596CF9D64F6	https://www.ncbi.nlm.nih.gov/sra/?term=SRR12353019	https://www.ncbi.nlm.nih.gov/bioproject/PRJNA646309	https://www.ncbi.nlm.nih.gov/biosample/SAMN15540807	https://www.ncbi.nlm.nih.gov/sra/?term=SRX8853056	https://sra-downloadb.be-md.ncbi.nlm.nih.gov/sos9/sra-pub-zq-924/SRR012/12353/SRR12353019/SRR12353019.lite.1	72	
733	SRR12353020	2020-12-10 00:07:42	2020-07-30 13:10:17	25453157	7686853414	25453157	302	2738		https://sra-downloadb.be-md.ncbi.nlm.nih.gov/sos9/sra-pub-zq-924/SRR012/12353/SRR12353020/SRR12353020.lite.1	SRX8853055	ZP-2	RNA-Seq	Oligo-dT	TRANSCRIPTOMIC	PAIRED	0	0	ILLUMINA	Illumina NovaSeq 6000	SRP274325	PRJNA646309		646309	SRS7114819	SAMN15540806	simple	3981	Hevea brasiliensis	ZP2							no					INSTITUTE OF TROPICAL BIOSCIENCE AND BIOTECHNOLOGY,CHINESE ACADEMY OF TROPICAL AGRICULTURAL SCIENCE	SRA1105724		public	D4BF37127DCF5164F0D80CD621A5B7F2	9CBB66D2CC7836FA594A8358B82DAE0A	https://www.ncbi.nlm.nih.gov/sra/?term=SRR12353020	https://www.ncbi.nlm.nih.gov/bioproject/PRJNA646309	https://www.ncbi.nlm.nih.gov/biosample/SAMN15540806	https://www.ncbi.nlm.nih.gov/sra/?term=SRX8853055	https://sra-downloadb.be-md.ncbi.nlm.nih.gov/sos9/sra-pub-zq-924/SRR012/12353/SRR12353020/SRR12353020.lite.1	73	
734	SRR12353021	2020-12-10 00:07:42	2020-07-30 13:05:04	24762324	7478221848	24762324	302	2674		https://sra-downloadb.be-md.ncbi.nlm.nih.gov/sos9/sra-pub-zq-922/SRR012/12353/SRR12353021/SRR12353021.lite.1	SRX8853054	YS-2	RNA-Seq	Oligo-dT	TRANSCRIPTOMIC	PAIRED	0	0	ILLUMINA	Illumina NovaSeq 6000	SRP274325	PRJNA646309		646309	SRS7114818	SAMN15540797	simple	3981	Hevea brasiliensis	YS2							no					INSTITUTE OF TROPICAL BIOSCIENCE AND BIOTECHNOLOGY,CHINESE ACADEMY OF TROPICAL AGRICULTURAL SCIENCE	SRA1105724		public	C3CB66BFE553B423A3E0DE8433A7141C	9D8C285856FD7E9CC8BABC2B6373E793	https://www.ncbi.nlm.nih.gov/sra/?term=SRR12353021	https://www.ncbi.nlm.nih.gov/bioproject/PRJNA646309	https://www.ncbi.nlm.nih.gov/biosample/SAMN15540797	https://www.ncbi.nlm.nih.gov/sra/?term=SRX8853054	https://sra-downloadb.be-md.ncbi.nlm.nih.gov/sos9/sra-pub-zq-922/SRR012/12353/SRR12353021/SRR12353021.lite.1	74	
735	SRR12353022	2020-12-10 00:07:42	2020-07-30 13:08:10	25029967	7559050034	25029967	302	2713		https://sra-downloadb.be-md.ncbi.nlm.nih.gov/sos9/sra-pub-zq-922/SRR012/12353/SRR12353022/SRR12353022.lite.1	SRX8853053	YS-1	RNA-Seq	Oligo-dT	TRANSCRIPTOMIC	PAIRED	0	0	ILLUMINA	Illumina NovaSeq 6000	SRP274325	PRJNA646309		646309	SRS7114817	SAMN15540796	simple	3981	Hevea brasiliensis	YS1							no					INSTITUTE OF TROPICAL BIOSCIENCE AND BIOTECHNOLOGY,CHINESE ACADEMY OF TROPICAL AGRICULTURAL SCIENCE	SRA1105724		public	C1638528512F7991FC63DCEF0C850967	DE95978DB88CC9DE68AD25324FAD6D49	https://www.ncbi.nlm.nih.gov/sra/?term=SRR12353022	https://www.ncbi.nlm.nih.gov/bioproject/PRJNA646309	https://www.ncbi.nlm.nih.gov/biosample/SAMN15540796	https://www.ncbi.nlm.nih.gov/sra/?term=SRX8853053	https://sra-downloadb.be-md.ncbi.nlm.nih.gov/sos9/sra-pub-zq-922/SRR012/12353/SRR12353022/SRR12353022.lite.1	75	
736	SRR24350322	2023-04-29 01:16:18	2023-04-29 01:12:15	28277725	8483317500	28277725	300	2531		https://sra-downloadb.be-md.ncbi.nlm.nih.gov/sos4/sra-pub-zq-3/SRR024/24350/SRR24350322/SRR24350322.lite.1	SRX20143131	YT-h1	RNA-Seq	PCR	TRANSCRIPTOMIC	PAIRED	0	0	ILLUMINA	Illumina HiSeq 4000	SRP435128	PRJNA963065		963065	SRS17471394	SAMN34434791	simple	3981	Hevea brasiliensis	Immature male flower (YT-h) of Yunyan73477 re1							no					YUNNAN INSTITUTE OF TROPICAL CROPS	SRA1629504		public	4E003088C4BA23266FFEC7B1C597E998	0F23A0C8D31ED0FC67706761C18090BC	https://www.ncbi.nlm.nih.gov/sra/?term=SRR24350322	https://www.ncbi.nlm.nih.gov/bioproject/PRJNA963065	https://www.ncbi.nlm.nih.gov/biosample/SAMN34434791	https://www.ncbi.nlm.nih.gov/sra/?term=SRX20143131	https://sra-downloadb.be-md.ncbi.nlm.nih.gov/sos4/sra-pub-zq-3/SRR024/24350/SRR24350322/SRR24350322.lite.1	620	
737	SRR24350323	2023-04-29 01:16:18	2023-04-29 01:12:51	29594368	8878310400	29594368	300	2681		https://sra-downloadb.be-md.ncbi.nlm.nih.gov/sos4/sra-pub-zq-3/SRR024/24350/SRR24350323/SRR24350323.lite.1	SRX20143130	RT-f3	RNA-Seq	PCR	TRANSCRIPTOMIC	PAIRED	0	0	ILLUMINA	Illumina HiSeq 4000	SRP435128	PRJNA963065		963065	SRS17471395	SAMN34434790	simple	3981	Hevea brasiliensis	Differentiation culture stage (RT-f) of Reken628 re3							no					YUNNAN INSTITUTE OF TROPICAL CROPS	SRA1629504		public	CC8DFF9B874C43DC5C1E00021EC0C2FA	8D40D9DDC8F8AF6CB70F55C3010B6889	https://www.ncbi.nlm.nih.gov/sra/?term=SRR24350323	https://www.ncbi.nlm.nih.gov/bioproject/PRJNA963065	https://www.ncbi.nlm.nih.gov/biosample/SAMN34434790	https://www.ncbi.nlm.nih.gov/sra/?term=SRX20143130	https://sra-downloadb.be-md.ncbi.nlm.nih.gov/sos4/sra-pub-zq-3/SRR024/24350/SRR24350323/SRR24350323.lite.1	621	
738	SRR24350324	2023-04-29 01:23:19	2023-04-29 01:20:16	27434743	8230422900	27434743	300	2476		https://sra-downloadb.be-md.ncbi.nlm.nih.gov/sos4/sra-pub-zq-3/SRR024/24350/SRR24350324/SRR24350324.lite.1	SRX20143129	RT-f2	RNA-Seq	PCR	TRANSCRIPTOMIC	PAIRED	0	0	ILLUMINA	Illumina HiSeq 4000	SRP435128	PRJNA963065		963065	SRS17471392	SAMN34434789	simple	3981	Hevea brasiliensis	Differentiation culture stage (RT-f) of Reken628 re2							no					YUNNAN INSTITUTE OF TROPICAL CROPS	SRA1629504		public	F81087293CB1AE1098901C2643B96C63	618D3A8469EF230DC0C702AAA8F71C61	https://www.ncbi.nlm.nih.gov/sra/?term=SRR24350324	https://www.ncbi.nlm.nih.gov/bioproject/PRJNA963065	https://www.ncbi.nlm.nih.gov/biosample/SAMN34434789	https://www.ncbi.nlm.nih.gov/sra/?term=SRX20143129	https://sra-downloadb.be-md.ncbi.nlm.nih.gov/sos4/sra-pub-zq-3/SRR024/24350/SRR24350324/SRR24350324.lite.1	622	
739	SRR24350325	2023-04-29 01:23:19	2023-04-29 01:18:42	27366175	8209852500	27366175	300	2455		https://sra-downloadb.be-md.ncbi.nlm.nih.gov/sos4/sra-pub-zq-3/SRR024/24350/SRR24350325/SRR24350325.lite.1	SRX20143128	RT-f1	RNA-Seq	PCR	TRANSCRIPTOMIC	PAIRED	0	0	ILLUMINA	Illumina HiSeq 4000	SRP435128	PRJNA963065		963065	SRS17471393	SAMN34434788	simple	3981	Hevea brasiliensis	Differentiation culture stage (RT-f) of Reken628 re1							no					YUNNAN INSTITUTE OF TROPICAL CROPS	SRA1629504		public	7651079BD48B76FD0949AADF41CF3D1A	DA772C34440DE4710665C063D0A14006	https://www.ncbi.nlm.nih.gov/sra/?term=SRR24350325	https://www.ncbi.nlm.nih.gov/bioproject/PRJNA963065	https://www.ncbi.nlm.nih.gov/biosample/SAMN34434788	https://www.ncbi.nlm.nih.gov/sra/?term=SRX20143128	https://sra-downloadb.be-md.ncbi.nlm.nih.gov/sos4/sra-pub-zq-3/SRR024/24350/SRR24350325/SRR24350325.lite.1	623	
740	SRR24350326	2023-04-29 03:50:59	2023-04-29 03:47:04	31062358	9318707400	31062358	300	2758		https://sra-downloadb.be-md.ncbi.nlm.nih.gov/sos4/sra-pub-zq-3/SRR024/24350/SRR24350326/SRR24350326.lite.1	SRX20143127	RT-y3	RNA-Seq	PCR	TRANSCRIPTOMIC	PAIRED	0	0	ILLUMINA	Illumina HiSeq 4000	SRP435128	PRJNA963065		963065	SRS17471391	SAMN34434787	simple	3981	Hevea brasiliensis	Anther induced callus stage (RT-y) of Reken628 re3							no					YUNNAN INSTITUTE OF TROPICAL CROPS	SRA1629504		public	116E4E27EDE55868F52531F3FE59E89A	E455603C87035C1D89260DF7A5DFD32E	https://www.ncbi.nlm.nih.gov/sra/?term=SRR24350326	https://www.ncbi.nlm.nih.gov/bioproject/PRJNA963065	https://www.ncbi.nlm.nih.gov/biosample/SAMN34434787	https://www.ncbi.nlm.nih.gov/sra/?term=SRX20143127	https://sra-downloadb.be-md.ncbi.nlm.nih.gov/sos4/sra-pub-zq-3/SRR024/24350/SRR24350326/SRR24350326.lite.1	624	
741	SRR24350327	2023-04-29 01:50:54	2023-04-29 01:29:27	42262935	12678880500	42262935	300	3820		https://sra-downloadb.be-md.ncbi.nlm.nih.gov/sos4/sra-pub-zq-3/SRR024/24350/SRR24350327/SRR24350327.lite.1	SRX20143126	RT-y2	RNA-Seq	PCR	TRANSCRIPTOMIC	PAIRED	0	0	ILLUMINA	Illumina HiSeq 4000	SRP435128	PRJNA963065		963065	SRS17471390	SAMN34434786	simple	3981	Hevea brasiliensis	Anther induced callus stage (RT-y) of Reken628 re2							no					YUNNAN INSTITUTE OF TROPICAL CROPS	SRA1629504		public	9AF62F3F1E51A848FCB269ECC7EEFC4A	C1DCE623B3C0E13A28C84A99248401C2	https://www.ncbi.nlm.nih.gov/sra/?term=SRR24350327	https://www.ncbi.nlm.nih.gov/bioproject/PRJNA963065	https://www.ncbi.nlm.nih.gov/biosample/SAMN34434786	https://www.ncbi.nlm.nih.gov/sra/?term=SRX20143126	https://sra-downloadb.be-md.ncbi.nlm.nih.gov/sos4/sra-pub-zq-3/SRR024/24350/SRR24350327/SRR24350327.lite.1	625	
742	SRR24350328	2023-04-29 01:23:19	2023-04-29 01:19:47	28417060	8525118000	28417060	300	2566		https://sra-downloadb.be-md.ncbi.nlm.nih.gov/sos4/sra-pub-zq-3/SRR024/24350/SRR24350328/SRR24350328.lite.1	SRX20143125	RT-y1	RNA-Seq	PCR	TRANSCRIPTOMIC	PAIRED	0	0	ILLUMINA	Illumina HiSeq 4000	SRP435128	PRJNA963065		963065	SRS17471387	SAMN34434785	simple	3981	Hevea brasiliensis	Anther induced callus stage (RT-y) of Reken628 re1							no					YUNNAN INSTITUTE OF TROPICAL CROPS	SRA1629504		public	FA1071637096673B01A4D893242D539E	58FDEBBC1CFB18E41796D19ECDED575E	https://www.ncbi.nlm.nih.gov/sra/?term=SRR24350328	https://www.ncbi.nlm.nih.gov/bioproject/PRJNA963065	https://www.ncbi.nlm.nih.gov/biosample/SAMN34434785	https://www.ncbi.nlm.nih.gov/sra/?term=SRX20143125	https://sra-downloadb.be-md.ncbi.nlm.nih.gov/sos4/sra-pub-zq-3/SRR024/24350/SRR24350328/SRR24350328.lite.1	626	
743	SRR24350329	2023-04-29 01:23:19	2023-04-29 01:20:02	27335919	8200775700	27335919	300	2435		https://sra-downloadb.be-md.ncbi.nlm.nih.gov/sos4/sra-pub-zq-3/SRR024/24350/SRR24350329/SRR24350329.lite.1	SRX20143124	YT-p3	RNA-Seq	PCR	TRANSCRIPTOMIC	PAIRED	0	0	ILLUMINA	Illumina HiSeq 4000	SRP435128	PRJNA963065		963065	SRS17471388	SAMN34434802	simple	3981	Hevea brasiliensis	Cotyledonary embryo (YT-p) of Yunyan73477 re3							no					YUNNAN INSTITUTE OF TROPICAL CROPS	SRA1629504		public	8A8DBFBA2F07306FE59A832A717DDB8C	8D22BE2A26EFFCFB76BB16498E4CB044	https://www.ncbi.nlm.nih.gov/sra/?term=SRR24350329	https://www.ncbi.nlm.nih.gov/bioproject/PRJNA963065	https://www.ncbi.nlm.nih.gov/biosample/SAMN34434802	https://www.ncbi.nlm.nih.gov/sra/?term=SRX20143124	https://sra-downloadb.be-md.ncbi.nlm.nih.gov/sos4/sra-pub-zq-3/SRR024/24350/SRR24350329/SRR24350329.lite.1	627	
744	SRR24350330	2023-04-29 01:26:38	2023-04-29 01:23:29	30021113	9006333900	30021113	300	2726		https://sra-downloadb.be-md.ncbi.nlm.nih.gov/sos4/sra-pub-zq-3/SRR024/24350/SRR24350330/SRR24350330.lite.1	SRX20143123	RT-h3	RNA-Seq	PCR	TRANSCRIPTOMIC	PAIRED	0	0	ILLUMINA	Illumina HiSeq 4000	SRP435128	PRJNA963065		963065	SRS17471389	SAMN34434784	simple	3981	Hevea brasiliensis	Immature male flower (RT-h) of Reken628 re3							no					YUNNAN INSTITUTE OF TROPICAL CROPS	SRA1629504		public	876DA85910FEB4742A24EF32C862D66A	167B5C127187FFD7DE171F640C65B91E	https://www.ncbi.nlm.nih.gov/sra/?term=SRR24350330	https://www.ncbi.nlm.nih.gov/bioproject/PRJNA963065	https://www.ncbi.nlm.nih.gov/biosample/SAMN34434784	https://www.ncbi.nlm.nih.gov/sra/?term=SRX20143123	https://sra-downloadb.be-md.ncbi.nlm.nih.gov/sos4/sra-pub-zq-3/SRR024/24350/SRR24350330/SRR24350330.lite.1	628	
745	SRR24350331	2023-04-29 01:23:19	2023-04-29 01:20:15	27307597	8192279100	27307597	300	2454		https://sra-downloadb.be-md.ncbi.nlm.nih.gov/sos4/sra-pub-zq-3/SRR024/24350/SRR24350331/SRR24350331.lite.1	SRX20143122	YT-p2	RNA-Seq	PCR	TRANSCRIPTOMIC	PAIRED	0	0	ILLUMINA	Illumina HiSeq 4000	SRP435128	PRJNA963065		963065	SRS17471385	SAMN34434801	simple	3981	Hevea brasiliensis	Cotyledonary embryo (YT-p) of Yunyan73477 re2							no					YUNNAN INSTITUTE OF TROPICAL CROPS	SRA1629504		public	0B508CAC28D5F37F35B9CC57EC91E420	1581E71F8571280EFE881118CD6EA544	https://www.ncbi.nlm.nih.gov/sra/?term=SRR24350331	https://www.ncbi.nlm.nih.gov/bioproject/PRJNA963065	https://www.ncbi.nlm.nih.gov/biosample/SAMN34434801	https://www.ncbi.nlm.nih.gov/sra/?term=SRX20143122	https://sra-downloadb.be-md.ncbi.nlm.nih.gov/sos4/sra-pub-zq-3/SRR024/24350/SRR24350331/SRR24350331.lite.1	629	
746	SRR24350332	2023-04-29 01:26:38	2023-04-29 01:24:10	26074272	7822281600	26074272	300	2345		https://sra-downloadb.be-md.ncbi.nlm.nih.gov/sos4/sra-pub-zq-3/SRR024/24350/SRR24350332/SRR24350332.lite.1	SRX20143121	YT-p1	RNA-Seq	PCR	TRANSCRIPTOMIC	PAIRED	0	0	ILLUMINA	Illumina HiSeq 4000	SRP435128	PRJNA963065		963065	SRS17471386	SAMN34434800	simple	3981	Hevea brasiliensis	Cotyledonary embryo (YT-p) of Yunyan73477 re1							no					YUNNAN INSTITUTE OF TROPICAL CROPS	SRA1629504		public	2F8F6B35C34E47C3CD8BCA58A608E28E	1EEA77941286E972CF57F109BCB152F2	https://www.ncbi.nlm.nih.gov/sra/?term=SRR24350332	https://www.ncbi.nlm.nih.gov/bioproject/PRJNA963065	https://www.ncbi.nlm.nih.gov/biosample/SAMN34434800	https://www.ncbi.nlm.nih.gov/sra/?term=SRX20143121	https://sra-downloadb.be-md.ncbi.nlm.nih.gov/sos4/sra-pub-zq-3/SRR024/24350/SRR24350332/SRR24350332.lite.1	630	
747	SRR24350333	2023-04-29 01:50:54	2023-04-29 01:34:36	29035528	8710658400	29035528	300	2611		https://sra-downloadb.be-md.ncbi.nlm.nih.gov/sos4/sra-pub-zq-3/SRR024/24350/SRR24350333/SRR24350333.lite.1	SRX20143120	YT-f3	RNA-Seq	PCR	TRANSCRIPTOMIC	PAIRED	0	0	ILLUMINA	Illumina HiSeq 4000	SRP435128	PRJNA963065		963065	SRS17471382	SAMN34434799	simple	3981	Hevea brasiliensis	Differentiation culture stage (YT-f) of Yunyan73477 re3							no					YUNNAN INSTITUTE OF TROPICAL CROPS	SRA1629504		public	B5C40B28B59E5E631D6C2215094951D4	8A4DD71F0D8D718FDAD234BF3E2619B7	https://www.ncbi.nlm.nih.gov/sra/?term=SRR24350333	https://www.ncbi.nlm.nih.gov/bioproject/PRJNA963065	https://www.ncbi.nlm.nih.gov/biosample/SAMN34434799	https://www.ncbi.nlm.nih.gov/sra/?term=SRX20143120	https://sra-downloadb.be-md.ncbi.nlm.nih.gov/sos4/sra-pub-zq-3/SRR024/24350/SRR24350333/SRR24350333.lite.1	631	
748	SRR24350334	2023-04-29 01:23:19	2023-04-29 01:17:22	26501657	7950497100	26501657	300	2389		https://sra-downloadb.be-md.ncbi.nlm.nih.gov/sos4/sra-pub-zq-3/SRR024/24350/SRR24350334/SRR24350334.lite.1	SRX20143119	YT-f2	RNA-Seq	PCR	TRANSCRIPTOMIC	PAIRED	0	0	ILLUMINA	Illumina HiSeq 4000	SRP435128	PRJNA963065		963065	SRS17471384	SAMN34434798	simple	3981	Hevea brasiliensis	Differentiation culture stage (YT-f) of Yunyan73477 re2							no					YUNNAN INSTITUTE OF TROPICAL CROPS	SRA1629504		public	DCD7041C90C22BE9BE5AB630F758E04A	F1202A20530EF0FEFF8E8022261440DF	https://www.ncbi.nlm.nih.gov/sra/?term=SRR24350334	https://www.ncbi.nlm.nih.gov/bioproject/PRJNA963065	https://www.ncbi.nlm.nih.gov/biosample/SAMN34434798	https://www.ncbi.nlm.nih.gov/sra/?term=SRX20143119	https://sra-downloadb.be-md.ncbi.nlm.nih.gov/sos4/sra-pub-zq-3/SRR024/24350/SRR24350334/SRR24350334.lite.1	632	
749	SRR24350335	2023-04-29 01:26:38	2023-04-29 01:23:09	33152041	9945612300	33152041	300	2976		https://sra-downloadb.be-md.ncbi.nlm.nih.gov/sos4/sra-pub-zq-3/SRR024/24350/SRR24350335/SRR24350335.lite.1	SRX20143118	YT-f1	RNA-Seq	PCR	TRANSCRIPTOMIC	PAIRED	0	0	ILLUMINA	Illumina HiSeq 4000	SRP435128	PRJNA963065		963065	SRS17471383	SAMN34434797	simple	3981	Hevea brasiliensis	Differentiation culture stage (YT-f) of Yunyan73477 re1							no					YUNNAN INSTITUTE OF TROPICAL CROPS	SRA1629504		public	0D667BFD80A3FE9F83BC9250231BD76B	39B6D322C863C2D51D4E9E7A78F79C47	https://www.ncbi.nlm.nih.gov/sra/?term=SRR24350335	https://www.ncbi.nlm.nih.gov/bioproject/PRJNA963065	https://www.ncbi.nlm.nih.gov/biosample/SAMN34434797	https://www.ncbi.nlm.nih.gov/sra/?term=SRX20143118	https://sra-downloadb.be-md.ncbi.nlm.nih.gov/sos4/sra-pub-zq-3/SRR024/24350/SRR24350335/SRR24350335.lite.1	633	
750	SRR24350336	2023-04-29 01:50:54	2023-04-29 01:30:46	32653280	9795984000	32653280	300	2910		https://sra-downloadb.be-md.ncbi.nlm.nih.gov/sos4/sra-pub-zq-3/SRR024/24350/SRR24350336/SRR24350336.lite.1	SRX20143117	YT-y3	RNA-Seq	PCR	TRANSCRIPTOMIC	PAIRED	0	0	ILLUMINA	Illumina HiSeq 4000	SRP435128	PRJNA963065		963065	SRS17471380	SAMN34434796	simple	3981	Hevea brasiliensis	Anther induced callus stage (YT-y) of Yunyan73477 re3							no					YUNNAN INSTITUTE OF TROPICAL CROPS	SRA1629504		public	541120FF6BFFA76C68B484AE3AB379BE	F29C0EF96FE0171AEAFF2FBBEABA36D5	https://www.ncbi.nlm.nih.gov/sra/?term=SRR24350336	https://www.ncbi.nlm.nih.gov/bioproject/PRJNA963065	https://www.ncbi.nlm.nih.gov/biosample/SAMN34434796	https://www.ncbi.nlm.nih.gov/sra/?term=SRX20143117	https://sra-downloadb.be-md.ncbi.nlm.nih.gov/sos4/sra-pub-zq-3/SRR024/24350/SRR24350336/SRR24350336.lite.1	634	
751	SRR24350337	2023-04-29 01:17:18	2023-04-29 01:15:01	38384799	11515439700	38384799	300	3477		https://sra-downloadb.be-md.ncbi.nlm.nih.gov/sos4/sra-pub-zq-3/SRR024/24350/SRR24350337/SRR24350337.lite.1	SRX20143116	YT-y2	RNA-Seq	PCR	TRANSCRIPTOMIC	PAIRED	0	0	ILLUMINA	Illumina HiSeq 4000	SRP435128	PRJNA963065		963065	SRS17471381	SAMN34434795	simple	3981	Hevea brasiliensis	Anther induced callus stage (YT-y) of Yunyan73477 re2							no					YUNNAN INSTITUTE OF TROPICAL CROPS	SRA1629504		public	DB328FF44C5900557155501626FDB55C	F39A25BE8A391AE928FC2D400AF299E7	https://www.ncbi.nlm.nih.gov/sra/?term=SRR24350337	https://www.ncbi.nlm.nih.gov/bioproject/PRJNA963065	https://www.ncbi.nlm.nih.gov/biosample/SAMN34434795	https://www.ncbi.nlm.nih.gov/sra/?term=SRX20143116	https://sra-downloadb.be-md.ncbi.nlm.nih.gov/sos4/sra-pub-zq-3/SRR024/24350/SRR24350337/SRR24350337.lite.1	635	
752	SRR24350338	2023-04-29 03:48:40	2023-04-29 03:35:56	31246493	9373947900	31246493	300	2826		https://sra-downloadb.be-md.ncbi.nlm.nih.gov/sos4/sra-pub-zq-3/SRR024/24350/SRR24350338/SRR24350338.lite.1	SRX20143115	YT-y1	RNA-Seq	PCR	TRANSCRIPTOMIC	PAIRED	0	0	ILLUMINA	Illumina HiSeq 4000	SRP435128	PRJNA963065		963065	SRS17471377	SAMN34434794	simple	3981	Hevea brasiliensis	Anther induced callus stage (YT-y) of Yunyan73477 re1							no					YUNNAN INSTITUTE OF TROPICAL CROPS	SRA1629504		public	3E3A301C95CCB480D56F02BE0BDFB66D	C6FE80BD1609BA6A46AF0E2BEC2B9224	https://www.ncbi.nlm.nih.gov/sra/?term=SRR24350338	https://www.ncbi.nlm.nih.gov/bioproject/PRJNA963065	https://www.ncbi.nlm.nih.gov/biosample/SAMN34434794	https://www.ncbi.nlm.nih.gov/sra/?term=SRX20143115	https://sra-downloadb.be-md.ncbi.nlm.nih.gov/sos4/sra-pub-zq-3/SRR024/24350/SRR24350338/SRR24350338.lite.1	636	
753	SRR24350339	2023-04-29 01:23:19	2023-04-29 01:18:04	28128452	8438535600	28128452	300	2530		https://sra-downloadb.be-md.ncbi.nlm.nih.gov/sos4/sra-pub-zq-3/SRR024/24350/SRR24350339/SRR24350339.lite.1	SRX20143114	YT-h3	RNA-Seq	PCR	TRANSCRIPTOMIC	PAIRED	0	0	ILLUMINA	Illumina HiSeq 4000	SRP435128	PRJNA963065		963065	SRS17471379	SAMN34434793	simple	3981	Hevea brasiliensis	Immature male flower (YT-h) of Yunyan73477 re3							no					YUNNAN INSTITUTE OF TROPICAL CROPS	SRA1629504		public	A017AF89D2B00D657E38E22569C3CBEE	735DCA5E0E570F5F73BC73E520C66DE5	https://www.ncbi.nlm.nih.gov/sra/?term=SRR24350339	https://www.ncbi.nlm.nih.gov/bioproject/PRJNA963065	https://www.ncbi.nlm.nih.gov/biosample/SAMN34434793	https://www.ncbi.nlm.nih.gov/sra/?term=SRX20143114	https://sra-downloadb.be-md.ncbi.nlm.nih.gov/sos4/sra-pub-zq-3/SRR024/24350/SRR24350339/SRR24350339.lite.1	637	
754	SRR24350340	2023-04-29 01:21:01	2023-04-29 01:17:07	29505718	8851715400	29505718	300	2682		https://sra-downloadb.be-md.ncbi.nlm.nih.gov/sos4/sra-pub-zq-3/SRR024/24350/SRR24350340/SRR24350340.lite.1	SRX20143113	YT-h2	RNA-Seq	PCR	TRANSCRIPTOMIC	PAIRED	0	0	ILLUMINA	Illumina HiSeq 4000	SRP435128	PRJNA963065		963065	SRS17471378	SAMN34434792	simple	3981	Hevea brasiliensis	Immature male flower (YT-h) of Yunyan73477 re2							no					YUNNAN INSTITUTE OF TROPICAL CROPS	SRA1629504		public	A26E9D43C93C2E7F99F4D67B262890D3	B5A8344BAE6F7B9E6C365DB96C0DB159	https://www.ncbi.nlm.nih.gov/sra/?term=SRR24350340	https://www.ncbi.nlm.nih.gov/bioproject/PRJNA963065	https://www.ncbi.nlm.nih.gov/biosample/SAMN34434792	https://www.ncbi.nlm.nih.gov/sra/?term=SRX20143113	https://sra-downloadb.be-md.ncbi.nlm.nih.gov/sos4/sra-pub-zq-3/SRR024/24350/SRR24350340/SRR24350340.lite.1	638	
755	SRR24350341	2023-04-29 01:26:37	2023-04-29 01:23:03	35869756	10760926800	35869756	300	3296		https://sra-downloadb.be-md.ncbi.nlm.nih.gov/sos4/sra-pub-zq-3/SRR024/24350/SRR24350341/SRR24350341.lite.1	SRX20143112	RT-h2	RNA-Seq	PCR	TRANSCRIPTOMIC	PAIRED	0	0	ILLUMINA	Illumina HiSeq 4000	SRP435128	PRJNA963065		963065	SRS17471376	SAMN34434783	simple	3981	Hevea brasiliensis	Immature male flower (RT-h) of Reken628 re2							no					YUNNAN INSTITUTE OF TROPICAL CROPS	SRA1629504		public	C69DBFD683B5FBFF028663D950F6202D	E7AE681812159A5D3920FD542429AD03	https://www.ncbi.nlm.nih.gov/sra/?term=SRR24350341	https://www.ncbi.nlm.nih.gov/bioproject/PRJNA963065	https://www.ncbi.nlm.nih.gov/biosample/SAMN34434783	https://www.ncbi.nlm.nih.gov/sra/?term=SRX20143112	https://sra-downloadb.be-md.ncbi.nlm.nih.gov/sos4/sra-pub-zq-3/SRR024/24350/SRR24350341/SRR24350341.lite.1	639	
756	SRR24350342	2023-04-29 01:50:54	2023-04-29 01:34:18	29187433	8756229900	29187433	300	2641		https://sra-downloadb.be-md.ncbi.nlm.nih.gov/sos4/sra-pub-zq-3/SRR024/24350/SRR24350342/SRR24350342.lite.1	SRX20143111	RT-h1	RNA-Seq	PCR	TRANSCRIPTOMIC	PAIRED	0	0	ILLUMINA	Illumina HiSeq 4000	SRP435128	PRJNA963065		963065	SRS17471375	SAMN34434782	simple	3981	Hevea brasiliensis	Immature male flower (RT-h) of Reken628 re1							no					YUNNAN INSTITUTE OF TROPICAL CROPS	SRA1629504		public	A2A4CD3E9C3771F6A2CC02E62508F298	E2D88D805193F49BEA40873ED440ADF9	https://www.ncbi.nlm.nih.gov/sra/?term=SRR24350342	https://www.ncbi.nlm.nih.gov/bioproject/PRJNA963065	https://www.ncbi.nlm.nih.gov/biosample/SAMN34434782	https://www.ncbi.nlm.nih.gov/sra/?term=SRX20143111	https://sra-downloadb.be-md.ncbi.nlm.nih.gov/sos4/sra-pub-zq-3/SRR024/24350/SRR24350342/SRR24350342.lite.1	640	
757	SRR33819336	2025-09-08 14:37:45	2025-06-03 21:49:40	70045947	21153875994	70045947	302	6164		https://sra-downloadb.be-md.ncbi.nlm.nih.gov/sos8/sra-pub-zq-818/SRR033/33819/SRR33819336/SRR33819336.lite.1	SRX29040590	embryo_rna_e3	RNA-Seq	PolyA	TRANSCRIPTOMIC	PAIRED	0	0	ILLUMINA	Illumina NovaSeq 6000	SRP589446	PRJNA1271128		1271128	SRS25256089	SAMN48858929	simple	51240	Juglans regia	embryo_e3							no					UNIVERSITY OF CALIFORNIA, DAVIS	SRA2142071		public	79E376D6DDEAC809A9DB26433E9B3D11	407E1726C6B00A5480EA21025FD0C7C3	https://www.ncbi.nlm.nih.gov/sra/?term=SRR33819336	https://www.ncbi.nlm.nih.gov/bioproject/PRJNA1271128	https://www.ncbi.nlm.nih.gov/biosample/SAMN48858929	https://www.ncbi.nlm.nih.gov/sra/?term=SRX29040590	https://sra-downloadb.be-md.ncbi.nlm.nih.gov/sos8/sra-pub-zq-818/SRR033/33819/SRR33819336/SRR33819336.lite.1	927	
758	SRR33819337	2025-09-08 14:37:45	2025-06-03 21:49:15	72358716	21852332232	72358716	302	6239		https://sra-downloadb.be-md.ncbi.nlm.nih.gov/sos8/sra-pub-zq-818/SRR033/33819/SRR33819337/SRR33819337.lite.1	SRX29040589	embryo_rna_e4	RNA-Seq	PolyA	TRANSCRIPTOMIC	PAIRED	0	0	ILLUMINA	Illumina NovaSeq 6000	SRP589446	PRJNA1271128		1271128	SRS25256090	SAMN48858930	simple	51240	Juglans regia	embryo_e4							no					UNIVERSITY OF CALIFORNIA, DAVIS	SRA2142071		public	31801F1913936192E2063764E5669FB6	F08B77F1BAC42A2DE96403E9AF9C141D	https://www.ncbi.nlm.nih.gov/sra/?term=SRR33819337	https://www.ncbi.nlm.nih.gov/bioproject/PRJNA1271128	https://www.ncbi.nlm.nih.gov/biosample/SAMN48858930	https://www.ncbi.nlm.nih.gov/sra/?term=SRX29040589	https://sra-downloadb.be-md.ncbi.nlm.nih.gov/sos8/sra-pub-zq-818/SRR033/33819/SRR33819337/SRR33819337.lite.1	928	
759	SRR33819338	2025-09-08 14:37:45	2025-06-03 21:43:08	62948979	19010591658	62948979	302	5523		https://sra-downloadb.be-md.ncbi.nlm.nih.gov/sos8/sra-pub-zq-818/SRR033/33819/SRR33819338/SRR33819338.lite.1	SRX29040588	embryo_rna_e5	RNA-Seq	PolyA	TRANSCRIPTOMIC	PAIRED	0	0	ILLUMINA	Illumina NovaSeq 6000	SRP589446	PRJNA1271128		1271128	SRS25256088	SAMN48858931	simple	51240	Juglans regia	embryo_e5							no					UNIVERSITY OF CALIFORNIA, DAVIS	SRA2142071		public	53B1293AA08CDDD968075D3569DB5A29	B7BBA39A6A6027A0E4EC543D78F55108	https://www.ncbi.nlm.nih.gov/sra/?term=SRR33819338	https://www.ncbi.nlm.nih.gov/bioproject/PRJNA1271128	https://www.ncbi.nlm.nih.gov/biosample/SAMN48858931	https://www.ncbi.nlm.nih.gov/sra/?term=SRX29040588	https://sra-downloadb.be-md.ncbi.nlm.nih.gov/sos8/sra-pub-zq-818/SRR033/33819/SRR33819338/SRR33819338.lite.1	929	
760	SRR33819339	2025-09-08 14:37:45	2025-06-03 21:45:01	75142596	22693063992	75142596	302	6474		https://sra-downloadb.be-md.ncbi.nlm.nih.gov/sos8/sra-pub-zq-818/SRR033/33819/SRR33819339/SRR33819339.lite.1	SRX29040587	embryo_rna_e6	RNA-Seq	PolyA	TRANSCRIPTOMIC	PAIRED	0	0	ILLUMINA	Illumina NovaSeq 6000	SRP589446	PRJNA1271128		1271128	SRS25256085	SAMN48858932	simple	51240	Juglans regia	embryo_e6							no					UNIVERSITY OF CALIFORNIA, DAVIS	SRA2142071		public	F0C7055DE867E4C69939B0EE474B2274	A407C08C91918D67F81AC2D0F11AB202	https://www.ncbi.nlm.nih.gov/sra/?term=SRR33819339	https://www.ncbi.nlm.nih.gov/bioproject/PRJNA1271128	https://www.ncbi.nlm.nih.gov/biosample/SAMN48858932	https://www.ncbi.nlm.nih.gov/sra/?term=SRX29040587	https://sra-downloadb.be-md.ncbi.nlm.nih.gov/sos8/sra-pub-zq-818/SRR033/33819/SRR33819339/SRR33819339.lite.1	930	
761	SRR33819340	2025-09-08 14:37:45	2025-06-03 21:44:27	74657520	22546571040	74657520	302	6387		https://sra-downloadb.be-md.ncbi.nlm.nih.gov/sos8/sra-pub-zq-818/SRR033/33819/SRR33819340/SRR33819340.lite.1	SRX29040586	embryo_rna_e7	RNA-Seq	PolyA	TRANSCRIPTOMIC	PAIRED	0	0	ILLUMINA	Illumina NovaSeq 6000	SRP589446	PRJNA1271128		1271128	SRS25256087	SAMN48858933	simple	51240	Juglans regia	embryo_e7							no					UNIVERSITY OF CALIFORNIA, DAVIS	SRA2142071		public	999D25DD748DFC76BF4D0A7B2C4529AF	3270941679DE583DF55A4271D1D54039	https://www.ncbi.nlm.nih.gov/sra/?term=SRR33819340	https://www.ncbi.nlm.nih.gov/bioproject/PRJNA1271128	https://www.ncbi.nlm.nih.gov/biosample/SAMN48858933	https://www.ncbi.nlm.nih.gov/sra/?term=SRX29040586	https://sra-downloadb.be-md.ncbi.nlm.nih.gov/sos8/sra-pub-zq-818/SRR033/33819/SRR33819340/SRR33819340.lite.1	931	
762	SRR33819341	2025-09-08 14:37:45	2025-06-03 21:46:58	78584418	23732494236	78584418	302	6724		https://sra-downloadb.be-md.ncbi.nlm.nih.gov/sos8/sra-pub-zq-818/SRR033/33819/SRR33819341/SRR33819341.lite.1	SRX29040585	embryo_rna_e8	RNA-Seq	PolyA	TRANSCRIPTOMIC	PAIRED	0	0	ILLUMINA	Illumina NovaSeq 6000	SRP589446	PRJNA1271128		1271128	SRS25256084	SAMN48858934	simple	51240	Juglans regia	embryo_e8							no					UNIVERSITY OF CALIFORNIA, DAVIS	SRA2142071		public	710D78FDFAEE81BF91BB5F472BAD7713	E4AD80F47036683C903BE9570D1AFB03	https://www.ncbi.nlm.nih.gov/sra/?term=SRR33819341	https://www.ncbi.nlm.nih.gov/bioproject/PRJNA1271128	https://www.ncbi.nlm.nih.gov/biosample/SAMN48858934	https://www.ncbi.nlm.nih.gov/sra/?term=SRX29040585	https://sra-downloadb.be-md.ncbi.nlm.nih.gov/sos8/sra-pub-zq-818/SRR033/33819/SRR33819341/SRR33819341.lite.1	932	
763	SRR33819342	2025-09-08 14:37:45	2025-06-03 21:45:04	75139057	22691995214	75139057	302	6514		https://sra-downloadb.be-md.ncbi.nlm.nih.gov/sos8/sra-pub-zq-818/SRR033/33819/SRR33819342/SRR33819342.lite.1	SRX29040584	embryo_rna_e9	RNA-Seq	PolyA	TRANSCRIPTOMIC	PAIRED	0	0	ILLUMINA	Illumina NovaSeq 6000	SRP589446	PRJNA1271128		1271128	SRS25256086	SAMN48858935	simple	51240	Juglans regia	embryo_e9							no					UNIVERSITY OF CALIFORNIA, DAVIS	SRA2142071		public	DA33F9F0D4C3FB33E6BEC756C137FE23	F37C00744FD72AB5540EAC54D25C0F7A	https://www.ncbi.nlm.nih.gov/sra/?term=SRR33819342	https://www.ncbi.nlm.nih.gov/bioproject/PRJNA1271128	https://www.ncbi.nlm.nih.gov/biosample/SAMN48858935	https://www.ncbi.nlm.nih.gov/sra/?term=SRX29040584	https://sra-downloadb.be-md.ncbi.nlm.nih.gov/sos8/sra-pub-zq-818/SRR033/33819/SRR33819342/SRR33819342.lite.1	933	
764	SRR33819343	2025-09-08 14:37:45	2025-06-03 21:46:02	81322255	24559321010	81322255	302	7075		https://sra-downloadb.be-md.ncbi.nlm.nih.gov/sos8/sra-pub-zq-818/SRR033/33819/SRR33819343/SRR33819343.lite.1	SRX29040583	embryo_rna_e12	RNA-Seq	PolyA	TRANSCRIPTOMIC	PAIRED	0	0	ILLUMINA	Illumina NovaSeq 6000	SRP589446	PRJNA1271128		1271128	SRS25256082	SAMN48858938	simple	51240	Juglans regia	embryo_e12							no					UNIVERSITY OF CALIFORNIA, DAVIS	SRA2142071		public	D658282E605642680953456FC6591F9E	E45BCCED87A10601DDF5FD9B8990A0E5	https://www.ncbi.nlm.nih.gov/sra/?term=SRR33819343	https://www.ncbi.nlm.nih.gov/bioproject/PRJNA1271128	https://www.ncbi.nlm.nih.gov/biosample/SAMN48858938	https://www.ncbi.nlm.nih.gov/sra/?term=SRX29040583	https://sra-downloadb.be-md.ncbi.nlm.nih.gov/sos8/sra-pub-zq-818/SRR033/33819/SRR33819343/SRR33819343.lite.1	934	
765	SRR33819344	2025-09-08 14:37:45	2025-06-03 21:44:31	68711836	20750974472	68711836	302	5841		https://sra-downloadb.be-md.ncbi.nlm.nih.gov/sos8/sra-pub-zq-818/SRR033/33819/SRR33819344/SRR33819344.lite.1	SRX29040582	embryo_rna_e1	RNA-Seq	PolyA	TRANSCRIPTOMIC	PAIRED	0	0	ILLUMINA	Illumina NovaSeq 6000	SRP589446	PRJNA1271128		1271128	SRS25256083	SAMN48858927	simple	51240	Juglans regia	embryo_e1							no					UNIVERSITY OF CALIFORNIA, DAVIS	SRA2142071		public	2E8E22E63ABB2BD2B37F28DAF048A5EE	E03E4DB8DE049F40D6AF91A14C46B4C6	https://www.ncbi.nlm.nih.gov/sra/?term=SRR33819344	https://www.ncbi.nlm.nih.gov/bioproject/PRJNA1271128	https://www.ncbi.nlm.nih.gov/biosample/SAMN48858927	https://www.ncbi.nlm.nih.gov/sra/?term=SRX29040582	https://sra-downloadb.be-md.ncbi.nlm.nih.gov/sos8/sra-pub-zq-818/SRR033/33819/SRR33819344/SRR33819344.lite.1	935	
766	SRR33819345	2025-09-08 14:37:45	2025-06-03 21:44:56	69083237	20863137574	69083237	302	5923		https://sra-downloadb.be-md.ncbi.nlm.nih.gov/sos8/sra-pub-zq-818/SRR033/33819/SRR33819345/SRR33819345.lite.1	SRX29040581	embryo_rna_e2	RNA-Seq	PolyA	TRANSCRIPTOMIC	PAIRED	0	0	ILLUMINA	Illumina NovaSeq 6000	SRP589446	PRJNA1271128		1271128	SRS25256081	SAMN48858928	simple	51240	Juglans regia	embryo_e2							no					UNIVERSITY OF CALIFORNIA, DAVIS	SRA2142071		public	3214F7351847B14868EAFA63BA47251E	4779176C187DC9D7F2EDC61177C46882	https://www.ncbi.nlm.nih.gov/sra/?term=SRR33819345	https://www.ncbi.nlm.nih.gov/bioproject/PRJNA1271128	https://www.ncbi.nlm.nih.gov/biosample/SAMN48858928	https://www.ncbi.nlm.nih.gov/sra/?term=SRX29040581	https://sra-downloadb.be-md.ncbi.nlm.nih.gov/sos8/sra-pub-zq-818/SRR033/33819/SRR33819345/SRR33819345.lite.1	936	
767	SRR33819346	2025-09-08 14:37:45	2025-06-03 21:45:03	74615525	22533888550	74615525	302	6457		https://sra-downloadb.be-md.ncbi.nlm.nih.gov/sos8/sra-pub-zq-818/SRR033/33819/SRR33819346/SRR33819346.lite.1	SRX29040580	embryo_rna_e13	RNA-Seq	PolyA	TRANSCRIPTOMIC	PAIRED	0	0	ILLUMINA	Illumina NovaSeq 6000	SRP589446	PRJNA1271128		1271128	SRS25256080	SAMN48858939	simple	51240	Juglans regia	embryo_e13							no					UNIVERSITY OF CALIFORNIA, DAVIS	SRA2142071		public	69289AEE1204366E8D011CCFD3141214	6D2B69D9360FE5240CDF21E1500F5BA5	https://www.ncbi.nlm.nih.gov/sra/?term=SRR33819346	https://www.ncbi.nlm.nih.gov/bioproject/PRJNA1271128	https://www.ncbi.nlm.nih.gov/biosample/SAMN48858939	https://www.ncbi.nlm.nih.gov/sra/?term=SRX29040580	https://sra-downloadb.be-md.ncbi.nlm.nih.gov/sos8/sra-pub-zq-818/SRR033/33819/SRR33819346/SRR33819346.lite.1	937	
768	SRR33819347	2025-09-08 14:37:46	2025-06-03 21:45:39	77304261	23345886822	77304261	302	6643		https://sra-downloadb.be-md.ncbi.nlm.nih.gov/sos8/sra-pub-zq-818/SRR033/33819/SRR33819347/SRR33819347.lite.1	SRX29040579	embryo_rna_e14	RNA-Seq	PolyA	TRANSCRIPTOMIC	PAIRED	0	0	ILLUMINA	Illumina NovaSeq 6000	SRP589446	PRJNA1271128		1271128	SRS25256079	SAMN48858940	simple	51240	Juglans regia	embryo_e14							no					UNIVERSITY OF CALIFORNIA, DAVIS	SRA2142071		public	877FB2846FF097E6721D33EBC0FC5092	3276E031F43267958E8D6C99F4FE0C2B	https://www.ncbi.nlm.nih.gov/sra/?term=SRR33819347	https://www.ncbi.nlm.nih.gov/bioproject/PRJNA1271128	https://www.ncbi.nlm.nih.gov/biosample/SAMN48858940	https://www.ncbi.nlm.nih.gov/sra/?term=SRX29040579	https://sra-downloadb.be-md.ncbi.nlm.nih.gov/sos8/sra-pub-zq-818/SRR033/33819/SRR33819347/SRR33819347.lite.1	938	
769	SRR1068163	2015-07-22 17:10:32	2015-12-15 14:27:13	14178775	2410391750	14178775	170	1561		https://sra-downloadb.be-md.ncbi.nlm.nih.gov/sos5/sra-pub-zq-11/SRR001/068/SRR1068163/SRR1068163.sralite.1	SRX404317		RNA-Seq	cDNA	TRANSCRIPTOMIC	PAIRED	0	0	ILLUMINA	Illumina Genome Analyzer II	SRP034866	PRJNA232394		232394	SRS523919	SAMN02484542	simple	51240	Juglans regia	SE							no					UC DAVIS	SRA122741		public	6C6A8AC5B6B753CD24BC6F4BA9E3283E	735A1A5D71FCC0ED2F8CFC4C8932C5D9	https://www.ncbi.nlm.nih.gov/sra/?term=SRR1068163	https://www.ncbi.nlm.nih.gov/bioproject/PRJNA232394	https://www.ncbi.nlm.nih.gov/biosample/SAMN02484542	https://www.ncbi.nlm.nih.gov/sra/?term=SRX404317	https://sra-downloadb.be-md.ncbi.nlm.nih.gov/sos5/sra-pub-zq-11/SRR001/068/SRR1068163/SRR1068163.sralite.1	10	
770	SRR10139432	2020-04-03 15:15:01	2019-09-18 15:57:16	120935	187564762	0	1550	45		https://sra-downloadb.be-md.ncbi.nlm.nih.gov/sos5/sra-pub-zq-11/SRR010/139/SRR10139432/SRR10139432.lite.1	SRX6867469	Jr_R0	RNA-Seq	Oligo-dT	TRANSCRIPTOMIC	SINGLE	0	0	PACBIO_SMRT	Sequel	SRP218797	PRJNA291087	2	291087	SRS5404906	SAMN12783437	simple	51240	Juglans regia	Jr_R0							no					UC DAVIS GENOME CENTER	SRA964400		public	F07D42E62BC043B671DCBC0FD5B99475	83053734D1495C48F52AAFFBB8006FA9	https://www.ncbi.nlm.nih.gov/sra/?term=SRR10139432	https://www.ncbi.nlm.nih.gov/bioproject/PRJNA291087	https://www.ncbi.nlm.nih.gov/biosample/SAMN12783437	https://www.ncbi.nlm.nih.gov/sra/?term=SRX6867469	https://sra-downloadb.be-md.ncbi.nlm.nih.gov/sos5/sra-pub-zq-11/SRR010/139/SRR10139432/SRR10139432.lite.1	6	
771	SRR15651918	2021-08-27 10:03:52	2021-08-27 09:52:26	29305813	8791743900	29305813	300	2717		https://sra-downloadb.be-md.ncbi.nlm.nih.gov/sos1/sra-pub-zq-38/SRR015/15651/SRR15651918/SRR15651918.lite.1	SRX11948964	Zhongmucha-1_vegetative_bud	RNA-Seq	RANDOM	TRANSCRIPTOMIC	PAIRED	0	0	ILLUMINA	Illumina NovaSeq 6000	SRP318555	PRJNA721107		721107	SRS9959369	SAMN21019758	simple	51240	Juglans regia	Zhongmucha-1_vegetative_bud							no					SHANGHAI NORMAL UIVERSITY	SRA1284604		public	F09A364A3D3C2AC8F67C527262A9B474	EC299F1F34E1505A9BD4A7A127FC6690	https://www.ncbi.nlm.nih.gov/sra/?term=SRR15651918	https://www.ncbi.nlm.nih.gov/bioproject/PRJNA721107	https://www.ncbi.nlm.nih.gov/biosample/SAMN21019758	https://www.ncbi.nlm.nih.gov/sra/?term=SRX11948964	https://sra-downloadb.be-md.ncbi.nlm.nih.gov/sos1/sra-pub-zq-38/SRR015/15651/SRR15651918/SRR15651918.lite.1	232	
772	SRR15651919	2021-08-27 10:03:52	2021-08-27 09:50:34	25930585	7779175500	25930585	300	2391		https://sra-downloadb.be-md.ncbi.nlm.nih.gov/sos9/sra-pub-zq-924/SRR015/15651/SRR15651919/SRR15651919.lite.1	SRX11948963	Zhongmucha-1_young_leaf	RNA-Seq	RANDOM	TRANSCRIPTOMIC	PAIRED	0	0	ILLUMINA	Illumina NovaSeq 6000	SRP318555	PRJNA721107		721107	SRS9959367	SAMN21019757	simple	51240	Juglans regia	Zhongmucha-1_young_leaf							no					SHANGHAI NORMAL UIVERSITY	SRA1284604		public	C28352656345AD25A3F88FF72B5E000F	581A1D7AD4937550C4C53449507BC717	https://www.ncbi.nlm.nih.gov/sra/?term=SRR15651919	https://www.ncbi.nlm.nih.gov/bioproject/PRJNA721107	https://www.ncbi.nlm.nih.gov/biosample/SAMN21019757	https://www.ncbi.nlm.nih.gov/sra/?term=SRX11948963	https://sra-downloadb.be-md.ncbi.nlm.nih.gov/sos9/sra-pub-zq-924/SRR015/15651/SRR15651919/SRR15651919.lite.1	233	
773	SRR15651920	2021-08-27 10:03:52	2021-08-27 09:46:26	21293244	6387973200	21293244	300	1948		https://sra-downloadb.be-md.ncbi.nlm.nih.gov/sos4/sra-pub-zq-1/SRR015/15651/SRR15651920/SRR15651920.lite.1	SRX11948962	Zhongmucha-1_catkins	RNA-Seq	RANDOM	TRANSCRIPTOMIC	PAIRED	0	0	ILLUMINA	Illumina NovaSeq 6000	SRP318555	PRJNA721107		721107	SRS9959366	SAMN21019756	simple	51240	Juglans regia	Zhongmucha-1_catkins							no					SHANGHAI NORMAL UIVERSITY	SRA1284604		public	64E7CA375F3301A12C7DA917DBA7C56B	99083AFB523969C34612A5E20BD4C91F	https://www.ncbi.nlm.nih.gov/sra/?term=SRR15651920	https://www.ncbi.nlm.nih.gov/bioproject/PRJNA721107	https://www.ncbi.nlm.nih.gov/biosample/SAMN21019756	https://www.ncbi.nlm.nih.gov/sra/?term=SRX11948962	https://sra-downloadb.be-md.ncbi.nlm.nih.gov/sos4/sra-pub-zq-1/SRR015/15651/SRR15651920/SRR15651920.lite.1	234	
774	SRR15651921	2021-08-27 10:09:22	2021-08-27 10:03:16	25786419	7735925700	25786419	300	2384		https://sra-downloadb.be-md.ncbi.nlm.nih.gov/sos1/sra-pub-zq-38/SRR015/15651/SRR15651921/SRR15651921.lite.1	SRX11948961	Zhongmucha-1_somatic_embryo	RNA-Seq	RANDOM	TRANSCRIPTOMIC	PAIRED	0	0	ILLUMINA	Illumina NovaSeq 6000	SRP318555	PRJNA721107		721107	SRS9959368	SAMN21019755	simple	51240	Juglans regia	Zhongmucha-1_somatic_embryo							no					SHANGHAI NORMAL UIVERSITY	SRA1284604		public	18611C0286CCB224C3FFBD05257BCCD0	89CB4ECA976F199EE833B8D486B00B46	https://www.ncbi.nlm.nih.gov/sra/?term=SRR15651921	https://www.ncbi.nlm.nih.gov/bioproject/PRJNA721107	https://www.ncbi.nlm.nih.gov/biosample/SAMN21019755	https://www.ncbi.nlm.nih.gov/sra/?term=SRX11948961	https://sra-downloadb.be-md.ncbi.nlm.nih.gov/sos1/sra-pub-zq-38/SRR015/15651/SRR15651921/SRR15651921.lite.1	235	
775	SRR15651922	2021-08-27 10:03:52	2021-08-27 09:50:00	25473991	7642197300	25473991	300	2345		https://sra-downloadb.be-md.ncbi.nlm.nih.gov/sos9/sra-pub-zq-924/SRR015/15651/SRR15651922/SRR15651922.lite.1	SRX11948960	Zhongmucha-1_embryo	RNA-Seq	RANDOM	TRANSCRIPTOMIC	PAIRED	0	0	ILLUMINA	Illumina NovaSeq 6000	SRP318555	PRJNA721107		721107	SRS9959365	SAMN21019754	simple	51240	Juglans regia	Zhongmucha-1_embryo							no					SHANGHAI NORMAL UIVERSITY	SRA1284604		public	6A2A46B37ED89318E24904B4A5DF4EE5	C446EAEF34BE33535AF28C07C499FEEC	https://www.ncbi.nlm.nih.gov/sra/?term=SRR15651922	https://www.ncbi.nlm.nih.gov/bioproject/PRJNA721107	https://www.ncbi.nlm.nih.gov/biosample/SAMN21019754	https://www.ncbi.nlm.nih.gov/sra/?term=SRX11948960	https://sra-downloadb.be-md.ncbi.nlm.nih.gov/sos9/sra-pub-zq-924/SRR015/15651/SRR15651922/SRR15651922.lite.1	236	
776	SRR15651923	2021-08-27 10:03:52	2021-08-27 09:55:27	31051430	9315429000	31051430	300	2861		https://sra-downloadb.be-md.ncbi.nlm.nih.gov/sos1/sra-pub-zq-38/SRR015/15651/SRR15651923/SRR15651923.lite.1	SRX11948959	Zhongmucha-1_husk	RNA-Seq	RANDOM	TRANSCRIPTOMIC	PAIRED	0	0	ILLUMINA	Illumina NovaSeq 6000	SRP318555	PRJNA721107		721107	SRS9959364	SAMN21019753	simple	51240	Juglans regia	Zhongmucha-1_husk							no					SHANGHAI NORMAL UIVERSITY	SRA1284604		public	E812CD2741292260CB11197EE816D466	D0F15BDB82F695DEEE4315067B6B10AF	https://www.ncbi.nlm.nih.gov/sra/?term=SRR15651923	https://www.ncbi.nlm.nih.gov/bioproject/PRJNA721107	https://www.ncbi.nlm.nih.gov/biosample/SAMN21019753	https://www.ncbi.nlm.nih.gov/sra/?term=SRX11948959	https://sra-downloadb.be-md.ncbi.nlm.nih.gov/sos1/sra-pub-zq-38/SRR015/15651/SRR15651923/SRR15651923.lite.1	237	
777	SRR15651924	2021-08-27 10:03:52	2021-08-27 09:49:55	24981722	7494516600	24981722	300	2328		https://sra-downloadb.be-md.ncbi.nlm.nih.gov/sos9/sra-pub-zq-924/SRR015/15651/SRR15651924/SRR15651924.lite.1	SRX11948958	Zhongmucha-1_stem	RNA-Seq	RANDOM	TRANSCRIPTOMIC	PAIRED	0	0	ILLUMINA	Illumina NovaSeq 6000	SRP318555	PRJNA721107		721107	SRS9959362	SAMN21019752	simple	51240	Juglans regia	Zhongmucha-1_stem							no					SHANGHAI NORMAL UIVERSITY	SRA1284604		public	4A33E22ACA0C9D45BF9046E11CB6F8DA	30FAC1D98FB0D6C0D39F1AF9ED74E7E0	https://www.ncbi.nlm.nih.gov/sra/?term=SRR15651924	https://www.ncbi.nlm.nih.gov/bioproject/PRJNA721107	https://www.ncbi.nlm.nih.gov/biosample/SAMN21019752	https://www.ncbi.nlm.nih.gov/sra/?term=SRX11948958	https://sra-downloadb.be-md.ncbi.nlm.nih.gov/sos9/sra-pub-zq-924/SRR015/15651/SRR15651924/SRR15651924.lite.1	238	
778	SRR15651925	2021-08-27 10:25:09	2021-08-27 09:51:48	27546479	8263943700	27546479	300	2556		https://sra-downloadb.be-md.ncbi.nlm.nih.gov/sos1/sra-pub-zq-38/SRR015/15651/SRR15651925/SRR15651925.lite.1	SRX11948957	Zhongmucha-1_root	RNA-Seq	RANDOM	TRANSCRIPTOMIC	PAIRED	0	0	ILLUMINA	Illumina NovaSeq 6000	SRP318555	PRJNA721107		721107	SRS9959363	SAMN21019751	simple	51240	Juglans regia	Zhongmucha-1_root							no					SHANGHAI NORMAL UIVERSITY	SRA1284604		public	19329179873C69E18F98485DCDDAA92A	3FB2A5BB306F28B706F8048D8AD7E045	https://www.ncbi.nlm.nih.gov/sra/?term=SRR15651925	https://www.ncbi.nlm.nih.gov/bioproject/PRJNA721107	https://www.ncbi.nlm.nih.gov/biosample/SAMN21019751	https://www.ncbi.nlm.nih.gov/sra/?term=SRX11948957	https://sra-downloadb.be-md.ncbi.nlm.nih.gov/sos1/sra-pub-zq-38/SRR015/15651/SRR15651925/SRR15651925.lite.1	239	
779	SRR15651926	2021-08-27 10:03:52	2021-08-27 09:55:08	27558251	8267475300	27558251	300	2536		https://sra-downloadb.be-md.ncbi.nlm.nih.gov/sos1/sra-pub-zq-38/SRR015/15651/SRR15651926/SRR15651926.lite.1	SRX11948956	Zhongmucha-1_pistillate_flower	RNA-Seq	RANDOM	TRANSCRIPTOMIC	PAIRED	0	0	ILLUMINA	Illumina NovaSeq 6000	SRP318555	PRJNA721107		721107	SRS9959361	SAMN21019750	simple	51240	Juglans regia	Zhongmucha-1_pistillate_flower							no					SHANGHAI NORMAL UIVERSITY	SRA1284604		public	5D1F760BB0C88605CC5B145E9266D7DF	A16470744EB1D445B67F858B713B15A1	https://www.ncbi.nlm.nih.gov/sra/?term=SRR15651926	https://www.ncbi.nlm.nih.gov/bioproject/PRJNA721107	https://www.ncbi.nlm.nih.gov/biosample/SAMN21019750	https://www.ncbi.nlm.nih.gov/sra/?term=SRX11948956	https://sra-downloadb.be-md.ncbi.nlm.nih.gov/sos1/sra-pub-zq-38/SRR015/15651/SRR15651926/SRR15651926.lite.1	240	
780	SRR21733668	2022-10-07 02:19:49	2022-09-28 04:33:57	24057679	7217303700	24057679	300	2203		https://sra-downloadb.be-md.ncbi.nlm.nih.gov/sos1/sra-pub-zq-38/SRR021/21733/SRR21733668/SRR21733668.lite.1	SRX17729440	LkNEC-3	RNA-Seq	Oligo-dT	TRANSCRIPTOMIC	PAIRED	0	0	ILLUMINA	Illumina NovaSeq 6000	SRP399946	PRJNA884809		884809	SRS15258860	SAMN31014995	simple	54800	Larix kaempferi	6							no					CHINESE ACADEMY OF FORESTRY	SRA1508472		public	32C49EE2C2C16FF3A2E17CB9CA10DC0D	249DE7D3A99AF8FCC6A03767602236E4	https://www.ncbi.nlm.nih.gov/sra/?term=SRR21733668	https://www.ncbi.nlm.nih.gov/bioproject/PRJNA884809	https://www.ncbi.nlm.nih.gov/biosample/SAMN31014995	https://www.ncbi.nlm.nih.gov/sra/?term=SRX17729440	https://sra-downloadb.be-md.ncbi.nlm.nih.gov/sos1/sra-pub-zq-38/SRR021/21733/SRR21733668/SRR21733668.lite.1	534	
781	SRR21733669	2022-10-07 02:19:49	2022-09-28 04:34:07	27564294	8269288200	27564294	300	2570		https://sra-downloadb.be-md.ncbi.nlm.nih.gov/sos1/sra-pub-zq-38/SRR021/21733/SRR21733669/SRR21733669.lite.1	SRX17729439	LkNEC-2	RNA-Seq	Oligo-dT	TRANSCRIPTOMIC	PAIRED	0	0	ILLUMINA	Illumina NovaSeq 6000	SRP399946	PRJNA884809		884809	SRS15258859	SAMN31014994	simple	54800	Larix kaempferi	5							no					CHINESE ACADEMY OF FORESTRY	SRA1508472		public	B40FA4CC32D6446950328DE3F926A5FD	BB4F8A0D2D93DBE21DD50891F2AFC8F2	https://www.ncbi.nlm.nih.gov/sra/?term=SRR21733669	https://www.ncbi.nlm.nih.gov/bioproject/PRJNA884809	https://www.ncbi.nlm.nih.gov/biosample/SAMN31014994	https://www.ncbi.nlm.nih.gov/sra/?term=SRX17729439	https://sra-downloadb.be-md.ncbi.nlm.nih.gov/sos1/sra-pub-zq-38/SRR021/21733/SRR21733669/SRR21733669.lite.1	535	
782	SRR21733670	2022-10-07 02:19:49	2022-09-28 04:32:32	23048456	6914536800	23048456	300	2119		https://sra-downloadb.be-md.ncbi.nlm.nih.gov/sos1/sra-pub-zq-38/SRR021/21733/SRR21733670/SRR21733670.lite.1	SRX17729438	LkNEC-1	RNA-Seq	Oligo-dT	TRANSCRIPTOMIC	PAIRED	0	0	ILLUMINA	Illumina NovaSeq 6000	SRP399946	PRJNA884809		884809	SRS15258858	SAMN31014993	simple	54800	Larix kaempferi	4							no					CHINESE ACADEMY OF FORESTRY	SRA1508472		public	20C14490D866E9754CAA17C665111F25	A98AD3B72FC892D199DD0BE262D611D4	https://www.ncbi.nlm.nih.gov/sra/?term=SRR21733670	https://www.ncbi.nlm.nih.gov/bioproject/PRJNA884809	https://www.ncbi.nlm.nih.gov/biosample/SAMN31014993	https://www.ncbi.nlm.nih.gov/sra/?term=SRX17729438	https://sra-downloadb.be-md.ncbi.nlm.nih.gov/sos1/sra-pub-zq-38/SRR021/21733/SRR21733670/SRR21733670.lite.1	536	
783	SRR21733671	2022-10-07 02:19:49	2022-09-28 04:35:15	25074296	7522288800	25074296	300	2307		https://sra-downloadb.be-md.ncbi.nlm.nih.gov/sos1/sra-pub-zq-38/SRR021/21733/SRR21733671/SRR21733671.lite.1	SRX17729437	LkEC-3	RNA-Seq	Oligo-dT	TRANSCRIPTOMIC	PAIRED	0	0	ILLUMINA	Illumina NovaSeq 6000	SRP399946	PRJNA884809		884809	SRS15258857	SAMN31014992	simple	54800	Larix kaempferi	3							no					CHINESE ACADEMY OF FORESTRY	SRA1508472		public	6A315D9B478FA0B8FCFD10F975148D23	24F2239973D0402489BA2692F9F17C70	https://www.ncbi.nlm.nih.gov/sra/?term=SRR21733671	https://www.ncbi.nlm.nih.gov/bioproject/PRJNA884809	https://www.ncbi.nlm.nih.gov/biosample/SAMN31014992	https://www.ncbi.nlm.nih.gov/sra/?term=SRX17729437	https://sra-downloadb.be-md.ncbi.nlm.nih.gov/sos1/sra-pub-zq-38/SRR021/21733/SRR21733671/SRR21733671.lite.1	537	
784	SRR21733672	2022-10-07 02:19:49	2022-09-28 04:43:05	23591384	7077415200	23591384	300	2140		https://sra-downloadb.be-md.ncbi.nlm.nih.gov/sos1/sra-pub-zq-38/SRR021/21733/SRR21733672/SRR21733672.lite.1	SRX17729436	LkEC-2	RNA-Seq	Oligo-dT	TRANSCRIPTOMIC	PAIRED	0	0	ILLUMINA	Illumina NovaSeq 6000	SRP399946	PRJNA884809		884809	SRS15258856	SAMN31014991	simple	54800	Larix kaempferi	2							no					CHINESE ACADEMY OF FORESTRY	SRA1508472		public	46191465EEA902C41782278BC2C734A7	517607B176B48487BA79FDA8D9F5C441	https://www.ncbi.nlm.nih.gov/sra/?term=SRR21733672	https://www.ncbi.nlm.nih.gov/bioproject/PRJNA884809	https://www.ncbi.nlm.nih.gov/biosample/SAMN31014991	https://www.ncbi.nlm.nih.gov/sra/?term=SRX17729436	https://sra-downloadb.be-md.ncbi.nlm.nih.gov/sos1/sra-pub-zq-38/SRR021/21733/SRR21733672/SRR21733672.lite.1	538	
785	SRR21733673	2022-10-07 02:19:49	2022-09-28 04:35:34	25225530	7567659000	25225530	300	2282		https://sra-downloadb.be-md.ncbi.nlm.nih.gov/sos1/sra-pub-zq-38/SRR021/21733/SRR21733673/SRR21733673.lite.1	SRX17729435	LkEC-1	RNA-Seq	Oligo-dT	TRANSCRIPTOMIC	PAIRED	0	0	ILLUMINA	Illumina NovaSeq 6000	SRP399946	PRJNA884809		884809	SRS15258855	SAMN31014990	simple	54800	Larix kaempferi	1							no					CHINESE ACADEMY OF FORESTRY	SRA1508472		public	73DCE567FA33F3C510983B322A48A846	2945A33DB8B82630C07466DF7785CF57	https://www.ncbi.nlm.nih.gov/sra/?term=SRR21733673	https://www.ncbi.nlm.nih.gov/bioproject/PRJNA884809	https://www.ncbi.nlm.nih.gov/biosample/SAMN31014990	https://www.ncbi.nlm.nih.gov/sra/?term=SRX17729435	https://sra-downloadb.be-md.ncbi.nlm.nih.gov/sos1/sra-pub-zq-38/SRR021/21733/SRR21733673/SRR21733673.lite.1	539	
786	SRR5234531	2021-01-19 00:00:13	2017-05-03 02:58:53	48782458	14634737400	48782458	300	5752		https://sra-downloadb.be-md.ncbi.nlm.nih.gov/sos5/sra-pub-zq-16/SRR005/234/SRR5234531.sralite.1	SRX2541882	LK_D2	RNA-Seq	RANDOM	TRANSCRIPTOMIC	PAIRED	0	0	ILLUMINA	Illumina HiSeq 2000	SRP098955	PRJNA362515		362515	SRS1961070	SAMN06241147	simple	4688	Lilium	LK_D2							no					SHANGHAI ACADEMY OF AGRICULTURAL SCIENCES	SRA535947		public	1A76FDFD2889D15DA96E64BFF607C8FD	94C99DCCFC2F030FCB68378E4F7E8F82	https://www.ncbi.nlm.nih.gov/sra/?term=SRR5234531	https://www.ncbi.nlm.nih.gov/bioproject/PRJNA362515	https://www.ncbi.nlm.nih.gov/biosample/SAMN06241147	https://www.ncbi.nlm.nih.gov/sra/?term=SRX2541882	https://sra-downloadb.be-md.ncbi.nlm.nih.gov/sos5/sra-pub-zq-16/SRR005/234/SRR5234531.sralite.1	1048	
787	SRR5234532	2021-01-19 00:00:13	2017-05-02 12:52:26	55395598	16618679400	55395598	300	6578		https://sra-downloadb.be-md.ncbi.nlm.nih.gov/sos9/sra-pub-zq-922/SRR005/234/SRR5234532.sralite.1	SRX2541883	LK_D1	RNA-Seq	RANDOM	TRANSCRIPTOMIC	PAIRED	0	0	ILLUMINA	Illumina HiSeq 2000	SRP098955	PRJNA362515		362515	SRS1961071	SAMN06241146	simple	4688	Lilium	LK_D1							no					SHANGHAI ACADEMY OF AGRICULTURAL SCIENCES	SRA535947		public	564CE940F700003BACFD347EAB245346	12E7243052A4A543CF5B81AFF0DD2D38	https://www.ncbi.nlm.nih.gov/sra/?term=SRR5234532	https://www.ncbi.nlm.nih.gov/bioproject/PRJNA362515	https://www.ncbi.nlm.nih.gov/biosample/SAMN06241146	https://www.ncbi.nlm.nih.gov/sra/?term=SRX2541883	https://sra-downloadb.be-md.ncbi.nlm.nih.gov/sos9/sra-pub-zq-922/SRR005/234/SRR5234532.sralite.1	1049	
788	SRR5234533	2021-01-19 00:00:13	2017-02-07 03:42:49	46625141	13987542300	46625141	300	5457		https://sra-downloadb.be-md.ncbi.nlm.nih.gov/sos5/sra-pub-zq-16/SRR005/234/SRR5234533.sralite.1	SRX2541884	LK_C2	RNA-Seq	RANDOM	TRANSCRIPTOMIC	PAIRED	0	0	ILLUMINA	Illumina HiSeq 2000	SRP098955	PRJNA362515		362515	SRS1961072	SAMN06241145	simple	4688	Lilium	LK_C2							no					SHANGHAI ACADEMY OF AGRICULTURAL SCIENCES	SRA535947		public	D12294826FDA3E74305756F7244615D8	634130236656205235E5C0219DD3285F	https://www.ncbi.nlm.nih.gov/sra/?term=SRR5234533	https://www.ncbi.nlm.nih.gov/bioproject/PRJNA362515	https://www.ncbi.nlm.nih.gov/biosample/SAMN06241145	https://www.ncbi.nlm.nih.gov/sra/?term=SRX2541884	https://sra-downloadb.be-md.ncbi.nlm.nih.gov/sos5/sra-pub-zq-16/SRR005/234/SRR5234533.sralite.1	1050	
789	SRR5234534	2021-01-19 00:00:13	2017-02-07 03:36:43	46824551	14047365300	46824551	300	5531		https://sra-downloadb.be-md.ncbi.nlm.nih.gov/sos5/sra-pub-zq-16/SRR005/234/SRR5234534.sralite.1	SRX2541885	LK_C1	RNA-Seq	RANDOM	TRANSCRIPTOMIC	PAIRED	0	0	ILLUMINA	Illumina HiSeq 2000	SRP098955	PRJNA362515		362515	SRS1961073	SAMN06241144	simple	4688	Lilium	LK_C1							no					SHANGHAI ACADEMY OF AGRICULTURAL SCIENCES	SRA535947		public	F4E0EF7360F18716493C18887AF6EFA6	DE29781E27BEDDBE3AAC006CA9A1B639	https://www.ncbi.nlm.nih.gov/sra/?term=SRR5234534	https://www.ncbi.nlm.nih.gov/bioproject/PRJNA362515	https://www.ncbi.nlm.nih.gov/biosample/SAMN06241144	https://www.ncbi.nlm.nih.gov/sra/?term=SRX2541885	https://sra-downloadb.be-md.ncbi.nlm.nih.gov/sos5/sra-pub-zq-16/SRR005/234/SRR5234534.sralite.1	1051	
790	SRR5234535	2021-01-19 00:00:13	2017-02-07 03:45:57	45242379	13415078250	44191476	296	5210		https://sra-downloadb.be-md.ncbi.nlm.nih.gov/sos9/sra-pub-zq-922/SRR005/234/SRR5234535.sralite.1	SRX2541886	LK_B2	RNA-Seq	RANDOM	TRANSCRIPTOMIC	PAIRED	0	0	ILLUMINA	Illumina HiSeq 2000	SRP098955	PRJNA362515		362515	SRS1961074	SAMN06241143	simple	4688	Lilium	LK_B2							no					SHANGHAI ACADEMY OF AGRICULTURAL SCIENCES	SRA535947		public	2E7472424BE5C73EB1FD9287ECB9839E	E2630908EFCB620C79089CCDAA4F6A9A	https://www.ncbi.nlm.nih.gov/sra/?term=SRR5234535	https://www.ncbi.nlm.nih.gov/bioproject/PRJNA362515	https://www.ncbi.nlm.nih.gov/biosample/SAMN06241143	https://www.ncbi.nlm.nih.gov/sra/?term=SRX2541886	https://sra-downloadb.be-md.ncbi.nlm.nih.gov/sos9/sra-pub-zq-922/SRR005/234/SRR5234535.sralite.1	1052	
791	SRR5234536	2021-01-19 00:00:13	2017-02-07 03:41:44	47992200	14397660000	47992200	300	5580		https://sra-downloadb.be-md.ncbi.nlm.nih.gov/sos5/sra-pub-zq-16/SRR005/234/SRR5234536.sralite.1	SRX2541887	LK_B1	RNA-Seq	RANDOM	TRANSCRIPTOMIC	PAIRED	0	0	ILLUMINA	Illumina HiSeq 2000	SRP098955	PRJNA362515		362515	SRS1961075	SAMN06241142	simple	4688	Lilium	LK_B1							no					SHANGHAI ACADEMY OF AGRICULTURAL SCIENCES	SRA535947		public	272D26ECDA86245D6781C84C25EC278B	457044D6BC3F034B5C58905860B2CC13	https://www.ncbi.nlm.nih.gov/sra/?term=SRR5234536	https://www.ncbi.nlm.nih.gov/bioproject/PRJNA362515	https://www.ncbi.nlm.nih.gov/biosample/SAMN06241142	https://www.ncbi.nlm.nih.gov/sra/?term=SRX2541887	https://sra-downloadb.be-md.ncbi.nlm.nih.gov/sos5/sra-pub-zq-16/SRR005/234/SRR5234536.sralite.1	1053	
792	SRR5234537	2021-01-19 00:00:13	2017-02-07 03:39:33	43512687	13053806100	43512687	300	5058		https://sra-downloadb.be-md.ncbi.nlm.nih.gov/sos5/sra-pub-zq-16/SRR005/234/SRR5234537.sralite.1	SRX2541888	LK_A2	RNA-Seq	RANDOM	TRANSCRIPTOMIC	PAIRED	0	0	ILLUMINA	Illumina HiSeq 2000	SRP098955	PRJNA362515		362515	SRS1961076	SAMN06241141	simple	4688	Lilium	LK_A2							no					SHANGHAI ACADEMY OF AGRICULTURAL SCIENCES	SRA535947		public	7869F06A708A54FE7B3BDCE061B4C25C	5E98C0DA6B8498F2E7AFC57C2FBF28DC	https://www.ncbi.nlm.nih.gov/sra/?term=SRR5234537	https://www.ncbi.nlm.nih.gov/bioproject/PRJNA362515	https://www.ncbi.nlm.nih.gov/biosample/SAMN06241141	https://www.ncbi.nlm.nih.gov/sra/?term=SRX2541888	https://sra-downloadb.be-md.ncbi.nlm.nih.gov/sos5/sra-pub-zq-16/SRR005/234/SRR5234537.sralite.1	1054	
793	SRR5234538	2021-01-19 00:00:13	2017-02-07 03:34:33	41968112	12590433600	41968112	300	4916		https://sra-downloadb.be-md.ncbi.nlm.nih.gov/sos9/sra-pub-zq-922/SRR005/234/SRR5234538.sralite.1	SRX2541889	LK_A1	RNA-Seq	RANDOM	TRANSCRIPTOMIC	PAIRED	0	0	ILLUMINA	Illumina HiSeq 2000	SRP098955	PRJNA362515		362515	SRS1961077	SAMN06241140	simple	4688	Lilium	LK_A1							no					SHANGHAI ACADEMY OF AGRICULTURAL SCIENCES	SRA535947		public	4787FBD7F08FC4E8384D10D45930EB9D	1C93F7C375F59FC78EC9EE3C6B92E336	https://www.ncbi.nlm.nih.gov/sra/?term=SRR5234538	https://www.ncbi.nlm.nih.gov/bioproject/PRJNA362515	https://www.ncbi.nlm.nih.gov/biosample/SAMN06241140	https://www.ncbi.nlm.nih.gov/sra/?term=SRX2541889	https://sra-downloadb.be-md.ncbi.nlm.nih.gov/sos9/sra-pub-zq-922/SRR005/234/SRR5234538.sralite.1	1055	
794	SRR15851713	2021-09-13 06:24:05	2021-09-11 09:18:14	31725157	9517547100	31725157	300	3029		https://sra-downloadb.be-md.ncbi.nlm.nih.gov/sos9/sra-pub-zq-924/SRR015/15851/SRR15851713/SRR15851713.lite.1	SRX12142966	GE1	RNA-Seq	RANDOM PCR	TRANSCRIPTOMIC	PAIRED	0	0	ILLUMINA	Illumina HiSeq 2000	SRP336629	PRJNA762421		762421	SRS10122316	SAMN21393409	simple	4398	Liquidambar	GE1							no					BEIJING FORESTRY UNIVERSITY	SRA1292649		public	AEB604921A47A8234C7835E7BA3752EE	FAEC844C8C588D5225F3A9BCB82A7DC7	https://www.ncbi.nlm.nih.gov/sra/?term=SRR15851713	https://www.ncbi.nlm.nih.gov/bioproject/PRJNA762421	https://www.ncbi.nlm.nih.gov/biosample/SAMN21393409	https://www.ncbi.nlm.nih.gov/sra/?term=SRX12142966	https://sra-downloadb.be-md.ncbi.nlm.nih.gov/sos9/sra-pub-zq-924/SRR015/15851/SRR15851713/SRR15851713.lite.1	292	
795	SRR15851729	2021-09-13 06:24:04	2021-09-11 09:27:17	34073796	10222138800	34073796	300	3241		https://sra-downloadb.be-md.ncbi.nlm.nih.gov/sos8/sra-pub-zq-820/SRR015/15851/SRR15851729/SRR15851729.lite.1	SRX12142950	CE3	RNA-Seq	RANDOM PCR	TRANSCRIPTOMIC	PAIRED	0	0	ILLUMINA	Illumina HiSeq 2000	SRP336629	PRJNA762421		762421	SRS10122300	SAMN21393420	simple	4398	Liquidambar	CE3							no					BEIJING FORESTRY UNIVERSITY	SRA1292649		public	6A243B00452CF9087D92178AFA5C1B05	8ECB809F98ACE48E7F52885E10E0CA4C	https://www.ncbi.nlm.nih.gov/sra/?term=SRR15851729	https://www.ncbi.nlm.nih.gov/bioproject/PRJNA762421	https://www.ncbi.nlm.nih.gov/biosample/SAMN21393420	https://www.ncbi.nlm.nih.gov/sra/?term=SRX12142950	https://sra-downloadb.be-md.ncbi.nlm.nih.gov/sos8/sra-pub-zq-820/SRR015/15851/SRR15851729/SRR15851729.lite.1	293	
796	SRR15851731	2021-09-13 06:24:04	2021-09-11 09:20:21	35840013	10752003900	35840013	300	3352		https://sra-downloadb.be-md.ncbi.nlm.nih.gov/sos8/sra-pub-zq-818/SRR015/15851/SRR15851731/SRR15851731.lite.1	SRX12142948	CE2	RNA-Seq	RANDOM PCR	TRANSCRIPTOMIC	PAIRED	0	0	ILLUMINA	Illumina HiSeq 2000	SRP336629	PRJNA762421		762421	SRS10122298	SAMN21393419	simple	4398	Liquidambar	CE2							no					BEIJING FORESTRY UNIVERSITY	SRA1292649		public	EE45425E0EE9AF26A6994115ECCD1CED	C82CA0A5A9C3DD3722D8BBD415A99B5F	https://www.ncbi.nlm.nih.gov/sra/?term=SRR15851731	https://www.ncbi.nlm.nih.gov/bioproject/PRJNA762421	https://www.ncbi.nlm.nih.gov/biosample/SAMN21393419	https://www.ncbi.nlm.nih.gov/sra/?term=SRX12142948	https://sra-downloadb.be-md.ncbi.nlm.nih.gov/sos8/sra-pub-zq-818/SRR015/15851/SRR15851731/SRR15851731.lite.1	294	
797	SRR15851732	2021-09-13 06:24:04	2021-09-11 09:17:47	28687662	8606298600	28687662	300	2693		https://sra-downloadb.be-md.ncbi.nlm.nih.gov/sos1/sra-pub-zq-38/SRR015/15851/SRR15851732/SRR15851732.lite.1	SRX12142947	CE1	RNA-Seq	RANDOM PCR	TRANSCRIPTOMIC	PAIRED	0	0	ILLUMINA	Illumina HiSeq 2000	SRP336629	PRJNA762421		762421	SRS10122297	SAMN21393418	simple	4398	Liquidambar	CE1							no					BEIJING FORESTRY UNIVERSITY	SRA1292649		public	06890BA2361A8C98994DA2BBA446BA82	160C1608B89B09FD8EE7C66829466929	https://www.ncbi.nlm.nih.gov/sra/?term=SRR15851732	https://www.ncbi.nlm.nih.gov/bioproject/PRJNA762421	https://www.ncbi.nlm.nih.gov/biosample/SAMN21393418	https://www.ncbi.nlm.nih.gov/sra/?term=SRX12142947	https://sra-downloadb.be-md.ncbi.nlm.nih.gov/sos1/sra-pub-zq-38/SRR015/15851/SRR15851732/SRR15851732.lite.1	295	
798	SRR15851733	2021-09-13 06:24:04	2021-09-11 09:22:01	29318070	8795421000	29318070	300	2744		https://sra-downloadb.be-md.ncbi.nlm.nih.gov/sos9/sra-pub-zq-924/SRR015/15851/SRR15851733/SRR15851733.lite.1	SRX12142946	TE3	RNA-Seq	RANDOM PCR	TRANSCRIPTOMIC	PAIRED	0	0	ILLUMINA	Illumina HiSeq 2000	SRP336629	PRJNA762421		762421	SRS10122296	SAMN21393417	simple	4398	Liquidambar	TE3							no					BEIJING FORESTRY UNIVERSITY	SRA1292649		public	386AEDB6C08F7864E96F8072D1A2E2AE	531DB95F25A04C34AD997899A68C4FFE	https://www.ncbi.nlm.nih.gov/sra/?term=SRR15851733	https://www.ncbi.nlm.nih.gov/bioproject/PRJNA762421	https://www.ncbi.nlm.nih.gov/biosample/SAMN21393417	https://www.ncbi.nlm.nih.gov/sra/?term=SRX12142946	https://sra-downloadb.be-md.ncbi.nlm.nih.gov/sos9/sra-pub-zq-924/SRR015/15851/SRR15851733/SRR15851733.lite.1	296	
799	SRR15851734	2021-09-13 06:26:18	2021-09-11 09:30:20	43380961	13014288300	43380961	300	4132		https://sra-downloadb.be-md.ncbi.nlm.nih.gov/sos8/sra-pub-zq-820/SRR015/15851/SRR15851734/SRR15851734.lite.1	SRX12142945	TE2	RNA-Seq	RANDOM PCR	TRANSCRIPTOMIC	PAIRED	0	0	ILLUMINA	Illumina HiSeq 2000	SRP336629	PRJNA762421		762421	SRS10122294	SAMN21393416	simple	4398	Liquidambar	TE2							no					BEIJING FORESTRY UNIVERSITY	SRA1292649		public	F34DB5FEF2803D316F8D4922D9806C0A	12F242A5BB079FD4DC88FDFD4FC4B41C	https://www.ncbi.nlm.nih.gov/sra/?term=SRR15851734	https://www.ncbi.nlm.nih.gov/bioproject/PRJNA762421	https://www.ncbi.nlm.nih.gov/biosample/SAMN21393416	https://www.ncbi.nlm.nih.gov/sra/?term=SRX12142945	https://sra-downloadb.be-md.ncbi.nlm.nih.gov/sos8/sra-pub-zq-820/SRR015/15851/SRR15851734/SRR15851734.lite.1	297	
800	SRR15851735	2021-09-13 06:24:04	2021-09-11 09:17:21	22946220	6883866000	22946220	300	2175		https://sra-downloadb.be-md.ncbi.nlm.nih.gov/sos9/sra-pub-zq-924/SRR015/15851/SRR15851735/SRR15851735.lite.1	SRX12142944	TE1	RNA-Seq	RANDOM PCR	TRANSCRIPTOMIC	PAIRED	0	0	ILLUMINA	Illumina HiSeq 2000	SRP336629	PRJNA762421		762421	SRS10122295	SAMN21393415	simple	4398	Liquidambar	TE1							no					BEIJING FORESTRY UNIVERSITY	SRA1292649		public	586C3F6689A927080A7608BF27178E04	31EDE724EEE3F078792211434400C9A9	https://www.ncbi.nlm.nih.gov/sra/?term=SRR15851735	https://www.ncbi.nlm.nih.gov/bioproject/PRJNA762421	https://www.ncbi.nlm.nih.gov/biosample/SAMN21393415	https://www.ncbi.nlm.nih.gov/sra/?term=SRX12142944	https://sra-downloadb.be-md.ncbi.nlm.nih.gov/sos9/sra-pub-zq-924/SRR015/15851/SRR15851735/SRR15851735.lite.1	298	
801	SRR15851736	2021-09-13 06:24:04	2021-09-11 09:33:51	34995877	10498763100	34995877	300	3310		https://sra-downloadb.be-md.ncbi.nlm.nih.gov/sos1/sra-pub-zq-38/SRR015/15851/SRR15851736/SRR15851736.lite.1	SRX12142943	HE3	RNA-Seq	RANDOM PCR	TRANSCRIPTOMIC	PAIRED	0	0	ILLUMINA	Illumina HiSeq 2000	SRP336629	PRJNA762421		762421	SRS10122292	SAMN21393414	simple	4398	Liquidambar	HE3							no					BEIJING FORESTRY UNIVERSITY	SRA1292649		public	C6C3E8683F1E68303540D44F0C82ADEA	64B596020475F40EC255D6733298957A	https://www.ncbi.nlm.nih.gov/sra/?term=SRR15851736	https://www.ncbi.nlm.nih.gov/bioproject/PRJNA762421	https://www.ncbi.nlm.nih.gov/biosample/SAMN21393414	https://www.ncbi.nlm.nih.gov/sra/?term=SRX12142943	https://sra-downloadb.be-md.ncbi.nlm.nih.gov/sos1/sra-pub-zq-38/SRR015/15851/SRR15851736/SRR15851736.lite.1	299	
802	SRR15851737	2021-09-13 06:24:04	2021-09-11 09:34:08	34185533	10255659900	34185533	300	3072		https://sra-downloadb.be-md.ncbi.nlm.nih.gov/sos1/sra-pub-zq-38/SRR015/15851/SRR15851737/SRR15851737.lite.1	SRX12142942	HE2	RNA-Seq	RANDOM PCR	TRANSCRIPTOMIC	PAIRED	0	0	ILLUMINA	Illumina HiSeq 2000	SRP336629	PRJNA762421		762421	SRS10122293	SAMN21393413	simple	4398	Liquidambar	HE2							no					BEIJING FORESTRY UNIVERSITY	SRA1292649		public	E7FFBE12E016E90026BED2ED5A7E1648	1555593DE69A10689AB634CAABFE008B	https://www.ncbi.nlm.nih.gov/sra/?term=SRR15851737	https://www.ncbi.nlm.nih.gov/bioproject/PRJNA762421	https://www.ncbi.nlm.nih.gov/biosample/SAMN21393413	https://www.ncbi.nlm.nih.gov/sra/?term=SRX12142942	https://sra-downloadb.be-md.ncbi.nlm.nih.gov/sos1/sra-pub-zq-38/SRR015/15851/SRR15851737/SRR15851737.lite.1	300	
803	SRR15851738	2021-09-13 06:24:04	2021-09-11 09:22:41	28024825	8407447500	28024825	300	2648		https://sra-downloadb.be-md.ncbi.nlm.nih.gov/sos8/sra-pub-zq-820/SRR015/15851/SRR15851738/SRR15851738.lite.1	SRX12142941	HE1	RNA-Seq	RANDOM PCR	TRANSCRIPTOMIC	PAIRED	0	0	ILLUMINA	Illumina HiSeq 2000	SRP336629	PRJNA762421		762421	SRS10122291	SAMN21393412	simple	4398	Liquidambar	HE1							no					BEIJING FORESTRY UNIVERSITY	SRA1292649		public	4428665524146832F2D569ABE2365012	2878466BD8EDA94F5811806E6B2B9453	https://www.ncbi.nlm.nih.gov/sra/?term=SRR15851738	https://www.ncbi.nlm.nih.gov/bioproject/PRJNA762421	https://www.ncbi.nlm.nih.gov/biosample/SAMN21393412	https://www.ncbi.nlm.nih.gov/sra/?term=SRX12142941	https://sra-downloadb.be-md.ncbi.nlm.nih.gov/sos8/sra-pub-zq-820/SRR015/15851/SRR15851738/SRR15851738.lite.1	301	
804	SRR15851739	2021-09-13 06:24:04	2021-09-11 09:31:19	30872859	9261857700	30872859	300	2838		https://sra-downloadb.be-md.ncbi.nlm.nih.gov/sos1/sra-pub-zq-38/SRR015/15851/SRR15851739/SRR15851739.lite.1	SRX12142940	GE3	RNA-Seq	RANDOM PCR	TRANSCRIPTOMIC	PAIRED	0	0	ILLUMINA	Illumina HiSeq 2000	SRP336629	PRJNA762421		762421	SRS10122290	SAMN21393411	simple	4398	Liquidambar	GE3							no					BEIJING FORESTRY UNIVERSITY	SRA1292649		public	74AB78DEFC32545E34CC259E156B3AB1	068F8628F78184DB6D30D50026472DD2	https://www.ncbi.nlm.nih.gov/sra/?term=SRR15851739	https://www.ncbi.nlm.nih.gov/bioproject/PRJNA762421	https://www.ncbi.nlm.nih.gov/biosample/SAMN21393411	https://www.ncbi.nlm.nih.gov/sra/?term=SRX12142940	https://sra-downloadb.be-md.ncbi.nlm.nih.gov/sos1/sra-pub-zq-38/SRR015/15851/SRR15851739/SRR15851739.lite.1	302	
805	SRR15851740	2021-09-13 06:24:04	2021-09-11 09:26:24	35963775	10789132500	35963775	300	3244		https://sra-downloadb.be-md.ncbi.nlm.nih.gov/sos8/sra-pub-zq-818/SRR015/15851/SRR15851740/SRR15851740.lite.1	SRX12142939	GE2	RNA-Seq	RANDOM PCR	TRANSCRIPTOMIC	PAIRED	0	0	ILLUMINA	Illumina HiSeq 2000	SRP336629	PRJNA762421		762421	SRS10122288	SAMN21393410	simple	4398	Liquidambar	GE2							no					BEIJING FORESTRY UNIVERSITY	SRA1292649		public	DD46AF4A472335F062FEC58CA48B0D4E	41B7AE0DA557EF8F08EC163D651FE307	https://www.ncbi.nlm.nih.gov/sra/?term=SRR15851740	https://www.ncbi.nlm.nih.gov/bioproject/PRJNA762421	https://www.ncbi.nlm.nih.gov/biosample/SAMN21393410	https://www.ncbi.nlm.nih.gov/sra/?term=SRX12142939	https://sra-downloadb.be-md.ncbi.nlm.nih.gov/sos8/sra-pub-zq-818/SRR015/15851/SRR15851740/SRR15851740.lite.1	303	
806	SRR17422659	2022-01-04 08:51:45	2022-01-04 08:13:49	52450174	15596509754	0	297	4644		https://sra-downloadb.be-md.ncbi.nlm.nih.gov/sos1/sra-pub-zq-38/SRR017/17422/SRR17422659/SRR17422659.lite.1	SRX13594309	ET3	RNA-Seq	RANDOM	TRANSCRIPTOMIC	SINGLE	0	0	ILLUMINA	Illumina HiSeq 4000	SRP353403	PRJNA793003		793003	SRS11483804	SAMN24495401	simple	2828060	Liquidambar styraciflua x Liquidambar formosana	EC3							no					BEIJING FORESTRY UNIVERSITY	SRA1350892		public	C38AA3A8A64D6E2E6670113841549C9B	4EAF2338AF44CC19A6B9BDD2DC900C2D	https://www.ncbi.nlm.nih.gov/sra/?term=SRR17422659	https://www.ncbi.nlm.nih.gov/bioproject/PRJNA793003	https://www.ncbi.nlm.nih.gov/biosample/SAMN24495401	https://www.ncbi.nlm.nih.gov/sra/?term=SRX13594309	https://sra-downloadb.be-md.ncbi.nlm.nih.gov/sos1/sra-pub-zq-38/SRR017/17422/SRR17422659/SRR17422659.lite.1	466	
807	SRR17422660	2022-01-04 08:51:45	2022-01-04 08:19:47	52903103	15755604776	0	297	4666		https://sra-downloadb.be-md.ncbi.nlm.nih.gov/sos9/sra-pub-zq-924/SRR017/17422/SRR17422660/SRR17422660.lite.1	SRX13594308	ET2	RNA-Seq	RANDOM	TRANSCRIPTOMIC	SINGLE	0	0	ILLUMINA	Illumina HiSeq 4000	SRP353403	PRJNA793003		793003	SRS11483803	SAMN24495400	simple	2828060	Liquidambar styraciflua x Liquidambar formosana	EC2							no					BEIJING FORESTRY UNIVERSITY	SRA1350892		public	0407409BF0B538C0F2FDF89F763BDFB0	18CC698ACFA521225D10FB6285CC6E4B	https://www.ncbi.nlm.nih.gov/sra/?term=SRR17422660	https://www.ncbi.nlm.nih.gov/bioproject/PRJNA793003	https://www.ncbi.nlm.nih.gov/biosample/SAMN24495400	https://www.ncbi.nlm.nih.gov/sra/?term=SRX13594308	https://sra-downloadb.be-md.ncbi.nlm.nih.gov/sos9/sra-pub-zq-924/SRR017/17422/SRR17422660/SRR17422660.lite.1	467	
808	SRR17422661	2022-01-04 08:21:04	2022-01-04 07:45:31	53859443	16006154498	0	297	4783		https://sra-downloadb.be-md.ncbi.nlm.nih.gov/sos8/sra-pub-zq-818/SRR017/17422/SRR17422661/SRR17422661.lite.1	SRX13594307	ET1	RNA-Seq	RANDOM	TRANSCRIPTOMIC	SINGLE	0	0	ILLUMINA	Illumina HiSeq 4000	SRP353403	PRJNA793003		793003	SRS11483802	SAMN24495399	simple	2828060	Liquidambar styraciflua x Liquidambar formosana	EC1							no					BEIJING FORESTRY UNIVERSITY	SRA1350892		public	FA8EA793799C725093D0D4AEF117F1D9	2B9778554172103ABB9D331AECDA600D	https://www.ncbi.nlm.nih.gov/sra/?term=SRR17422661	https://www.ncbi.nlm.nih.gov/bioproject/PRJNA793003	https://www.ncbi.nlm.nih.gov/biosample/SAMN24495399	https://www.ncbi.nlm.nih.gov/sra/?term=SRX13594307	https://sra-downloadb.be-md.ncbi.nlm.nih.gov/sos8/sra-pub-zq-818/SRR017/17422/SRR17422661/SRR17422661.lite.1	468	
809	SRR31125884	2025-03-20 23:16:37	2024-10-26 03:47:09	21225891	6367767300	21225891	300	2294		https://sra-downloadb.be-md.ncbi.nlm.nih.gov/sos7/sra-pub-zq-41/SRR031/31125/SRR31125884/SRR31125884.lite.1	SRX26507939	SEI1_1	RNA-Seq	RANDOM	TRANSCRIPTOMIC	PAIRED	0	0	ILLUMINA	Illumina HiSeq 4000	SRP540955	PRJNA1177383		1177383	SRS23020682	SAMN44420315	simple	3114324	Liriodendron hybrid cultivar	SEI1_1							no					NANJING FORESTRY UNIVERSITY	SRA1997860		public	24404FDA9E1969014973CB9B0A98F701	62F2B6005B374CC5094DC9AB0F976F1C	https://www.ncbi.nlm.nih.gov/sra/?term=SRR31125884	https://www.ncbi.nlm.nih.gov/bioproject/PRJNA1177383	https://www.ncbi.nlm.nih.gov/biosample/SAMN44420315	https://www.ncbi.nlm.nih.gov/sra/?term=SRX26507939	https://sra-downloadb.be-md.ncbi.nlm.nih.gov/sos7/sra-pub-zq-41/SRR031/31125/SRR31125884/SRR31125884.lite.1	805	
810	SRR31125890	2025-03-20 23:16:36	2024-10-26 03:48:05	21025704	6307711200	21025704	300	2327		https://sra-downloadb.be-md.ncbi.nlm.nih.gov/sos7/sra-pub-zq-41/SRR031/31125/SRR31125890/SRR31125890.lite.1	SRX26507933	SEI37_3	RNA-Seq	RANDOM	TRANSCRIPTOMIC	PAIRED	0	0	ILLUMINA	Illumina HiSeq 4000	SRP540955	PRJNA1177383		1177383	SRS23020676	SAMN44420338	simple	3114324	Liriodendron hybrid cultivar	SEI37_3							no					NANJING FORESTRY UNIVERSITY	SRA1997860		public	7C89179648CCE2C4800FB1D58F0C9FA5	EC45ADFD61AD1B037DCA67AEFCFC003E	https://www.ncbi.nlm.nih.gov/sra/?term=SRR31125890	https://www.ncbi.nlm.nih.gov/bioproject/PRJNA1177383	https://www.ncbi.nlm.nih.gov/biosample/SAMN44420338	https://www.ncbi.nlm.nih.gov/sra/?term=SRX26507933	https://sra-downloadb.be-md.ncbi.nlm.nih.gov/sos7/sra-pub-zq-41/SRR031/31125/SRR31125890/SRR31125890.lite.1	806	
811	SRR31125891	2025-03-20 23:16:36	2024-10-26 03:47:35	21651228	6495368400	21651228	300	2396		https://sra-downloadb.be-md.ncbi.nlm.nih.gov/sos7/sra-pub-zq-41/SRR031/31125/SRR31125891/SRR31125891.lite.1	SRX26507932	SEI37_2	RNA-Seq	RANDOM	TRANSCRIPTOMIC	PAIRED	0	0	ILLUMINA	Illumina HiSeq 4000	SRP540955	PRJNA1177383		1177383	SRS23020675	SAMN44420337	simple	3114324	Liriodendron hybrid cultivar	SEI37_2							no					NANJING FORESTRY UNIVERSITY	SRA1997860		public	44FBB44844CCB776C683D5421314F33F	1A0FC566CDAE4FD486FC6864BC6C8F0F	https://www.ncbi.nlm.nih.gov/sra/?term=SRR31125891	https://www.ncbi.nlm.nih.gov/bioproject/PRJNA1177383	https://www.ncbi.nlm.nih.gov/biosample/SAMN44420337	https://www.ncbi.nlm.nih.gov/sra/?term=SRX26507932	https://sra-downloadb.be-md.ncbi.nlm.nih.gov/sos7/sra-pub-zq-41/SRR031/31125/SRR31125891/SRR31125891.lite.1	807	
812	SRR31125892	2025-03-20 23:16:33	2024-10-26 03:48:18	21014218	6304265400	21014218	300	2323		https://sra-downloadb.be-md.ncbi.nlm.nih.gov/sos7/sra-pub-zq-41/SRR031/31125/SRR31125892/SRR31125892.lite.1	SRX26507931	SEI37_1	RNA-Seq	RANDOM	TRANSCRIPTOMIC	PAIRED	0	0	ILLUMINA	Illumina HiSeq 4000	SRP540955	PRJNA1177383		1177383	SRS23020674	SAMN44420336	simple	3114324	Liriodendron hybrid cultivar	SEI37_1							no					NANJING FORESTRY UNIVERSITY	SRA1997860		public	3780268036D2FC58AF34389F07382E8B	D41452392853DC5757DFB386152CD8D0	https://www.ncbi.nlm.nih.gov/sra/?term=SRR31125892	https://www.ncbi.nlm.nih.gov/bioproject/PRJNA1177383	https://www.ncbi.nlm.nih.gov/biosample/SAMN44420336	https://www.ncbi.nlm.nih.gov/sra/?term=SRX26507931	https://sra-downloadb.be-md.ncbi.nlm.nih.gov/sos7/sra-pub-zq-41/SRR031/31125/SRR31125892/SRR31125892.lite.1	808	
813	SRR31125894	2025-03-20 23:16:34	2024-10-26 03:47:24	21033341	6310002300	21033341	300	2334		https://sra-downloadb.be-md.ncbi.nlm.nih.gov/sos7/sra-pub-zq-41/SRR031/31125/SRR31125894/SRR31125894.lite.1	SRX26507929	SEI31_3	RNA-Seq	RANDOM	TRANSCRIPTOMIC	PAIRED	0	0	ILLUMINA	Illumina HiSeq 4000	SRP540955	PRJNA1177383		1177383	SRS23020672	SAMN44420335	simple	3114324	Liriodendron hybrid cultivar	SEI31_3							no					NANJING FORESTRY UNIVERSITY	SRA1997860		public	84AC57B9A429983AB11E4ED2517620AC	64AF3EBFE4DC462DFE2E6C258E479FA4	https://www.ncbi.nlm.nih.gov/sra/?term=SRR31125894	https://www.ncbi.nlm.nih.gov/bioproject/PRJNA1177383	https://www.ncbi.nlm.nih.gov/biosample/SAMN44420335	https://www.ncbi.nlm.nih.gov/sra/?term=SRX26507929	https://sra-downloadb.be-md.ncbi.nlm.nih.gov/sos7/sra-pub-zq-41/SRR031/31125/SRR31125894/SRR31125894.lite.1	809	
814	SRR31125895	2025-03-20 23:16:34	2024-10-26 03:48:03	21130233	6339069900	0	300	2309		https://sra-downloadb.be-md.ncbi.nlm.nih.gov/sos7/sra-pub-zq-41/SRR031/31125/SRR31125895/SRR31125895.lite.1	SRX26507928	SEI31_2	RNA-Seq	RANDOM	TRANSCRIPTOMIC	PAIRED	0	0	ILLUMINA	Illumina HiSeq 4000	SRP540955	PRJNA1177383		1177383	SRS23020671	SAMN44420334	simple	3114324	Liriodendron hybrid cultivar	SEI31_2							no					NANJING FORESTRY UNIVERSITY	SRA1997860		public	28DD1858D490F1258213A158C866BDC7	3E912020C82856254F6B9AD13ED88B70	https://www.ncbi.nlm.nih.gov/sra/?term=SRR31125895	https://www.ncbi.nlm.nih.gov/bioproject/PRJNA1177383	https://www.ncbi.nlm.nih.gov/biosample/SAMN44420334	https://www.ncbi.nlm.nih.gov/sra/?term=SRX26507928	https://sra-downloadb.be-md.ncbi.nlm.nih.gov/sos7/sra-pub-zq-41/SRR031/31125/SRR31125895/SRR31125895.lite.1	810	
815	SRR31125896	2025-03-20 23:16:34	2024-10-26 03:47:38	21136196	6340858800	21136196	300	2333		https://sra-downloadb.be-md.ncbi.nlm.nih.gov/sos7/sra-pub-zq-41/SRR031/31125/SRR31125896/SRR31125896.lite.1	SRX26507927	SEI31_1	RNA-Seq	RANDOM	TRANSCRIPTOMIC	PAIRED	0	0	ILLUMINA	Illumina HiSeq 4000	SRP540955	PRJNA1177383		1177383	SRS23020670	SAMN44420333	simple	3114324	Liriodendron hybrid cultivar	SEI31_1							no					NANJING FORESTRY UNIVERSITY	SRA1997860		public	11EF0CCA6E04F3F6C26BB74F7755A554	161079FBAB8B757C498787A72D193187	https://www.ncbi.nlm.nih.gov/sra/?term=SRR31125896	https://www.ncbi.nlm.nih.gov/bioproject/PRJNA1177383	https://www.ncbi.nlm.nih.gov/biosample/SAMN44420333	https://www.ncbi.nlm.nih.gov/sra/?term=SRX26507927	https://sra-downloadb.be-md.ncbi.nlm.nih.gov/sos7/sra-pub-zq-41/SRR031/31125/SRR31125896/SRR31125896.lite.1	811	
816	SRR31125897	2025-03-20 23:16:34	2024-10-26 03:47:33	21384152	6415245600	21384152	300	2326		https://sra-downloadb.be-md.ncbi.nlm.nih.gov/sos7/sra-pub-zq-41/SRR031/31125/SRR31125897/SRR31125897.lite.1	SRX26507926	SEI25_3	RNA-Seq	RANDOM	TRANSCRIPTOMIC	PAIRED	0	0	ILLUMINA	Illumina HiSeq 4000	SRP540955	PRJNA1177383		1177383	SRS23020669	SAMN44420332	simple	3114324	Liriodendron hybrid cultivar	SEI25_3							no					NANJING FORESTRY UNIVERSITY	SRA1997860		public	79ED11EB2C99DDD40E1FFA3C47F6E82A	A401C174DF1883A097778CFF9B85B21A	https://www.ncbi.nlm.nih.gov/sra/?term=SRR31125897	https://www.ncbi.nlm.nih.gov/bioproject/PRJNA1177383	https://www.ncbi.nlm.nih.gov/biosample/SAMN44420332	https://www.ncbi.nlm.nih.gov/sra/?term=SRX26507926	https://sra-downloadb.be-md.ncbi.nlm.nih.gov/sos7/sra-pub-zq-41/SRR031/31125/SRR31125897/SRR31125897.lite.1	812	
817	SRR31125898	2025-03-20 23:16:34	2024-10-26 03:48:15	21327587	6398276100	21327587	300	2336		https://sra-downloadb.be-md.ncbi.nlm.nih.gov/sos7/sra-pub-zq-41/SRR031/31125/SRR31125898/SRR31125898.lite.1	SRX26507925	SEI25_2	RNA-Seq	RANDOM	TRANSCRIPTOMIC	PAIRED	0	0	ILLUMINA	Illumina HiSeq 4000	SRP540955	PRJNA1177383		1177383	SRS23020668	SAMN44420331	simple	3114324	Liriodendron hybrid cultivar	SEI25_2							no					NANJING FORESTRY UNIVERSITY	SRA1997860		public	66ED9327DA04A496E213A7BFF0C9C925	1CD231A4219503BF8CDFA58509D4597C	https://www.ncbi.nlm.nih.gov/sra/?term=SRR31125898	https://www.ncbi.nlm.nih.gov/bioproject/PRJNA1177383	https://www.ncbi.nlm.nih.gov/biosample/SAMN44420331	https://www.ncbi.nlm.nih.gov/sra/?term=SRX26507925	https://sra-downloadb.be-md.ncbi.nlm.nih.gov/sos7/sra-pub-zq-41/SRR031/31125/SRR31125898/SRR31125898.lite.1	813	
818	SRR31125899	2025-03-20 23:16:34	2024-10-26 03:52:10	21468192	6440457600	21468192	300	2363		https://sra-downloadb.be-md.ncbi.nlm.nih.gov/sos7/sra-pub-zq-41/SRR031/31125/SRR31125899/SRR31125899.lite.1	SRX26507924	SEI25_1	RNA-Seq	RANDOM	TRANSCRIPTOMIC	PAIRED	0	0	ILLUMINA	Illumina HiSeq 4000	SRP540955	PRJNA1177383		1177383	SRS23020667	SAMN44420330	simple	3114324	Liriodendron hybrid cultivar	SEI25_1							no					NANJING FORESTRY UNIVERSITY	SRA1997860		public	A0ECB86BABFF74E93B38F255236649C0	41FB3645955F9EF700E2D6A76F865163	https://www.ncbi.nlm.nih.gov/sra/?term=SRR31125899	https://www.ncbi.nlm.nih.gov/bioproject/PRJNA1177383	https://www.ncbi.nlm.nih.gov/biosample/SAMN44420330	https://www.ncbi.nlm.nih.gov/sra/?term=SRX26507924	https://sra-downloadb.be-md.ncbi.nlm.nih.gov/sos7/sra-pub-zq-41/SRR031/31125/SRR31125899/SRR31125899.lite.1	814	
819	SRR31125900	2025-03-20 23:16:35	2024-10-26 03:47:40	21249536	6374860800	21249536	300	2318		https://sra-downloadb.be-md.ncbi.nlm.nih.gov/sos7/sra-pub-zq-41/SRR031/31125/SRR31125900/SRR31125900.lite.1	SRX26507923	SEI19_3	RNA-Seq	RANDOM	TRANSCRIPTOMIC	PAIRED	0	0	ILLUMINA	Illumina HiSeq 4000	SRP540955	PRJNA1177383		1177383	SRS23020666	SAMN44420329	simple	3114324	Liriodendron hybrid cultivar	SEI19_3							no					NANJING FORESTRY UNIVERSITY	SRA1997860		public	DB2AAB30907158EBA1213A066C4F1E05	FCCAFF712FA10CA99584D3F39D8FF16F	https://www.ncbi.nlm.nih.gov/sra/?term=SRR31125900	https://www.ncbi.nlm.nih.gov/bioproject/PRJNA1177383	https://www.ncbi.nlm.nih.gov/biosample/SAMN44420329	https://www.ncbi.nlm.nih.gov/sra/?term=SRX26507923	https://sra-downloadb.be-md.ncbi.nlm.nih.gov/sos7/sra-pub-zq-41/SRR031/31125/SRR31125900/SRR31125900.lite.1	815	
820	SRR31125901	2025-03-20 23:16:35	2024-10-26 03:49:51	21152860	6345858000	21152860	300	2315		https://sra-downloadb.be-md.ncbi.nlm.nih.gov/sos7/sra-pub-zq-41/SRR031/31125/SRR31125901/SRR31125901.lite.1	SRX26507922	SEI19_2	RNA-Seq	RANDOM	TRANSCRIPTOMIC	PAIRED	0	0	ILLUMINA	Illumina HiSeq 4000	SRP540955	PRJNA1177383		1177383	SRS23020665	SAMN44420328	simple	3114324	Liriodendron hybrid cultivar	SEI19_2							no					NANJING FORESTRY UNIVERSITY	SRA1997860		public	1FB750AC83B88879407B522B414BE2F8	5630B3CC3AC37E823282BE097EDFAF5C	https://www.ncbi.nlm.nih.gov/sra/?term=SRR31125901	https://www.ncbi.nlm.nih.gov/bioproject/PRJNA1177383	https://www.ncbi.nlm.nih.gov/biosample/SAMN44420328	https://www.ncbi.nlm.nih.gov/sra/?term=SRX26507922	https://sra-downloadb.be-md.ncbi.nlm.nih.gov/sos7/sra-pub-zq-41/SRR031/31125/SRR31125901/SRR31125901.lite.1	816	
821	SRR31125902	2025-03-20 23:16:35	2024-10-26 03:48:55	21311705	6393511500	21311705	300	2326		https://sra-downloadb.be-md.ncbi.nlm.nih.gov/sos7/sra-pub-zq-41/SRR031/31125/SRR31125902/SRR31125902.lite.1	SRX26507921	SEI19_1	RNA-Seq	RANDOM	TRANSCRIPTOMIC	PAIRED	0	0	ILLUMINA	Illumina HiSeq 4000	SRP540955	PRJNA1177383		1177383	SRS23020664	SAMN44420327	simple	3114324	Liriodendron hybrid cultivar	SEI19_1							no					NANJING FORESTRY UNIVERSITY	SRA1997860		public	2ADB38F8CC6FE85F59A719392A11EE0E	0279C4E76B500FC9BFC0C744DDFB5ED7	https://www.ncbi.nlm.nih.gov/sra/?term=SRR31125902	https://www.ncbi.nlm.nih.gov/bioproject/PRJNA1177383	https://www.ncbi.nlm.nih.gov/biosample/SAMN44420327	https://www.ncbi.nlm.nih.gov/sra/?term=SRX26507921	https://sra-downloadb.be-md.ncbi.nlm.nih.gov/sos7/sra-pub-zq-41/SRR031/31125/SRR31125902/SRR31125902.lite.1	817	
822	SRR31125903	2025-03-20 23:16:35	2024-10-26 03:48:39	21674431	6502329300	21674431	300	2418		https://sra-downloadb.be-md.ncbi.nlm.nih.gov/sos7/sra-pub-zq-41/SRR031/31125/SRR31125903/SRR31125903.lite.1	SRX26507920	SEI13_3	RNA-Seq	RANDOM	TRANSCRIPTOMIC	PAIRED	0	0	ILLUMINA	Illumina HiSeq 4000	SRP540955	PRJNA1177383		1177383	SRS23020663	SAMN44420326	simple	3114324	Liriodendron hybrid cultivar	SEI13_3							no					NANJING FORESTRY UNIVERSITY	SRA1997860		public	6466E545B52587F0F03D97B8079DCEE2	7E46C2ABDC5D5B80DF28EB5167E1281E	https://www.ncbi.nlm.nih.gov/sra/?term=SRR31125903	https://www.ncbi.nlm.nih.gov/bioproject/PRJNA1177383	https://www.ncbi.nlm.nih.gov/biosample/SAMN44420326	https://www.ncbi.nlm.nih.gov/sra/?term=SRX26507920	https://sra-downloadb.be-md.ncbi.nlm.nih.gov/sos7/sra-pub-zq-41/SRR031/31125/SRR31125903/SRR31125903.lite.1	818	
823	SRR31125905	2025-03-20 23:16:35	2024-10-26 03:47:23	21065524	6319657200	21065524	300	2362		https://sra-downloadb.be-md.ncbi.nlm.nih.gov/sos7/sra-pub-zq-41/SRR031/31125/SRR31125905/SRR31125905.lite.1	SRX26507918	SEI13_2	RNA-Seq	RANDOM	TRANSCRIPTOMIC	PAIRED	0	0	ILLUMINA	Illumina HiSeq 4000	SRP540955	PRJNA1177383		1177383	SRS23020661	SAMN44420325	simple	3114324	Liriodendron hybrid cultivar	SEI13_2							no					NANJING FORESTRY UNIVERSITY	SRA1997860		public	CFE17EC9833D8155656749C55580525E	1FE640B31ED1E6CDB55B8037920C8FFE	https://www.ncbi.nlm.nih.gov/sra/?term=SRR31125905	https://www.ncbi.nlm.nih.gov/bioproject/PRJNA1177383	https://www.ncbi.nlm.nih.gov/biosample/SAMN44420325	https://www.ncbi.nlm.nih.gov/sra/?term=SRX26507918	https://sra-downloadb.be-md.ncbi.nlm.nih.gov/sos7/sra-pub-zq-41/SRR031/31125/SRR31125905/SRR31125905.lite.1	819	
824	SRR31125906	2025-03-20 23:16:35	2024-10-26 03:53:29	21042459	6312737700	21042459	300	2345		https://sra-downloadb.be-md.ncbi.nlm.nih.gov/sos7/sra-pub-zq-41/SRR031/31125/SRR31125906/SRR31125906.lite.1	SRX26507917	SEI13_1	RNA-Seq	RANDOM	TRANSCRIPTOMIC	PAIRED	0	0	ILLUMINA	Illumina HiSeq 4000	SRP540955	PRJNA1177383		1177383	SRS23020660	SAMN44420324	simple	3114324	Liriodendron hybrid cultivar	SEI13_1							no					NANJING FORESTRY UNIVERSITY	SRA1997860		public	D1DE50666A09AEA6EF3D72848D1D733B	D9D72342D6E1311675D096850BCC7373	https://www.ncbi.nlm.nih.gov/sra/?term=SRR31125906	https://www.ncbi.nlm.nih.gov/bioproject/PRJNA1177383	https://www.ncbi.nlm.nih.gov/biosample/SAMN44420324	https://www.ncbi.nlm.nih.gov/sra/?term=SRX26507917	https://sra-downloadb.be-md.ncbi.nlm.nih.gov/sos7/sra-pub-zq-41/SRR031/31125/SRR31125906/SRR31125906.lite.1	820	
825	SRR31125907	2025-03-20 23:16:35	2024-10-26 03:48:26	21365652	6409695600	21365652	300	2351		https://sra-downloadb.be-md.ncbi.nlm.nih.gov/sos7/sra-pub-zq-41/SRR031/31125/SRR31125907/SRR31125907.lite.1	SRX26507916	SEI7_3	RNA-Seq	RANDOM	TRANSCRIPTOMIC	PAIRED	0	0	ILLUMINA	Illumina HiSeq 4000	SRP540955	PRJNA1177383		1177383	SRS23020659	SAMN44420323	simple	3114324	Liriodendron hybrid cultivar	SEI7_3							no					NANJING FORESTRY UNIVERSITY	SRA1997860		public	71B6FE578B6ECDF53DFE318C9AFD669A	55812DD3C299E182607C359CBE340675	https://www.ncbi.nlm.nih.gov/sra/?term=SRR31125907	https://www.ncbi.nlm.nih.gov/bioproject/PRJNA1177383	https://www.ncbi.nlm.nih.gov/biosample/SAMN44420323	https://www.ncbi.nlm.nih.gov/sra/?term=SRX26507916	https://sra-downloadb.be-md.ncbi.nlm.nih.gov/sos7/sra-pub-zq-41/SRR031/31125/SRR31125907/SRR31125907.lite.1	821	
826	SRR31125908	2025-03-20 23:16:35	2024-10-26 03:50:32	21352853	6405855900	21352853	300	2351		https://sra-downloadb.be-md.ncbi.nlm.nih.gov/sos7/sra-pub-zq-41/SRR031/31125/SRR31125908/SRR31125908.lite.1	SRX26507915	SEI7_2	RNA-Seq	RANDOM	TRANSCRIPTOMIC	PAIRED	0	0	ILLUMINA	Illumina HiSeq 4000	SRP540955	PRJNA1177383		1177383	SRS23020658	SAMN44420322	simple	3114324	Liriodendron hybrid cultivar	SEI7_2							no					NANJING FORESTRY UNIVERSITY	SRA1997860		public	85AA0514676D52F66B518AD69B6554EA	ECD2799DE4962DB62BD8D2F428B7FB9E	https://www.ncbi.nlm.nih.gov/sra/?term=SRR31125908	https://www.ncbi.nlm.nih.gov/bioproject/PRJNA1177383	https://www.ncbi.nlm.nih.gov/biosample/SAMN44420322	https://www.ncbi.nlm.nih.gov/sra/?term=SRX26507915	https://sra-downloadb.be-md.ncbi.nlm.nih.gov/sos7/sra-pub-zq-41/SRR031/31125/SRR31125908/SRR31125908.lite.1	822	
827	SRR31125909	2025-03-20 23:16:35	2024-10-26 03:48:55	21560791	6468237300	21560791	300	2338		https://sra-downloadb.be-md.ncbi.nlm.nih.gov/sos7/sra-pub-zq-41/SRR031/31125/SRR31125909/SRR31125909.lite.1	SRX26507914	SEI7_1	RNA-Seq	RANDOM	TRANSCRIPTOMIC	PAIRED	0	0	ILLUMINA	Illumina HiSeq 4000	SRP540955	PRJNA1177383		1177383	SRS23020657	SAMN44420321	simple	3114324	Liriodendron hybrid cultivar	SEI7_1							no					NANJING FORESTRY UNIVERSITY	SRA1997860		public	82C7125F38AE7FC95C82F13C7E54DAEF	D43500B14705C2145CBF560D44784C3C	https://www.ncbi.nlm.nih.gov/sra/?term=SRR31125909	https://www.ncbi.nlm.nih.gov/bioproject/PRJNA1177383	https://www.ncbi.nlm.nih.gov/biosample/SAMN44420321	https://www.ncbi.nlm.nih.gov/sra/?term=SRX26507914	https://sra-downloadb.be-md.ncbi.nlm.nih.gov/sos7/sra-pub-zq-41/SRR031/31125/SRR31125909/SRR31125909.lite.1	823	
828	SRR31125910	2025-03-20 23:16:36	2024-10-26 03:48:27	21678294	6503488200	21678294	300	2360		https://sra-downloadb.be-md.ncbi.nlm.nih.gov/sos7/sra-pub-zq-41/SRR031/31125/SRR31125910/SRR31125910.lite.1	SRX26507913	SEI3_3	RNA-Seq	RANDOM	TRANSCRIPTOMIC	PAIRED	0	0	ILLUMINA	Illumina HiSeq 4000	SRP540955	PRJNA1177383		1177383	SRS23020656	SAMN44420320	simple	3114324	Liriodendron hybrid cultivar	SEI3_3							no					NANJING FORESTRY UNIVERSITY	SRA1997860		public	9C0A0FE5BD796B3F6895B1E38B1E6595	B357D17ED8CAB4E32F91D2AFFB00EDAF	https://www.ncbi.nlm.nih.gov/sra/?term=SRR31125910	https://www.ncbi.nlm.nih.gov/bioproject/PRJNA1177383	https://www.ncbi.nlm.nih.gov/biosample/SAMN44420320	https://www.ncbi.nlm.nih.gov/sra/?term=SRX26507913	https://sra-downloadb.be-md.ncbi.nlm.nih.gov/sos7/sra-pub-zq-41/SRR031/31125/SRR31125910/SRR31125910.lite.1	824	
829	SRR31125911	2025-03-20 23:16:36	2024-10-26 03:48:05	21561402	6468420600	21561402	300	2348		https://sra-downloadb.be-md.ncbi.nlm.nih.gov/sos7/sra-pub-zq-41/SRR031/31125/SRR31125911/SRR31125911.lite.1	SRX26507912	SEI3_2	RNA-Seq	RANDOM	TRANSCRIPTOMIC	PAIRED	0	0	ILLUMINA	Illumina HiSeq 4000	SRP540955	PRJNA1177383		1177383	SRS23020655	SAMN44420319	simple	3114324	Liriodendron hybrid cultivar	SEI3_2							no					NANJING FORESTRY UNIVERSITY	SRA1997860		public	DB6A3E0048E59A776DAC9DA5D3D39B2C	B8693F7B7AA0B61177AED4E47089BFC8	https://www.ncbi.nlm.nih.gov/sra/?term=SRR31125911	https://www.ncbi.nlm.nih.gov/bioproject/PRJNA1177383	https://www.ncbi.nlm.nih.gov/biosample/SAMN44420319	https://www.ncbi.nlm.nih.gov/sra/?term=SRX26507912	https://sra-downloadb.be-md.ncbi.nlm.nih.gov/sos7/sra-pub-zq-41/SRR031/31125/SRR31125911/SRR31125911.lite.1	825	
830	SRR31125912	2025-03-20 23:16:36	2024-10-26 03:50:43	21493996	6448198800	21493996	300	2344		https://sra-downloadb.be-md.ncbi.nlm.nih.gov/sos7/sra-pub-zq-41/SRR031/31125/SRR31125912/SRR31125912.lite.1	SRX26507911	SEI3_1	RNA-Seq	RANDOM	TRANSCRIPTOMIC	PAIRED	0	0	ILLUMINA	Illumina HiSeq 4000	SRP540955	PRJNA1177383		1177383	SRS23020654	SAMN44420318	simple	3114324	Liriodendron hybrid cultivar	SEI3_1							no					NANJING FORESTRY UNIVERSITY	SRA1997860		public	5EEA434A8265840FE7FCF177244A8964	E63A77E813CF66FD4F9E518BBC9B793A	https://www.ncbi.nlm.nih.gov/sra/?term=SRR31125912	https://www.ncbi.nlm.nih.gov/bioproject/PRJNA1177383	https://www.ncbi.nlm.nih.gov/biosample/SAMN44420318	https://www.ncbi.nlm.nih.gov/sra/?term=SRX26507911	https://sra-downloadb.be-md.ncbi.nlm.nih.gov/sos7/sra-pub-zq-41/SRR031/31125/SRR31125912/SRR31125912.lite.1	826	
831	SRR31125913	2025-03-20 23:16:36	2024-10-26 03:47:52	21209722	6362916600	21209722	300	2297		https://sra-downloadb.be-md.ncbi.nlm.nih.gov/sos7/sra-pub-zq-41/SRR031/31125/SRR31125913/SRR31125913.lite.1	SRX26507910	SEI1_3	RNA-Seq	RANDOM	TRANSCRIPTOMIC	PAIRED	0	0	ILLUMINA	Illumina HiSeq 4000	SRP540955	PRJNA1177383		1177383	SRS23020653	SAMN44420317	simple	3114324	Liriodendron hybrid cultivar	SEI1_3							no					NANJING FORESTRY UNIVERSITY	SRA1997860		public	5323159A66994E55480CC1899667DD73	C7C1C71A2AC51AE0FEC7F19ACD193EE1	https://www.ncbi.nlm.nih.gov/sra/?term=SRR31125913	https://www.ncbi.nlm.nih.gov/bioproject/PRJNA1177383	https://www.ncbi.nlm.nih.gov/biosample/SAMN44420317	https://www.ncbi.nlm.nih.gov/sra/?term=SRX26507910	https://sra-downloadb.be-md.ncbi.nlm.nih.gov/sos7/sra-pub-zq-41/SRR031/31125/SRR31125913/SRR31125913.lite.1	827	
832	SRR31125914	2025-03-20 23:16:36	2024-10-26 03:47:52	21209584	6362875200	21209584	300	2306		https://sra-downloadb.be-md.ncbi.nlm.nih.gov/sos7/sra-pub-zq-41/SRR031/31125/SRR31125914/SRR31125914.lite.1	SRX26507909	SEI1_2	RNA-Seq	RANDOM	TRANSCRIPTOMIC	PAIRED	0	0	ILLUMINA	Illumina HiSeq 4000	SRP540955	PRJNA1177383		1177383	SRS23020652	SAMN44420316	simple	3114324	Liriodendron hybrid cultivar	SEI1_2							no					NANJING FORESTRY UNIVERSITY	SRA1997860		public	7F4D4BB5627CCE9C1B29F2578E6D28A5	E984340FA1FBEAD2EACB4802FA4DAC28	https://www.ncbi.nlm.nih.gov/sra/?term=SRR31125914	https://www.ncbi.nlm.nih.gov/bioproject/PRJNA1177383	https://www.ncbi.nlm.nih.gov/biosample/SAMN44420316	https://www.ncbi.nlm.nih.gov/sra/?term=SRX26507909	https://sra-downloadb.be-md.ncbi.nlm.nih.gov/sos7/sra-pub-zq-41/SRR031/31125/SRR31125914/SRR31125914.lite.1	828	
833	SRR15214264	2021-07-25 04:41:36	2021-07-22 09:00:09	18759326	3373828785	18759326	179	2071		https://sra-downloadb.be-md.ncbi.nlm.nih.gov/sos9/sra-pub-zq-924/SRR015/15214/SRR15214264/SRR15214264.lite.1	SRX11520546	PE library of somatic_embryo	RNA-Seq	RT-PCR	TRANSCRIPTOMIC	PAIRED	0	0	ILLUMINA	Illumina HiSeq 2000	SRP329100	PRJNA747875		747875	SRS9543000	SAMN20299756	simple	151069	Litchi chinensis	Feizixiao					hermaphrodite		no					SOUTH CHINA AGRICULTURAL UNIVERSITY	SRA1262896		public	64883FD5BD09E387BC34638D4F6787AA	50102019ADFBFBC4C4426BEADEB9CC0C	https://www.ncbi.nlm.nih.gov/sra/?term=SRR15214264	https://www.ncbi.nlm.nih.gov/bioproject/PRJNA747875	https://www.ncbi.nlm.nih.gov/biosample/SAMN20299756	https://www.ncbi.nlm.nih.gov/sra/?term=SRX11520546	https://sra-downloadb.be-md.ncbi.nlm.nih.gov/sos9/sra-pub-zq-924/SRR015/15214/SRR15214264/SRR15214264.lite.1	178	
834	SRR34718135	2025-07-25 08:42:24	2025-07-25 08:36:38	40564396	12169318800	40564396	300	3818		https://sra-downloadb.be-md.ncbi.nlm.nih.gov/sos8/sra-pub-zq-818/SRR034/34718/SRR34718135/SRR34718135.lite.1	SRX29852736	im-8d-2_1	RNA-Seq	cDNA	TRANSCRIPTOMIC	PAIRED	0	0	ILLUMINA	Illumina HiSeq 4000	SRP603613	PRJNA1296799		1296799	SRS25955891	SAMN50200918	simple	3750	Malus domestica	im-8d-2_1							no					NORTHWEST A&F UNIVERSITY	SRA2179837		public	9130F1231D74CAC127D24D0532072CF2	B771EBE628D71911349B4CEB3A4C0618	https://www.ncbi.nlm.nih.gov/sra/?term=SRR34718135	https://www.ncbi.nlm.nih.gov/bioproject/PRJNA1296799	https://www.ncbi.nlm.nih.gov/biosample/SAMN50200918	https://www.ncbi.nlm.nih.gov/sra/?term=SRX29852736	https://sra-downloadb.be-md.ncbi.nlm.nih.gov/sos8/sra-pub-zq-818/SRR034/34718/SRR34718135/SRR34718135.lite.1	940	
835	SRR34718136	2025-07-25 08:42:23	2025-07-25 08:35:56	40223715	12067114500	40223715	300	3706		https://sra-downloadb.be-md.ncbi.nlm.nih.gov/sos8/sra-pub-zq-818/SRR034/34718/SRR34718136/SRR34718136.lite.1	SRX29852735	im-8d-1_1	RNA-Seq	cDNA	TRANSCRIPTOMIC	PAIRED	0	0	ILLUMINA	Illumina HiSeq 4000	SRP603613	PRJNA1296799		1296799	SRS25955890	SAMN50200916	simple	3750	Malus domestica	im-8d-1_1							no					NORTHWEST A&F UNIVERSITY	SRA2179837		public	07FBABB9804E12B9167F621297BD49C7	34D1C8ED3CB9C439832092844DF142D7	https://www.ncbi.nlm.nih.gov/sra/?term=SRR34718136	https://www.ncbi.nlm.nih.gov/bioproject/PRJNA1296799	https://www.ncbi.nlm.nih.gov/biosample/SAMN50200916	https://www.ncbi.nlm.nih.gov/sra/?term=SRX29852735	https://sra-downloadb.be-md.ncbi.nlm.nih.gov/sos8/sra-pub-zq-818/SRR034/34718/SRR34718136/SRR34718136.lite.1	941	
836	SRR34718137	2025-07-25 08:42:24	2025-07-25 08:36:16	40660953	12198285900	40660953	300	3749		https://sra-downloadb.be-md.ncbi.nlm.nih.gov/sos8/sra-pub-zq-818/SRR034/34718/SRR34718137/SRR34718137.lite.1	SRX29852734	im-0d-3_1	RNA-Seq	cDNA	TRANSCRIPTOMIC	PAIRED	0	0	ILLUMINA	Illumina HiSeq 4000	SRP603613	PRJNA1296799		1296799	SRS25955889	SAMN50200914	simple	3750	Malus domestica	im-0d-3_1							no					NORTHWEST A&F UNIVERSITY	SRA2179837		public	3E2DA8614F2CE0A00C7C6205D3418425	BED103EE50E4134BAF177D1E04905126	https://www.ncbi.nlm.nih.gov/sra/?term=SRR34718137	https://www.ncbi.nlm.nih.gov/bioproject/PRJNA1296799	https://www.ncbi.nlm.nih.gov/biosample/SAMN50200914	https://www.ncbi.nlm.nih.gov/sra/?term=SRX29852734	https://sra-downloadb.be-md.ncbi.nlm.nih.gov/sos8/sra-pub-zq-818/SRR034/34718/SRR34718137/SRR34718137.lite.1	942	
837	SRR34718138	2025-07-25 08:42:24	2025-07-25 08:36:31	40233974	12070192200	40233974	300	3769		https://sra-downloadb.be-md.ncbi.nlm.nih.gov/sos8/sra-pub-zq-818/SRR034/34718/SRR34718138/SRR34718138.lite.1	SRX29852733	im-0d-2_1	RNA-Seq	cDNA	TRANSCRIPTOMIC	PAIRED	0	0	ILLUMINA	Illumina HiSeq 4000	SRP603613	PRJNA1296799		1296799	SRS25955888	SAMN50200912	simple	3750	Malus domestica	im-0d-2_1							no					NORTHWEST A&F UNIVERSITY	SRA2179837		public	4944D359065D69EEF627965E5E85983F	E01FE61EDE715D45F46167D458E0EECC	https://www.ncbi.nlm.nih.gov/sra/?term=SRR34718138	https://www.ncbi.nlm.nih.gov/bioproject/PRJNA1296799	https://www.ncbi.nlm.nih.gov/biosample/SAMN50200912	https://www.ncbi.nlm.nih.gov/sra/?term=SRX29852733	https://sra-downloadb.be-md.ncbi.nlm.nih.gov/sos8/sra-pub-zq-818/SRR034/34718/SRR34718138/SRR34718138.lite.1	943	
838	SRR34718139	2025-07-25 08:42:23	2025-07-25 08:32:36	14375757	718787850	0	50	224		https://sra-downloadb.be-md.ncbi.nlm.nih.gov/sos8/sra-pub-zq-818/SRR034/34718/SRR34718139/SRR34718139.lite.1	SRX29852732	im-8d-3s	miRNA-Seq	cDNA	TRANSCRIPTOMIC	SINGLE	0	0	ILLUMINA	Illumina HiSeq 4000	SRP603613	PRJNA1296799		1296799	SRS25955887	SAMN50200927	simple	3750	Malus domestica	im-8d-3s							no					NORTHWEST A&F UNIVERSITY	SRA2179837		public	5D2A01BE195C1369296FE2D9899A98F5	F1F13EE76C4FEF53CC5426090B648285	https://www.ncbi.nlm.nih.gov/sra/?term=SRR34718139	https://www.ncbi.nlm.nih.gov/bioproject/PRJNA1296799	https://www.ncbi.nlm.nih.gov/biosample/SAMN50200927	https://www.ncbi.nlm.nih.gov/sra/?term=SRX29852732	https://sra-downloadb.be-md.ncbi.nlm.nih.gov/sos8/sra-pub-zq-818/SRR034/34718/SRR34718139/SRR34718139.lite.1	944	
839	SRR34718140	2025-07-25 08:42:24	2025-07-25 08:32:43	15789214	789460700	0	50	247		https://sra-downloadb.be-md.ncbi.nlm.nih.gov/sos8/sra-pub-zq-818/SRR034/34718/SRR34718140/SRR34718140.lite.1	SRX29852731	im-8d-2s	miRNA-Seq	cDNA	TRANSCRIPTOMIC	SINGLE	0	0	ILLUMINA	Illumina HiSeq 4000	SRP603613	PRJNA1296799		1296799	SRS25955886	SAMN50200926	simple	3750	Malus domestica	im-8d-2s							no					NORTHWEST A&F UNIVERSITY	SRA2179837		public	F219CFD1262E43677222C4D9044E07E6	D3EE175769D30001FDB459BBDD2E2288	https://www.ncbi.nlm.nih.gov/sra/?term=SRR34718140	https://www.ncbi.nlm.nih.gov/bioproject/PRJNA1296799	https://www.ncbi.nlm.nih.gov/biosample/SAMN50200926	https://www.ncbi.nlm.nih.gov/sra/?term=SRX29852731	https://sra-downloadb.be-md.ncbi.nlm.nih.gov/sos8/sra-pub-zq-818/SRR034/34718/SRR34718140/SRR34718140.lite.1	945	
840	SRR34718141	2025-07-25 08:42:24	2025-07-25 08:32:16	12796274	639813700	0	50	201		https://sra-downloadb.be-md.ncbi.nlm.nih.gov/sos8/sra-pub-zq-818/SRR034/34718/SRR34718141/SRR34718141.lite.1	SRX29852730	im-8d-1s	miRNA-Seq	cDNA	TRANSCRIPTOMIC	SINGLE	0	0	ILLUMINA	Illumina HiSeq 4000	SRP603613	PRJNA1296799		1296799	SRS25955885	SAMN50200925	simple	3750	Malus domestica	im-8d-1s							no					NORTHWEST A&F UNIVERSITY	SRA2179837		public	813FC96F84B7EE44A27CD1EF2BC3CFD0	93A8F9FDEF133642C63E12C8765D9888	https://www.ncbi.nlm.nih.gov/sra/?term=SRR34718141	https://www.ncbi.nlm.nih.gov/bioproject/PRJNA1296799	https://www.ncbi.nlm.nih.gov/biosample/SAMN50200925	https://www.ncbi.nlm.nih.gov/sra/?term=SRX29852730	https://sra-downloadb.be-md.ncbi.nlm.nih.gov/sos8/sra-pub-zq-818/SRR034/34718/SRR34718141/SRR34718141.lite.1	946	
841	SRR34718142	2025-07-25 08:42:23	2025-07-25 08:32:21	12336921	616846050	0	50	195		https://sra-downloadb.be-md.ncbi.nlm.nih.gov/sos8/sra-pub-zq-818/SRR034/34718/SRR34718142/SRR34718142.lite.1	SRX29852729	im-0d-3s	miRNA-Seq	cDNA	TRANSCRIPTOMIC	SINGLE	0	0	ILLUMINA	Illumina HiSeq 4000	SRP603613	PRJNA1296799		1296799	SRS25955884	SAMN50200924	simple	3750	Malus domestica	im-0d-3s							no					NORTHWEST A&F UNIVERSITY	SRA2179837		public	9F72CF1E7F8888319F65C5E9A7333C70	B439FB2479D04352367E0F75900AFCC2	https://www.ncbi.nlm.nih.gov/sra/?term=SRR34718142	https://www.ncbi.nlm.nih.gov/bioproject/PRJNA1296799	https://www.ncbi.nlm.nih.gov/biosample/SAMN50200924	https://www.ncbi.nlm.nih.gov/sra/?term=SRX29852729	https://sra-downloadb.be-md.ncbi.nlm.nih.gov/sos8/sra-pub-zq-818/SRR034/34718/SRR34718142/SRR34718142.lite.1	948	
842	SRR34718143	2025-07-25 08:42:24	2025-07-25 08:32:23	13352077	667603850	0	50	209		https://sra-downloadb.be-md.ncbi.nlm.nih.gov/sos8/sra-pub-zq-818/SRR034/34718/SRR34718143/SRR34718143.lite.1	SRX29852728	im-0d-2s	miRNA-Seq	cDNA	TRANSCRIPTOMIC	SINGLE	0	0	ILLUMINA	Illumina HiSeq 4000	SRP603613	PRJNA1296799		1296799	SRS25955883	SAMN50200923	simple	3750	Malus domestica	im-0d-2s							no					NORTHWEST A&F UNIVERSITY	SRA2179837		public	AAAEBB6676FB8E0E55DF8A0E498C5392	BE7A19BC440CD6F29FFEADE88C89A54C	https://www.ncbi.nlm.nih.gov/sra/?term=SRR34718143	https://www.ncbi.nlm.nih.gov/bioproject/PRJNA1296799	https://www.ncbi.nlm.nih.gov/biosample/SAMN50200923	https://www.ncbi.nlm.nih.gov/sra/?term=SRX29852728	https://sra-downloadb.be-md.ncbi.nlm.nih.gov/sos8/sra-pub-zq-818/SRR034/34718/SRR34718143/SRR34718143.lite.1	949	
843	SRR34718144	2025-07-25 08:42:23	2025-07-25 08:32:30	14149017	707450850	0	50	227		https://sra-downloadb.be-md.ncbi.nlm.nih.gov/sos8/sra-pub-zq-818/SRR034/34718/SRR34718144/SRR34718144.lite.1	SRX29852727	im-0d-1s	miRNA-Seq	cDNA	TRANSCRIPTOMIC	SINGLE	0	0	ILLUMINA	Illumina HiSeq 4000	SRP603613	PRJNA1296799		1296799	SRS25955882	SAMN50200922	simple	3750	Malus domestica	im-0d-1s							no					NORTHWEST A&F UNIVERSITY	SRA2179837		public	6CEF90AAD8256D8E18FFC89BA4FBC7F6	B86ADC4D4FCBDE6BF389BFB29781DBC1	https://www.ncbi.nlm.nih.gov/sra/?term=SRR34718144	https://www.ncbi.nlm.nih.gov/bioproject/PRJNA1296799	https://www.ncbi.nlm.nih.gov/biosample/SAMN50200922	https://www.ncbi.nlm.nih.gov/sra/?term=SRX29852727	https://sra-downloadb.be-md.ncbi.nlm.nih.gov/sos8/sra-pub-zq-818/SRR034/34718/SRR34718144/SRR34718144.lite.1	950	
844	SRR34718145	2025-07-25 08:42:23	2025-07-25 08:35:52	40002827	12000848100	40002827	300	3708		https://sra-downloadb.be-md.ncbi.nlm.nih.gov/sos8/sra-pub-zq-818/SRR034/34718/SRR34718145/SRR34718145.lite.1	SRX29852726	im-8d-3_1	RNA-Seq	cDNA	TRANSCRIPTOMIC	PAIRED	0	0	ILLUMINA	Illumina HiSeq 4000	SRP603613	PRJNA1296799		1296799	SRS25955881	SAMN50200920	simple	3750	Malus domestica	im-8d-3_1							no					NORTHWEST A&F UNIVERSITY	SRA2179837		public	67861223B5E188E41931DB5BC13D4BE9	9D9A8723989F280AE2D9D19667E587EA	https://www.ncbi.nlm.nih.gov/sra/?term=SRR34718145	https://www.ncbi.nlm.nih.gov/bioproject/PRJNA1296799	https://www.ncbi.nlm.nih.gov/biosample/SAMN50200920	https://www.ncbi.nlm.nih.gov/sra/?term=SRX29852726	https://sra-downloadb.be-md.ncbi.nlm.nih.gov/sos8/sra-pub-zq-818/SRR034/34718/SRR34718145/SRR34718145.lite.1	951	
845	SRR34718146	2025-07-25 08:42:23	2025-07-25 08:36:53	41393697	12418109100	41393697	300	3867		https://sra-downloadb.be-md.ncbi.nlm.nih.gov/sos8/sra-pub-zq-818/SRR034/34718/SRR34718146/SRR34718146.lite.1	SRX29852725	im-0d-1_1	RNA-Seq	cDNA	TRANSCRIPTOMIC	PAIRED	0	0	ILLUMINA	Illumina HiSeq 4000	SRP603613	PRJNA1296799		1296799	SRS25955880	SAMN50200910	simple	3750	Malus domestica	im-0d-1_1							no					NORTHWEST A&F UNIVERSITY	SRA2179837		public	5D00C71F0BEB7781A277386A683C0827	F2BF01D94A003D28854EE59D2146A754	https://www.ncbi.nlm.nih.gov/sra/?term=SRR34718146	https://www.ncbi.nlm.nih.gov/bioproject/PRJNA1296799	https://www.ncbi.nlm.nih.gov/biosample/SAMN50200910	https://www.ncbi.nlm.nih.gov/sra/?term=SRX29852725	https://sra-downloadb.be-md.ncbi.nlm.nih.gov/sos8/sra-pub-zq-818/SRR034/34718/SRR34718146/SRR34718146.lite.1	952	
846	SRR29223041	2024-05-29 16:10:55	2024-05-29 15:44:58	21215884	6364765200	21215884	300	2115		https://sra-downloadb.be-md.ncbi.nlm.nih.gov/sos6/sra-pub-zq-40/SRR029/29223/SRR29223041/SRR29223041.lite.1	SRX24742501	MRNA232188XA-9	RNA-Seq	cDNA	TRANSCRIPTOMIC	PAIRED	0	0	ILLUMINA	Illumina NovaSeq 6000	SRP510649	PRJNA1117617		1117617	SRS21464468	SAMN41577010	simple	3751	Malus sp.	sample8d-c							no					NORTHWEST A&F UNIVERSITY	SRA1882161		public	DD8ECB5F467926DFA58B553046B1B96E	705A2E0F290B8F202399FCD3A7ADF3BF	https://www.ncbi.nlm.nih.gov/sra/?term=SRR29223041	https://www.ncbi.nlm.nih.gov/bioproject/PRJNA1117617	https://www.ncbi.nlm.nih.gov/biosample/SAMN41577010	https://www.ncbi.nlm.nih.gov/sra/?term=SRX24742501	https://sra-downloadb.be-md.ncbi.nlm.nih.gov/sos6/sra-pub-zq-40/SRR029/29223/SRR29223041/SRR29223041.lite.1	789	
847	SRR29223042	2024-05-29 16:10:55	2024-05-29 15:47:03	24084876	7225462800	24084876	300	2452		https://sra-downloadb.be-md.ncbi.nlm.nih.gov/sos6/sra-pub-zq-40/SRR029/29223/SRR29223042/SRR29223042.lite.1	SRX24742500	MRNA232188XA-8	RNA-Seq	cDNA	TRANSCRIPTOMIC	PAIRED	0	0	ILLUMINA	Illumina NovaSeq 6000	SRP510649	PRJNA1117617		1117617	SRS21464467	SAMN41577009	simple	3751	Malus sp.	sample8d-b							no					NORTHWEST A&F UNIVERSITY	SRA1882161		public	ECE41915777FE97DFB422487E82A2BCB	86C3AF01731F313A9432412A67FB2DCB	https://www.ncbi.nlm.nih.gov/sra/?term=SRR29223042	https://www.ncbi.nlm.nih.gov/bioproject/PRJNA1117617	https://www.ncbi.nlm.nih.gov/biosample/SAMN41577009	https://www.ncbi.nlm.nih.gov/sra/?term=SRX24742500	https://sra-downloadb.be-md.ncbi.nlm.nih.gov/sos6/sra-pub-zq-40/SRR029/29223/SRR29223042/SRR29223042.lite.1	790	
848	SRR29223043	2024-05-29 17:07:24	2024-05-29 15:50:26	26303721	7891116300	26303721	300	2660		https://sra-downloadb.be-md.ncbi.nlm.nih.gov/sos6/sra-pub-zq-40/SRR029/29223/SRR29223043/SRR29223043.lite.1	SRX24742499	MRNA232188XA-7	RNA-Seq	cDNA	TRANSCRIPTOMIC	PAIRED	0	0	ILLUMINA	Illumina NovaSeq 6000	SRP510649	PRJNA1117617		1117617	SRS21464466	SAMN41577008	simple	3751	Malus sp.	sample8d							no					NORTHWEST A&F UNIVERSITY	SRA1882161		public	D4F37C1EB40DF6DA546609128C62F072	4102EF7392C29CE9844FAD4123E4DCCD	https://www.ncbi.nlm.nih.gov/sra/?term=SRR29223043	https://www.ncbi.nlm.nih.gov/bioproject/PRJNA1117617	https://www.ncbi.nlm.nih.gov/biosample/SAMN41577008	https://www.ncbi.nlm.nih.gov/sra/?term=SRX24742499	https://sra-downloadb.be-md.ncbi.nlm.nih.gov/sos6/sra-pub-zq-40/SRR029/29223/SRR29223043/SRR29223043.lite.1	791	
849	SRR29223044	2024-05-29 17:07:24	2024-05-29 15:48:48	28772691	8631807300	28772691	300	2885		https://sra-downloadb.be-md.ncbi.nlm.nih.gov/sos6/sra-pub-zq-40/SRR029/29223/SRR29223044/SRR29223044.lite.1	SRX24742498	MRNA232188XA-6	RNA-Seq	cDNA	TRANSCRIPTOMIC	PAIRED	0	0	ILLUMINA	Illumina NovaSeq 6000	SRP510649	PRJNA1117617		1117617	SRS21464465	SAMN41577007	simple	3751	Malus sp.	E4d-3							no					NORTHWEST A&F UNIVERSITY	SRA1882161		public	A621D0AAA2AA5749337A2029950B41E5	F38E4B4B048A069D4FC663A21B342203	https://www.ncbi.nlm.nih.gov/sra/?term=SRR29223044	https://www.ncbi.nlm.nih.gov/bioproject/PRJNA1117617	https://www.ncbi.nlm.nih.gov/biosample/SAMN41577007	https://www.ncbi.nlm.nih.gov/sra/?term=SRX24742498	https://sra-downloadb.be-md.ncbi.nlm.nih.gov/sos6/sra-pub-zq-40/SRR029/29223/SRR29223044/SRR29223044.lite.1	792	
850	SRR29223045	2024-05-29 16:10:55	2024-05-29 15:47:27	27120711	8136213300	27120711	300	2739		https://sra-downloadb.be-md.ncbi.nlm.nih.gov/sos6/sra-pub-zq-40/SRR029/29223/SRR29223045/SRR29223045.lite.1	SRX24742497	MRNA232188XA-5	RNA-Seq	cDNA	TRANSCRIPTOMIC	PAIRED	0	0	ILLUMINA	Illumina NovaSeq 6000	SRP510649	PRJNA1117617		1117617	SRS21464464	SAMN41577006	simple	3751	Malus sp.	E4d-2							no					NORTHWEST A&F UNIVERSITY	SRA1882161		public	ED62FCF69D81941346F9FA28DEF1FE33	D77CBEB949AAA1AF0A9E7E0828790548	https://www.ncbi.nlm.nih.gov/sra/?term=SRR29223045	https://www.ncbi.nlm.nih.gov/bioproject/PRJNA1117617	https://www.ncbi.nlm.nih.gov/biosample/SAMN41577006	https://www.ncbi.nlm.nih.gov/sra/?term=SRX24742497	https://sra-downloadb.be-md.ncbi.nlm.nih.gov/sos6/sra-pub-zq-40/SRR029/29223/SRR29223045/SRR29223045.lite.1	793	
851	SRR29223046	2024-05-29 17:07:24	2024-05-29 15:48:45	24214033	7264209900	24214033	300	2428		https://sra-downloadb.be-md.ncbi.nlm.nih.gov/sos6/sra-pub-zq-40/SRR029/29223/SRR29223046/SRR29223046.lite.1	SRX24742496	MRNA232188XA-4	RNA-Seq	cDNA	TRANSCRIPTOMIC	PAIRED	0	0	ILLUMINA	Illumina NovaSeq 6000	SRP510649	PRJNA1117617		1117617	SRS21464463	SAMN41577005	simple	3751	Malus sp.	E4D							no					NORTHWEST A&F UNIVERSITY	SRA1882161		public	A008B329A31215B485194EAD7551A8E7	358C7BAACCC35E0D2FB6781B21331AB7	https://www.ncbi.nlm.nih.gov/sra/?term=SRR29223046	https://www.ncbi.nlm.nih.gov/bioproject/PRJNA1117617	https://www.ncbi.nlm.nih.gov/biosample/SAMN41577005	https://www.ncbi.nlm.nih.gov/sra/?term=SRX24742496	https://sra-downloadb.be-md.ncbi.nlm.nih.gov/sos6/sra-pub-zq-40/SRR029/29223/SRR29223046/SRR29223046.lite.1	794	
852	SRR29223047	2024-05-29 17:07:24	2024-05-29 15:48:50	39279089	11862284878	39279089	302	6160		https://sra-downloadb.be-md.ncbi.nlm.nih.gov/sos6/sra-pub-zq-40/SRR029/29223/SRR29223047/SRR29223047.lite.1	SRX24742495	MRNA232188XA-3	RNA-Seq	cDNA	TRANSCRIPTOMIC	PAIRED	0	0	ILLUMINA	Illumina NovaSeq 6000	SRP510649	PRJNA1117617		1117617	SRS21464462	SAMN41577004	simple	3751	Malus sp.	0d							no					NORTHWEST A&F UNIVERSITY	SRA1882161		public	F0C1E13C0CEF979FC2FBAA4AE89961F6	0BEEE361686AB553ACD406A706318B6C	https://www.ncbi.nlm.nih.gov/sra/?term=SRR29223047	https://www.ncbi.nlm.nih.gov/bioproject/PRJNA1117617	https://www.ncbi.nlm.nih.gov/biosample/SAMN41577004	https://www.ncbi.nlm.nih.gov/sra/?term=SRX24742495	https://sra-downloadb.be-md.ncbi.nlm.nih.gov/sos6/sra-pub-zq-40/SRR029/29223/SRR29223047/SRR29223047.lite.1	795	
853	SRR29223048	2024-05-29 17:07:24	2024-05-29 15:49:18	27186132	8155839600	27186132	300	2845		https://sra-downloadb.be-md.ncbi.nlm.nih.gov/sos6/sra-pub-zq-40/SRR029/29223/SRR29223048/SRR29223048.lite.1	SRX24742494	MRNA232188XA-2	RNA-Seq	cDNA	TRANSCRIPTOMIC	PAIRED	0	0	ILLUMINA	Illumina NovaSeq 6000	SRP510649	PRJNA1117617		1117617	SRS21464461	SAMN41577003	simple	3751	Malus sp.	0D-1							no					NORTHWEST A&F UNIVERSITY	SRA1882161		public	03554FC1A00648F0FDE861028A57BBAE	7475E37509464D391935ECD6672DF42B	https://www.ncbi.nlm.nih.gov/sra/?term=SRR29223048	https://www.ncbi.nlm.nih.gov/bioproject/PRJNA1117617	https://www.ncbi.nlm.nih.gov/biosample/SAMN41577003	https://www.ncbi.nlm.nih.gov/sra/?term=SRX24742494	https://sra-downloadb.be-md.ncbi.nlm.nih.gov/sos6/sra-pub-zq-40/SRR029/29223/SRR29223048/SRR29223048.lite.1	796	
854	SRR29223049	2024-05-29 17:07:24	2024-05-29 15:50:21	26745736	8023720800	26745736	300	2777		https://sra-downloadb.be-md.ncbi.nlm.nih.gov/sos6/sra-pub-zq-40/SRR029/29223/SRR29223049/SRR29223049.lite.1	SRX24742493	MRNA232188XA-1	RNA-Seq	cDNA	TRANSCRIPTOMIC	PAIRED	0	0	ILLUMINA	Illumina NovaSeq 6000	SRP510649	PRJNA1117617		1117617	SRS21464460	SAMN41577002	simple	3751	Malus sp.	0							no					NORTHWEST A&F UNIVERSITY	SRA1882161		public	7FA9FF7ECB5D4835A8FD3D8113AB1009	0749025E32EB012EC1C0F93AA6820A09	https://www.ncbi.nlm.nih.gov/sra/?term=SRR29223049	https://www.ncbi.nlm.nih.gov/bioproject/PRJNA1117617	https://www.ncbi.nlm.nih.gov/biosample/SAMN41577002	https://www.ncbi.nlm.nih.gov/sra/?term=SRX24742493	https://sra-downloadb.be-md.ncbi.nlm.nih.gov/sos6/sra-pub-zq-40/SRR029/29223/SRR29223049/SRR29223049.lite.1	797	
855	SRR2242886	2015-09-08 16:09:04	2015-09-04 21:22:10	4883525	239292725	0	49	151		https://sra-downloadb.be-md.ncbi.nlm.nih.gov/sos5/sra-pub-zq-11/SRR002/242/SRR2242886/SRR2242886.sralite.1	SRX1183959		RNA-Seq	cDNA	TRANSCRIPTOMIC	SINGLE	0	0	ILLUMINA	Illumina HiSeq 2000	SRP063338	PRJNA294739	2	294739	SRS1055878	SAMN04032636	simple	3983	Manihot esculenta	GSM1868892							no					GEO	SRA295181		public	8F1038B003EB94362CF75A371E2B38B3	C52136F0BA6DCEC3F7065BDC93A81B5A	https://www.ncbi.nlm.nih.gov/sra/?term=SRR2242886	https://www.ncbi.nlm.nih.gov/bioproject/PRJNA294739	https://www.ncbi.nlm.nih.gov/biosample/SAMN04032636	https://www.ncbi.nlm.nih.gov/sra/?term=SRX1183959	https://sra-downloadb.be-md.ncbi.nlm.nih.gov/sos5/sra-pub-zq-11/SRR002/242/SRR2242886/SRR2242886.sralite.1	575	
856	SRR2242887	2015-09-08 16:09:04	2015-09-04 21:14:12	4949151	242508399	0	49	147		https://sra-downloadb.be-md.ncbi.nlm.nih.gov/sos5/sra-pub-zq-11/SRR002/242/SRR2242887/SRR2242887.sralite.1	SRX1183960		RNA-Seq	cDNA	TRANSCRIPTOMIC	SINGLE	0	0	ILLUMINA	Illumina HiSeq 2000	SRP063338	PRJNA294739	2	294739	SRS1055877	SAMN04032637	simple	3983	Manihot esculenta	GSM1868893							no					GEO	SRA295181		public	C7A459AD5F1FBC519B8C87DB8E6DFC8C	AE53C277841B17F294EDEC483756C9AE	https://www.ncbi.nlm.nih.gov/sra/?term=SRR2242887	https://www.ncbi.nlm.nih.gov/bioproject/PRJNA294739	https://www.ncbi.nlm.nih.gov/biosample/SAMN04032637	https://www.ncbi.nlm.nih.gov/sra/?term=SRX1183960	https://sra-downloadb.be-md.ncbi.nlm.nih.gov/sos5/sra-pub-zq-11/SRR002/242/SRR2242887/SRR2242887.sralite.1	576	
857	SRR2242888	2015-09-08 16:09:04	2015-09-04 21:12:18	4961894	243132806	0	49	154		https://sra-downloadb.be-md.ncbi.nlm.nih.gov/sos5/sra-pub-zq-11/SRR002/242/SRR2242888/SRR2242888.sralite.1	SRX1183961		RNA-Seq	cDNA	TRANSCRIPTOMIC	SINGLE	0	0	ILLUMINA	Illumina HiSeq 2000	SRP063338	PRJNA294739	2	294739	SRS1055876	SAMN04032638	simple	3983	Manihot esculenta	GSM1868894							no					GEO	SRA295181		public	EEF33CFE4B568037B114E1F8BD3C32B2	028EC6DC1DBF96F1DF24CEFA6F8EC829	https://www.ncbi.nlm.nih.gov/sra/?term=SRR2242888	https://www.ncbi.nlm.nih.gov/bioproject/PRJNA294739	https://www.ncbi.nlm.nih.gov/biosample/SAMN04032638	https://www.ncbi.nlm.nih.gov/sra/?term=SRX1183961	https://sra-downloadb.be-md.ncbi.nlm.nih.gov/sos5/sra-pub-zq-11/SRR002/242/SRR2242888/SRR2242888.sralite.1	577	
858	SRR21201218	2022-08-25 17:04:42	2022-08-25 17:02:28	27335985	8200795500	27335985	300	2634		https://sra-downloadb.be-md.ncbi.nlm.nih.gov/sos1/sra-pub-zq-38/SRR021/21201/SRR21201218/SRR21201218.lite.1	SRX17212206	EC3	RNA-Seq	cDNA	TRANSCRIPTOMIC	PAIRED	0	0	ILLUMINA	Illumina HiSeq 4000	SRP393999	PRJNA873674		873674	SRS14779424	SAMN30497229	simple	705300	Ormosia henryi	EC3							no					GUIZHOU UNIVERSITY	SRA1483489		public	A4F9764CE983BA290677492469977230	74D8A0D0608B5AFEEDA953DD8C5DA648	https://www.ncbi.nlm.nih.gov/sra/?term=SRR21201218	https://www.ncbi.nlm.nih.gov/bioproject/PRJNA873674	https://www.ncbi.nlm.nih.gov/biosample/SAMN30497229	https://www.ncbi.nlm.nih.gov/sra/?term=SRX17212206	https://sra-downloadb.be-md.ncbi.nlm.nih.gov/sos1/sra-pub-zq-38/SRR021/21201/SRR21201218/SRR21201218.lite.1	522	
859	SRR21201219	2022-08-25 18:06:23	2022-08-25 17:59:41	30299544	9089863200	30299544	300	2935		https://sra-downloadb.be-md.ncbi.nlm.nih.gov/sos1/sra-pub-zq-38/SRR021/21201/SRR21201219/SRR21201219.lite.1	SRX17212205	EC1	RNA-Seq	cDNA	TRANSCRIPTOMIC	PAIRED	0	0	ILLUMINA	Illumina HiSeq 4000	SRP393999	PRJNA873674		873674	SRS14779423	SAMN30497227	simple	705300	Ormosia henryi	EC1							no					GUIZHOU UNIVERSITY	SRA1483489		public	13BF514CE4AD176134B88BBA7DFFD4B2	3BF24383691C9407761CD5824EF9865F	https://www.ncbi.nlm.nih.gov/sra/?term=SRR21201219	https://www.ncbi.nlm.nih.gov/bioproject/PRJNA873674	https://www.ncbi.nlm.nih.gov/biosample/SAMN30497227	https://www.ncbi.nlm.nih.gov/sra/?term=SRX17212205	https://sra-downloadb.be-md.ncbi.nlm.nih.gov/sos1/sra-pub-zq-38/SRR021/21201/SRR21201219/SRR21201219.lite.1	523	
860	SRR21201220	2022-08-25 17:17:17	2022-08-25 17:09:39	28608767	8582630100	28608767	300	2767		https://sra-downloadb.be-md.ncbi.nlm.nih.gov/sos1/sra-pub-zq-38/SRR021/21201/SRR21201220/SRR21201220.lite.1	SRX17212204	NEC5	RNA-Seq	cDNA	TRANSCRIPTOMIC	PAIRED	0	0	ILLUMINA	Illumina HiSeq 4000	SRP393999	PRJNA873674		873674	SRS14779422	SAMN30497225	simple	705300	Ormosia henryi	NEC5							no					GUIZHOU UNIVERSITY	SRA1483489		public	5053505FA7AE8505E60224DCD21FB35D	0DF5A0FB9E8102266D531375B8934457	https://www.ncbi.nlm.nih.gov/sra/?term=SRR21201220	https://www.ncbi.nlm.nih.gov/bioproject/PRJNA873674	https://www.ncbi.nlm.nih.gov/biosample/SAMN30497225	https://www.ncbi.nlm.nih.gov/sra/?term=SRX17212204	https://sra-downloadb.be-md.ncbi.nlm.nih.gov/sos1/sra-pub-zq-38/SRR021/21201/SRR21201220/SRR21201220.lite.1	524	
861	SRR21201221	2022-08-25 17:37:06	2022-08-25 17:31:09	28650932	8595279600	28650932	300	2763		https://sra-downloadb.be-md.ncbi.nlm.nih.gov/sos8/sra-pub-zq-818/SRR021/21201/SRR21201221/SRR21201221.lite.1	SRX17212203	CE5	RNA-Seq	cDNA	TRANSCRIPTOMIC	PAIRED	0	0	ILLUMINA	Illumina HiSeq 4000	SRP393999	PRJNA873674		873674	SRS14779421	SAMN30497243	simple	705300	Ormosia henryi	CE5							no					GUIZHOU UNIVERSITY	SRA1483489		public	2E14942B9B9F80A20DAA04AD7312ABBD	5816B08790596FACDEE9F2C70101A4CB	https://www.ncbi.nlm.nih.gov/sra/?term=SRR21201221	https://www.ncbi.nlm.nih.gov/bioproject/PRJNA873674	https://www.ncbi.nlm.nih.gov/biosample/SAMN30497243	https://www.ncbi.nlm.nih.gov/sra/?term=SRX17212203	https://sra-downloadb.be-md.ncbi.nlm.nih.gov/sos8/sra-pub-zq-818/SRR021/21201/SRR21201221/SRR21201221.lite.1	525	
862	SRR21201222	2022-08-25 17:18:32	2022-08-25 17:11:11	35623216	10686964800	35623216	300	3438		https://sra-downloadb.be-md.ncbi.nlm.nih.gov/sos1/sra-pub-zq-38/SRR021/21201/SRR21201222/SRR21201222.lite.1	SRX17212202	CE3	RNA-Seq	cDNA	TRANSCRIPTOMIC	PAIRED	0	0	ILLUMINA	Illumina HiSeq 4000	SRP393999	PRJNA873674		873674	SRS14779420	SAMN30497241	simple	705300	Ormosia henryi	CE3							no					GUIZHOU UNIVERSITY	SRA1483489		public	C78BACFB48608A0433C735987FEA3C1F	4C4F867AE5F11D1DFEA63E92BBD896F2	https://www.ncbi.nlm.nih.gov/sra/?term=SRR21201222	https://www.ncbi.nlm.nih.gov/bioproject/PRJNA873674	https://www.ncbi.nlm.nih.gov/biosample/SAMN30497241	https://www.ncbi.nlm.nih.gov/sra/?term=SRX17212202	https://sra-downloadb.be-md.ncbi.nlm.nih.gov/sos1/sra-pub-zq-38/SRR021/21201/SRR21201222/SRR21201222.lite.1	526	
863	SRR21201223	2022-08-25 17:17:17	2022-08-25 17:04:51	24546518	7363955400	24546518	300	2385		https://sra-downloadb.be-md.ncbi.nlm.nih.gov/sos1/sra-pub-zq-38/SRR021/21201/SRR21201223/SRR21201223.lite.1	SRX17212201	NEC3	RNA-Seq	cDNA	TRANSCRIPTOMIC	PAIRED	0	0	ILLUMINA	Illumina HiSeq 4000	SRP393999	PRJNA873674		873674	SRS14779419	SAMN30497223	simple	705300	Ormosia henryi	NEC3							no					GUIZHOU UNIVERSITY	SRA1483489		public	220971B12888A56A49D8B7516BA3E724	8ADD73B3AB6A9699E3D7882ADE0511A6	https://www.ncbi.nlm.nih.gov/sra/?term=SRR21201223	https://www.ncbi.nlm.nih.gov/bioproject/PRJNA873674	https://www.ncbi.nlm.nih.gov/biosample/SAMN30497223	https://www.ncbi.nlm.nih.gov/sra/?term=SRX17212201	https://sra-downloadb.be-md.ncbi.nlm.nih.gov/sos1/sra-pub-zq-38/SRR021/21201/SRR21201223/SRR21201223.lite.1	527	
864	SRR21201224	2022-08-25 17:23:19	2022-08-25 17:19:41	31404688	9421406400	31404688	300	3030		https://sra-downloadb.be-md.ncbi.nlm.nih.gov/sos1/sra-pub-zq-38/SRR021/21201/SRR21201224/SRR21201224.lite.1	SRX17212200	CE1	RNA-Seq	cDNA	TRANSCRIPTOMIC	PAIRED	0	0	ILLUMINA	Illumina HiSeq 4000	SRP393999	PRJNA873674		873674	SRS14779418	SAMN30497239	simple	705300	Ormosia henryi	CE1							no					GUIZHOU UNIVERSITY	SRA1483489		public	F89284A0C905BD7BCF5B371727F00893	1E0F5155955EA6031F45BB060D1A96CC	https://www.ncbi.nlm.nih.gov/sra/?term=SRR21201224	https://www.ncbi.nlm.nih.gov/bioproject/PRJNA873674	https://www.ncbi.nlm.nih.gov/biosample/SAMN30497239	https://www.ncbi.nlm.nih.gov/sra/?term=SRX17212200	https://sra-downloadb.be-md.ncbi.nlm.nih.gov/sos1/sra-pub-zq-38/SRR021/21201/SRR21201224/SRR21201224.lite.1	528	
865	SRR21201225	2022-08-25 17:03:37	2022-08-25 16:59:12	31273422	9382026600	31273422	300	3016		https://sra-downloadb.be-md.ncbi.nlm.nih.gov/sos1/sra-pub-zq-38/SRR021/21201/SRR21201225/SRR21201225.lite.1	SRX17212199	GE5	RNA-Seq	cDNA	TRANSCRIPTOMIC	PAIRED	0	0	ILLUMINA	Illumina HiSeq 4000	SRP393999	PRJNA873674		873674	SRS14779417	SAMN30497237	simple	705300	Ormosia henryi	GE5							no					GUIZHOU UNIVERSITY	SRA1483489		public	A622C5F71C34540363B17DDE62350497	B86972F64DA1CD2AEC4466304C8A6CB1	https://www.ncbi.nlm.nih.gov/sra/?term=SRR21201225	https://www.ncbi.nlm.nih.gov/bioproject/PRJNA873674	https://www.ncbi.nlm.nih.gov/biosample/SAMN30497237	https://www.ncbi.nlm.nih.gov/sra/?term=SRX17212199	https://sra-downloadb.be-md.ncbi.nlm.nih.gov/sos1/sra-pub-zq-38/SRR021/21201/SRR21201225/SRR21201225.lite.1	529	
866	SRR21201226	2022-08-25 17:09:45	2022-08-25 17:06:38	27959443	8387832900	27959443	300	2694		https://sra-downloadb.be-md.ncbi.nlm.nih.gov/sos1/sra-pub-zq-38/SRR021/21201/SRR21201226/SRR21201226.lite.1	SRX17212198	GE3	RNA-Seq	cDNA	TRANSCRIPTOMIC	PAIRED	0	0	ILLUMINA	Illumina HiSeq 4000	SRP393999	PRJNA873674		873674	SRS14779416	SAMN30497235	simple	705300	Ormosia henryi	GE3							no					GUIZHOU UNIVERSITY	SRA1483489		public	27926CD5FD25D0F7D819A209DF5074E9	18F6578BF93A851A43EB76050E7D35AA	https://www.ncbi.nlm.nih.gov/sra/?term=SRR21201226	https://www.ncbi.nlm.nih.gov/bioproject/PRJNA873674	https://www.ncbi.nlm.nih.gov/biosample/SAMN30497235	https://www.ncbi.nlm.nih.gov/sra/?term=SRX17212198	https://sra-downloadb.be-md.ncbi.nlm.nih.gov/sos1/sra-pub-zq-38/SRR021/21201/SRR21201226/SRR21201226.lite.1	530	
867	SRR21201227	2022-08-25 17:06:48	2022-08-25 17:03:45	27433222	8229966600	27433222	300	2649		https://sra-downloadb.be-md.ncbi.nlm.nih.gov/sos1/sra-pub-zq-38/SRR021/21201/SRR21201227/SRR21201227.lite.1	SRX17212197	GE1	RNA-Seq	cDNA	TRANSCRIPTOMIC	PAIRED	0	0	ILLUMINA	Illumina HiSeq 4000	SRP393999	PRJNA873674		873674	SRS14779415	SAMN30497233	simple	705300	Ormosia henryi	GE1							no					GUIZHOU UNIVERSITY	SRA1483489		public	4C0A95734F5AB322EFA5F15DDB45A9B1	868F1B865A3D89A8A235495E07C195F4	https://www.ncbi.nlm.nih.gov/sra/?term=SRR21201227	https://www.ncbi.nlm.nih.gov/bioproject/PRJNA873674	https://www.ncbi.nlm.nih.gov/biosample/SAMN30497233	https://www.ncbi.nlm.nih.gov/sra/?term=SRX17212197	https://sra-downloadb.be-md.ncbi.nlm.nih.gov/sos1/sra-pub-zq-38/SRR021/21201/SRR21201227/SRR21201227.lite.1	531	
868	SRR21201228	2022-08-25 19:11:20	2022-08-25 19:01:59	29095066	8728519800	29095066	300	2840		https://sra-downloadb.be-md.ncbi.nlm.nih.gov/sos1/sra-pub-zq-38/SRR021/21201/SRR21201228/SRR21201228.lite.1	SRX17212196	EC5	RNA-Seq	cDNA	TRANSCRIPTOMIC	PAIRED	0	0	ILLUMINA	Illumina HiSeq 4000	SRP393999	PRJNA873674		873674	SRS14779414	SAMN30497231	simple	705300	Ormosia henryi	EC5							no					GUIZHOU UNIVERSITY	SRA1483489		public	0357DBC65F470BDDCFC6688E960846EA	0EACA27CEF459C523438B131E6F7F585	https://www.ncbi.nlm.nih.gov/sra/?term=SRR21201228	https://www.ncbi.nlm.nih.gov/bioproject/PRJNA873674	https://www.ncbi.nlm.nih.gov/biosample/SAMN30497231	https://www.ncbi.nlm.nih.gov/sra/?term=SRX17212196	https://sra-downloadb.be-md.ncbi.nlm.nih.gov/sos1/sra-pub-zq-38/SRR021/21201/SRR21201228/SRR21201228.lite.1	532	
869	SRR21201229	2022-08-25 17:21:08	2022-08-25 17:15:13	29990598	8997179400	29990598	300	2913		https://sra-downloadb.be-md.ncbi.nlm.nih.gov/sos8/sra-pub-zq-818/SRR021/21201/SRR21201229/SRR21201229.lite.1	SRX17212195	NEC1	RNA-Seq	cDNA	TRANSCRIPTOMIC	PAIRED	0	0	ILLUMINA	Illumina HiSeq 4000	SRP393999	PRJNA873674		873674	SRS14779413	SAMN30497221	simple	705300	Ormosia henryi	NEC1							no					GUIZHOU UNIVERSITY	SRA1483489		public	C15D2E402F26742D7BA15D0CD90A6210	13D58F4705CDA5973ABB49CB240C0F7D	https://www.ncbi.nlm.nih.gov/sra/?term=SRR21201229	https://www.ncbi.nlm.nih.gov/bioproject/PRJNA873674	https://www.ncbi.nlm.nih.gov/biosample/SAMN30497221	https://www.ncbi.nlm.nih.gov/sra/?term=SRX17212195	https://sra-downloadb.be-md.ncbi.nlm.nih.gov/sos8/sra-pub-zq-818/SRR021/21201/SRR21201229/SRR21201229.lite.1	533	
870	SRR2295663	2016-09-08 00:00:00	2015-09-21 12:23:49	74593773	15067942146	74593773	202	9280		https://sra-downloadb.be-md.ncbi.nlm.nih.gov/sos5/sra-pub-zq-11/SRR002/295/SRR2295663/SRR2295663.sralite.1	SRX1203029	Stage 1 (Proembryogenic calli)	RNA-Seq	cDNA	TRANSCRIPTOMIC	PAIRED	101	0	ILLUMINA	Illumina HiSeq 2000	SRP063408	PRJNA295002		295002	SRS1058713	SAMN04038604	simple	4530	Oryza sativa	Subspecies indica							no					NBRI	SRA296393		public	AD3AC1B6D69C876ACE6F9B27638EE4CB	BB3BCFACC558A2CF676F23182AA96E19	https://www.ncbi.nlm.nih.gov/sra/?term=SRR2295663	https://www.ncbi.nlm.nih.gov/bioproject/PRJNA295002	https://www.ncbi.nlm.nih.gov/biosample/SAMN04038604	https://www.ncbi.nlm.nih.gov/sra/?term=SRX1203029	https://sra-downloadb.be-md.ncbi.nlm.nih.gov/sos5/sra-pub-zq-11/SRR002/295/SRR2295663/SRR2295663.sralite.1	578	
871	SRR2295731	2016-09-08 00:00:00	2015-09-17 07:29:51	27759068	5607331736	27759068	202	3686		https://sra-downloadb.be-md.ncbi.nlm.nih.gov/sos5/sra-pub-zq-11/SRR002/295/SRR2295731/SRR2295731.sralite.1	SRX1203034	Satge 2 (2 day Dark Calli)	RNA-Seq	cDNA	TRANSCRIPTOMIC	PAIRED	101	0	ILLUMINA	Illumina HiSeq 2000	SRP063408	PRJNA295002		295002	SRS1058713	SAMN04038604	simple	4530	Oryza sativa	Subspecies indica							no					NBRI	SRA296393		public	1F8AEC9ECBFA76DEDCFA469FF8C3D193	B97295AC5207059316B1ED6A73F1B245	https://www.ncbi.nlm.nih.gov/sra/?term=SRR2295731	https://www.ncbi.nlm.nih.gov/bioproject/PRJNA295002	https://www.ncbi.nlm.nih.gov/biosample/SAMN04038604	https://www.ncbi.nlm.nih.gov/sra/?term=SRX1203034	https://sra-downloadb.be-md.ncbi.nlm.nih.gov/sos5/sra-pub-zq-11/SRR002/295/SRR2295731/SRR2295731.sralite.1	579	
872	SRR2295759	2016-09-08 00:00:00	2015-09-18 00:57:48	26891312	5432045024	26891312	202	3572		https://sra-downloadb.be-md.ncbi.nlm.nih.gov/sos5/sra-pub-zq-11/SRR002/295/SRR2295759/SRR2295759.sralite.1	SRX1203035	Satge 3 (TDZ treated 8 day Dark Calli)	RNA-Seq	cDNA	TRANSCRIPTOMIC	PAIRED	101	0	ILLUMINA	Illumina HiSeq 2000	SRP063408	PRJNA295002		295002	SRS1058713	SAMN04038604	simple	4530	Oryza sativa	Subspecies indica							no					NBRI	SRA296393		public	E794CF6FE4C29A8C49AAA90B3DBA26AF	A3922A5909F9FEC90CFA6BFC17ACF1BD	https://www.ncbi.nlm.nih.gov/sra/?term=SRR2295759	https://www.ncbi.nlm.nih.gov/bioproject/PRJNA295002	https://www.ncbi.nlm.nih.gov/biosample/SAMN04038604	https://www.ncbi.nlm.nih.gov/sra/?term=SRX1203035	https://sra-downloadb.be-md.ncbi.nlm.nih.gov/sos5/sra-pub-zq-11/SRR002/295/SRR2295759/SRR2295759.sralite.1	580	
873	SRR2295794	2016-09-08 00:00:00	2015-09-21 12:16:49	39132485	7904761970	39132485	202	5130		https://sra-downloadb.be-md.ncbi.nlm.nih.gov/sos5/sra-pub-zq-11/SRR002/295/SRR2295794/SRR2295794.sralite.1	SRX1203038	Stage 4 (2 Day PLT calli)	RNA-Seq	cDNA	TRANSCRIPTOMIC	PAIRED	101	0	ILLUMINA	Illumina HiSeq 2000	SRP063408	PRJNA295002		295002	SRS1058713	SAMN04038604	simple	4530	Oryza sativa	Subspecies indica							no					NBRI	SRA296393		public	798D33C9F83D1F8CB1FE5E9EB8212ECB	3E788098E4E1ED057672B917270E4AD4	https://www.ncbi.nlm.nih.gov/sra/?term=SRR2295794	https://www.ncbi.nlm.nih.gov/bioproject/PRJNA295002	https://www.ncbi.nlm.nih.gov/biosample/SAMN04038604	https://www.ncbi.nlm.nih.gov/sra/?term=SRX1203038	https://sra-downloadb.be-md.ncbi.nlm.nih.gov/sos5/sra-pub-zq-11/SRR002/295/SRR2295794/SRR2295794.sralite.1	581	
874	SRR2295866	2016-09-08 00:00:00	2015-09-22 07:27:13	23417128	4730259856	23417128	202	3109		https://sra-downloadb.be-md.ncbi.nlm.nih.gov/sos5/sra-pub-zq-11/SRR002/295/SRR2295866/SRR2295866.sralite.1	SRX1203040	Slage 5 (9 Day PLT calli)	RNA-Seq	cDNA	TRANSCRIPTOMIC	PAIRED	101	0	ILLUMINA	Illumina HiSeq 2000	SRP063408	PRJNA295002		295002	SRS1058713	SAMN04038604	simple	4530	Oryza sativa	Subspecies indica							no					NBRI	SRA296393		public	5500DADFB2FD5CEEB1CB98753B6BE9EA	561F3A5D908D32F6DFFD082D22B991C1	https://www.ncbi.nlm.nih.gov/sra/?term=SRR2295866	https://www.ncbi.nlm.nih.gov/bioproject/PRJNA295002	https://www.ncbi.nlm.nih.gov/biosample/SAMN04038604	https://www.ncbi.nlm.nih.gov/sra/?term=SRX1203040	https://sra-downloadb.be-md.ncbi.nlm.nih.gov/sos5/sra-pub-zq-11/SRR002/295/SRR2295866/SRR2295866.sralite.1	582	
875	SRR2295902	2016-09-08 00:00:00	2015-09-22 09:31:00	32200032	6504406464	32200032	202	4226		https://sra-downloadb.be-md.ncbi.nlm.nih.gov/sos5/sra-pub-zq-11/SRR002/295/SRR2295902/SRR2295902.sralite.1	SRX1203041	Stage 6 (3 Day MS1 calli without TDZ)	RNA-Seq	cDNA	TRANSCRIPTOMIC	PAIRED	101	0	ILLUMINA	Illumina HiSeq 2000	SRP063408	PRJNA295002		295002	SRS1058713	SAMN04038604	simple	4530	Oryza sativa	Subspecies indica							no					NBRI	SRA296393		public	EF8F0045E6FB8ECC19D6C0BF660A2820	A187911BF17282921037FA532E2577E9	https://www.ncbi.nlm.nih.gov/sra/?term=SRR2295902	https://www.ncbi.nlm.nih.gov/bioproject/PRJNA295002	https://www.ncbi.nlm.nih.gov/biosample/SAMN04038604	https://www.ncbi.nlm.nih.gov/sra/?term=SRX1203041	https://sra-downloadb.be-md.ncbi.nlm.nih.gov/sos5/sra-pub-zq-11/SRR002/295/SRR2295902/SRR2295902.sralite.1	583	
876	SRR12850812	2021-04-21 00:01:06	2020-10-20 15:43:36	28993756	2203525456	0	76	800		https://sra-downloadb.be-md.ncbi.nlm.nih.gov/sos8/sra-pub-zq-818/SRR012/12850/SRR12850812/SRR12850812.lite.1	SRX9317785	BR6	RNA-Seq	cDNA	TRANSCRIPTOMIC	SINGLE	0	0	ILLUMINA	NextSeq 500	SRP287841	PRJNA670218		670218	SRS7542611	SAMN16486636	simple	4530	Oryza sativa	indOsRKD3 BR experiment							no					UNIVERSITY OF WARWICK	SRA1145624		public	644A3C87708F471A7A4630880F08260E	5BAFDC4B2103AA2AFCFDD6EBE50B6B40	https://www.ncbi.nlm.nih.gov/sra/?term=SRR12850812	https://www.ncbi.nlm.nih.gov/bioproject/PRJNA670218	https://www.ncbi.nlm.nih.gov/biosample/SAMN16486636	https://www.ncbi.nlm.nih.gov/sra/?term=SRX9317785	https://sra-downloadb.be-md.ncbi.nlm.nih.gov/sos8/sra-pub-zq-818/SRR012/12850/SRR12850812/SRR12850812.lite.1	76	
877	SRR12850813	2021-04-21 00:01:06	2020-10-20 15:44:27	30808634	2341456184	0	76	856		https://sra-downloadb.be-md.ncbi.nlm.nih.gov/sos9/sra-pub-zq-922/SRR012/12850/SRR12850813/SRR12850813.lite.1	SRX9317784	BR5	RNA-Seq	cDNA	TRANSCRIPTOMIC	SINGLE	0	0	ILLUMINA	NextSeq 500	SRP287841	PRJNA670218		670218	SRS7542611	SAMN16486636	simple	4530	Oryza sativa	indOsRKD3 BR experiment							no					UNIVERSITY OF WARWICK	SRA1145624		public	C77FE3A0E4F5DCFC0B86101CF4613D0D	CEC9D0072CE8E9803C2CF0E3CE7715D1	https://www.ncbi.nlm.nih.gov/sra/?term=SRR12850813	https://www.ncbi.nlm.nih.gov/bioproject/PRJNA670218	https://www.ncbi.nlm.nih.gov/biosample/SAMN16486636	https://www.ncbi.nlm.nih.gov/sra/?term=SRX9317784	https://sra-downloadb.be-md.ncbi.nlm.nih.gov/sos9/sra-pub-zq-922/SRR012/12850/SRR12850813/SRR12850813.lite.1	77	
878	SRR12850814	2021-04-21 00:01:06	2020-10-20 15:43:26	25278394	1921157944	0	76	697		https://sra-downloadb.be-md.ncbi.nlm.nih.gov/sos9/sra-pub-zq-922/SRR012/12850/SRR12850814/SRR12850814.lite.1	SRX9317783	BR4	RNA-Seq	cDNA	TRANSCRIPTOMIC	SINGLE	0	0	ILLUMINA	NextSeq 500	SRP287841	PRJNA670218		670218	SRS7542611	SAMN16486636	simple	4530	Oryza sativa	indOsRKD3 BR experiment							no					UNIVERSITY OF WARWICK	SRA1145624		public	8170BACC38647B0A10152B5C8506DBFC	FFC3CD26B493E5D3624D535E07420E68	https://www.ncbi.nlm.nih.gov/sra/?term=SRR12850814	https://www.ncbi.nlm.nih.gov/bioproject/PRJNA670218	https://www.ncbi.nlm.nih.gov/biosample/SAMN16486636	https://www.ncbi.nlm.nih.gov/sra/?term=SRX9317783	https://sra-downloadb.be-md.ncbi.nlm.nih.gov/sos9/sra-pub-zq-922/SRR012/12850/SRR12850814/SRR12850814.lite.1	78	
879	SRR12850815	2021-04-21 00:01:06	2020-10-20 15:43:35	28477195	2164266820	0	76	807		https://sra-downloadb.be-md.ncbi.nlm.nih.gov/sos9/sra-pub-zq-922/SRR012/12850/SRR12850815/SRR12850815.lite.1	SRX9317782	BR3	RNA-Seq	cDNA	TRANSCRIPTOMIC	SINGLE	0	0	ILLUMINA	NextSeq 500	SRP287841	PRJNA670218		670218	SRS7542611	SAMN16486636	simple	4530	Oryza sativa	indOsRKD3 BR experiment							no					UNIVERSITY OF WARWICK	SRA1145624		public	2F3B541FD9A2C2039B7CA77CB66B524E	35960A18F01C309B730542ABA34C198E	https://www.ncbi.nlm.nih.gov/sra/?term=SRR12850815	https://www.ncbi.nlm.nih.gov/bioproject/PRJNA670218	https://www.ncbi.nlm.nih.gov/biosample/SAMN16486636	https://www.ncbi.nlm.nih.gov/sra/?term=SRX9317782	https://sra-downloadb.be-md.ncbi.nlm.nih.gov/sos9/sra-pub-zq-922/SRR012/12850/SRR12850815/SRR12850815.lite.1	79	
880	SRR12850816	2021-04-21 00:01:06	2020-10-20 15:44:31	33116484	2516852784	0	76	917		https://sra-downloadb.be-md.ncbi.nlm.nih.gov/sos8/sra-pub-zq-818/SRR012/12850/SRR12850816/SRR12850816.lite.1	SRX9317781	BR2	RNA-Seq	cDNA	TRANSCRIPTOMIC	SINGLE	0	0	ILLUMINA	NextSeq 500	SRP287841	PRJNA670218		670218	SRS7542611	SAMN16486636	simple	4530	Oryza sativa	indOsRKD3 BR experiment							no					UNIVERSITY OF WARWICK	SRA1145624		public	C2648E08C5A48AE0A9A8FE4E2C28B7B8	19471B2A2797A7F9E85D2C80C39D3B9C	https://www.ncbi.nlm.nih.gov/sra/?term=SRR12850816	https://www.ncbi.nlm.nih.gov/bioproject/PRJNA670218	https://www.ncbi.nlm.nih.gov/biosample/SAMN16486636	https://www.ncbi.nlm.nih.gov/sra/?term=SRX9317781	https://sra-downloadb.be-md.ncbi.nlm.nih.gov/sos8/sra-pub-zq-818/SRR012/12850/SRR12850816/SRR12850816.lite.1	80	
881	SRR12850817	2021-04-21 00:01:05	2020-10-20 15:39:03	17250149	1311011324	0	76	480		https://sra-downloadb.be-md.ncbi.nlm.nih.gov/sos8/sra-pub-zq-818/SRR012/12850/SRR12850817/SRR12850817.lite.1	SRX9317780	BR1	RNA-Seq	cDNA	TRANSCRIPTOMIC	SINGLE	0	0	ILLUMINA	NextSeq 500	SRP287841	PRJNA670218		670218	SRS7542611	SAMN16486636	simple	4530	Oryza sativa	indOsRKD3 BR experiment							no					UNIVERSITY OF WARWICK	SRA1145624		public	0C4CA41426064BFAC7CBC4BC03834847	6769BC1A4F165D2162F0F7396B07B1B8	https://www.ncbi.nlm.nih.gov/sra/?term=SRR12850817	https://www.ncbi.nlm.nih.gov/bioproject/PRJNA670218	https://www.ncbi.nlm.nih.gov/biosample/SAMN16486636	https://www.ncbi.nlm.nih.gov/sra/?term=SRX9317780	https://sra-downloadb.be-md.ncbi.nlm.nih.gov/sos8/sra-pub-zq-818/SRR012/12850/SRR12850817/SRR12850817.lite.1	81	
882	SRR15254739	2021-07-27 04:23:15	2021-07-27 04:20:58	28910454	8673136200	28910454	300	2509		https://sra-downloadb.be-md.ncbi.nlm.nih.gov/sos4/sra-pub-zq-1/SRR015/15254/SRR15254739/SRR15254739.lite.1	SRX11560119	BR10	RNA-Seq	PCR	TRANSCRIPTOMIC	PAIRED	0	0	ILLUMINA	Illumina HiSeq 2500	SRP287841	PRJNA670218		670218	SRS9598473	SAMN20424631	simple	4530	Oryza sativa	Wild type BR Mock							no					UNIVERSITY OF WARWICK	SRA1265167		public	165488013E9F0DE5A3E53BADC82B944A	FE527E235E30BF667D2EDE00681C4519	https://www.ncbi.nlm.nih.gov/sra/?term=SRR15254739	https://www.ncbi.nlm.nih.gov/bioproject/PRJNA670218	https://www.ncbi.nlm.nih.gov/biosample/SAMN20424631	https://www.ncbi.nlm.nih.gov/sra/?term=SRX11560119	https://sra-downloadb.be-md.ncbi.nlm.nih.gov/sos4/sra-pub-zq-1/SRR015/15254/SRR15254739/SRR15254739.lite.1	179	
883	SRR15254740	2021-07-27 04:25:37	2021-07-27 04:18:53	31302561	9390768300	31302561	300	2728		https://sra-downloadb.be-md.ncbi.nlm.nih.gov/sos1/sra-pub-zq-38/SRR015/15254/SRR15254740/SRR15254740.lite.1	SRX11560118	BR9	RNA-Seq	PCR	TRANSCRIPTOMIC	PAIRED	0	0	ILLUMINA	Illumina HiSeq 2500	SRP287841	PRJNA670218		670218	SRS9598473	SAMN20424631	simple	4530	Oryza sativa	Wild type BR Mock							no					UNIVERSITY OF WARWICK	SRA1265167		public	641DEF59C4866FA0B49042B10EB48334	4006E2A0829BD29809980B229E200FCA	https://www.ncbi.nlm.nih.gov/sra/?term=SRR15254740	https://www.ncbi.nlm.nih.gov/bioproject/PRJNA670218	https://www.ncbi.nlm.nih.gov/biosample/SAMN20424631	https://www.ncbi.nlm.nih.gov/sra/?term=SRX11560118	https://sra-downloadb.be-md.ncbi.nlm.nih.gov/sos1/sra-pub-zq-38/SRR015/15254/SRR15254740/SRR15254740.lite.1	180	
884	SRR18473865	2022-03-25 19:35:54	2022-03-24 23:04:23	52747913	4747312170	0	90	1479		https://sra-downloadb.be-md.ncbi.nlm.nih.gov/sos9/sra-pub-zq-924/SRR018/18473/SRR18473865/SRR18473865.lite.1	SRX14606095	BB_M_2	RNA-Seq	RANDOM	TRANSCRIPTOMIC	SINGLE	0	0	ILLUMINA	Illumina HiSeq 4000	SRP365805	PRJNA819535		819535	SRS12374549	SAMN26934463	simple	4530	Oryza sativa	BB_M_2							no					UC DAVIS	SRA1391441		public	86D5321FD1E0C6A26AB8CF58D9D09287	9D14020ACEBA39C8211E658FB62D72BE	https://www.ncbi.nlm.nih.gov/sra/?term=SRR18473865	https://www.ncbi.nlm.nih.gov/bioproject/PRJNA819535	https://www.ncbi.nlm.nih.gov/biosample/SAMN26934463	https://www.ncbi.nlm.nih.gov/sra/?term=SRX14606095	https://sra-downloadb.be-md.ncbi.nlm.nih.gov/sos9/sra-pub-zq-924/SRR018/18473/SRR18473865/SRR18473865.lite.1	504	
885	SRR18473866	2022-03-25 19:35:54	2022-03-24 23:03:28	54222252	4880002680	0	90	1520		https://sra-downloadb.be-md.ncbi.nlm.nih.gov/sos9/sra-pub-zq-924/SRR018/18473/SRR18473866/SRR18473866.lite.1	SRX14606094	BB_DC_1	RNA-Seq	RANDOM	TRANSCRIPTOMIC	SINGLE	0	0	ILLUMINA	Illumina HiSeq 4000	SRP365805	PRJNA819535		819535	SRS12374548	SAMN26934462	simple	4530	Oryza sativa	BB_DC_1							no					UC DAVIS	SRA1391441		public	11A627D6B0ACBB2F3D561F8860F81BAE	38E6802C1A2662B69DA4939B18C715EE	https://www.ncbi.nlm.nih.gov/sra/?term=SRR18473866	https://www.ncbi.nlm.nih.gov/bioproject/PRJNA819535	https://www.ncbi.nlm.nih.gov/biosample/SAMN26934462	https://www.ncbi.nlm.nih.gov/sra/?term=SRX14606094	https://sra-downloadb.be-md.ncbi.nlm.nih.gov/sos9/sra-pub-zq-924/SRR018/18473/SRR18473866/SRR18473866.lite.1	505	
886	SRR18473867	2022-03-25 19:35:54	2022-03-24 23:01:57	51560168	4640415120	0	90	1445		https://sra-downloadb.be-md.ncbi.nlm.nih.gov/sos9/sra-pub-zq-924/SRR018/18473/SRR18473867/SRR18473867.lite.1	SRX14606093	BB_D_1	RNA-Seq	RANDOM	TRANSCRIPTOMIC	SINGLE	0	0	ILLUMINA	Illumina HiSeq 4000	SRP365805	PRJNA819535		819535	SRS12374547	SAMN26934461	simple	4530	Oryza sativa	BB_D_1							no					UC DAVIS	SRA1391441		public	C988401664F32EBA0322A0E01CF442AE	BEE08E2CB95EFD34B4E816A34CABB154	https://www.ncbi.nlm.nih.gov/sra/?term=SRR18473867	https://www.ncbi.nlm.nih.gov/bioproject/PRJNA819535	https://www.ncbi.nlm.nih.gov/biosample/SAMN26934461	https://www.ncbi.nlm.nih.gov/sra/?term=SRX14606093	https://sra-downloadb.be-md.ncbi.nlm.nih.gov/sos9/sra-pub-zq-924/SRR018/18473/SRR18473867/SRR18473867.lite.1	506	
887	SRR18473868	2022-03-25 19:35:54	2022-03-24 23:00:08	41610516	3744946440	0	90	1164		https://sra-downloadb.be-md.ncbi.nlm.nih.gov/sos9/sra-pub-zq-924/SRR018/18473/SRR18473868/SRR18473868.lite.1	SRX14606092	BB_M_1	RNA-Seq	RANDOM	TRANSCRIPTOMIC	SINGLE	0	0	ILLUMINA	Illumina HiSeq 4000	SRP365805	PRJNA819535		819535	SRS12374545	SAMN26934460	simple	4530	Oryza sativa	BB_M_1							no					UC DAVIS	SRA1391441		public	4B6841583D907AD9678663D0A1F75B2E	FE47FCDF0CA6D263CA4B7B6E42FE05AC	https://www.ncbi.nlm.nih.gov/sra/?term=SRR18473868	https://www.ncbi.nlm.nih.gov/bioproject/PRJNA819535	https://www.ncbi.nlm.nih.gov/biosample/SAMN26934460	https://www.ncbi.nlm.nih.gov/sra/?term=SRX14606092	https://sra-downloadb.be-md.ncbi.nlm.nih.gov/sos9/sra-pub-zq-924/SRR018/18473/SRR18473868/SRR18473868.lite.1	507	
888	SRR18473869	2022-03-25 19:35:54	2022-03-24 23:01:42	48368330	4353149700	0	90	1357		https://sra-downloadb.be-md.ncbi.nlm.nih.gov/sos9/sra-pub-zq-924/SRR018/18473/SRR18473869/SRR18473869.lite.1	SRX14606091	WT_DC_2	RNA-Seq	RANDOM	TRANSCRIPTOMIC	SINGLE	0	0	ILLUMINA	Illumina HiSeq 4000	SRP365805	PRJNA819535		819535	SRS12374546	SAMN26934459	simple	4530	Oryza sativa	WT_DC_2							no					UC DAVIS	SRA1391441		public	A9698F06B2FE616C9D7BED69221429A8	DC26B37745585433D04A61352375D521	https://www.ncbi.nlm.nih.gov/sra/?term=SRR18473869	https://www.ncbi.nlm.nih.gov/bioproject/PRJNA819535	https://www.ncbi.nlm.nih.gov/biosample/SAMN26934459	https://www.ncbi.nlm.nih.gov/sra/?term=SRX14606091	https://sra-downloadb.be-md.ncbi.nlm.nih.gov/sos9/sra-pub-zq-924/SRR018/18473/SRR18473869/SRR18473869.lite.1	508	
889	SRR18473870	2022-03-25 19:35:54	2022-03-24 23:05:31	66020997	5941889730	0	90	1851		https://sra-downloadb.be-md.ncbi.nlm.nih.gov/sos8/sra-pub-zq-820/SRR018/18473/SRR18473870/SRR18473870.lite.1	SRX14606090	WT_D_2	RNA-Seq	RANDOM	TRANSCRIPTOMIC	SINGLE	0	0	ILLUMINA	Illumina HiSeq 4000	SRP365805	PRJNA819535		819535	SRS12374544	SAMN26934458	simple	4530	Oryza sativa	WT_D_2							no					UC DAVIS	SRA1391441		public	943DEB1EA163C6D1CDDE0BFA5DC43EA0	54D4BF2B317B43C346F18BA42C1BFFE2	https://www.ncbi.nlm.nih.gov/sra/?term=SRR18473870	https://www.ncbi.nlm.nih.gov/bioproject/PRJNA819535	https://www.ncbi.nlm.nih.gov/biosample/SAMN26934458	https://www.ncbi.nlm.nih.gov/sra/?term=SRX14606090	https://sra-downloadb.be-md.ncbi.nlm.nih.gov/sos8/sra-pub-zq-820/SRR018/18473/SRR18473870/SRR18473870.lite.1	509	
890	SRR18473871	2022-03-25 19:35:54	2022-03-24 23:02:37	52230984	4700788560	0	90	1469		https://sra-downloadb.be-md.ncbi.nlm.nih.gov/sos8/sra-pub-zq-820/SRR018/18473/SRR18473871/SRR18473871.lite.1	SRX14606089	WT_M_2	RNA-Seq	RANDOM	TRANSCRIPTOMIC	SINGLE	0	0	ILLUMINA	Illumina HiSeq 4000	SRP365805	PRJNA819535		819535	SRS12374543	SAMN26934457	simple	4530	Oryza sativa	WT_M_2							no					UC DAVIS	SRA1391441		public	3CD6FE3D0C6373FC92A53C95652FAB9E	29E2390DE4CA6A218EBC7629B59A3906	https://www.ncbi.nlm.nih.gov/sra/?term=SRR18473871	https://www.ncbi.nlm.nih.gov/bioproject/PRJNA819535	https://www.ncbi.nlm.nih.gov/biosample/SAMN26934457	https://www.ncbi.nlm.nih.gov/sra/?term=SRX14606089	https://sra-downloadb.be-md.ncbi.nlm.nih.gov/sos8/sra-pub-zq-820/SRR018/18473/SRR18473871/SRR18473871.lite.1	510	
891	SRR18473872	2022-03-25 19:35:54	2022-03-24 23:01:46	44415713	3997414170	0	90	1246		https://sra-downloadb.be-md.ncbi.nlm.nih.gov/sos1/sra-pub-zq-38/SRR018/18473/SRR18473872/SRR18473872.lite.1	SRX14606088	WT_DC_1	RNA-Seq	RANDOM	TRANSCRIPTOMIC	SINGLE	0	0	ILLUMINA	Illumina HiSeq 4000	SRP365805	PRJNA819535		819535	SRS12374542	SAMN26934456	simple	4530	Oryza sativa	WT_DC_1							no					UC DAVIS	SRA1391441		public	03ABDFFFECE6EBDF5990104E0AAC218D	BA4078359C552CABF51E119BB5A2C9C5	https://www.ncbi.nlm.nih.gov/sra/?term=SRR18473872	https://www.ncbi.nlm.nih.gov/bioproject/PRJNA819535	https://www.ncbi.nlm.nih.gov/biosample/SAMN26934456	https://www.ncbi.nlm.nih.gov/sra/?term=SRX14606088	https://sra-downloadb.be-md.ncbi.nlm.nih.gov/sos1/sra-pub-zq-38/SRR018/18473/SRR18473872/SRR18473872.lite.1	511	
892	SRR18473873	2022-03-25 19:35:54	2022-03-24 23:03:21	47900256	4311023040	0	90	1345		https://sra-downloadb.be-md.ncbi.nlm.nih.gov/sos9/sra-pub-zq-924/SRR018/18473/SRR18473873/SRR18473873.lite.1	SRX14606087	BB_DC_2	RNA-Seq	RANDOM	TRANSCRIPTOMIC	SINGLE	0	0	ILLUMINA	Illumina HiSeq 4000	SRP365805	PRJNA819535		819535	SRS12374539	SAMN26934465	simple	4530	Oryza sativa	BB_DC_2							no					UC DAVIS	SRA1391441		public	D6EB6F4B9C1614F74D12424F7B7B045D	1F5955942BD788FA2C8FEA62E10F1300	https://www.ncbi.nlm.nih.gov/sra/?term=SRR18473873	https://www.ncbi.nlm.nih.gov/bioproject/PRJNA819535	https://www.ncbi.nlm.nih.gov/biosample/SAMN26934465	https://www.ncbi.nlm.nih.gov/sra/?term=SRX14606087	https://sra-downloadb.be-md.ncbi.nlm.nih.gov/sos9/sra-pub-zq-924/SRR018/18473/SRR18473873/SRR18473873.lite.1	512	
893	SRR18473874	2022-03-25 19:35:54	2022-03-24 23:04:14	50033654	4503028860	0	90	1404		https://sra-downloadb.be-md.ncbi.nlm.nih.gov/sos4/sra-pub-zq-1/SRR018/18473/SRR18473874/SRR18473874.lite.1	SRX14606086	BB_D_2	RNA-Seq	RANDOM	TRANSCRIPTOMIC	SINGLE	0	0	ILLUMINA	Illumina HiSeq 4000	SRP365805	PRJNA819535		819535	SRS12374541	SAMN26934464	simple	4530	Oryza sativa	BB_D_2							no					UC DAVIS	SRA1391441		public	49C806B2926F54987AE515B5E4410B88	6759EC78197CD910DE49237E8CB9A3B1	https://www.ncbi.nlm.nih.gov/sra/?term=SRR18473874	https://www.ncbi.nlm.nih.gov/bioproject/PRJNA819535	https://www.ncbi.nlm.nih.gov/biosample/SAMN26934464	https://www.ncbi.nlm.nih.gov/sra/?term=SRX14606086	https://sra-downloadb.be-md.ncbi.nlm.nih.gov/sos4/sra-pub-zq-1/SRR018/18473/SRR18473874/SRR18473874.lite.1	513	
894	SRR18473875	2022-03-25 19:35:54	2022-03-24 23:04:06	46607765	4194698850	0	90	1305		https://sra-downloadb.be-md.ncbi.nlm.nih.gov/sos1/sra-pub-zq-38/SRR018/18473/SRR18473875/SRR18473875.lite.1	SRX14606085	WT_D_1	RNA-Seq	RANDOM	TRANSCRIPTOMIC	SINGLE	0	0	ILLUMINA	Illumina HiSeq 4000	SRP365805	PRJNA819535		819535	SRS12374540	SAMN26934455	simple	4530	Oryza sativa	WT_D_1							no					UC DAVIS	SRA1391441		public	003747DA9D10A4644B9DDAE40A961E4B	4A832F2B94231CCECF22B98594848164	https://www.ncbi.nlm.nih.gov/sra/?term=SRR18473875	https://www.ncbi.nlm.nih.gov/bioproject/PRJNA819535	https://www.ncbi.nlm.nih.gov/biosample/SAMN26934455	https://www.ncbi.nlm.nih.gov/sra/?term=SRX14606085	https://sra-downloadb.be-md.ncbi.nlm.nih.gov/sos1/sra-pub-zq-38/SRR018/18473/SRR18473875/SRR18473875.lite.1	514	
895	SRR18473876	2022-03-25 19:35:54	2022-03-24 23:00:30	41484579	3733612110	0	90	1162		https://sra-downloadb.be-md.ncbi.nlm.nih.gov/sos9/sra-pub-zq-924/SRR018/18473/SRR18473876/SRR18473876.lite.1	SRX14606084	WT_M_1	RNA-Seq	RANDOM	TRANSCRIPTOMIC	SINGLE	0	0	ILLUMINA	Illumina HiSeq 4000	SRP365805	PRJNA819535		819535	SRS12374538	SAMN26934454	simple	4530	Oryza sativa	WT_M_1							no					UC DAVIS	SRA1391441		public	CE578EAFC8DF1244A6374B2F6E0E306F	ED18180C803C789EF62B12C06B1B7BF6	https://www.ncbi.nlm.nih.gov/sra/?term=SRR18473876	https://www.ncbi.nlm.nih.gov/bioproject/PRJNA819535	https://www.ncbi.nlm.nih.gov/biosample/SAMN26934454	https://www.ncbi.nlm.nih.gov/sra/?term=SRX14606084	https://sra-downloadb.be-md.ncbi.nlm.nih.gov/sos9/sra-pub-zq-924/SRR018/18473/SRR18473876/SRR18473876.lite.1	515	
896	SRR2295903	2016-09-16 00:00:00	2015-09-09 02:37:46	65793759	13290339318	65793759	202	8209		https://sra-downloadb.be-md.ncbi.nlm.nih.gov/sos5/sra-pub-zq-11/SRR002/295/SRR2295903/SRR2295903.sralite.1	SRX1203021	Stage 1 (Proembryogenic calli)	RNA-Seq	cDNA	TRANSCRIPTOMIC	PAIRED	101	0	ILLUMINA	Illumina HiSeq 2000	SRP063408	PRJNA295002		295002	SRS1058708	SAMN04038598	simple	39947	Oryza sativa Japonica Group	Subspecies japonica							no					NBRI	SRA296392		public	C6464BE24B1D6FA6B54832CB1CD6C6A8	9B7A1E8A829493002BD67BE651472446	https://www.ncbi.nlm.nih.gov/sra/?term=SRR2295903	https://www.ncbi.nlm.nih.gov/bioproject/PRJNA295002	https://www.ncbi.nlm.nih.gov/biosample/SAMN04038598	https://www.ncbi.nlm.nih.gov/sra/?term=SRX1203021	https://sra-downloadb.be-md.ncbi.nlm.nih.gov/sos5/sra-pub-zq-11/SRR002/295/SRR2295903/SRR2295903.sralite.1	584	
897	SRR2295904	2016-09-16 00:00:00	2015-09-09 09:32:18	30686902	6198754204	30686902	202	4080		https://sra-downloadb.be-md.ncbi.nlm.nih.gov/sos5/sra-pub-zq-11/SRR002/295/SRR2295904/SRR2295904.sralite.1	SRX1203042	Satge 2 (2 day Dark Calli)	RNA-Seq	cDNA	TRANSCRIPTOMIC	PAIRED	101	0	ILLUMINA	Illumina HiSeq 2000	SRP063408	PRJNA295002		295002	SRS1058708	SAMN04038598	simple	39947	Oryza sativa Japonica Group	Subspecies japonica							no					NBRI	SRA296392		public	D4B5E07F4A0727BDCCB91D0823EEA7BC	6C7A77A754566C52F33E44E7D7E46343	https://www.ncbi.nlm.nih.gov/sra/?term=SRR2295904	https://www.ncbi.nlm.nih.gov/bioproject/PRJNA295002	https://www.ncbi.nlm.nih.gov/biosample/SAMN04038598	https://www.ncbi.nlm.nih.gov/sra/?term=SRX1203042	https://sra-downloadb.be-md.ncbi.nlm.nih.gov/sos5/sra-pub-zq-11/SRR002/295/SRR2295904/SRR2295904.sralite.1	585	
898	SRR2295905	2016-09-16 00:00:00	2015-09-09 22:08:59	24795411	5008673022	24795411	202	3285		https://sra-downloadb.be-md.ncbi.nlm.nih.gov/sos5/sra-pub-zq-11/SRR002/295/SRR2295905/SRR2295905.sralite.1	SRX1203044	Satge 3 (TDZ treated 8 day Dark Calli)	RNA-Seq	cDNA	TRANSCRIPTOMIC	PAIRED	101	0	ILLUMINA	Illumina HiSeq 2000	SRP063408	PRJNA295002		295002	SRS1058708	SAMN04038598	simple	39947	Oryza sativa Japonica Group	Subspecies japonica							no					NBRI	SRA296392		public	4BDBC594C485C1FE765A9D382AADC3B7	3D3B6D5AD0849E6D0919435F6A88BC75	https://www.ncbi.nlm.nih.gov/sra/?term=SRR2295905	https://www.ncbi.nlm.nih.gov/bioproject/PRJNA295002	https://www.ncbi.nlm.nih.gov/biosample/SAMN04038598	https://www.ncbi.nlm.nih.gov/sra/?term=SRX1203044	https://sra-downloadb.be-md.ncbi.nlm.nih.gov/sos5/sra-pub-zq-11/SRR002/295/SRR2295905/SRR2295905.sralite.1	586	
899	SRR2295906	2016-09-16 00:00:00	2015-09-10 10:58:10	32509110	6566840220	32509110	202	4277		https://sra-downloadb.be-md.ncbi.nlm.nih.gov/sos5/sra-pub-zq-11/SRR002/295/SRR2295906/SRR2295906.sralite.1	SRX1203045	Stage 4 (2 Day PLT calli)	RNA-Seq	cDNA	TRANSCRIPTOMIC	PAIRED	101	0	ILLUMINA	Illumina HiSeq 2000	SRP063408	PRJNA295002		295002	SRS1058708	SAMN04038598	simple	39947	Oryza sativa Japonica Group	Subspecies japonica							no					NBRI	SRA296392		public	D2048BA538279AF7FE25BE6AE0CB79CA	0F30282DE5FFAA79249FD22BD4D01269	https://www.ncbi.nlm.nih.gov/sra/?term=SRR2295906	https://www.ncbi.nlm.nih.gov/bioproject/PRJNA295002	https://www.ncbi.nlm.nih.gov/biosample/SAMN04038598	https://www.ncbi.nlm.nih.gov/sra/?term=SRX1203045	https://sra-downloadb.be-md.ncbi.nlm.nih.gov/sos5/sra-pub-zq-11/SRR002/295/SRR2295906/SRR2295906.sralite.1	587	
900	SRR2295907	2016-09-16 00:00:00	2015-09-10 14:14:55	40985641	8279099482	40985641	202	5328		https://sra-downloadb.be-md.ncbi.nlm.nih.gov/sos5/sra-pub-zq-11/SRR002/295/SRR2295907/SRR2295907.sralite.1	SRX1203046	Slage 5 (9 Day PLT calli)	RNA-Seq	cDNA	TRANSCRIPTOMIC	PAIRED	101	0	ILLUMINA	Illumina HiSeq 2000	SRP063408	PRJNA295002		295002	SRS1058708	SAMN04038598	simple	39947	Oryza sativa Japonica Group	Subspecies japonica							no					NBRI	SRA296392		public	07E5FAD47BEAB16D0D9635FFD1C3B38D	BA2D030857B82A15A2F03A4EC5B1FACD	https://www.ncbi.nlm.nih.gov/sra/?term=SRR2295907	https://www.ncbi.nlm.nih.gov/bioproject/PRJNA295002	https://www.ncbi.nlm.nih.gov/biosample/SAMN04038598	https://www.ncbi.nlm.nih.gov/sra/?term=SRX1203046	https://sra-downloadb.be-md.ncbi.nlm.nih.gov/sos5/sra-pub-zq-11/SRR002/295/SRR2295907/SRR2295907.sralite.1	588	
901	SRR2295908	2016-09-16 00:00:00	2015-09-16 08:17:58	28744633	5806415866	28744633	202	3773		https://sra-downloadb.be-md.ncbi.nlm.nih.gov/sos5/sra-pub-zq-11/SRR002/295/SRR2295908/SRR2295908.sralite.1	SRX1203047	Stage 6 (3 Day MS1 calli without TDZ)	RNA-Seq	cDNA	TRANSCRIPTOMIC	PAIRED	101	0	ILLUMINA	Illumina HiSeq 2000	SRP063408	PRJNA295002		295002	SRS1058708	SAMN04038598	simple	39947	Oryza sativa Japonica Group	Subspecies japonica							no					NBRI	SRA296392		public	CF320A30052544D851B2411E4AAA1838	192450B8627CB2B4435F10B7B977D2F8	https://www.ncbi.nlm.nih.gov/sra/?term=SRR2295908	https://www.ncbi.nlm.nih.gov/bioproject/PRJNA295002	https://www.ncbi.nlm.nih.gov/biosample/SAMN04038598	https://www.ncbi.nlm.nih.gov/sra/?term=SRX1203047	https://sra-downloadb.be-md.ncbi.nlm.nih.gov/sos5/sra-pub-zq-11/SRR002/295/SRR2295908/SRR2295908.sralite.1	589	
902	SRR23654163	2023-03-01 11:48:25	2023-03-01 11:29:09	8269346	2497342492	8269346	302	1041		https://sra-downloadb.be-md.ncbi.nlm.nih.gov/sos4/sra-pub-run-30/SRR023/23654/SRR23654163/SRR23654163.1	SRX19536362	S63	RNA-Seq	PolyA	TRANSCRIPTOMIC	PAIRED	0	0	ILLUMINA	Illumina HiSeq 3000	SRP424694	PRJNA939017		939017	SRS16922796	SAMN33552117	simple	3329	Picea abies	281DM_S63							no					NIBIO	SRA1597461		public	25C463B562EE42DC47A4007E54DFF8FC	BFD4D77BD2E6E3C48F0189D50C20A8C9	https://www.ncbi.nlm.nih.gov/sra/?term=SRR23654163	https://www.ncbi.nlm.nih.gov/bioproject/PRJNA939017	https://www.ncbi.nlm.nih.gov/biosample/SAMN33552117	https://www.ncbi.nlm.nih.gov/sra/?term=SRX19536362	https://sra-downloadb.be-md.ncbi.nlm.nih.gov/sos4/sra-pub-run-30/SRR023/23654/SRR23654163/SRR23654163.1	590	
903	SRR23654164	2023-03-01 11:48:25	2023-03-01 11:35:34	10469373	3161750646	10469373	302	1291		https://sra-downloadb.be-md.ncbi.nlm.nih.gov/sos4/sra-pub-zq-3/SRR023/23654/SRR23654164/SRR23654164.lite.1	SRX19536361	S62	RNA-Seq	PolyA	TRANSCRIPTOMIC	PAIRED	0	0	ILLUMINA	Illumina HiSeq 3000	SRP424694	PRJNA939017		939017	SRS16922798	SAMN33552116	simple	3329	Picea abies	283UM_S62							no					NIBIO	SRA1597461		public	2C06E18536884AFCBD67D209C72AB21C	5DACE13176888970F193D7D8AFE57900	https://www.ncbi.nlm.nih.gov/sra/?term=SRR23654164	https://www.ncbi.nlm.nih.gov/bioproject/PRJNA939017	https://www.ncbi.nlm.nih.gov/biosample/SAMN33552116	https://www.ncbi.nlm.nih.gov/sra/?term=SRX19536361	https://sra-downloadb.be-md.ncbi.nlm.nih.gov/sos4/sra-pub-zq-3/SRR023/23654/SRR23654164/SRR23654164.lite.1	591	
904	SRR23654165	2023-03-01 11:48:25	2023-03-01 11:31:15	11547701	3487405702	11547701	302	1431		https://sra-downloadb.be-md.ncbi.nlm.nih.gov/sos4/sra-pub-zq-3/SRR023/23654/SRR23654165/SRR23654165.lite.1	SRX19536360	S61	RNA-Seq	PolyA	TRANSCRIPTOMIC	PAIRED	0	0	ILLUMINA	Illumina HiSeq 3000	SRP424694	PRJNA939017		939017	SRS16922797	SAMN33552115	simple	3329	Picea abies	282UM_S61							no					NIBIO	SRA1597461		public	53636B6C71F9C9586ABD1EEF26273DB9	C93216F995A249AFD0BD256450D429C7	https://www.ncbi.nlm.nih.gov/sra/?term=SRR23654165	https://www.ncbi.nlm.nih.gov/bioproject/PRJNA939017	https://www.ncbi.nlm.nih.gov/biosample/SAMN33552115	https://www.ncbi.nlm.nih.gov/sra/?term=SRX19536360	https://sra-downloadb.be-md.ncbi.nlm.nih.gov/sos4/sra-pub-zq-3/SRR023/23654/SRR23654165/SRR23654165.lite.1	592	
905	SRR23654166	2023-03-01 11:48:25	2023-03-01 11:35:26	13203584	3987482368	13203584	302	1652		https://sra-downloadb.be-md.ncbi.nlm.nih.gov/sos4/sra-pub-zq-3/SRR023/23654/SRR23654166/SRR23654166.lite.1	SRX19536359	S60	RNA-Seq	PolyA	TRANSCRIPTOMIC	PAIRED	0	0	ILLUMINA	Illumina HiSeq 3000	SRP424694	PRJNA939017		939017	SRS16922795	SAMN33552114	simple	3329	Picea abies	281UM_S60							no					NIBIO	SRA1597461		public	A4AC5C80E8AEFE675B711E8DDAD94C0D	15CC6D0527A904589466626E233ECE9C	https://www.ncbi.nlm.nih.gov/sra/?term=SRR23654166	https://www.ncbi.nlm.nih.gov/bioproject/PRJNA939017	https://www.ncbi.nlm.nih.gov/biosample/SAMN33552114	https://www.ncbi.nlm.nih.gov/sra/?term=SRX19536359	https://sra-downloadb.be-md.ncbi.nlm.nih.gov/sos4/sra-pub-zq-3/SRR023/23654/SRR23654166/SRR23654166.lite.1	593	
906	SRR23654167	2023-03-01 11:48:25	2023-03-01 11:35:24	12498265	3774476030	12498265	302	1500		https://sra-downloadb.be-md.ncbi.nlm.nih.gov/sos4/sra-pub-zq-3/SRR023/23654/SRR23654167/SRR23654167.lite.1	SRX19536358	S59	RNA-Seq	PolyA	TRANSCRIPTOMIC	PAIRED	0	0	ILLUMINA	Illumina HiSeq 3000	SRP424694	PRJNA939017		939017	SRS16922794	SAMN33552113	simple	3329	Picea abies	183DM_S59							no					NIBIO	SRA1597461		public	D792A0ADD5A698D7EAA601FE9D64C526	855E17B6565E24616181CB6FF51EF3F3	https://www.ncbi.nlm.nih.gov/sra/?term=SRR23654167	https://www.ncbi.nlm.nih.gov/bioproject/PRJNA939017	https://www.ncbi.nlm.nih.gov/biosample/SAMN33552113	https://www.ncbi.nlm.nih.gov/sra/?term=SRX19536358	https://sra-downloadb.be-md.ncbi.nlm.nih.gov/sos4/sra-pub-zq-3/SRR023/23654/SRR23654167/SRR23654167.lite.1	594	
907	SRR23654168	2023-03-01 11:48:25	2023-03-01 11:30:27	10027066	3028173932	10027066	302	1232		https://sra-downloadb.be-md.ncbi.nlm.nih.gov/sos4/sra-pub-zq-3/SRR023/23654/SRR23654168/SRR23654168.lite.1	SRX19536357	S58	RNA-Seq	PolyA	TRANSCRIPTOMIC	PAIRED	0	0	ILLUMINA	Illumina HiSeq 3000	SRP424694	PRJNA939017		939017	SRS16922792	SAMN33552112	simple	3329	Picea abies	182DM_S58							no					NIBIO	SRA1597461		public	0B913DECAB59D9307F745CE71B7AACF0	90C72C67887470BFB4A7B10C891475BF	https://www.ncbi.nlm.nih.gov/sra/?term=SRR23654168	https://www.ncbi.nlm.nih.gov/bioproject/PRJNA939017	https://www.ncbi.nlm.nih.gov/biosample/SAMN33552112	https://www.ncbi.nlm.nih.gov/sra/?term=SRX19536357	https://sra-downloadb.be-md.ncbi.nlm.nih.gov/sos4/sra-pub-zq-3/SRR023/23654/SRR23654168/SRR23654168.lite.1	595	
908	SRR23654169	2023-03-01 11:48:25	2023-03-01 11:30:11	10418512	3146390624	10418512	302	1353		https://sra-downloadb.be-md.ncbi.nlm.nih.gov/sos4/sra-pub-zq-3/SRR023/23654/SRR23654169/SRR23654169.lite.1	SRX19536356	S57	RNA-Seq	PolyA	TRANSCRIPTOMIC	PAIRED	0	0	ILLUMINA	Illumina HiSeq 3000	SRP424694	PRJNA939017		939017	SRS16922793	SAMN33552111	simple	3329	Picea abies	181DM_S57							no					NIBIO	SRA1597461		public	23EF06E4405A6459753A363BC0BD90F3	45F35D13F66FB62300805FA827396F65	https://www.ncbi.nlm.nih.gov/sra/?term=SRR23654169	https://www.ncbi.nlm.nih.gov/bioproject/PRJNA939017	https://www.ncbi.nlm.nih.gov/biosample/SAMN33552111	https://www.ncbi.nlm.nih.gov/sra/?term=SRX19536356	https://sra-downloadb.be-md.ncbi.nlm.nih.gov/sos4/sra-pub-zq-3/SRR023/23654/SRR23654169/SRR23654169.lite.1	596	
909	SRR23654170	2023-03-01 11:48:25	2023-03-01 11:28:56	12060180	3642174360	12060180	302	1537		https://sra-downloadb.be-md.ncbi.nlm.nih.gov/sos4/sra-pub-zq-3/SRR023/23654/SRR23654170/SRR23654170.lite.1	SRX19536355	S77	RNA-Seq	PolyA	TRANSCRIPTOMIC	PAIRED	0	0	ILLUMINA	Illumina HiSeq 3000	SRP424694	PRJNA939017		939017	SRS16922791	SAMN33552131	simple	3329	Picea abies	283DI_S77							no					NIBIO	SRA1597461		public	AFFA640EE7C56E5B4F8E315B692732F7	749722232B502630E1B52F8214F28AB2	https://www.ncbi.nlm.nih.gov/sra/?term=SRR23654170	https://www.ncbi.nlm.nih.gov/bioproject/PRJNA939017	https://www.ncbi.nlm.nih.gov/biosample/SAMN33552131	https://www.ncbi.nlm.nih.gov/sra/?term=SRX19536355	https://sra-downloadb.be-md.ncbi.nlm.nih.gov/sos4/sra-pub-zq-3/SRR023/23654/SRR23654170/SRR23654170.lite.1	597	
910	SRR23654171	2023-03-01 11:42:59	2023-03-01 11:27:52	10141454	3062719108	10141454	302	1246		https://sra-downloadb.be-md.ncbi.nlm.nih.gov/sos4/sra-pub-zq-3/SRR023/23654/SRR23654171/SRR23654171.lite.1	SRX19536354	S76	RNA-Seq	PolyA	TRANSCRIPTOMIC	PAIRED	0	0	ILLUMINA	Illumina HiSeq 3000	SRP424694	PRJNA939017		939017	SRS16922790	SAMN33552130	simple	3329	Picea abies	282DI_S76							no					NIBIO	SRA1597461		public	7DFED33D4B898B1C7EA6569D9EA63E65	2683B854270FD6ECFB8F1C97F9A522DD	https://www.ncbi.nlm.nih.gov/sra/?term=SRR23654171	https://www.ncbi.nlm.nih.gov/bioproject/PRJNA939017	https://www.ncbi.nlm.nih.gov/biosample/SAMN33552130	https://www.ncbi.nlm.nih.gov/sra/?term=SRX19536354	https://sra-downloadb.be-md.ncbi.nlm.nih.gov/sos4/sra-pub-zq-3/SRR023/23654/SRR23654171/SRR23654171.lite.1	598	
911	SRR23654172	2023-03-01 11:48:25	2023-03-01 11:28:37	11978311	3617449922	11978311	302	1452		https://sra-downloadb.be-md.ncbi.nlm.nih.gov/sos4/sra-pub-zq-3/SRR023/23654/SRR23654172/SRR23654172.lite.1	SRX19536353	S75	RNA-Seq	PolyA	TRANSCRIPTOMIC	PAIRED	0	0	ILLUMINA	Illumina HiSeq 3000	SRP424694	PRJNA939017		939017	SRS16922789	SAMN33552129	simple	3329	Picea abies	281DI_S75							no					NIBIO	SRA1597461		public	09ACE8E4923751BCEF8EDFDEAF799BBD	A5D6B3845861E54680A22485826B808A	https://www.ncbi.nlm.nih.gov/sra/?term=SRR23654172	https://www.ncbi.nlm.nih.gov/bioproject/PRJNA939017	https://www.ncbi.nlm.nih.gov/biosample/SAMN33552129	https://www.ncbi.nlm.nih.gov/sra/?term=SRX19536353	https://sra-downloadb.be-md.ncbi.nlm.nih.gov/sos4/sra-pub-zq-3/SRR023/23654/SRR23654172/SRR23654172.lite.1	599	
912	SRR23654173	2023-03-01 11:42:59	2023-03-01 11:27:47	7655337	2311911774	7655337	302	957		https://sra-downloadb.be-md.ncbi.nlm.nih.gov/sos4/sra-pub-run-30/SRR023/23654/SRR23654173/SRR23654173.1	SRX19536352	S74	RNA-Seq	PolyA	TRANSCRIPTOMIC	PAIRED	0	0	ILLUMINA	Illumina HiSeq 3000	SRP424694	PRJNA939017		939017	SRS16922788	SAMN33552128	simple	3329	Picea abies	283UI_S74							no					NIBIO	SRA1597461		public	C7419A3A48961795E5F614B42BF32064	E0D8C801F4BFBA17D451A6141EFBB178	https://www.ncbi.nlm.nih.gov/sra/?term=SRR23654173	https://www.ncbi.nlm.nih.gov/bioproject/PRJNA939017	https://www.ncbi.nlm.nih.gov/biosample/SAMN33552128	https://www.ncbi.nlm.nih.gov/sra/?term=SRX19536352	https://sra-downloadb.be-md.ncbi.nlm.nih.gov/sos4/sra-pub-run-30/SRR023/23654/SRR23654173/SRR23654173.1	600	
913	SRR23654174	2023-03-01 11:48:25	2023-03-01 11:29:36	9001578	2718476556	9001578	302	1111		https://sra-downloadb.be-md.ncbi.nlm.nih.gov/sos4/sra-pub-zq-3/SRR023/23654/SRR23654174/SRR23654174.lite.1	SRX19536351	S56	RNA-Seq	PolyA	TRANSCRIPTOMIC	PAIRED	0	0	ILLUMINA	Illumina HiSeq 3000	SRP424694	PRJNA939017		939017	SRS16922787	SAMN33552110	simple	3329	Picea abies	183UM_S56							no					NIBIO	SRA1597461		public	F7ADD3A297BF06E8B369A255EE52537C	F2898C897AA78F9907007FA540E53138	https://www.ncbi.nlm.nih.gov/sra/?term=SRR23654174	https://www.ncbi.nlm.nih.gov/bioproject/PRJNA939017	https://www.ncbi.nlm.nih.gov/biosample/SAMN33552110	https://www.ncbi.nlm.nih.gov/sra/?term=SRX19536351	https://sra-downloadb.be-md.ncbi.nlm.nih.gov/sos4/sra-pub-zq-3/SRR023/23654/SRR23654174/SRR23654174.lite.1	601	
914	SRR23654175	2023-03-01 11:48:25	2023-03-01 11:31:36	7562996	2284024792	7562996	302	924		https://sra-downloadb.be-md.ncbi.nlm.nih.gov/sos4/sra-pub-zq-3/SRR023/23654/SRR23654175/SRR23654175.lite.1	SRX19536350	S73	RNA-Seq	PolyA	TRANSCRIPTOMIC	PAIRED	0	0	ILLUMINA	Illumina HiSeq 3000	SRP424694	PRJNA939017		939017	SRS16922786	SAMN33552127	simple	3329	Picea abies	282UI_S73							no					NIBIO	SRA1597461		public	20C1444DC861D76606813ED45D28C4BC	784182B479177941A2F6E14FA1C08BB4	https://www.ncbi.nlm.nih.gov/sra/?term=SRR23654175	https://www.ncbi.nlm.nih.gov/bioproject/PRJNA939017	https://www.ncbi.nlm.nih.gov/biosample/SAMN33552127	https://www.ncbi.nlm.nih.gov/sra/?term=SRX19536350	https://sra-downloadb.be-md.ncbi.nlm.nih.gov/sos4/sra-pub-zq-3/SRR023/23654/SRR23654175/SRR23654175.lite.1	602	
915	SRR23654176	2023-03-01 11:48:25	2023-03-01 11:31:31	10132904	3060137008	10132904	302	1253		https://sra-downloadb.be-md.ncbi.nlm.nih.gov/sos4/sra-pub-zq-3/SRR023/23654/SRR23654176/SRR23654176.lite.1	SRX19536349	S72	RNA-Seq	PolyA	TRANSCRIPTOMIC	PAIRED	0	0	ILLUMINA	Illumina HiSeq 3000	SRP424694	PRJNA939017		939017	SRS16922785	SAMN33552126	simple	3329	Picea abies	281UI_S72							no					NIBIO	SRA1597461		public	3A78E1D0D804FAA83699E07FED6BC520	628F4C39440FB5FB637C97FDFCBEB87A	https://www.ncbi.nlm.nih.gov/sra/?term=SRR23654176	https://www.ncbi.nlm.nih.gov/bioproject/PRJNA939017	https://www.ncbi.nlm.nih.gov/biosample/SAMN33552126	https://www.ncbi.nlm.nih.gov/sra/?term=SRX19536349	https://sra-downloadb.be-md.ncbi.nlm.nih.gov/sos4/sra-pub-zq-3/SRR023/23654/SRR23654176/SRR23654176.lite.1	603	
916	SRR23654177	2023-03-01 11:48:25	2023-03-01 11:29:29	9009089	2720744878	9009089	302	1131		https://sra-downloadb.be-md.ncbi.nlm.nih.gov/sos4/sra-pub-zq-3/SRR023/23654/SRR23654177/SRR23654177.lite.1	SRX19536348	S71	RNA-Seq	PolyA	TRANSCRIPTOMIC	PAIRED	0	0	ILLUMINA	Illumina HiSeq 3000	SRP424694	PRJNA939017		939017	SRS16922784	SAMN33552125	simple	3329	Picea abies	183DI_S71							no					NIBIO	SRA1597461		public	2FA967060EAE51FA7449D1AC0EFAE427	B5D13A1308659F18DE0F2666C0A0B474	https://www.ncbi.nlm.nih.gov/sra/?term=SRR23654177	https://www.ncbi.nlm.nih.gov/bioproject/PRJNA939017	https://www.ncbi.nlm.nih.gov/biosample/SAMN33552125	https://www.ncbi.nlm.nih.gov/sra/?term=SRX19536348	https://sra-downloadb.be-md.ncbi.nlm.nih.gov/sos4/sra-pub-zq-3/SRR023/23654/SRR23654177/SRR23654177.lite.1	604	
917	SRR23654178	2023-03-01 11:48:25	2023-03-01 11:32:56	11452567	3458675234	11452567	302	1399		https://sra-downloadb.be-md.ncbi.nlm.nih.gov/sos4/sra-pub-zq-3/SRR023/23654/SRR23654178/SRR23654178.lite.1	SRX19536347	S70	RNA-Seq	PolyA	TRANSCRIPTOMIC	PAIRED	0	0	ILLUMINA	Illumina HiSeq 3000	SRP424694	PRJNA939017		939017	SRS16922782	SAMN33552124	simple	3329	Picea abies	182DI_S70							no					NIBIO	SRA1597461		public	D793AB52503B0BC3A0F08B4262AB0A7D	29DE1578E2C3EE724E98230EB3641382	https://www.ncbi.nlm.nih.gov/sra/?term=SRR23654178	https://www.ncbi.nlm.nih.gov/bioproject/PRJNA939017	https://www.ncbi.nlm.nih.gov/biosample/SAMN33552124	https://www.ncbi.nlm.nih.gov/sra/?term=SRX19536347	https://sra-downloadb.be-md.ncbi.nlm.nih.gov/sos4/sra-pub-zq-3/SRR023/23654/SRR23654178/SRR23654178.lite.1	605	
918	SRR23654179	2023-03-01 11:48:25	2023-03-01 11:30:15	10488717	3167592534	10488717	302	1308		https://sra-downloadb.be-md.ncbi.nlm.nih.gov/sos4/sra-pub-zq-3/SRR023/23654/SRR23654179/SRR23654179.lite.1	SRX19536346	S69	RNA-Seq	PolyA	TRANSCRIPTOMIC	PAIRED	0	0	ILLUMINA	Illumina HiSeq 3000	SRP424694	PRJNA939017		939017	SRS16922783	SAMN33552123	simple	3329	Picea abies	181DI_S69							no					NIBIO	SRA1597461		public	AADBBDC0E387BCDE9BC983FE48088E3D	14826C0988935D4602EA454811D65B1A	https://www.ncbi.nlm.nih.gov/sra/?term=SRR23654179	https://www.ncbi.nlm.nih.gov/bioproject/PRJNA939017	https://www.ncbi.nlm.nih.gov/biosample/SAMN33552123	https://www.ncbi.nlm.nih.gov/sra/?term=SRX19536346	https://sra-downloadb.be-md.ncbi.nlm.nih.gov/sos4/sra-pub-zq-3/SRR023/23654/SRR23654179/SRR23654179.lite.1	606	
919	SRR23654180	2023-03-01 11:48:25	2023-03-01 11:31:29	10310957	3113909014	10310957	302	1265		https://sra-downloadb.be-md.ncbi.nlm.nih.gov/sos4/sra-pub-zq-3/SRR023/23654/SRR23654180/SRR23654180.lite.1	SRX19536345	S68	RNA-Seq	PolyA	TRANSCRIPTOMIC	PAIRED	0	0	ILLUMINA	Illumina HiSeq 3000	SRP424694	PRJNA939017		939017	SRS16922780	SAMN33552122	simple	3329	Picea abies	183UI_S68							no					NIBIO	SRA1597461		public	7EB87C1CB0240A0787B7018A1EEF9553	29303F84F8EBCDAE448E2EC762C03B32	https://www.ncbi.nlm.nih.gov/sra/?term=SRR23654180	https://www.ncbi.nlm.nih.gov/bioproject/PRJNA939017	https://www.ncbi.nlm.nih.gov/biosample/SAMN33552122	https://www.ncbi.nlm.nih.gov/sra/?term=SRX19536345	https://sra-downloadb.be-md.ncbi.nlm.nih.gov/sos4/sra-pub-zq-3/SRR023/23654/SRR23654180/SRR23654180.lite.1	607	
920	SRR23654181	2023-03-01 11:48:25	2023-03-01 11:29:59	9072197	2739803494	9072197	302	1110		https://sra-downloadb.be-md.ncbi.nlm.nih.gov/sos4/sra-pub-zq-3/SRR023/23654/SRR23654181/SRR23654181.lite.1	SRX19536344	S67	RNA-Seq	PolyA	TRANSCRIPTOMIC	PAIRED	0	0	ILLUMINA	Illumina HiSeq 3000	SRP424694	PRJNA939017		939017	SRS16922781	SAMN33552121	simple	3329	Picea abies	182UI_S67							no					NIBIO	SRA1597461		public	03CE43BCBFC8CD529018F3B666F0A859	25A247539EC84C91CC52B0B1A1055E0A	https://www.ncbi.nlm.nih.gov/sra/?term=SRR23654181	https://www.ncbi.nlm.nih.gov/bioproject/PRJNA939017	https://www.ncbi.nlm.nih.gov/biosample/SAMN33552121	https://www.ncbi.nlm.nih.gov/sra/?term=SRX19536344	https://sra-downloadb.be-md.ncbi.nlm.nih.gov/sos4/sra-pub-zq-3/SRR023/23654/SRR23654181/SRR23654181.lite.1	608	
921	SRR23654182	2023-03-01 11:48:25	2023-03-01 11:33:03	9964522	3009285644	9964522	302	1220		https://sra-downloadb.be-md.ncbi.nlm.nih.gov/sos4/sra-pub-run-30/SRR023/23654/SRR23654182/SRR23654182.1	SRX19536343	S66	RNA-Seq	PolyA	TRANSCRIPTOMIC	PAIRED	0	0	ILLUMINA	Illumina HiSeq 3000	SRP424694	PRJNA939017		939017	SRS16922779	SAMN33552120	simple	3329	Picea abies	181UI_S66							no					NIBIO	SRA1597461		public	FD440CAE2DE64D0041563351B7723B17	C8F6F4FE758E47ACA13D929A8D2B2980	https://www.ncbi.nlm.nih.gov/sra/?term=SRR23654182	https://www.ncbi.nlm.nih.gov/bioproject/PRJNA939017	https://www.ncbi.nlm.nih.gov/biosample/SAMN33552120	https://www.ncbi.nlm.nih.gov/sra/?term=SRX19536343	https://sra-downloadb.be-md.ncbi.nlm.nih.gov/sos4/sra-pub-run-30/SRR023/23654/SRR23654182/SRR23654182.1	609	
922	SRR23654183	2023-03-01 11:48:25	2023-03-01 11:31:26	9486618	2864958636	9486618	302	1161		https://sra-downloadb.be-md.ncbi.nlm.nih.gov/sos4/sra-pub-zq-3/SRR023/23654/SRR23654183/SRR23654183.lite.1	SRX19536342	S65	RNA-Seq	PolyA	TRANSCRIPTOMIC	PAIRED	0	0	ILLUMINA	Illumina HiSeq 3000	SRP424694	PRJNA939017		939017	SRS16922777	SAMN33552119	simple	3329	Picea abies	283DM_S65							no					NIBIO	SRA1597461		public	940F3E2B78E3D5EB589E0640E7D6E1D6	63038BC9A1EA2CCD18BD623E53EF6A75	https://www.ncbi.nlm.nih.gov/sra/?term=SRR23654183	https://www.ncbi.nlm.nih.gov/bioproject/PRJNA939017	https://www.ncbi.nlm.nih.gov/biosample/SAMN33552119	https://www.ncbi.nlm.nih.gov/sra/?term=SRX19536342	https://sra-downloadb.be-md.ncbi.nlm.nih.gov/sos4/sra-pub-zq-3/SRR023/23654/SRR23654183/SRR23654183.lite.1	610	
923	SRR23654184	2023-03-01 11:48:25	2023-03-01 11:34:57	9201844	2778956888	9201844	302	1135		https://sra-downloadb.be-md.ncbi.nlm.nih.gov/sos4/sra-pub-zq-3/SRR023/23654/SRR23654184/SRR23654184.lite.1	SRX19536341	S64	RNA-Seq	PolyA	TRANSCRIPTOMIC	PAIRED	0	0	ILLUMINA	Illumina HiSeq 3000	SRP424694	PRJNA939017		939017	SRS16922778	SAMN33552118	simple	3329	Picea abies	282DM_S64							no					NIBIO	SRA1597461		public	34876DED17566F72A4690E892BCD637B	19BA7709C9716891BC29ABDF584A9157	https://www.ncbi.nlm.nih.gov/sra/?term=SRR23654184	https://www.ncbi.nlm.nih.gov/bioproject/PRJNA939017	https://www.ncbi.nlm.nih.gov/biosample/SAMN33552118	https://www.ncbi.nlm.nih.gov/sra/?term=SRX19536341	https://sra-downloadb.be-md.ncbi.nlm.nih.gov/sos4/sra-pub-zq-3/SRR023/23654/SRR23654184/SRR23654184.lite.1	611	
924	SRR23654185	2023-03-01 11:48:25	2023-03-01 11:31:01	9538358	2880584116	9538358	302	1141		https://sra-downloadb.be-md.ncbi.nlm.nih.gov/sos4/sra-pub-zq-3/SRR023/23654/SRR23654185/SRR23654185.lite.1	SRX19536340	S55	RNA-Seq	PolyA	TRANSCRIPTOMIC	PAIRED	0	0	ILLUMINA	Illumina HiSeq 3000	SRP424694	PRJNA939017		939017	SRS16922775	SAMN33552109	simple	3329	Picea abies	182UM_S55							no					NIBIO	SRA1597461		public	741B4E2B28C543CF12D6B7E4D7A2360E	158F339D0503F8999ED24F344C3A6D39	https://www.ncbi.nlm.nih.gov/sra/?term=SRR23654185	https://www.ncbi.nlm.nih.gov/bioproject/PRJNA939017	https://www.ncbi.nlm.nih.gov/biosample/SAMN33552109	https://www.ncbi.nlm.nih.gov/sra/?term=SRX19536340	https://sra-downloadb.be-md.ncbi.nlm.nih.gov/sos4/sra-pub-zq-3/SRR023/23654/SRR23654185/SRR23654185.lite.1	612	
925	SRR23654186	2023-03-01 11:48:25	2023-03-01 11:33:24	9255844	2795264888	9255844	302	1138		https://sra-downloadb.be-md.ncbi.nlm.nih.gov/sos4/sra-pub-zq-3/SRR023/23654/SRR23654186/SRR23654186.lite.1	SRX19536339	S54	RNA-Seq	PolyA	TRANSCRIPTOMIC	PAIRED	0	0	ILLUMINA	Illumina HiSeq 3000	SRP424694	PRJNA939017		939017	SRS16922776	SAMN33552108	simple	3329	Picea abies	181UM_S54							no					NIBIO	SRA1597461		public	E2D0C26DAE5A2AD4C48E8AA1B137B8ED	315D22AEF595D8A27E2D5D17867F18D5	https://www.ncbi.nlm.nih.gov/sra/?term=SRR23654186	https://www.ncbi.nlm.nih.gov/bioproject/PRJNA939017	https://www.ncbi.nlm.nih.gov/biosample/SAMN33552108	https://www.ncbi.nlm.nih.gov/sra/?term=SRX19536339	https://sra-downloadb.be-md.ncbi.nlm.nih.gov/sos4/sra-pub-zq-3/SRR023/23654/SRR23654186/SRR23654186.lite.1	613	
926	SRR24787626	2025-05-28 00:02:08	2023-06-01 20:55:25	447478166	134243449800	447478166	300	48070		https://sra-downloadb.be-md.ncbi.nlm.nih.gov/sos8/sra-pub-zq-818/SRR024/24787/SRR24787626/SRR24787626.lite.1	SRX20560101	snRNA_Pa_bs_NEL	RNA-Seq	RANDOM	TRANSCRIPTOMIC SINGLE CELL	PAIRED	0	0	ILLUMINA	Illumina HiSeq 2500	SRP440590	PRJNA978343		978343	SRS17866083	SAMN35549763	simple	3329	Picea abies	bs_NEL							no					STATE KEY LABORATORY OF TREE GENETICS AND BREEDING	SRA1647349		public	3C34066998244D2B1C38837082AE5D03	B48E24AFD810B8D7C416AFEB65DAFD32	https://www.ncbi.nlm.nih.gov/sra/?term=SRR24787626	https://www.ncbi.nlm.nih.gov/bioproject/PRJNA978343	https://www.ncbi.nlm.nih.gov/biosample/SAMN35549763	https://www.ncbi.nlm.nih.gov/sra/?term=SRX20560101	https://sra-downloadb.be-md.ncbi.nlm.nih.gov/sos8/sra-pub-zq-818/SRR024/24787/SRR24787626/SRR24787626.lite.1	667	
927	SRR24787627	2025-05-28 00:02:08	2023-06-01 20:47:03	413033717	123910115100	413033717	300	44757		https://sra-downloadb.be-md.ncbi.nlm.nih.gov/sos8/sra-pub-zq-818/SRR024/24787/SRR24787627/SRR24787627.lite.1	SRX20560100	snRNA_Pa_bs_EL	RNA-Seq	RANDOM	TRANSCRIPTOMIC SINGLE CELL	PAIRED	0	0	ILLUMINA	Illumina HiSeq 2500	SRP440590	PRJNA978343		978343	SRS17866085	SAMN35549762	simple	3329	Picea abies	bs_EL							no					STATE KEY LABORATORY OF TREE GENETICS AND BREEDING	SRA1647349		public	68A58BF33D264AC79D324CD57B6BA940	5666EFA2430145761A0074E7492A483F	https://www.ncbi.nlm.nih.gov/sra/?term=SRR24787627	https://www.ncbi.nlm.nih.gov/bioproject/PRJNA978343	https://www.ncbi.nlm.nih.gov/biosample/SAMN35549762	https://www.ncbi.nlm.nih.gov/sra/?term=SRX20560100	https://sra-downloadb.be-md.ncbi.nlm.nih.gov/sos8/sra-pub-zq-818/SRR024/24787/SRR24787627/SRR24787627.lite.1	668	
928	SRR24787628	2025-05-28 00:02:08	2023-06-01 22:28:43	555681324	166704397200	555681324	300	60246		https://sra-downloadb.be-md.ncbi.nlm.nih.gov/sos8/sra-pub-zq-818/SRR024/24787/SRR24787628/SRR24787628.lite.1	SRX20560099	snRNA_Pa_as_NEL	RNA-Seq	RANDOM	TRANSCRIPTOMIC SINGLE CELL	PAIRED	0	0	ILLUMINA	Illumina HiSeq 2500	SRP440590	PRJNA978343		978343	SRS17866082	SAMN35549761	simple	3329	Picea abies	as_NEL							no					STATE KEY LABORATORY OF TREE GENETICS AND BREEDING	SRA1647349		public	65949711D416303F65DA334538C0684F	8CAFFB1064AC86E54F93B2A0D8C5B0E8	https://www.ncbi.nlm.nih.gov/sra/?term=SRR24787628	https://www.ncbi.nlm.nih.gov/bioproject/PRJNA978343	https://www.ncbi.nlm.nih.gov/biosample/SAMN35549761	https://www.ncbi.nlm.nih.gov/sra/?term=SRX20560099	https://sra-downloadb.be-md.ncbi.nlm.nih.gov/sos8/sra-pub-zq-818/SRR024/24787/SRR24787628/SRR24787628.lite.1	669	
929	SRR24787629	2025-05-28 00:02:08	2023-06-01 21:44:07	389635485	116890645500	389635485	300	42378		https://sra-downloadb.be-md.ncbi.nlm.nih.gov/sos8/sra-pub-zq-818/SRR024/24787/SRR24787629/SRR24787629.lite.1	SRX20560098	snRNA_Pa_as_EL	RNA-Seq	RANDOM	TRANSCRIPTOMIC SINGLE CELL	PAIRED	0	0	ILLUMINA	Illumina HiSeq 2500	SRP440590	PRJNA978343		978343	SRS17866084	SAMN35549760	simple	3329	Picea abies	as_EL							no					STATE KEY LABORATORY OF TREE GENETICS AND BREEDING	SRA1647349		public	30CD971A15EA0028EAC4216EDFD15534	46E0B6775ECF46AE91F76627F91C4839	https://www.ncbi.nlm.nih.gov/sra/?term=SRR24787629	https://www.ncbi.nlm.nih.gov/bioproject/PRJNA978343	https://www.ncbi.nlm.nih.gov/biosample/SAMN35549760	https://www.ncbi.nlm.nih.gov/sra/?term=SRX20560098	https://sra-downloadb.be-md.ncbi.nlm.nih.gov/sos8/sra-pub-zq-818/SRR024/24787/SRR24787629/SRR24787629.lite.1	670	
930	SRR14626024	2021-07-15 00:01:57	2021-05-22 23:14:51	24307345	7292203500	24307345	300	2177		https://sra-downloadb.be-md.ncbi.nlm.nih.gov/sos8/sra-pub-zq-818/SRR014/14626/SRR14626024/SRR14626024.lite.1	SRX10966986	TCA2-3	RNA-Seq	RANDOM	TRANSCRIPTOMIC	PAIRED	0	0	ILLUMINA	Illumina HiSeq 1000	SRP320963	PRJNA732083		732083	SRS9044746	SAMN19311016	simple	3330	Picea glauca	TCA2-3							no					BEIJING FORESTRY UNIVERSITY	SRA1235452		public	3264B47B7A84B96B05E8CE507104622B	AF2E19E63256507AEF4977C63EE00048	https://www.ncbi.nlm.nih.gov/sra/?term=SRR14626024	https://www.ncbi.nlm.nih.gov/bioproject/PRJNA732083	https://www.ncbi.nlm.nih.gov/biosample/SAMN19311016	https://www.ncbi.nlm.nih.gov/sra/?term=SRX10966986	https://sra-downloadb.be-md.ncbi.nlm.nih.gov/sos8/sra-pub-zq-818/SRR014/14626/SRR14626024/SRR14626024.lite.1	159	
931	SRR14626025	2021-07-15 00:01:57	2021-05-22 23:13:36	23978741	7193622300	23978741	300	2172		https://sra-downloadb.be-md.ncbi.nlm.nih.gov/sos8/sra-pub-zq-818/SRR014/14626/SRR14626025/SRR14626025.lite.1	SRX10966985	TCA2-2	RNA-Seq	RANDOM	TRANSCRIPTOMIC	PAIRED	0	0	ILLUMINA	Illumina HiSeq 1000	SRP320963	PRJNA732083		732083	SRS9044745	SAMN19311015	simple	3330	Picea glauca	TCA2-2							no					BEIJING FORESTRY UNIVERSITY	SRA1235452		public	89DCEFC77C442316DF153F3B35B16AB4	42425D25D22E0E3900B4C4D6FCB4F376	https://www.ncbi.nlm.nih.gov/sra/?term=SRR14626025	https://www.ncbi.nlm.nih.gov/bioproject/PRJNA732083	https://www.ncbi.nlm.nih.gov/biosample/SAMN19311015	https://www.ncbi.nlm.nih.gov/sra/?term=SRX10966985	https://sra-downloadb.be-md.ncbi.nlm.nih.gov/sos8/sra-pub-zq-818/SRR014/14626/SRR14626025/SRR14626025.lite.1	160	
932	SRR14626026	2021-07-15 00:01:57	2021-05-22 23:10:39	23752072	7125621600	23752072	300	2134		https://sra-downloadb.be-md.ncbi.nlm.nih.gov/sos8/sra-pub-zq-818/SRR014/14626/SRR14626026/SRR14626026.lite.1	SRX10966984	TMA0-2	RNA-Seq	RANDOM	TRANSCRIPTOMIC	PAIRED	0	0	ILLUMINA	Illumina HiSeq 1000	SRP320963	PRJNA732083		732083	SRS9044744	SAMN19311006	simple	3330	Picea glauca	TMA0-2							no					BEIJING FORESTRY UNIVERSITY	SRA1235452		public	52E23865B55567B5BF7D494CEBE48DEB	E068F0A130A9FD144F6CD4510492B714	https://www.ncbi.nlm.nih.gov/sra/?term=SRR14626026	https://www.ncbi.nlm.nih.gov/bioproject/PRJNA732083	https://www.ncbi.nlm.nih.gov/biosample/SAMN19311006	https://www.ncbi.nlm.nih.gov/sra/?term=SRX10966984	https://sra-downloadb.be-md.ncbi.nlm.nih.gov/sos8/sra-pub-zq-818/SRR014/14626/SRR14626026/SRR14626026.lite.1	161	
933	SRR14626027	2021-07-15 00:01:57	2021-05-22 23:18:26	24073040	7221912000	24073040	300	2178		https://sra-downloadb.be-md.ncbi.nlm.nih.gov/sos8/sra-pub-zq-818/SRR014/14626/SRR14626027/SRR14626027.lite.1	SRX10966983	TMA0-1	RNA-Seq	RANDOM	TRANSCRIPTOMIC	PAIRED	0	0	ILLUMINA	Illumina HiSeq 1000	SRP320963	PRJNA732083		732083	SRS9044743	SAMN19311005	simple	3330	Picea glauca	TMA0-1							no					BEIJING FORESTRY UNIVERSITY	SRA1235452		public	46FE413BCE08146E4CEE76A9EA010E56	FB4D82AFB7D5B1496BDD1C1E9860E797	https://www.ncbi.nlm.nih.gov/sra/?term=SRR14626027	https://www.ncbi.nlm.nih.gov/bioproject/PRJNA732083	https://www.ncbi.nlm.nih.gov/biosample/SAMN19311005	https://www.ncbi.nlm.nih.gov/sra/?term=SRX10966983	https://sra-downloadb.be-md.ncbi.nlm.nih.gov/sos8/sra-pub-zq-818/SRR014/14626/SRR14626027/SRR14626027.lite.1	162	
934	SRR14626028	2021-07-15 00:01:57	2021-05-22 23:10:53	24604865	7381459500	24604865	300	2219		https://sra-downloadb.be-md.ncbi.nlm.nih.gov/sos8/sra-pub-zq-818/SRR014/14626/SRR14626028/SRR14626028.lite.1	SRX10966982	TCA2-1	RNA-Seq	RANDOM	TRANSCRIPTOMIC	PAIRED	0	0	ILLUMINA	Illumina HiSeq 1000	SRP320963	PRJNA732083		732083	SRS9044742	SAMN19311014	simple	3330	Picea glauca	TCA2-1							no					BEIJING FORESTRY UNIVERSITY	SRA1235452		public	428530D49BCF97E2E7BCC9A48EE7A541	CC8A08A85E88C7867E7FE281EBB7064B	https://www.ncbi.nlm.nih.gov/sra/?term=SRR14626028	https://www.ncbi.nlm.nih.gov/bioproject/PRJNA732083	https://www.ncbi.nlm.nih.gov/biosample/SAMN19311014	https://www.ncbi.nlm.nih.gov/sra/?term=SRX10966982	https://sra-downloadb.be-md.ncbi.nlm.nih.gov/sos8/sra-pub-zq-818/SRR014/14626/SRR14626028/SRR14626028.lite.1	163	
935	SRR14626029	2021-07-15 00:01:57	2021-05-22 23:13:26	23903739	7171121700	23903739	300	2136		https://sra-downloadb.be-md.ncbi.nlm.nih.gov/sos8/sra-pub-zq-818/SRR014/14626/SRR14626029/SRR14626029.lite.1	SRX10966981	TMA4-3	RNA-Seq	RANDOM	TRANSCRIPTOMIC	PAIRED	0	0	ILLUMINA	Illumina HiSeq 1000	SRP320963	PRJNA732083		732083	SRS9044741	SAMN19311013	simple	3330	Picea glauca	TMA4-3							no					BEIJING FORESTRY UNIVERSITY	SRA1235452		public	9C5887490E74432DC40892FC22D13FE2	6D1355124D1DC099F6EC5DD7CC45B4EB	https://www.ncbi.nlm.nih.gov/sra/?term=SRR14626029	https://www.ncbi.nlm.nih.gov/bioproject/PRJNA732083	https://www.ncbi.nlm.nih.gov/biosample/SAMN19311013	https://www.ncbi.nlm.nih.gov/sra/?term=SRX10966981	https://sra-downloadb.be-md.ncbi.nlm.nih.gov/sos8/sra-pub-zq-818/SRR014/14626/SRR14626029/SRR14626029.lite.1	164	
936	SRR14626030	2021-07-15 00:01:57	2021-05-22 23:12:47	24415286	7324585800	24415286	300	2183		https://sra-downloadb.be-md.ncbi.nlm.nih.gov/sos8/sra-pub-zq-818/SRR014/14626/SRR14626030/SRR14626030.lite.1	SRX10966980	TMA4-2	RNA-Seq	RANDOM	TRANSCRIPTOMIC	PAIRED	0	0	ILLUMINA	Illumina HiSeq 1000	SRP320963	PRJNA732083		732083	SRS9044740	SAMN19311012	simple	3330	Picea glauca	TMA4-2							no					BEIJING FORESTRY UNIVERSITY	SRA1235452		public	BA0C269D02B7303A3F500E2FC5E81092	902CA2CB1D1150A20C3E6E4A85646669	https://www.ncbi.nlm.nih.gov/sra/?term=SRR14626030	https://www.ncbi.nlm.nih.gov/bioproject/PRJNA732083	https://www.ncbi.nlm.nih.gov/biosample/SAMN19311012	https://www.ncbi.nlm.nih.gov/sra/?term=SRX10966980	https://sra-downloadb.be-md.ncbi.nlm.nih.gov/sos8/sra-pub-zq-818/SRR014/14626/SRR14626030/SRR14626030.lite.1	165	
937	SRR14626031	2021-07-15 00:01:57	2021-05-22 23:13:41	23847134	7154140200	23847134	300	2170		https://sra-downloadb.be-md.ncbi.nlm.nih.gov/sos8/sra-pub-zq-818/SRR014/14626/SRR14626031/SRR14626031.lite.1	SRX10966979	TMA4-1	RNA-Seq	RANDOM	TRANSCRIPTOMIC	PAIRED	0	0	ILLUMINA	Illumina HiSeq 1000	SRP320963	PRJNA732083		732083	SRS9044739	SAMN19311011	simple	3330	Picea glauca	TMA4-1							no					BEIJING FORESTRY UNIVERSITY	SRA1235452		public	AF55810902D95D20E02DAC84A0E62320	4C53F1A839636774CCD269C4FBE187B3	https://www.ncbi.nlm.nih.gov/sra/?term=SRR14626031	https://www.ncbi.nlm.nih.gov/bioproject/PRJNA732083	https://www.ncbi.nlm.nih.gov/biosample/SAMN19311011	https://www.ncbi.nlm.nih.gov/sra/?term=SRX10966979	https://sra-downloadb.be-md.ncbi.nlm.nih.gov/sos8/sra-pub-zq-818/SRR014/14626/SRR14626031/SRR14626031.lite.1	166	
938	SRR14626032	2021-07-15 00:01:56	2021-05-22 23:20:45	23997616	7199284800	23997616	300	2174		https://sra-downloadb.be-md.ncbi.nlm.nih.gov/sos8/sra-pub-zq-818/SRR014/14626/SRR14626032/SRR14626032.lite.1	SRX10966978	TMA2-3	RNA-Seq	RANDOM	TRANSCRIPTOMIC	PAIRED	0	0	ILLUMINA	Illumina HiSeq 1000	SRP320963	PRJNA732083		732083	SRS9044738	SAMN19311010	simple	3330	Picea glauca	TMA2-3							no					BEIJING FORESTRY UNIVERSITY	SRA1235452		public	53FEB9E2A2B0CA2E2638E7615A8B4029	72FE6FB7F3FC74DA6D406C8E92A3A9A0	https://www.ncbi.nlm.nih.gov/sra/?term=SRR14626032	https://www.ncbi.nlm.nih.gov/bioproject/PRJNA732083	https://www.ncbi.nlm.nih.gov/biosample/SAMN19311010	https://www.ncbi.nlm.nih.gov/sra/?term=SRX10966978	https://sra-downloadb.be-md.ncbi.nlm.nih.gov/sos8/sra-pub-zq-818/SRR014/14626/SRR14626032/SRR14626032.lite.1	167	
939	SRR14626033	2021-07-15 00:01:56	2021-05-22 23:13:05	23933910	7180173000	23933910	300	2167		https://sra-downloadb.be-md.ncbi.nlm.nih.gov/sos8/sra-pub-zq-818/SRR014/14626/SRR14626033/SRR14626033.lite.1	SRX10966977	TMA2-2	RNA-Seq	RANDOM	TRANSCRIPTOMIC	PAIRED	0	0	ILLUMINA	Illumina HiSeq 1000	SRP320963	PRJNA732083		732083	SRS9044737	SAMN19311009	simple	3330	Picea glauca	TMA2-2							no					BEIJING FORESTRY UNIVERSITY	SRA1235452		public	A46EF3992E406569B88DA467C892166C	738D7CB8B9BB80C8A0092FAA29F5B277	https://www.ncbi.nlm.nih.gov/sra/?term=SRR14626033	https://www.ncbi.nlm.nih.gov/bioproject/PRJNA732083	https://www.ncbi.nlm.nih.gov/biosample/SAMN19311009	https://www.ncbi.nlm.nih.gov/sra/?term=SRX10966977	https://sra-downloadb.be-md.ncbi.nlm.nih.gov/sos8/sra-pub-zq-818/SRR014/14626/SRR14626033/SRR14626033.lite.1	168	
940	SRR14626034	2021-07-15 00:01:56	2021-05-22 23:13:59	24747026	7424107800	24747026	300	2246		https://sra-downloadb.be-md.ncbi.nlm.nih.gov/sos8/sra-pub-zq-818/SRR014/14626/SRR14626034/SRR14626034.lite.1	SRX10966976	TMA2-1	RNA-Seq	RANDOM	TRANSCRIPTOMIC	PAIRED	0	0	ILLUMINA	Illumina HiSeq 1000	SRP320963	PRJNA732083		732083	SRS9044736	SAMN19311008	simple	3330	Picea glauca	TMA2-1							no					BEIJING FORESTRY UNIVERSITY	SRA1235452		public	3515DE1F2FB7C20F7BD515136E69A93D	54CA26D2A45876AF4CA6C284A1DB2FA2	https://www.ncbi.nlm.nih.gov/sra/?term=SRR14626034	https://www.ncbi.nlm.nih.gov/bioproject/PRJNA732083	https://www.ncbi.nlm.nih.gov/biosample/SAMN19311008	https://www.ncbi.nlm.nih.gov/sra/?term=SRX10966976	https://sra-downloadb.be-md.ncbi.nlm.nih.gov/sos8/sra-pub-zq-818/SRR014/14626/SRR14626034/SRR14626034.lite.1	169	
941	SRR14626035	2021-07-15 00:01:56	2021-05-22 23:15:10	23660577	7098173100	23660577	300	2131		https://sra-downloadb.be-md.ncbi.nlm.nih.gov/sos8/sra-pub-zq-818/SRR014/14626/SRR14626035/SRR14626035.lite.1	SRX10966975	TMA0-3	RNA-Seq	RANDOM	TRANSCRIPTOMIC	PAIRED	0	0	ILLUMINA	Illumina HiSeq 1000	SRP320963	PRJNA732083		732083	SRS9044735	SAMN19311007	simple	3330	Picea glauca	TMA0-3							no					BEIJING FORESTRY UNIVERSITY	SRA1235452		public	F3407305A3B421B7A8ABCEAB7696F5F5	557F6B1F56174AF9421DBBEB4F283765	https://www.ncbi.nlm.nih.gov/sra/?term=SRR14626035	https://www.ncbi.nlm.nih.gov/bioproject/PRJNA732083	https://www.ncbi.nlm.nih.gov/biosample/SAMN19311007	https://www.ncbi.nlm.nih.gov/sra/?term=SRX10966975	https://sra-downloadb.be-md.ncbi.nlm.nih.gov/sos8/sra-pub-zq-818/SRR014/14626/SRR14626035/SRR14626035.lite.1	171	
942	SRR14626036	2021-07-15 00:01:56	2021-05-22 23:13:24	23380133	7014039900	23380133	300	2115		https://sra-downloadb.be-md.ncbi.nlm.nih.gov/sos8/sra-pub-zq-818/SRR014/14626/SRR14626036/SRR14626036.lite.1	SRX10966974	TCA10-3	RNA-Seq	RANDOM	TRANSCRIPTOMIC	PAIRED	0	0	ILLUMINA	Illumina HiSeq 1000	SRP320963	PRJNA732083		732083	SRS9044734	SAMN19311022	simple	3330	Picea glauca	TCA10-3							no					BEIJING FORESTRY UNIVERSITY	SRA1235452		public	61901AA9EFB82616CB7BC03257C5B8C7	07D0EC85E4C419CB402450ACF25AB708	https://www.ncbi.nlm.nih.gov/sra/?term=SRR14626036	https://www.ncbi.nlm.nih.gov/bioproject/PRJNA732083	https://www.ncbi.nlm.nih.gov/biosample/SAMN19311022	https://www.ncbi.nlm.nih.gov/sra/?term=SRX10966974	https://sra-downloadb.be-md.ncbi.nlm.nih.gov/sos8/sra-pub-zq-818/SRR014/14626/SRR14626036/SRR14626036.lite.1	172	
943	SRR14626037	2021-07-15 00:01:56	2021-05-22 23:13:59	24116479	7234943700	24116479	300	2171		https://sra-downloadb.be-md.ncbi.nlm.nih.gov/sos8/sra-pub-zq-818/SRR014/14626/SRR14626037/SRR14626037.lite.1	SRX10966973	TCA10-2	RNA-Seq	RANDOM	TRANSCRIPTOMIC	PAIRED	0	0	ILLUMINA	Illumina HiSeq 1000	SRP320963	PRJNA732083		732083	SRS9044733	SAMN19311021	simple	3330	Picea glauca	TCA10-2							no					BEIJING FORESTRY UNIVERSITY	SRA1235452		public	9D6AC67C57E3F8CE5ADAEBC079A96BBB	0DC7541C2EA02538B7C49B5DDBB02922	https://www.ncbi.nlm.nih.gov/sra/?term=SRR14626037	https://www.ncbi.nlm.nih.gov/bioproject/PRJNA732083	https://www.ncbi.nlm.nih.gov/biosample/SAMN19311021	https://www.ncbi.nlm.nih.gov/sra/?term=SRX10966973	https://sra-downloadb.be-md.ncbi.nlm.nih.gov/sos8/sra-pub-zq-818/SRR014/14626/SRR14626037/SRR14626037.lite.1	173	
944	SRR14626038	2021-07-15 00:01:56	2021-05-22 23:15:21	23507803	7052340900	23507803	300	2112		https://sra-downloadb.be-md.ncbi.nlm.nih.gov/sos8/sra-pub-zq-818/SRR014/14626/SRR14626038/SRR14626038.lite.1	SRX10966972	TCA10-1	RNA-Seq	RANDOM	TRANSCRIPTOMIC	PAIRED	0	0	ILLUMINA	Illumina HiSeq 1000	SRP320963	PRJNA732083		732083	SRS9044732	SAMN19311020	simple	3330	Picea glauca	TCA10-1							no					BEIJING FORESTRY UNIVERSITY	SRA1235452		public	CB2EA5BB71A13DDF7D46ACCBD82E2B9F	05511EE771F7662C0F88ED627D5725CA	https://www.ncbi.nlm.nih.gov/sra/?term=SRR14626038	https://www.ncbi.nlm.nih.gov/bioproject/PRJNA732083	https://www.ncbi.nlm.nih.gov/biosample/SAMN19311020	https://www.ncbi.nlm.nih.gov/sra/?term=SRX10966972	https://sra-downloadb.be-md.ncbi.nlm.nih.gov/sos8/sra-pub-zq-818/SRR014/14626/SRR14626038/SRR14626038.lite.1	174	
945	SRR14626039	2021-07-15 00:01:56	2021-05-22 23:38:37	23460980	7038294000	23460980	300	2130		https://sra-downloadb.be-md.ncbi.nlm.nih.gov/sos8/sra-pub-zq-818/SRR014/14626/SRR14626039/SRR14626039.lite.1	SRX10966971	TCA4-3	RNA-Seq	RANDOM	TRANSCRIPTOMIC	PAIRED	0	0	ILLUMINA	Illumina HiSeq 1000	SRP320963	PRJNA732083		732083	SRS9044731	SAMN19311019	simple	3330	Picea glauca	TCA4-3							no					BEIJING FORESTRY UNIVERSITY	SRA1235452		public	C61B8A6B9B9F1352EA0B979F91F95128	730D25DB4E2E7197F176CF7C4C559465	https://www.ncbi.nlm.nih.gov/sra/?term=SRR14626039	https://www.ncbi.nlm.nih.gov/bioproject/PRJNA732083	https://www.ncbi.nlm.nih.gov/biosample/SAMN19311019	https://www.ncbi.nlm.nih.gov/sra/?term=SRX10966971	https://sra-downloadb.be-md.ncbi.nlm.nih.gov/sos8/sra-pub-zq-818/SRR014/14626/SRR14626039/SRR14626039.lite.1	175	
946	SRR14626040	2021-07-15 00:01:56	2021-05-22 23:16:10	23386653	7015995900	23386653	300	2108		https://sra-downloadb.be-md.ncbi.nlm.nih.gov/sos8/sra-pub-zq-818/SRR014/14626/SRR14626040/SRR14626040.lite.1	SRX10966970	TCA4-2	RNA-Seq	RANDOM	TRANSCRIPTOMIC	PAIRED	0	0	ILLUMINA	Illumina HiSeq 1000	SRP320963	PRJNA732083		732083	SRS9044730	SAMN19311018	simple	3330	Picea glauca	TCA4-2							no					BEIJING FORESTRY UNIVERSITY	SRA1235452		public	432D570A5026B720FA5F8F1C829892DA	AED7E5567C7DF54D8498FDA95DF5455F	https://www.ncbi.nlm.nih.gov/sra/?term=SRR14626040	https://www.ncbi.nlm.nih.gov/bioproject/PRJNA732083	https://www.ncbi.nlm.nih.gov/biosample/SAMN19311018	https://www.ncbi.nlm.nih.gov/sra/?term=SRX10966970	https://sra-downloadb.be-md.ncbi.nlm.nih.gov/sos8/sra-pub-zq-818/SRR014/14626/SRR14626040/SRR14626040.lite.1	176	
947	SRR14626041	2021-07-15 00:01:56	2021-05-22 23:14:15	23571701	7071510300	23571701	300	2128		https://sra-downloadb.be-md.ncbi.nlm.nih.gov/sos8/sra-pub-zq-818/SRR014/14626/SRR14626041/SRR14626041.lite.1	SRX10966969	TCA4-1	RNA-Seq	RANDOM	TRANSCRIPTOMIC	PAIRED	0	0	ILLUMINA	Illumina HiSeq 1000	SRP320963	PRJNA732083		732083	SRS9044729	SAMN19311017	simple	3330	Picea glauca	TCA4-1							no					BEIJING FORESTRY UNIVERSITY	SRA1235452		public	720AC1D8837A45E3D9C52EE84A0D7CE0	D9DFF1987ADF50FBA042DBD7653DB8DE	https://www.ncbi.nlm.nih.gov/sra/?term=SRR14626041	https://www.ncbi.nlm.nih.gov/bioproject/PRJNA732083	https://www.ncbi.nlm.nih.gov/biosample/SAMN19311017	https://www.ncbi.nlm.nih.gov/sra/?term=SRX10966969	https://sra-downloadb.be-md.ncbi.nlm.nih.gov/sos8/sra-pub-zq-818/SRR014/14626/SRR14626041/SRR14626041.lite.1	177	
948	SRR34587409	2025-07-19 08:09:40	2025-07-19 08:06:31	15586833	33880017869	0	2173	8209		https://sra-downloadb.be-md.ncbi.nlm.nih.gov/sos7/sra-pub-run-38/SRR034/34587/SRR34587409/SRR34587409.1	SRX29728650	pm-1	RNA-Seq	Oligo-dT	TRANSCRIPTOMIC	SINGLE	0	0	PACBIO_SMRT	PacBio RS	SRP601957	PRJNA1291908		1291908	SRS25835801	SAMN49981287	simple	308682	Picea meyeri var. mongolica	Pm-SE							no					INNER MONGOLIA AGRICULTURAL UNIVERSITY	SRA2174464		public	5D2AD5A2431A4C4EA07E5BE8FE2E4287	4B2E09C0834803F58C4AA129C8672B04	https://www.ncbi.nlm.nih.gov/sra/?term=SRR34587409	https://www.ncbi.nlm.nih.gov/bioproject/PRJNA1291908	https://www.ncbi.nlm.nih.gov/biosample/SAMN49981287	https://www.ncbi.nlm.nih.gov/sra/?term=SRX29728650	https://sra-downloadb.be-md.ncbi.nlm.nih.gov/sos7/sra-pub-run-38/SRR034/34587/SRR34587409/SRR34587409.1	939	
949	SRR36970705	2026-01-25 20:19:08	2026-01-25 20:14:32	21228944	6368683200	21228944	300	1971		https://sra-downloadb.be-md.ncbi.nlm.nih.gov/sos10/sra-pub-zq-1002/SRR036/36970/SRR36970705/SRR36970705.lite.1	SRX31923874	pm3	RNA-Seq	Oligo-dT	TRANSCRIPTOMIC	PAIRED	0	0	ILLUMINA	Illumina MiSeq	SRP666071	PRJNA1412547		1412547	SRS27872252	SAMN54869883	simple	308682	Picea meyeri var. mongolica	CK3							no					INNER MONGOLIA AGRICULTURAL UNIVERSITY	SRA2321886		public	97BCFF2020DDB7C4E252F7BCC8D5B01F	6EAF4C0C802108C97DFC4DE8BEE143BA	https://www.ncbi.nlm.nih.gov/sra/?term=SRR36970705	https://www.ncbi.nlm.nih.gov/bioproject/PRJNA1412547	https://www.ncbi.nlm.nih.gov/biosample/SAMN54869883	https://www.ncbi.nlm.nih.gov/sra/?term=SRX31923874	https://sra-downloadb.be-md.ncbi.nlm.nih.gov/sos10/sra-pub-zq-1002/SRR036/36970/SRR36970705/SRR36970705.lite.1	992	
950	SRR36970706	2026-01-25 21:29:39	2026-01-25 21:26:17	22685058	6805517400	22685058	300	2076		https://sra-downloadb.be-md.ncbi.nlm.nih.gov/sos10/sra-pub-zq-1002/SRR036/36970/SRR36970706/SRR36970706.lite.1	SRX31923873	pm2	RNA-Seq	Oligo-dT	TRANSCRIPTOMIC	PAIRED	0	0	ILLUMINA	Illumina MiSeq	SRP666071	PRJNA1412547		1412547	SRS27872251	SAMN54869882	simple	308682	Picea meyeri var. mongolica	CK2							no					INNER MONGOLIA AGRICULTURAL UNIVERSITY	SRA2321886		public	10C453A1EB330F9A3CB5445E2FB425D0	718ABB6866375910B0DABCF3E4399A79	https://www.ncbi.nlm.nih.gov/sra/?term=SRR36970706	https://www.ncbi.nlm.nih.gov/bioproject/PRJNA1412547	https://www.ncbi.nlm.nih.gov/biosample/SAMN54869882	https://www.ncbi.nlm.nih.gov/sra/?term=SRX31923873	https://sra-downloadb.be-md.ncbi.nlm.nih.gov/sos10/sra-pub-zq-1002/SRR036/36970/SRR36970706/SRR36970706.lite.1	993	
951	SRR36970707	2026-01-25 20:20:21	2026-01-25 20:15:06	24556718	7367015400	24556718	300	2174		https://sra-downloadb.be-md.ncbi.nlm.nih.gov/sos10/sra-pub-zq-1002/SRR036/36970/SRR36970707/SRR36970707.lite.1	SRX31923872	pm1	RNA-Seq	Oligo-dT	TRANSCRIPTOMIC	PAIRED	0	0	ILLUMINA	Illumina MiSeq	SRP666071	PRJNA1412547		1412547	SRS27872250	SAMN54869881	simple	308682	Picea meyeri var. mongolica	CK1							no					INNER MONGOLIA AGRICULTURAL UNIVERSITY	SRA2321886		public	71D4132B5A7FF35B7B47F87224ACD175	D812260FF1445825329CB60108EFEA8B	https://www.ncbi.nlm.nih.gov/sra/?term=SRR36970707	https://www.ncbi.nlm.nih.gov/bioproject/PRJNA1412547	https://www.ncbi.nlm.nih.gov/biosample/SAMN54869881	https://www.ncbi.nlm.nih.gov/sra/?term=SRX31923872	https://sra-downloadb.be-md.ncbi.nlm.nih.gov/sos10/sra-pub-zq-1002/SRR036/36970/SRR36970707/SRR36970707.lite.1	994	
952	SRR28424022	2024-03-22 21:31:26	2024-03-22 21:26:42	21435151	6430545300	21435151	300	1928		https://sra-downloadb.be-md.ncbi.nlm.nih.gov/sos9/sra-pub-zq-922/SRR028/28424/SRR28424022/SRR28424022.lite.1	SRX24028060	Pr_3	RNA-Seq	Oligo-dT	TRANSCRIPTOMIC	PAIRED	0	0	ILLUMINA	Illumina NovaSeq 6000	SRP497308	PRJNA1090974		1090974	SRS20821822	SAMN40580696	simple	199225	Pinellia ternata	Pr3							no					HUBEI UNIVERSITY OF CHINESE MEDICINE	SRA1832024		public	9CD55AE6C4FDD2E84AD77E0A7083AC5E	5C3CE045B70E5D7AF90040FABA640E51	https://www.ncbi.nlm.nih.gov/sra/?term=SRR28424022	https://www.ncbi.nlm.nih.gov/bioproject/PRJNA1090974	https://www.ncbi.nlm.nih.gov/biosample/SAMN40580696	https://www.ncbi.nlm.nih.gov/sra/?term=SRX24028060	https://sra-downloadb.be-md.ncbi.nlm.nih.gov/sos9/sra-pub-zq-922/SRR028/28424/SRR28424022/SRR28424022.lite.1	748	
953	SRR28424023	2024-03-22 21:28:43	2024-03-22 21:25:31	22453794	6736138200	22453794	300	2029		https://sra-downloadb.be-md.ncbi.nlm.nih.gov/sos9/sra-pub-zq-922/SRR028/28424/SRR28424023/SRR28424023.lite.1	SRX24028059	Pr_2	RNA-Seq	Oligo-dT	TRANSCRIPTOMIC	PAIRED	0	0	ILLUMINA	Illumina NovaSeq 6000	SRP497308	PRJNA1090974		1090974	SRS20821821	SAMN40580695	simple	199225	Pinellia ternata	Pr2							no					HUBEI UNIVERSITY OF CHINESE MEDICINE	SRA1832024		public	9146106C782CBB459BE3C3647F36324E	4845ADA847C61F590D0536CADAA5BDC5	https://www.ncbi.nlm.nih.gov/sra/?term=SRR28424023	https://www.ncbi.nlm.nih.gov/bioproject/PRJNA1090974	https://www.ncbi.nlm.nih.gov/biosample/SAMN40580695	https://www.ncbi.nlm.nih.gov/sra/?term=SRX24028059	https://sra-downloadb.be-md.ncbi.nlm.nih.gov/sos9/sra-pub-zq-922/SRR028/28424/SRR28424023/SRR28424023.lite.1	749	
954	SRR28424024	2024-03-22 21:23:44	2024-03-22 21:21:20	21491911	6447573300	21491911	300	1920		https://sra-downloadb.be-md.ncbi.nlm.nih.gov/sos9/sra-pub-zq-922/SRR028/28424/SRR28424024/SRR28424024.lite.1	SRX24028058	Pr_1	RNA-Seq	Oligo-dT	TRANSCRIPTOMIC	PAIRED	0	0	ILLUMINA	Illumina NovaSeq 6000	SRP497308	PRJNA1090974		1090974	SRS20821820	SAMN40580694	simple	199225	Pinellia ternata	Pr1							no					HUBEI UNIVERSITY OF CHINESE MEDICINE	SRA1832024		public	4238DE11D11F573EF2E9070B78E911FE	72CD251DE76B385E1CA704DE0F4B4631	https://www.ncbi.nlm.nih.gov/sra/?term=SRR28424024	https://www.ncbi.nlm.nih.gov/bioproject/PRJNA1090974	https://www.ncbi.nlm.nih.gov/biosample/SAMN40580694	https://www.ncbi.nlm.nih.gov/sra/?term=SRX24028058	https://sra-downloadb.be-md.ncbi.nlm.nih.gov/sos9/sra-pub-zq-922/SRR028/28424/SRR28424024/SRR28424024.lite.1	750	
955	SRR28424025	2024-03-22 21:26:02	2024-03-22 21:23:15	22495115	6748534500	22495115	300	2027		https://sra-downloadb.be-md.ncbi.nlm.nih.gov/sos9/sra-pub-zq-922/SRR028/28424/SRR28424025/SRR28424025.lite.1	SRX24028057	Ca_3	RNA-Seq	Oligo-dT	TRANSCRIPTOMIC	PAIRED	0	0	ILLUMINA	Illumina NovaSeq 6000	SRP497308	PRJNA1090974		1090974	SRS20821819	SAMN40580693	simple	199225	Pinellia ternata	Ca3							no					HUBEI UNIVERSITY OF CHINESE MEDICINE	SRA1832024		public	D9C4C3615F2C74F9BF05B204FBF4462F	A6D9FA20CF3BDA040F740399D5616563	https://www.ncbi.nlm.nih.gov/sra/?term=SRR28424025	https://www.ncbi.nlm.nih.gov/bioproject/PRJNA1090974	https://www.ncbi.nlm.nih.gov/biosample/SAMN40580693	https://www.ncbi.nlm.nih.gov/sra/?term=SRX24028057	https://sra-downloadb.be-md.ncbi.nlm.nih.gov/sos9/sra-pub-zq-922/SRR028/28424/SRR28424025/SRR28424025.lite.1	751	
956	SRR28424026	2024-03-22 21:28:43	2024-03-22 21:25:59	20688773	6206631900	20688773	300	1857		https://sra-downloadb.be-md.ncbi.nlm.nih.gov/sos9/sra-pub-zq-922/SRR028/28424/SRR28424026/SRR28424026.lite.1	SRX24028056	Ca_2	RNA-Seq	Oligo-dT	TRANSCRIPTOMIC	PAIRED	0	0	ILLUMINA	Illumina NovaSeq 6000	SRP497308	PRJNA1090974		1090974	SRS20821818	SAMN40580692	simple	199225	Pinellia ternata	Ca2							no					HUBEI UNIVERSITY OF CHINESE MEDICINE	SRA1832024		public	EE7B7F85D86CD67CC0BC379535CC024E	077F586E09C1CE8C3EB5EBB3BA9F4C08	https://www.ncbi.nlm.nih.gov/sra/?term=SRR28424026	https://www.ncbi.nlm.nih.gov/bioproject/PRJNA1090974	https://www.ncbi.nlm.nih.gov/biosample/SAMN40580692	https://www.ncbi.nlm.nih.gov/sra/?term=SRX24028056	https://sra-downloadb.be-md.ncbi.nlm.nih.gov/sos9/sra-pub-zq-922/SRR028/28424/SRR28424026/SRR28424026.lite.1	752	
957	SRR28424027	2024-03-22 21:28:43	2024-03-22 21:24:05	22727483	6818244900	22727483	300	2060		https://sra-downloadb.be-md.ncbi.nlm.nih.gov/sos9/sra-pub-zq-922/SRR028/28424/SRR28424027/SRR28424027.lite.1	SRX24028055	Ca_1	RNA-Seq	Oligo-dT	TRANSCRIPTOMIC	PAIRED	0	0	ILLUMINA	Illumina NovaSeq 6000	SRP497308	PRJNA1090974		1090974	SRS20821817	SAMN40580691	simple	199225	Pinellia ternata	Ca1							no					HUBEI UNIVERSITY OF CHINESE MEDICINE	SRA1832024		public	88B8DA77023A1F4C121E543441CF227E	53D48DB63D84EEB3E3CE828BAEE9FCF4	https://www.ncbi.nlm.nih.gov/sra/?term=SRR28424027	https://www.ncbi.nlm.nih.gov/bioproject/PRJNA1090974	https://www.ncbi.nlm.nih.gov/biosample/SAMN40580691	https://www.ncbi.nlm.nih.gov/sra/?term=SRX24028055	https://sra-downloadb.be-md.ncbi.nlm.nih.gov/sos9/sra-pub-zq-922/SRR028/28424/SRR28424027/SRR28424027.lite.1	753	
958	SRR28424028	2024-03-22 21:23:44	2024-03-22 21:21:12	21491726	6447517800	21491726	300	1937		https://sra-downloadb.be-md.ncbi.nlm.nih.gov/sos9/sra-pub-zq-922/SRR028/28424/SRR28424028/SRR28424028.lite.1	SRX24028054	Ex_3	RNA-Seq	Oligo-dT	TRANSCRIPTOMIC	PAIRED	0	0	ILLUMINA	Illumina NovaSeq 6000	SRP497308	PRJNA1090974		1090974	SRS20821816	SAMN40580690	simple	199225	Pinellia ternata	Ex3							no					HUBEI UNIVERSITY OF CHINESE MEDICINE	SRA1832024		public	BDD4C0DC05FD67B6DDB4F2B3D9AE5C92	7020E4B1A614D72BBB9D4E3E2C68E9C3	https://www.ncbi.nlm.nih.gov/sra/?term=SRR28424028	https://www.ncbi.nlm.nih.gov/bioproject/PRJNA1090974	https://www.ncbi.nlm.nih.gov/biosample/SAMN40580690	https://www.ncbi.nlm.nih.gov/sra/?term=SRX24028054	https://sra-downloadb.be-md.ncbi.nlm.nih.gov/sos9/sra-pub-zq-922/SRR028/28424/SRR28424028/SRR28424028.lite.1	754	
959	SRR28424029	2024-03-22 21:26:02	2024-03-22 21:21:59	23125270	6937581000	23125270	300	2090		https://sra-downloadb.be-md.ncbi.nlm.nih.gov/sos9/sra-pub-zq-922/SRR028/28424/SRR28424029/SRR28424029.lite.1	SRX24028053	Ex_2	RNA-Seq	Oligo-dT	TRANSCRIPTOMIC	PAIRED	0	0	ILLUMINA	Illumina NovaSeq 6000	SRP497308	PRJNA1090974		1090974	SRS20821815	SAMN40580689	simple	199225	Pinellia ternata	Ex2							no					HUBEI UNIVERSITY OF CHINESE MEDICINE	SRA1832024		public	F11B5CCA2A06DFD4BBFF2CD849D10EB5	2C0C96A4DABF1F0545BD085D5BA75DD3	https://www.ncbi.nlm.nih.gov/sra/?term=SRR28424029	https://www.ncbi.nlm.nih.gov/bioproject/PRJNA1090974	https://www.ncbi.nlm.nih.gov/biosample/SAMN40580689	https://www.ncbi.nlm.nih.gov/sra/?term=SRX24028053	https://sra-downloadb.be-md.ncbi.nlm.nih.gov/sos9/sra-pub-zq-922/SRR028/28424/SRR28424029/SRR28424029.lite.1	755	
960	SRR28424030	2024-03-22 21:28:43	2024-03-22 21:23:49	21545821	6463746300	21545821	300	1947		https://sra-downloadb.be-md.ncbi.nlm.nih.gov/sos9/sra-pub-zq-922/SRR028/28424/SRR28424030/SRR28424030.lite.1	SRX24028052	Ex_1	RNA-Seq	Oligo-dT	TRANSCRIPTOMIC	PAIRED	0	0	ILLUMINA	Illumina NovaSeq 6000	SRP497308	PRJNA1090974		1090974	SRS20821814	SAMN40580688	simple	199225	Pinellia ternata	Ex1							no					HUBEI UNIVERSITY OF CHINESE MEDICINE	SRA1832024		public	2F30CDCDAC544022E57CA50FC4CA0EE8	1B0B0D740D0FC54F4617B9EF15B8C8D6	https://www.ncbi.nlm.nih.gov/sra/?term=SRR28424030	https://www.ncbi.nlm.nih.gov/bioproject/PRJNA1090974	https://www.ncbi.nlm.nih.gov/biosample/SAMN40580688	https://www.ncbi.nlm.nih.gov/sra/?term=SRX24028052	https://sra-downloadb.be-md.ncbi.nlm.nih.gov/sos9/sra-pub-zq-922/SRR028/28424/SRR28424030/SRR28424030.lite.1	756	
961	SRR28425978	2024-03-23 03:25:29	2024-03-23 02:47:21	13753701	687685050	0	50	203		https://sra-downloadb.be-md.ncbi.nlm.nih.gov/sos9/sra-pub-zq-922/SRR028/28425/SRR28425978/SRR28425978.lite.1	SRX24029997	Pr_3	miRNA-Seq	Oligo-dT	TRANSCRIPTOMIC	SINGLE	0	0	ILLUMINA	Illumina NovaSeq 6000	SRP497308	PRJNA1090974		1090974	SRS20821822	SAMN40580696	simple	199225	Pinellia ternata	Pr3							no					HUBEI UNIVERSITY OF CHINESE MEDICINE	SRA1832227		public	C9F37870C392889489EDCCE8E9C6C375	78276482987EC996E61428FC38B531B1	https://www.ncbi.nlm.nih.gov/sra/?term=SRR28425978	https://www.ncbi.nlm.nih.gov/bioproject/PRJNA1090974	https://www.ncbi.nlm.nih.gov/biosample/SAMN40580696	https://www.ncbi.nlm.nih.gov/sra/?term=SRX24029997	https://sra-downloadb.be-md.ncbi.nlm.nih.gov/sos9/sra-pub-zq-922/SRR028/28425/SRR28425978/SRR28425978.lite.1	757	
962	SRR28425979	2024-03-23 03:25:29	2024-03-23 02:47:07	12324415	616220750	0	50	182		https://sra-downloadb.be-md.ncbi.nlm.nih.gov/sos9/sra-pub-zq-922/SRR028/28425/SRR28425979/SRR28425979.lite.1	SRX24029996	Pr_2	miRNA-Seq	Oligo-dT	TRANSCRIPTOMIC	SINGLE	0	0	ILLUMINA	Illumina NovaSeq 6000	SRP497308	PRJNA1090974		1090974	SRS20821821	SAMN40580695	simple	199225	Pinellia ternata	Pr2							no					HUBEI UNIVERSITY OF CHINESE MEDICINE	SRA1832227		public	F223C4B19B9073A92BC9F16C689B5E5D	4692C4C790D9C39E989B12D7F869A4BB	https://www.ncbi.nlm.nih.gov/sra/?term=SRR28425979	https://www.ncbi.nlm.nih.gov/bioproject/PRJNA1090974	https://www.ncbi.nlm.nih.gov/biosample/SAMN40580695	https://www.ncbi.nlm.nih.gov/sra/?term=SRX24029996	https://sra-downloadb.be-md.ncbi.nlm.nih.gov/sos9/sra-pub-zq-922/SRR028/28425/SRR28425979/SRR28425979.lite.1	758	
963	SRR28425980	2024-03-23 03:25:29	2024-03-23 02:47:16	12733070	636653500	0	50	188		https://sra-downloadb.be-md.ncbi.nlm.nih.gov/sos9/sra-pub-zq-922/SRR028/28425/SRR28425980/SRR28425980.lite.1	SRX24029995	Pr_1	miRNA-Seq	Oligo-dT	TRANSCRIPTOMIC	SINGLE	0	0	ILLUMINA	Illumina NovaSeq 6000	SRP497308	PRJNA1090974		1090974	SRS20821820	SAMN40580694	simple	199225	Pinellia ternata	Pr1							no					HUBEI UNIVERSITY OF CHINESE MEDICINE	SRA1832227		public	84D22DF96A3A74BDF7E19F24DE99F344	B744BCA9BA59E8F6D66A549EBDE7C236	https://www.ncbi.nlm.nih.gov/sra/?term=SRR28425980	https://www.ncbi.nlm.nih.gov/bioproject/PRJNA1090974	https://www.ncbi.nlm.nih.gov/biosample/SAMN40580694	https://www.ncbi.nlm.nih.gov/sra/?term=SRX24029995	https://sra-downloadb.be-md.ncbi.nlm.nih.gov/sos9/sra-pub-zq-922/SRR028/28425/SRR28425980/SRR28425980.lite.1	759	
964	SRR28425981	2024-03-23 03:25:29	2024-03-23 02:47:41	12440215	622010750	0	50	187		https://sra-downloadb.be-md.ncbi.nlm.nih.gov/sos9/sra-pub-zq-922/SRR028/28425/SRR28425981/SRR28425981.lite.1	SRX24029994	Ca_3	miRNA-Seq	Oligo-dT	TRANSCRIPTOMIC	SINGLE	0	0	ILLUMINA	Illumina NovaSeq 6000	SRP497308	PRJNA1090974		1090974	SRS20821819	SAMN40580693	simple	199225	Pinellia ternata	Ca3							no					HUBEI UNIVERSITY OF CHINESE MEDICINE	SRA1832227		public	337CB10F50E661D257C141E3FF7DE984	1E732B96CD3376B9ED30626DEB2690D0	https://www.ncbi.nlm.nih.gov/sra/?term=SRR28425981	https://www.ncbi.nlm.nih.gov/bioproject/PRJNA1090974	https://www.ncbi.nlm.nih.gov/biosample/SAMN40580693	https://www.ncbi.nlm.nih.gov/sra/?term=SRX24029994	https://sra-downloadb.be-md.ncbi.nlm.nih.gov/sos9/sra-pub-zq-922/SRR028/28425/SRR28425981/SRR28425981.lite.1	760	
965	SRR28425982	2024-03-23 03:25:29	2024-03-23 02:48:15	14379701	718985050	0	50	214		https://sra-downloadb.be-md.ncbi.nlm.nih.gov/sos9/sra-pub-zq-922/SRR028/28425/SRR28425982/SRR28425982.lite.1	SRX24029993	Ca_2	miRNA-Seq	Oligo-dT	TRANSCRIPTOMIC	SINGLE	0	0	ILLUMINA	Illumina NovaSeq 6000	SRP497308	PRJNA1090974		1090974	SRS20821818	SAMN40580692	simple	199225	Pinellia ternata	Ca2							no					HUBEI UNIVERSITY OF CHINESE MEDICINE	SRA1832227		public	D9F7B0366F2BC123123F45D96EC24542	8440BF3E9A250A9F3F3DB68584B4006F	https://www.ncbi.nlm.nih.gov/sra/?term=SRR28425982	https://www.ncbi.nlm.nih.gov/bioproject/PRJNA1090974	https://www.ncbi.nlm.nih.gov/biosample/SAMN40580692	https://www.ncbi.nlm.nih.gov/sra/?term=SRX24029993	https://sra-downloadb.be-md.ncbi.nlm.nih.gov/sos9/sra-pub-zq-922/SRR028/28425/SRR28425982/SRR28425982.lite.1	761	
966	SRR28425983	2024-03-23 03:25:29	2024-03-23 02:48:11	12221674	611083700	0	50	182		https://sra-downloadb.be-md.ncbi.nlm.nih.gov/sos9/sra-pub-zq-922/SRR028/28425/SRR28425983/SRR28425983.lite.1	SRX24029992	Ca_1	miRNA-Seq	Oligo-dT	TRANSCRIPTOMIC	SINGLE	0	0	ILLUMINA	Illumina NovaSeq 6000	SRP497308	PRJNA1090974		1090974	SRS20821817	SAMN40580691	simple	199225	Pinellia ternata	Ca1							no					HUBEI UNIVERSITY OF CHINESE MEDICINE	SRA1832227		public	8963044F88B19946F07CED70C34EE241	C005E1858C0A35FA0FCEE05709463670	https://www.ncbi.nlm.nih.gov/sra/?term=SRR28425983	https://www.ncbi.nlm.nih.gov/bioproject/PRJNA1090974	https://www.ncbi.nlm.nih.gov/biosample/SAMN40580691	https://www.ncbi.nlm.nih.gov/sra/?term=SRX24029992	https://sra-downloadb.be-md.ncbi.nlm.nih.gov/sos9/sra-pub-zq-922/SRR028/28425/SRR28425983/SRR28425983.lite.1	762	
967	SRR28425984	2024-03-23 03:25:29	2024-03-23 02:48:03	13967615	698380750	0	50	206		https://sra-downloadb.be-md.ncbi.nlm.nih.gov/sos9/sra-pub-zq-922/SRR028/28425/SRR28425984/SRR28425984.lite.1	SRX24029991	Ex_3	miRNA-Seq	Oligo-dT	TRANSCRIPTOMIC	SINGLE	0	0	ILLUMINA	Illumina NovaSeq 6000	SRP497308	PRJNA1090974		1090974	SRS20821816	SAMN40580690	simple	199225	Pinellia ternata	Ex3							no					HUBEI UNIVERSITY OF CHINESE MEDICINE	SRA1832227		public	7661B953BB02D80223B82366350C33E6	98F7C0C227385247A455B1AD23B41FE3	https://www.ncbi.nlm.nih.gov/sra/?term=SRR28425984	https://www.ncbi.nlm.nih.gov/bioproject/PRJNA1090974	https://www.ncbi.nlm.nih.gov/biosample/SAMN40580690	https://www.ncbi.nlm.nih.gov/sra/?term=SRX24029991	https://sra-downloadb.be-md.ncbi.nlm.nih.gov/sos9/sra-pub-zq-922/SRR028/28425/SRR28425984/SRR28425984.lite.1	763	
968	SRR28425985	2024-03-23 03:25:29	2024-03-23 02:48:29	15794745	789737250	0	50	229		https://sra-downloadb.be-md.ncbi.nlm.nih.gov/sos8/sra-pub-run-834/SRR028/28425/SRR28425985/SRR28425985.1	SRX24029990	Ex_2	miRNA-Seq	Oligo-dT	TRANSCRIPTOMIC	SINGLE	0	0	ILLUMINA	Illumina NovaSeq 6000	SRP497308	PRJNA1090974		1090974	SRS20821815	SAMN40580689	simple	199225	Pinellia ternata	Ex2							no					HUBEI UNIVERSITY OF CHINESE MEDICINE	SRA1832227		public	8AECDD575D5E371DAAF533EB309D4029	DB1656AD5CEDE6CF4761F69240BE495D	https://www.ncbi.nlm.nih.gov/sra/?term=SRR28425985	https://www.ncbi.nlm.nih.gov/bioproject/PRJNA1090974	https://www.ncbi.nlm.nih.gov/biosample/SAMN40580689	https://www.ncbi.nlm.nih.gov/sra/?term=SRX24029990	https://sra-downloadb.be-md.ncbi.nlm.nih.gov/sos8/sra-pub-run-834/SRR028/28425/SRR28425985/SRR28425985.1	764	
969	SRR28425986	2024-03-23 03:25:29	2024-03-23 02:47:07	11564150	578207500	0	50	168		https://sra-downloadb.be-md.ncbi.nlm.nih.gov/sos8/sra-pub-run-834/SRR028/28425/SRR28425986/SRR28425986.1	SRX24029989	Ex_1	miRNA-Seq	Oligo-dT	TRANSCRIPTOMIC	SINGLE	0	0	ILLUMINA	Illumina NovaSeq 6000	SRP497308	PRJNA1090974		1090974	SRS20821814	SAMN40580688	simple	199225	Pinellia ternata	Ex1							no					HUBEI UNIVERSITY OF CHINESE MEDICINE	SRA1832227		public	DA49613858F698AC0699328CCECBB12E	DFD782FF24172490B41D7EEF49C5CE76	https://www.ncbi.nlm.nih.gov/sra/?term=SRR28425986	https://www.ncbi.nlm.nih.gov/bioproject/PRJNA1090974	https://www.ncbi.nlm.nih.gov/biosample/SAMN40580688	https://www.ncbi.nlm.nih.gov/sra/?term=SRX24029989	https://sra-downloadb.be-md.ncbi.nlm.nih.gov/sos8/sra-pub-run-834/SRR028/28425/SRR28425986/SRR28425986.1	765	
970	SRR31320060	2024-11-13 00:36:51	2024-11-12 20:30:31	21084826	6325447800	21084826	300	3862		https://sra-downloadb.be-md.ncbi.nlm.nih.gov/sos6/sra-pub-zq-40/SRR031/31320/SRR31320060/SRR31320060.lite.1	SRX26697681	R11	RNA-Seq	PCR	TRANSCRIPTOMIC	PAIRED	0	0	DNBSEQ	DNBSEQ-T7	SRP544778	PRJNA1183636		1183636	SRS23189911	SAMN44631311	simple	88728	Pinus koraiensis	R11					not collected		no					NORTHEAST FORESTRY UNIVERSITY	SRA2013828		public	55577777860440237624093031E2E93B	DF92882A9EE953C251A2E3B80C6F4048	https://www.ncbi.nlm.nih.gov/sra/?term=SRR31320060	https://www.ncbi.nlm.nih.gov/bioproject/PRJNA1183636	https://www.ncbi.nlm.nih.gov/biosample/SAMN44631311	https://www.ncbi.nlm.nih.gov/sra/?term=SRX26697681	https://sra-downloadb.be-md.ncbi.nlm.nih.gov/sos6/sra-pub-zq-40/SRR031/31320/SRR31320060/SRR31320060.lite.1	853	
971	SRR31320061	2024-11-13 00:36:51	2024-11-12 20:30:54	21115416	6334624800	21115416	300	3906		https://sra-downloadb.be-md.ncbi.nlm.nih.gov/sos6/sra-pub-zq-40/SRR031/31320/SRR31320061/SRR31320061.lite.1	SRX26697680	S23	RNA-Seq	PCR	TRANSCRIPTOMIC	PAIRED	0	0	DNBSEQ	DNBSEQ-T7	SRP544778	PRJNA1183636		1183636	SRS23189910	SAMN44631310	simple	88728	Pinus koraiensis	S23					not collected		no					NORTHEAST FORESTRY UNIVERSITY	SRA2013828		public	237DA011BC2BF5D271C0487E506F71DF	6A279A17FF982C44C935FE4CBE72EA75	https://www.ncbi.nlm.nih.gov/sra/?term=SRR31320061	https://www.ncbi.nlm.nih.gov/bioproject/PRJNA1183636	https://www.ncbi.nlm.nih.gov/biosample/SAMN44631310	https://www.ncbi.nlm.nih.gov/sra/?term=SRX26697680	https://sra-downloadb.be-md.ncbi.nlm.nih.gov/sos6/sra-pub-zq-40/SRR031/31320/SRR31320061/SRR31320061.lite.1	854	
972	SRR31320062	2024-11-13 00:36:52	2024-11-12 20:30:42	21183551	6355065300	21183551	300	3932		https://sra-downloadb.be-md.ncbi.nlm.nih.gov/sos6/sra-pub-zq-40/SRR031/31320/SRR31320062/SRR31320062.lite.1	SRX26697679	S22	RNA-Seq	PCR	TRANSCRIPTOMIC	PAIRED	0	0	DNBSEQ	DNBSEQ-T7	SRP544778	PRJNA1183636		1183636	SRS23189909	SAMN44631309	simple	88728	Pinus koraiensis	S22					not collected		no					NORTHEAST FORESTRY UNIVERSITY	SRA2013828		public	B2E5E67B81B6C621079D1BA3824B0260	7CB6781B70178B495CB668A3EFA6D28A	https://www.ncbi.nlm.nih.gov/sra/?term=SRR31320062	https://www.ncbi.nlm.nih.gov/bioproject/PRJNA1183636	https://www.ncbi.nlm.nih.gov/biosample/SAMN44631309	https://www.ncbi.nlm.nih.gov/sra/?term=SRX26697679	https://sra-downloadb.be-md.ncbi.nlm.nih.gov/sos6/sra-pub-zq-40/SRR031/31320/SRR31320062/SRR31320062.lite.1	855	
973	SRR31320063	2024-11-13 00:36:51	2024-11-12 20:30:50	21280804	6384241200	21280804	300	3915		https://sra-downloadb.be-md.ncbi.nlm.nih.gov/sos6/sra-pub-zq-40/SRR031/31320/SRR31320063/SRR31320063.lite.1	SRX26697678	S21	RNA-Seq	PCR	TRANSCRIPTOMIC	PAIRED	0	0	DNBSEQ	DNBSEQ-T7	SRP544778	PRJNA1183636		1183636	SRS23189908	SAMN44631308	simple	88728	Pinus koraiensis	S21					not collected		no					NORTHEAST FORESTRY UNIVERSITY	SRA2013828		public	737251B7714617A3B450C66756800452	44B3D66A06B0AC44B9967E26223D2E95	https://www.ncbi.nlm.nih.gov/sra/?term=SRR31320063	https://www.ncbi.nlm.nih.gov/bioproject/PRJNA1183636	https://www.ncbi.nlm.nih.gov/biosample/SAMN44631308	https://www.ncbi.nlm.nih.gov/sra/?term=SRX26697678	https://sra-downloadb.be-md.ncbi.nlm.nih.gov/sos6/sra-pub-zq-40/SRR031/31320/SRR31320063/SRR31320063.lite.1	856	
974	SRR31320064	2024-11-13 00:36:51	2024-11-12 20:30:47	21276617	6382985100	21276617	300	3829		https://sra-downloadb.be-md.ncbi.nlm.nih.gov/sos6/sra-pub-zq-40/SRR031/31320/SRR31320064/SRR31320064.lite.1	SRX26697677	S13	RNA-Seq	PCR	TRANSCRIPTOMIC	PAIRED	0	0	DNBSEQ	DNBSEQ-T7	SRP544778	PRJNA1183636		1183636	SRS23189907	SAMN44631307	simple	88728	Pinus koraiensis	S13					not collected		no					NORTHEAST FORESTRY UNIVERSITY	SRA2013828		public	588F17FF8ECD7140EF8828159E712170	C1605E8A5D08D82AFEA4E2C999638564	https://www.ncbi.nlm.nih.gov/sra/?term=SRR31320064	https://www.ncbi.nlm.nih.gov/bioproject/PRJNA1183636	https://www.ncbi.nlm.nih.gov/biosample/SAMN44631307	https://www.ncbi.nlm.nih.gov/sra/?term=SRX26697677	https://sra-downloadb.be-md.ncbi.nlm.nih.gov/sos6/sra-pub-zq-40/SRR031/31320/SRR31320064/SRR31320064.lite.1	857	
975	SRR31320065	2024-11-13 00:36:52	2024-11-12 20:31:07	21195151	6358545300	21195151	300	3875		https://sra-downloadb.be-md.ncbi.nlm.nih.gov/sos6/sra-pub-zq-40/SRR031/31320/SRR31320065/SRR31320065.lite.1	SRX26697676	S12	RNA-Seq	PCR	TRANSCRIPTOMIC	PAIRED	0	0	DNBSEQ	DNBSEQ-T7	SRP544778	PRJNA1183636		1183636	SRS23189906	SAMN44631306	simple	88728	Pinus koraiensis	S12					not collected		no					NORTHEAST FORESTRY UNIVERSITY	SRA2013828		public	853E8043842E199E1C3A8C51C139C688	C5F162B8799064BC2EDE375983F672B5	https://www.ncbi.nlm.nih.gov/sra/?term=SRR31320065	https://www.ncbi.nlm.nih.gov/bioproject/PRJNA1183636	https://www.ncbi.nlm.nih.gov/biosample/SAMN44631306	https://www.ncbi.nlm.nih.gov/sra/?term=SRX26697676	https://sra-downloadb.be-md.ncbi.nlm.nih.gov/sos6/sra-pub-zq-40/SRR031/31320/SRR31320065/SRR31320065.lite.1	858	
976	SRR31320066	2024-11-13 00:36:52	2024-11-12 20:30:39	21205954	6361786200	21205954	300	3879		https://sra-downloadb.be-md.ncbi.nlm.nih.gov/sos6/sra-pub-zq-40/SRR031/31320/SRR31320066/SRR31320066.lite.1	SRX26697675	S11	RNA-Seq	PCR	TRANSCRIPTOMIC	PAIRED	0	0	DNBSEQ	DNBSEQ-T7	SRP544778	PRJNA1183636		1183636	SRS23189905	SAMN44631305	simple	88728	Pinus koraiensis	S11					not collected		no					NORTHEAST FORESTRY UNIVERSITY	SRA2013828		public	A96D38243C215AC0A51080A3C72529D0	D98208295BB4C06FB79A23462FBAF9AA	https://www.ncbi.nlm.nih.gov/sra/?term=SRR31320066	https://www.ncbi.nlm.nih.gov/bioproject/PRJNA1183636	https://www.ncbi.nlm.nih.gov/biosample/SAMN44631305	https://www.ncbi.nlm.nih.gov/sra/?term=SRX26697675	https://sra-downloadb.be-md.ncbi.nlm.nih.gov/sos6/sra-pub-zq-40/SRR031/31320/SRR31320066/SRR31320066.lite.1	859	
977	SRR31320067	2024-11-13 00:36:51	2024-11-12 20:30:58	21176011	6352803300	21176011	300	3814		https://sra-downloadb.be-md.ncbi.nlm.nih.gov/sos6/sra-pub-zq-40/SRR031/31320/SRR31320067/SRR31320067.lite.1	SRX26697674	T3	RNA-Seq	PCR	TRANSCRIPTOMIC	PAIRED	0	0	DNBSEQ	DNBSEQ-T7	SRP544778	PRJNA1183636		1183636	SRS23189904	SAMN44631304	simple	88728	Pinus koraiensis	T3					not collected		no					NORTHEAST FORESTRY UNIVERSITY	SRA2013828		public	5DF849E31FC66C2DF0DDA3A795185F7E	7A4FB7044E67E19DC5ACC79B62086109	https://www.ncbi.nlm.nih.gov/sra/?term=SRR31320067	https://www.ncbi.nlm.nih.gov/bioproject/PRJNA1183636	https://www.ncbi.nlm.nih.gov/biosample/SAMN44631304	https://www.ncbi.nlm.nih.gov/sra/?term=SRX26697674	https://sra-downloadb.be-md.ncbi.nlm.nih.gov/sos6/sra-pub-zq-40/SRR031/31320/SRR31320067/SRR31320067.lite.1	860	
978	SRR31320068	2024-11-13 00:36:51	2024-11-12 20:30:39	21295510	6388653000	21295510	300	3947		https://sra-downloadb.be-md.ncbi.nlm.nih.gov/sos6/sra-pub-zq-40/SRR031/31320/SRR31320068/SRR31320068.lite.1	SRX26697673	R23	RNA-Seq	PCR	TRANSCRIPTOMIC	PAIRED	0	0	DNBSEQ	DNBSEQ-T7	SRP544778	PRJNA1183636		1183636	SRS23189903	SAMN44631316	simple	88728	Pinus koraiensis	R23					not collected		no					NORTHEAST FORESTRY UNIVERSITY	SRA2013828		public	B54B88F9BAEB7D7E30C9004D7893E6FB	EC588212FC293DF7A0F68F5D3B3B5E9B	https://www.ncbi.nlm.nih.gov/sra/?term=SRR31320068	https://www.ncbi.nlm.nih.gov/bioproject/PRJNA1183636	https://www.ncbi.nlm.nih.gov/biosample/SAMN44631316	https://www.ncbi.nlm.nih.gov/sra/?term=SRX26697673	https://sra-downloadb.be-md.ncbi.nlm.nih.gov/sos6/sra-pub-zq-40/SRR031/31320/SRR31320068/SRR31320068.lite.1	861	
979	SRR31320069	2024-11-13 00:36:51	2024-11-12 20:30:30	21171454	6351436200	21171454	300	3775		https://sra-downloadb.be-md.ncbi.nlm.nih.gov/sos6/sra-pub-zq-40/SRR031/31320/SRR31320069/SRR31320069.lite.1	SRX26697672	R22	RNA-Seq	PCR	TRANSCRIPTOMIC	PAIRED	0	0	DNBSEQ	DNBSEQ-T7	SRP544778	PRJNA1183636		1183636	SRS23189902	SAMN44631315	simple	88728	Pinus koraiensis	R22					not collected		no					NORTHEAST FORESTRY UNIVERSITY	SRA2013828		public	1312F106C80F46379F41B1F530509769	1BBDF9DE6E430CC5909E97528E2EC689	https://www.ncbi.nlm.nih.gov/sra/?term=SRR31320069	https://www.ncbi.nlm.nih.gov/bioproject/PRJNA1183636	https://www.ncbi.nlm.nih.gov/biosample/SAMN44631315	https://www.ncbi.nlm.nih.gov/sra/?term=SRX26697672	https://sra-downloadb.be-md.ncbi.nlm.nih.gov/sos6/sra-pub-zq-40/SRR031/31320/SRR31320069/SRR31320069.lite.1	862	
980	SRR31320070	2024-11-13 00:36:51	2024-11-12 20:29:46	21170683	6351204900	21170683	300	3886		https://sra-downloadb.be-md.ncbi.nlm.nih.gov/sos6/sra-pub-zq-40/SRR031/31320/SRR31320070/SRR31320070.lite.1	SRX26697671	R21	RNA-Seq	PCR	TRANSCRIPTOMIC	PAIRED	0	0	DNBSEQ	DNBSEQ-T7	SRP544778	PRJNA1183636		1183636	SRS23189901	SAMN44631314	simple	88728	Pinus koraiensis	R21					not collected		no					NORTHEAST FORESTRY UNIVERSITY	SRA2013828		public	F00BDC404AE15473FFB6D1B6C9B9D5E5	A10C70F5CECE0AB96A524599E9C0919D	https://www.ncbi.nlm.nih.gov/sra/?term=SRR31320070	https://www.ncbi.nlm.nih.gov/bioproject/PRJNA1183636	https://www.ncbi.nlm.nih.gov/biosample/SAMN44631314	https://www.ncbi.nlm.nih.gov/sra/?term=SRX26697671	https://sra-downloadb.be-md.ncbi.nlm.nih.gov/sos6/sra-pub-zq-40/SRR031/31320/SRR31320070/SRR31320070.lite.1	863	
981	SRR31320071	2024-11-13 00:36:50	2024-11-12 20:29:40	21010043	6303012900	21010043	300	3972		https://sra-downloadb.be-md.ncbi.nlm.nih.gov/sos6/sra-pub-zq-40/SRR031/31320/SRR31320071/SRR31320071.lite.1	SRX26697670	R13	RNA-Seq	PCR	TRANSCRIPTOMIC	PAIRED	0	0	DNBSEQ	DNBSEQ-T7	SRP544778	PRJNA1183636		1183636	SRS23189900	SAMN44631313	simple	88728	Pinus koraiensis	R13					not collected		no					NORTHEAST FORESTRY UNIVERSITY	SRA2013828		public	3034AF7B122B5C9CDA414A4488C2AC93	D2562746AD8CECEF242B26023914B605	https://www.ncbi.nlm.nih.gov/sra/?term=SRR31320071	https://www.ncbi.nlm.nih.gov/bioproject/PRJNA1183636	https://www.ncbi.nlm.nih.gov/biosample/SAMN44631313	https://www.ncbi.nlm.nih.gov/sra/?term=SRX26697670	https://sra-downloadb.be-md.ncbi.nlm.nih.gov/sos6/sra-pub-zq-40/SRR031/31320/SRR31320071/SRR31320071.lite.1	864	
982	SRR31320072	2024-11-13 00:36:51	2024-11-12 20:29:42	21340967	6402290100	21340967	300	3874		https://sra-downloadb.be-md.ncbi.nlm.nih.gov/sos6/sra-pub-zq-40/SRR031/31320/SRR31320072/SRR31320072.lite.1	SRX26697669	R12	RNA-Seq	PCR	TRANSCRIPTOMIC	PAIRED	0	0	DNBSEQ	DNBSEQ-T7	SRP544778	PRJNA1183636		1183636	SRS23189899	SAMN44631312	simple	88728	Pinus koraiensis	R12					not collected		no					NORTHEAST FORESTRY UNIVERSITY	SRA2013828		public	46534EEB7EBA1018BE6052DA4EC8EE2A	1105DFAB27A18B36EA611E3984B8181A	https://www.ncbi.nlm.nih.gov/sra/?term=SRR31320072	https://www.ncbi.nlm.nih.gov/bioproject/PRJNA1183636	https://www.ncbi.nlm.nih.gov/biosample/SAMN44631312	https://www.ncbi.nlm.nih.gov/sra/?term=SRX26697669	https://sra-downloadb.be-md.ncbi.nlm.nih.gov/sos6/sra-pub-zq-40/SRR031/31320/SRR31320072/SRR31320072.lite.1	865	
983	SRR31320073	2024-11-13 00:36:52	2024-11-12 20:31:53	21136207	6340862100	21136207	300	3858		https://sra-downloadb.be-md.ncbi.nlm.nih.gov/sos6/sra-pub-zq-40/SRR031/31320/SRR31320073/SRR31320073.lite.1	SRX26697668	T2	RNA-Seq	PCR	TRANSCRIPTOMIC	PAIRED	0	0	DNBSEQ	DNBSEQ-T7	SRP544778	PRJNA1183636		1183636	SRS23189898	SAMN44631303	simple	88728	Pinus koraiensis	T2					not collected		no					NORTHEAST FORESTRY UNIVERSITY	SRA2013828		public	DA9FB8536A54DA18B9DB0E64725E1B0D	BB9FD2362169B52D7ED2B79879B918ED	https://www.ncbi.nlm.nih.gov/sra/?term=SRR31320073	https://www.ncbi.nlm.nih.gov/bioproject/PRJNA1183636	https://www.ncbi.nlm.nih.gov/biosample/SAMN44631303	https://www.ncbi.nlm.nih.gov/sra/?term=SRX26697668	https://sra-downloadb.be-md.ncbi.nlm.nih.gov/sos6/sra-pub-zq-40/SRR031/31320/SRR31320073/SRR31320073.lite.1	866	
984	SRR31320074	2024-11-13 00:36:52	2024-11-12 20:38:43	21015908	6304772400	21015908	300	3910		https://sra-downloadb.be-md.ncbi.nlm.nih.gov/sos6/sra-pub-zq-40/SRR031/31320/SRR31320074/SRR31320074.lite.1	SRX26697667	T1	RNA-Seq	PCR	TRANSCRIPTOMIC	PAIRED	0	0	DNBSEQ	DNBSEQ-T7	SRP544778	PRJNA1183636		1183636	SRS23189897	SAMN44631302	simple	88728	Pinus koraiensis	T1					not collected		no					NORTHEAST FORESTRY UNIVERSITY	SRA2013828		public	1B95F9A9DB9C4642492043102B403AFB	7504A6AB4F5B942F25B4C3DB5A23B5D7	https://www.ncbi.nlm.nih.gov/sra/?term=SRR31320074	https://www.ncbi.nlm.nih.gov/bioproject/PRJNA1183636	https://www.ncbi.nlm.nih.gov/biosample/SAMN44631302	https://www.ncbi.nlm.nih.gov/sra/?term=SRX26697667	https://sra-downloadb.be-md.ncbi.nlm.nih.gov/sos6/sra-pub-zq-40/SRR031/31320/SRR31320074/SRR31320074.lite.1	867	
985	SRR17666305	2022-04-24 14:39:57	2022-01-19 21:12:28	32601213	9845566326	32601213	302	2995		https://sra-downloadb.be-md.ncbi.nlm.nih.gov/sos1/sra-pub-zq-38/SRR017/17666/SRR17666305/SRR17666305.lite.1	SRX13834249	GSM5825890	RNA-Seq	cDNA	TRANSCRIPTOMIC	PAIRED	0	0	ILLUMINA	Illumina NovaSeq 6000	SRP355855	PRJNA798773	3	798773	SRS11712214	SAMN25125352	simple	71647	Pinus pinaster	GSM5825890							no					UNIVERSIDAD DE MALAGA	SRA1359018		public	2CA9010EB70D9AAA9F381A75C924329B	0F667269EFE69DF0405D3F2DAE348B3E	https://www.ncbi.nlm.nih.gov/sra/?term=SRR17666305	https://www.ncbi.nlm.nih.gov/bioproject/PRJNA798773	https://www.ncbi.nlm.nih.gov/biosample/SAMN25125352	https://www.ncbi.nlm.nih.gov/sra/?term=SRX13834249	https://sra-downloadb.be-md.ncbi.nlm.nih.gov/sos1/sra-pub-zq-38/SRR017/17666/SRR17666305/SRR17666305.lite.1	475	
986	SRR17666306	2022-04-24 14:39:57	2022-01-19 21:25:00	45989402	13796820600	45989402	300	4209		https://sra-downloadb.be-md.ncbi.nlm.nih.gov/sos9/sra-pub-zq-924/SRR017/17666/SRR17666306/SRR17666306.lite.1	SRX13834248	GSM5825889	RNA-Seq	cDNA	TRANSCRIPTOMIC	PAIRED	0	0	ILLUMINA	Illumina NovaSeq 6000	SRP355855	PRJNA798773	3	798773	SRS11712213	SAMN25125353	simple	71647	Pinus pinaster	GSM5825889							no					UNIVERSIDAD DE MALAGA	SRA1359018		public	EE1E2BB3DBDA88D185634DE634B65E3A	370835BB943A50B623AFB4FD2F484B6E	https://www.ncbi.nlm.nih.gov/sra/?term=SRR17666306	https://www.ncbi.nlm.nih.gov/bioproject/PRJNA798773	https://www.ncbi.nlm.nih.gov/biosample/SAMN25125353	https://www.ncbi.nlm.nih.gov/sra/?term=SRX13834248	https://sra-downloadb.be-md.ncbi.nlm.nih.gov/sos9/sra-pub-zq-924/SRR017/17666/SRR17666306/SRR17666306.lite.1	476	
987	SRR17666307	2022-04-24 14:39:57	2022-01-19 21:14:10	41313982	12394194600	41313982	300	3804		https://sra-downloadb.be-md.ncbi.nlm.nih.gov/sos9/sra-pub-zq-924/SRR017/17666/SRR17666307/SRR17666307.lite.1	SRX13834247	GSM5825888	RNA-Seq	cDNA	TRANSCRIPTOMIC	PAIRED	0	0	ILLUMINA	Illumina NovaSeq 6000	SRP355855	PRJNA798773	3	798773	SRS11712212	SAMN25125354	simple	71647	Pinus pinaster	GSM5825888							no					UNIVERSIDAD DE MALAGA	SRA1359018		public	E270943C19E3D1E4A8DD45ACE6A91E9E	F6216C35FF09D4CDC781E3C6A112EFC3	https://www.ncbi.nlm.nih.gov/sra/?term=SRR17666307	https://www.ncbi.nlm.nih.gov/bioproject/PRJNA798773	https://www.ncbi.nlm.nih.gov/biosample/SAMN25125354	https://www.ncbi.nlm.nih.gov/sra/?term=SRX13834247	https://sra-downloadb.be-md.ncbi.nlm.nih.gov/sos9/sra-pub-zq-924/SRR017/17666/SRR17666307/SRR17666307.lite.1	477	
988	SRR17666308	2022-04-24 14:39:57	2022-01-19 21:25:31	47616033	14284809900	47616033	300	4411		https://sra-downloadb.be-md.ncbi.nlm.nih.gov/sos9/sra-pub-zq-922/SRR017/17666/SRR17666308/SRR17666308.lite.1	SRX13834246	GSM5825887	RNA-Seq	cDNA	TRANSCRIPTOMIC	PAIRED	0	0	ILLUMINA	Illumina NovaSeq 6000	SRP355855	PRJNA798773	3	798773	SRS11712211	SAMN25125355	simple	71647	Pinus pinaster	GSM5825887							no					UNIVERSIDAD DE MALAGA	SRA1359018		public	35AC0F7AFE724CEC5F34C3D2E00C4692	10299729E1624ECEEB5D54902643945F	https://www.ncbi.nlm.nih.gov/sra/?term=SRR17666308	https://www.ncbi.nlm.nih.gov/bioproject/PRJNA798773	https://www.ncbi.nlm.nih.gov/biosample/SAMN25125355	https://www.ncbi.nlm.nih.gov/sra/?term=SRX13834246	https://sra-downloadb.be-md.ncbi.nlm.nih.gov/sos9/sra-pub-zq-922/SRR017/17666/SRR17666308/SRR17666308.lite.1	478	
989	SRR17666309	2022-04-24 14:39:58	2022-01-19 21:20:41	42617300	12870424600	42617300	302	3881		https://sra-downloadb.be-md.ncbi.nlm.nih.gov/sos8/sra-pub-zq-820/SRR017/17666/SRR17666309/SRR17666309.lite.1	SRX13834245	GSM5825886	RNA-Seq	cDNA	TRANSCRIPTOMIC	PAIRED	0	0	ILLUMINA	Illumina NovaSeq 6000	SRP355855	PRJNA798773	3	798773	SRS11712210	SAMN25125356	simple	71647	Pinus pinaster	GSM5825886							no					UNIVERSIDAD DE MALAGA	SRA1359018		public	F6854434E9D82E362578D05104B8494D	2B77D5D5844C1721F3256FCD05D05EAD	https://www.ncbi.nlm.nih.gov/sra/?term=SRR17666309	https://www.ncbi.nlm.nih.gov/bioproject/PRJNA798773	https://www.ncbi.nlm.nih.gov/biosample/SAMN25125356	https://www.ncbi.nlm.nih.gov/sra/?term=SRX13834245	https://sra-downloadb.be-md.ncbi.nlm.nih.gov/sos8/sra-pub-zq-820/SRR017/17666/SRR17666309/SRR17666309.lite.1	479	
990	SRR17666310	2022-04-24 14:39:58	2022-01-19 21:20:57	44565507	13369652100	44565507	300	4125		https://sra-downloadb.be-md.ncbi.nlm.nih.gov/sos1/sra-pub-zq-38/SRR017/17666/SRR17666310/SRR17666310.lite.1	SRX13834244	GSM5825885	RNA-Seq	cDNA	TRANSCRIPTOMIC	PAIRED	0	0	ILLUMINA	Illumina NovaSeq 6000	SRP355855	PRJNA798773	3	798773	SRS11712209	SAMN25125357	simple	71647	Pinus pinaster	GSM5825885							no					UNIVERSIDAD DE MALAGA	SRA1359018		public	F2C082E7D7462941732E20BCD91FCD31	F4080951B85DF5B927FC14865249A859	https://www.ncbi.nlm.nih.gov/sra/?term=SRR17666310	https://www.ncbi.nlm.nih.gov/bioproject/PRJNA798773	https://www.ncbi.nlm.nih.gov/biosample/SAMN25125357	https://www.ncbi.nlm.nih.gov/sra/?term=SRX13834244	https://sra-downloadb.be-md.ncbi.nlm.nih.gov/sos1/sra-pub-zq-38/SRR017/17666/SRR17666310/SRR17666310.lite.1	480	
991	SRR17666311	2022-04-24 14:39:58	2022-01-19 21:08:05	32337916	9766050632	32337916	302	2964		https://sra-downloadb.be-md.ncbi.nlm.nih.gov/sos1/sra-pub-zq-38/SRR017/17666/SRR17666311/SRR17666311.lite.1	SRX13834243	GSM5825884	RNA-Seq	cDNA	TRANSCRIPTOMIC	PAIRED	0	0	ILLUMINA	Illumina NovaSeq 6000	SRP355855	PRJNA798773	3	798773	SRS11712208	SAMN25125358	simple	71647	Pinus pinaster	GSM5825884							no					UNIVERSIDAD DE MALAGA	SRA1359018		public	16A4F928281609905DF863092E2D2172	8EB33DF6BBE3A348B237F0290FC7ABBC	https://www.ncbi.nlm.nih.gov/sra/?term=SRR17666311	https://www.ncbi.nlm.nih.gov/bioproject/PRJNA798773	https://www.ncbi.nlm.nih.gov/biosample/SAMN25125358	https://www.ncbi.nlm.nih.gov/sra/?term=SRX13834243	https://sra-downloadb.be-md.ncbi.nlm.nih.gov/sos1/sra-pub-zq-38/SRR017/17666/SRR17666311/SRR17666311.lite.1	481	
992	SRR17666312	2022-04-24 14:39:58	2022-01-19 21:05:19	41088165	12326449500	41088165	300	3762		https://sra-downloadb.be-md.ncbi.nlm.nih.gov/sos1/sra-pub-zq-38/SRR017/17666/SRR17666312/SRR17666312.lite.1	SRX13834242	GSM5825883	RNA-Seq	cDNA	TRANSCRIPTOMIC	PAIRED	0	0	ILLUMINA	Illumina NovaSeq 6000	SRP355855	PRJNA798773	3	798773	SRS11712207	SAMN25125359	simple	71647	Pinus pinaster	GSM5825883							no					UNIVERSIDAD DE MALAGA	SRA1359018		public	5E800CB557EA8183C7797582EE833A35	245C3A9536AB17B610DE089D9F932E6A	https://www.ncbi.nlm.nih.gov/sra/?term=SRR17666312	https://www.ncbi.nlm.nih.gov/bioproject/PRJNA798773	https://www.ncbi.nlm.nih.gov/biosample/SAMN25125359	https://www.ncbi.nlm.nih.gov/sra/?term=SRX13834242	https://sra-downloadb.be-md.ncbi.nlm.nih.gov/sos1/sra-pub-zq-38/SRR017/17666/SRR17666312/SRR17666312.lite.1	482	
993	SRR17666313	2022-04-24 14:39:57	2022-01-19 21:14:57	44821519	13446455700	44821519	300	4124		https://sra-downloadb.be-md.ncbi.nlm.nih.gov/sos1/sra-pub-zq-38/SRR017/17666/SRR17666313/SRR17666313.lite.1	SRX13834241	GSM5825882	RNA-Seq	cDNA	TRANSCRIPTOMIC	PAIRED	0	0	ILLUMINA	Illumina NovaSeq 6000	SRP355855	PRJNA798773	3	798773	SRS11712206	SAMN25125360	simple	71647	Pinus pinaster	GSM5825882							no					UNIVERSIDAD DE MALAGA	SRA1359018		public	70CF7B58D53564CE8DD1F6061452C0B3	2526CFBD3A697C20BC89F7BBB612F8D1	https://www.ncbi.nlm.nih.gov/sra/?term=SRR17666313	https://www.ncbi.nlm.nih.gov/bioproject/PRJNA798773	https://www.ncbi.nlm.nih.gov/biosample/SAMN25125360	https://www.ncbi.nlm.nih.gov/sra/?term=SRX13834241	https://sra-downloadb.be-md.ncbi.nlm.nih.gov/sos1/sra-pub-zq-38/SRR017/17666/SRR17666313/SRR17666313.lite.1	483	
994	SRR23699679	2024-04-01 00:02:54	2023-03-04 06:36:05	21084028	6325208400	21084028	300	1909		https://sra-downloadb.be-md.ncbi.nlm.nih.gov/sos9/sra-pub-zq-922/SRR023/23699/SRR23699679/SRR23699679.lite.1	SRX19561535	6-54-3	RNA-Seq	PCR	TRANSCRIPTOMIC	PAIRED	0	0	ILLUMINA	Illumina HiSeq 2500	SRP425617	PRJNA940605		940605	SRS16945936	SAMN33575102	simple	74649	Rosa chinensis	6-54-3							no					ZHEJIANG AGRICULTURE AND FORESTRY UNIVERSITY	SRA1599638		public	3F579BFBBDF6CC74A87C0F3AEB9188A1	AB20E64991BDE795B9C062D0A214C332	https://www.ncbi.nlm.nih.gov/sra/?term=SRR23699679	https://www.ncbi.nlm.nih.gov/bioproject/PRJNA940605	https://www.ncbi.nlm.nih.gov/biosample/SAMN33575102	https://www.ncbi.nlm.nih.gov/sra/?term=SRX19561535	https://sra-downloadb.be-md.ncbi.nlm.nih.gov/sos9/sra-pub-zq-922/SRR023/23699/SRR23699679/SRR23699679.lite.1	614	
995	SRR23699680	2024-04-01 00:02:54	2023-03-04 06:37:11	22336581	6700974300	22336581	300	2055		https://sra-downloadb.be-md.ncbi.nlm.nih.gov/sos9/sra-pub-zq-922/SRR023/23699/SRR23699680/SRR23699680.lite.1	SRX19561534	5-54-2	RNA-Seq	PCR	TRANSCRIPTOMIC	PAIRED	0	0	ILLUMINA	Illumina HiSeq 2500	SRP425617	PRJNA940605		940605	SRS16945935	SAMN33575101	simple	74649	Rosa chinensis	5-54-2							no					ZHEJIANG AGRICULTURE AND FORESTRY UNIVERSITY	SRA1599638		public	E13470F05A68AAADA9D4C62364D7EAA6	00976D7CA723805021667CAD0F02134A	https://www.ncbi.nlm.nih.gov/sra/?term=SRR23699680	https://www.ncbi.nlm.nih.gov/bioproject/PRJNA940605	https://www.ncbi.nlm.nih.gov/biosample/SAMN33575101	https://www.ncbi.nlm.nih.gov/sra/?term=SRX19561534	https://sra-downloadb.be-md.ncbi.nlm.nih.gov/sos9/sra-pub-zq-922/SRR023/23699/SRR23699680/SRR23699680.lite.1	615	
996	SRR23699681	2024-04-01 00:02:54	2023-03-04 06:39:57	22332917	6699875100	22332917	300	2054		https://sra-downloadb.be-md.ncbi.nlm.nih.gov/sos9/sra-pub-zq-922/SRR023/23699/SRR23699681/SRR23699681.lite.1	SRX19561533	4-54-1	RNA-Seq	PCR	TRANSCRIPTOMIC	PAIRED	0	0	ILLUMINA	Illumina HiSeq 2500	SRP425617	PRJNA940605		940605	SRS16945934	SAMN33575100	simple	74649	Rosa chinensis	4-54-1							no					ZHEJIANG AGRICULTURE AND FORESTRY UNIVERSITY	SRA1599638		public	5F173F1651642E4D0FB4738308454C31	A47104DAD3519B21CDAD534D0C7C0E56	https://www.ncbi.nlm.nih.gov/sra/?term=SRR23699681	https://www.ncbi.nlm.nih.gov/bioproject/PRJNA940605	https://www.ncbi.nlm.nih.gov/biosample/SAMN33575100	https://www.ncbi.nlm.nih.gov/sra/?term=SRX19561533	https://sra-downloadb.be-md.ncbi.nlm.nih.gov/sos9/sra-pub-zq-922/SRR023/23699/SRR23699681/SRR23699681.lite.1	616	
997	SRR23699682	2024-04-01 00:02:54	2023-03-04 06:38:42	24484080	7345224000	24484080	300	2245		https://sra-downloadb.be-md.ncbi.nlm.nih.gov/sos9/sra-pub-zq-922/SRR023/23699/SRR23699682/SRR23699682.lite.1	SRX19561532	3-WT3	RNA-Seq	PCR	TRANSCRIPTOMIC	PAIRED	0	0	ILLUMINA	Illumina HiSeq 2500	SRP425617	PRJNA940605		940605	SRS16945933	SAMN33575099	simple	74649	Rosa chinensis	3-WT3							no					ZHEJIANG AGRICULTURE AND FORESTRY UNIVERSITY	SRA1599638		public	155EF3DEF343509855B414DA63FDD6D2	AA3730B2CE41829133E323D4ADE8046D	https://www.ncbi.nlm.nih.gov/sra/?term=SRR23699682	https://www.ncbi.nlm.nih.gov/bioproject/PRJNA940605	https://www.ncbi.nlm.nih.gov/biosample/SAMN33575099	https://www.ncbi.nlm.nih.gov/sra/?term=SRX19561532	https://sra-downloadb.be-md.ncbi.nlm.nih.gov/sos9/sra-pub-zq-922/SRR023/23699/SRR23699682/SRR23699682.lite.1	617	
998	SRR23699683	2024-04-01 00:02:54	2023-03-04 06:55:15	23203693	6961107900	23203693	300	2124		https://sra-downloadb.be-md.ncbi.nlm.nih.gov/sos9/sra-pub-zq-922/SRR023/23699/SRR23699683/SRR23699683.lite.1	SRX19561531	2-WT2	RNA-Seq	PCR	TRANSCRIPTOMIC	PAIRED	0	0	ILLUMINA	Illumina HiSeq 2500	SRP425617	PRJNA940605		940605	SRS16945932	SAMN33575098	simple	74649	Rosa chinensis	2-WT2							no					ZHEJIANG AGRICULTURE AND FORESTRY UNIVERSITY	SRA1599638		public	94EFEFA4B0776CE0EA2880A32F373061	734ED2CB51BCD49868C5E593B38B616A	https://www.ncbi.nlm.nih.gov/sra/?term=SRR23699683	https://www.ncbi.nlm.nih.gov/bioproject/PRJNA940605	https://www.ncbi.nlm.nih.gov/biosample/SAMN33575098	https://www.ncbi.nlm.nih.gov/sra/?term=SRX19561531	https://sra-downloadb.be-md.ncbi.nlm.nih.gov/sos9/sra-pub-zq-922/SRR023/23699/SRR23699683/SRR23699683.lite.1	618	
999	SRR23699684	2024-04-01 00:02:54	2023-03-04 06:34:10	22630702	6789210600	22630702	300	2082		https://sra-downloadb.be-md.ncbi.nlm.nih.gov/sos9/sra-pub-zq-922/SRR023/23699/SRR23699684/SRR23699684.lite.1	SRX19561530	1-WT1	RNA-Seq	PCR	TRANSCRIPTOMIC	PAIRED	0	0	ILLUMINA	Illumina HiSeq 2500	SRP425617	PRJNA940605		940605	SRS16945931	SAMN33575097	simple	74649	Rosa chinensis	1-WT1							no					ZHEJIANG AGRICULTURE AND FORESTRY UNIVERSITY	SRA1599638		public	1EE0097AF6BE013F97D14903899EF6D0	BF63CED3A2849D554415F6AEFD692463	https://www.ncbi.nlm.nih.gov/sra/?term=SRR23699684	https://www.ncbi.nlm.nih.gov/bioproject/PRJNA940605	https://www.ncbi.nlm.nih.gov/biosample/SAMN33575097	https://www.ncbi.nlm.nih.gov/sra/?term=SRX19561530	https://sra-downloadb.be-md.ncbi.nlm.nih.gov/sos9/sra-pub-zq-922/SRR023/23699/SRR23699684/SRR23699684.lite.1	619	
1000	SRR28741874	2025-05-01 01:40:57	2024-04-19 06:02:54	25788815	7736644500	25788815	300	2387		https://sra-downloadb.be-md.ncbi.nlm.nih.gov/sos8/sra-pub-zq-820/SRR028/28741/SRR28741874/SRR28741874.lite.1	SRX24307789	SE3	RNA-Seq	RANDOM	TRANSCRIPTOMIC	PAIRED	0	0	ILLUMINA	Illumina HiSeq 2500	SRP502764	PRJNA1102181		1102181	SRS21070306	SAMN41014324	simple	128735	Rosa hybrid cultivar	SE							no					BEIJING FORESTRY UNIVERSITY	SRA1848902		public	64A9D5A35BB89E477ED5012900488A18	EF58631475FEA94026CF822C2CD0D351	https://www.ncbi.nlm.nih.gov/sra/?term=SRR28741874	https://www.ncbi.nlm.nih.gov/bioproject/PRJNA1102181	https://www.ncbi.nlm.nih.gov/biosample/SAMN41014324	https://www.ncbi.nlm.nih.gov/sra/?term=SRX24307789	https://sra-downloadb.be-md.ncbi.nlm.nih.gov/sos8/sra-pub-zq-820/SRR028/28741/SRR28741874/SRR28741874.lite.1	766	
1001	SRR28741875	2025-05-01 01:40:57	2024-04-19 05:58:51	24465321	7339596300	24465321	300	2263		https://sra-downloadb.be-md.ncbi.nlm.nih.gov/sos8/sra-pub-zq-820/SRR028/28741/SRR28741875/SRR28741875.lite.1	SRX24307788	SE2	RNA-Seq	RANDOM	TRANSCRIPTOMIC	PAIRED	0	0	ILLUMINA	Illumina HiSeq 2500	SRP502764	PRJNA1102181		1102181	SRS21070306	SAMN41014324	simple	128735	Rosa hybrid cultivar	SE							no					BEIJING FORESTRY UNIVERSITY	SRA1848902		public	C4420C54837A4E92B5AA7CE69B5F7EBE	FF697E0E40DDA2D0831132A774D2DCD4	https://www.ncbi.nlm.nih.gov/sra/?term=SRR28741875	https://www.ncbi.nlm.nih.gov/bioproject/PRJNA1102181	https://www.ncbi.nlm.nih.gov/biosample/SAMN41014324	https://www.ncbi.nlm.nih.gov/sra/?term=SRX24307788	https://sra-downloadb.be-md.ncbi.nlm.nih.gov/sos8/sra-pub-zq-820/SRR028/28741/SRR28741875/SRR28741875.lite.1	767	
1002	SRR28741876	2025-05-01 01:40:58	2024-04-19 06:02:18	22871400	6861420000	22871400	300	2104		https://sra-downloadb.be-md.ncbi.nlm.nih.gov/sos8/sra-pub-zq-820/SRR028/28741/SRR28741876/SRR28741876.lite.1	SRX24307787	SE1	RNA-Seq	RANDOM	TRANSCRIPTOMIC	PAIRED	0	0	ILLUMINA	Illumina HiSeq 2500	SRP502764	PRJNA1102181		1102181	SRS21070306	SAMN41014324	simple	128735	Rosa hybrid cultivar	SE							no					BEIJING FORESTRY UNIVERSITY	SRA1848902		public	54D469672E3725387DC7656A22C7498C	00A0D3247A9D0EF8FE08E0F1C9D6151A	https://www.ncbi.nlm.nih.gov/sra/?term=SRR28741876	https://www.ncbi.nlm.nih.gov/bioproject/PRJNA1102181	https://www.ncbi.nlm.nih.gov/biosample/SAMN41014324	https://www.ncbi.nlm.nih.gov/sra/?term=SRX24307787	https://sra-downloadb.be-md.ncbi.nlm.nih.gov/sos8/sra-pub-zq-820/SRR028/28741/SRR28741876/SRR28741876.lite.1	768	
1003	SRR28741877	2025-05-01 01:40:57	2024-04-19 06:01:57	20569425	6170827500	20569425	300	1871		https://sra-downloadb.be-md.ncbi.nlm.nih.gov/sos8/sra-pub-zq-820/SRR028/28741/SRR28741877/SRR28741877.lite.1	SRX24307786	CL3	RNA-Seq	RANDOM	TRANSCRIPTOMIC	PAIRED	0	0	ILLUMINA	Illumina HiSeq 2500	SRP502764	PRJNA1102181		1102181	SRS21070305	SAMN41014323	simple	128735	Rosa hybrid cultivar	CL							no					BEIJING FORESTRY UNIVERSITY	SRA1848902		public	AE196C200DC9372762B81339F9153A0E	47D1D774C8757FA07213AD4DAB4985FD	https://www.ncbi.nlm.nih.gov/sra/?term=SRR28741877	https://www.ncbi.nlm.nih.gov/bioproject/PRJNA1102181	https://www.ncbi.nlm.nih.gov/biosample/SAMN41014323	https://www.ncbi.nlm.nih.gov/sra/?term=SRX24307786	https://sra-downloadb.be-md.ncbi.nlm.nih.gov/sos8/sra-pub-zq-820/SRR028/28741/SRR28741877/SRR28741877.lite.1	769	
1004	SRR28741878	2025-05-01 01:40:58	2024-04-19 05:59:08	24482227	7344668100	24482227	300	2235		https://sra-downloadb.be-md.ncbi.nlm.nih.gov/sos8/sra-pub-zq-820/SRR028/28741/SRR28741878/SRR28741878.lite.1	SRX24307785	CL2	RNA-Seq	RANDOM	TRANSCRIPTOMIC	PAIRED	0	0	ILLUMINA	Illumina HiSeq 2500	SRP502764	PRJNA1102181		1102181	SRS21070305	SAMN41014323	simple	128735	Rosa hybrid cultivar	CL							no					BEIJING FORESTRY UNIVERSITY	SRA1848902		public	10A9B3D96E7E2160C54634EBF799C51D	8132BB910CD72FB9EEA51C334B26703B	https://www.ncbi.nlm.nih.gov/sra/?term=SRR28741878	https://www.ncbi.nlm.nih.gov/bioproject/PRJNA1102181	https://www.ncbi.nlm.nih.gov/biosample/SAMN41014323	https://www.ncbi.nlm.nih.gov/sra/?term=SRX24307785	https://sra-downloadb.be-md.ncbi.nlm.nih.gov/sos8/sra-pub-zq-820/SRR028/28741/SRR28741878/SRR28741878.lite.1	770	
1005	SRR28741879	2025-05-01 01:40:57	2024-04-19 06:02:08	23491933	7047579900	23491933	300	2177		https://sra-downloadb.be-md.ncbi.nlm.nih.gov/sos8/sra-pub-zq-820/SRR028/28741/SRR28741879/SRR28741879.lite.1	SRX24307784	CL1	RNA-Seq	RANDOM	TRANSCRIPTOMIC	PAIRED	0	0	ILLUMINA	Illumina HiSeq 2500	SRP502764	PRJNA1102181		1102181	SRS21070305	SAMN41014323	simple	128735	Rosa hybrid cultivar	CL							no					BEIJING FORESTRY UNIVERSITY	SRA1848902		public	0093123A68F7303CD72A9E9A08D79515	52A7CEDD1E2241D153557C5F6B649FF6	https://www.ncbi.nlm.nih.gov/sra/?term=SRR28741879	https://www.ncbi.nlm.nih.gov/bioproject/PRJNA1102181	https://www.ncbi.nlm.nih.gov/biosample/SAMN41014323	https://www.ncbi.nlm.nih.gov/sra/?term=SRX24307784	https://sra-downloadb.be-md.ncbi.nlm.nih.gov/sos8/sra-pub-zq-820/SRR028/28741/SRR28741879/SRR28741879.lite.1	771	
1006	SRR22198733	2022-11-05 15:13:50	2022-11-05 06:35:10	75709675	22712902500	75709675	300	6734		https://sra-downloadb.be-md.ncbi.nlm.nih.gov/sos9/sra-pub-zq-922/SRR022/22198/SRR22198733/SRR22198733.lite.1	SRX18177001	Control_R2	RNA-Seq	RT-PCR	TRANSCRIPTOMIC	PAIRED	0	0	ILLUMINA	Illumina HiSeq 4000	SRP406410	PRJNA898400		898400	SRS15675850	SAMN31614398	simple	4113	Solanum tuberosum	Control-Replicate2							no					CONACYT-CIBNOR	SRA1535041		public	BEC9FD846C88BE28F0CFAA0580E9CFA1	630559CA902F47EDC7D7E311BD41F608	https://www.ncbi.nlm.nih.gov/sra/?term=SRR22198733	https://www.ncbi.nlm.nih.gov/bioproject/PRJNA898400	https://www.ncbi.nlm.nih.gov/biosample/SAMN31614398	https://www.ncbi.nlm.nih.gov/sra/?term=SRX18177001	https://sra-downloadb.be-md.ncbi.nlm.nih.gov/sos9/sra-pub-zq-922/SRR022/22198/SRR22198733/SRR22198733.lite.1	560	
1007	SRR22198734	2022-11-05 15:13:50	2022-11-05 06:38:05	77738892	23321667600	77738892	300	6900		https://sra-downloadb.be-md.ncbi.nlm.nih.gov/sos9/sra-pub-zq-922/SRR022/22198/SRR22198734/SRR22198734.lite.1	SRX18177002	Control_Rep3	RNA-Seq	RT-PCR	TRANSCRIPTOMIC	PAIRED	0	0	ILLUMINA	Illumina HiSeq 4000	SRP406410	PRJNA898400		898400	SRS15675851	SAMN31614397	simple	4113	Solanum tuberosum	Control-Replicate3							no					CONACYT-CIBNOR	SRA1535040		public	BFB84D6D7D27A299F8B01A29522E3A97	164DDAF82B28FFEFABFE93056993A2F1	https://www.ncbi.nlm.nih.gov/sra/?term=SRR22198734	https://www.ncbi.nlm.nih.gov/bioproject/PRJNA898400	https://www.ncbi.nlm.nih.gov/biosample/SAMN31614397	https://www.ncbi.nlm.nih.gov/sra/?term=SRX18177002	https://sra-downloadb.be-md.ncbi.nlm.nih.gov/sos9/sra-pub-zq-922/SRR022/22198/SRR22198734/SRR22198734.lite.1	561	
1008	SRR22198885	2022-11-05 15:13:50	2022-11-05 12:56:51	86112195	25833658500	86112195	300	7618		https://sra-downloadb.be-md.ncbi.nlm.nih.gov/sos9/sra-pub-zq-922/SRR022/22198/SRR22198885/SRR22198885.lite.1	SRX18177153	Dark_R1	RNA-Seq	RT-PCR	TRANSCRIPTOMIC	PAIRED	0	0	ILLUMINA	Illumina HiSeq 4000	SRP406410	PRJNA898400		898400	SRS15675986	SAMN31617431	simple	4113	Solanum tuberosum	Dark_Replicate1							no					CONACYT-CIBNOR	SRA1535059		public	3A68EB760FC82A2D97DA2FF022839405	A40A3ED2F5C1F540BDCE50E09C72A7E1	https://www.ncbi.nlm.nih.gov/sra/?term=SRR22198885	https://www.ncbi.nlm.nih.gov/bioproject/PRJNA898400	https://www.ncbi.nlm.nih.gov/biosample/SAMN31617431	https://www.ncbi.nlm.nih.gov/sra/?term=SRX18177153	https://sra-downloadb.be-md.ncbi.nlm.nih.gov/sos9/sra-pub-zq-922/SRR022/22198/SRR22198885/SRR22198885.lite.1	562	
1009	SRR22198891	2022-11-05 15:13:50	2022-11-05 13:16:08	89798908	26939672400	89798908	300	7953		https://sra-downloadb.be-md.ncbi.nlm.nih.gov/sos9/sra-pub-zq-922/SRR022/22198/SRR22198891/SRR22198891.lite.1	SRX18177159	Dark_R2	RNA-Seq	RT-PCR	TRANSCRIPTOMIC	PAIRED	0	0	ILLUMINA	Illumina HiSeq 4000	SRP406410	PRJNA898400		898400	SRS15675992	SAMN31617438	simple	4113	Solanum tuberosum	Dark-Replicate2							no					CONACYT-CIBNOR	SRA1535061		public	9D9DD6ADC003462655A7CBC2B90CE115	CD6BBB4ACAB7B1E0A1792E187381ADAA	https://www.ncbi.nlm.nih.gov/sra/?term=SRR22198891	https://www.ncbi.nlm.nih.gov/bioproject/PRJNA898400	https://www.ncbi.nlm.nih.gov/biosample/SAMN31617438	https://www.ncbi.nlm.nih.gov/sra/?term=SRX18177159	https://sra-downloadb.be-md.ncbi.nlm.nih.gov/sos9/sra-pub-zq-922/SRR022/22198/SRR22198891/SRR22198891.lite.1	563	
1010	SRR22200009	2022-11-12 00:04:17	2022-11-05 19:52:04	83025635	24907690500	83025635	300	7415		https://sra-downloadb.be-md.ncbi.nlm.nih.gov/sos9/sra-pub-zq-924/SRR022/22200/SRR22200009/SRR22200009.lite.1	SRX18178226	Dark_R3	RNA-Seq	RT-PCR	TRANSCRIPTOMIC	PAIRED	0	0	ILLUMINA	Illumina HiSeq 4000	SRP406410	PRJNA898400		898400	SRS15677002	SAMN31619217	simple	4113	Solanum tuberosum	Dark_Replicate3							no					CONACYT-CIBNOR	SRA1535110		public	BF14463E7C7EB08F592FACD292B15950	10D3FB9CFA681889E2C754842BFC9B58	https://www.ncbi.nlm.nih.gov/sra/?term=SRR22200009	https://www.ncbi.nlm.nih.gov/bioproject/PRJNA898400	https://www.ncbi.nlm.nih.gov/biosample/SAMN31619217	https://www.ncbi.nlm.nih.gov/sra/?term=SRX18178226	https://sra-downloadb.be-md.ncbi.nlm.nih.gov/sos9/sra-pub-zq-924/SRR022/22200/SRR22200009/SRR22200009.lite.1	564	
1011	SRR22200704	2022-11-11 00:27:38	2022-11-05 21:39:38	154088954	23113343100	0	150	6841		https://sra-downloadb.be-md.ncbi.nlm.nih.gov/sos9/sra-pub-zq-922/SRR022/22200/SRR22200704/SRR22200704.lite.1	SRX18178891	Control_R1	RNA-Seq	RT-PCR	TRANSCRIPTOMIC	PAIRED	0	0	ILLUMINA	Illumina HiSeq 4000	SRP406410	PRJNA898400		898400	SRS15677663	SAMN31613231	simple	4113	Solanum tuberosum	Control-Replicate1							no					CONACYT-CIBNOR	SRA1535021		public	A5EE3D23DB615B0EC77CAFF56A1D4BFA	3D1D5C00ECF9B9F7368889104C4B2A8C	https://www.ncbi.nlm.nih.gov/sra/?term=SRR22200704	https://www.ncbi.nlm.nih.gov/bioproject/PRJNA898400	https://www.ncbi.nlm.nih.gov/biosample/SAMN31613231	https://www.ncbi.nlm.nih.gov/sra/?term=SRX18178891	https://sra-downloadb.be-md.ncbi.nlm.nih.gov/sos9/sra-pub-zq-922/SRR022/22200/SRR22200704/SRR22200704.lite.1	565	
1012	SRR28857210	2024-05-01 00:32:19	2024-04-30 23:21:41	24474853	7342455900	24474853	300	2198		https://sra-downloadb.be-md.ncbi.nlm.nih.gov/sos6/sra-pub-zq-40/SRR028/28857/SRR28857210/SRR28857210.lite.1	SRX24417305	A20071724a-3	RNA-Seq	Oligo-dT	TRANSCRIPTOMIC SINGLE CELL	PAIRED	0	0	ILLUMINA	Illumina NovaSeq 6000	SRP505077	PRJNA1106626		1106626	SRS21172839	SAMN41144704	simple	41396	Tectona grandis	E-SEs3							no					CHINESE ACADEMY OF FORESTRY	SRA1856334		public	9A31C695C9080734510C4AB20BCBC626	2F9F59CE922941117706DAE621595EF9	https://www.ncbi.nlm.nih.gov/sra/?term=SRR28857210	https://www.ncbi.nlm.nih.gov/bioproject/PRJNA1106626	https://www.ncbi.nlm.nih.gov/biosample/SAMN41144704	https://www.ncbi.nlm.nih.gov/sra/?term=SRX24417305	https://sra-downloadb.be-md.ncbi.nlm.nih.gov/sos6/sra-pub-zq-40/SRR028/28857/SRR28857210/SRR28857210.lite.1	772	
1013	SRR28857211	2024-05-01 00:32:19	2024-04-30 23:22:16	22261988	6678596400	22261988	300	2009		https://sra-downloadb.be-md.ncbi.nlm.nih.gov/sos6/sra-pub-zq-40/SRR028/28857/SRR28857211/SRR28857211.lite.1	SRX24417304	A20071724a-2	RNA-Seq	Oligo-dT	TRANSCRIPTOMIC SINGLE CELL	PAIRED	0	0	ILLUMINA	Illumina NovaSeq 6000	SRP505077	PRJNA1106626		1106626	SRS21172840	SAMN41144703	simple	41396	Tectona grandis	E-SEs2							no					CHINESE ACADEMY OF FORESTRY	SRA1856334		public	D964B93890B33042C31565751B696EF3	2AEE674128CCF9B15E450C72ACBCB928	https://www.ncbi.nlm.nih.gov/sra/?term=SRR28857211	https://www.ncbi.nlm.nih.gov/bioproject/PRJNA1106626	https://www.ncbi.nlm.nih.gov/biosample/SAMN41144703	https://www.ncbi.nlm.nih.gov/sra/?term=SRX24417304	https://sra-downloadb.be-md.ncbi.nlm.nih.gov/sos6/sra-pub-zq-40/SRR028/28857/SRR28857211/SRR28857211.lite.1	773	
1014	SRR28857212	2024-05-01 00:32:19	2024-04-30 23:21:24	26588477	7976543100	26588477	300	2427		https://sra-downloadb.be-md.ncbi.nlm.nih.gov/sos6/sra-pub-zq-40/SRR028/28857/SRR28857212/SRR28857212.lite.1	SRX24417303	A20071724a-1	RNA-Seq	Oligo-dT	TRANSCRIPTOMIC SINGLE CELL	PAIRED	0	0	ILLUMINA	Illumina NovaSeq 6000	SRP505077	PRJNA1106626		1106626	SRS21172838	SAMN41144702	simple	41396	Tectona grandis	E-SEs1							no					CHINESE ACADEMY OF FORESTRY	SRA1856334		public	A96413B6027DDA32B3FDB3830EA2D515	2E191EB93B6866D0F15DF11C09048F70	https://www.ncbi.nlm.nih.gov/sra/?term=SRR28857212	https://www.ncbi.nlm.nih.gov/bioproject/PRJNA1106626	https://www.ncbi.nlm.nih.gov/biosample/SAMN41144702	https://www.ncbi.nlm.nih.gov/sra/?term=SRX24417303	https://sra-downloadb.be-md.ncbi.nlm.nih.gov/sos6/sra-pub-zq-40/SRR028/28857/SRR28857212/SRR28857212.lite.1	774	
1015	SRR28857213	2024-05-01 00:32:19	2024-04-30 23:24:16	21336521	6400956300	21336521	300	1933		https://sra-downloadb.be-md.ncbi.nlm.nih.gov/sos6/sra-pub-zq-40/SRR028/28857/SRR28857213/SRR28857213.lite.1	SRX24417302	A20071723a-3	RNA-Seq	Oligo-dT	TRANSCRIPTOMIC SINGLE CELL	PAIRED	0	0	ILLUMINA	Illumina NovaSeq 6000	SRP505077	PRJNA1106626		1106626	SRS21172837	SAMN41144701	simple	41396	Tectona grandis	EC3							no					CHINESE ACADEMY OF FORESTRY	SRA1856334		public	89ADDE6DFCEA101D186CF5124BAC708B	7EE8E901CC97EE2F01B3A85DA61465A5	https://www.ncbi.nlm.nih.gov/sra/?term=SRR28857213	https://www.ncbi.nlm.nih.gov/bioproject/PRJNA1106626	https://www.ncbi.nlm.nih.gov/biosample/SAMN41144701	https://www.ncbi.nlm.nih.gov/sra/?term=SRX24417302	https://sra-downloadb.be-md.ncbi.nlm.nih.gov/sos6/sra-pub-zq-40/SRR028/28857/SRR28857213/SRR28857213.lite.1	775	
1016	SRR28857214	2024-05-01 00:32:19	2024-04-30 23:24:16	21397238	6419171400	21397238	300	1928		https://sra-downloadb.be-md.ncbi.nlm.nih.gov/sos6/sra-pub-zq-40/SRR028/28857/SRR28857214/SRR28857214.lite.1	SRX24417301	A20071723a-2	RNA-Seq	Oligo-dT	TRANSCRIPTOMIC SINGLE CELL	PAIRED	0	0	ILLUMINA	Illumina NovaSeq 6000	SRP505077	PRJNA1106626		1106626	SRS21172836	SAMN41144700	simple	41396	Tectona grandis	EC2							no					CHINESE ACADEMY OF FORESTRY	SRA1856334		public	8E382CB1F33CF50489F4EEA697A06D84	DD51CCCB6AD8BA50EB19BF221BA429D0	https://www.ncbi.nlm.nih.gov/sra/?term=SRR28857214	https://www.ncbi.nlm.nih.gov/bioproject/PRJNA1106626	https://www.ncbi.nlm.nih.gov/biosample/SAMN41144700	https://www.ncbi.nlm.nih.gov/sra/?term=SRX24417301	https://sra-downloadb.be-md.ncbi.nlm.nih.gov/sos6/sra-pub-zq-40/SRR028/28857/SRR28857214/SRR28857214.lite.1	776	
1017	SRR28857215	2024-05-01 00:32:19	2024-04-30 23:24:26	26687948	8006384400	26687948	300	2445		https://sra-downloadb.be-md.ncbi.nlm.nih.gov/sos6/sra-pub-zq-40/SRR028/28857/SRR28857215/SRR28857215.lite.1	SRX24417300	A20071723a-1	RNA-Seq	Oligo-dT	TRANSCRIPTOMIC SINGLE CELL	PAIRED	0	0	ILLUMINA	Illumina NovaSeq 6000	SRP505077	PRJNA1106626		1106626	SRS21172835	SAMN41144699	simple	41396	Tectona grandis	EC1							no					CHINESE ACADEMY OF FORESTRY	SRA1856334		public	335C5160839A386186039AA152D88546	E8D57D52245802DAD625DF96A8DF6A8E	https://www.ncbi.nlm.nih.gov/sra/?term=SRR28857215	https://www.ncbi.nlm.nih.gov/bioproject/PRJNA1106626	https://www.ncbi.nlm.nih.gov/biosample/SAMN41144699	https://www.ncbi.nlm.nih.gov/sra/?term=SRX24417300	https://sra-downloadb.be-md.ncbi.nlm.nih.gov/sos6/sra-pub-zq-40/SRR028/28857/SRR28857215/SRR28857215.lite.1	777	
1018	SRR28857216	2024-05-01 00:32:19	2024-04-30 23:24:46	26439726	7931917800	26439726	300	2403		https://sra-downloadb.be-md.ncbi.nlm.nih.gov/sos6/sra-pub-zq-40/SRR028/28857/SRR28857216/SRR28857216.lite.1	SRX24417299	A20071722a-3	RNA-Seq	Oligo-dT	TRANSCRIPTOMIC SINGLE CELL	PAIRED	0	0	ILLUMINA	Illumina NovaSeq 6000	SRP505077	PRJNA1106626		1106626	SRS21172834	SAMN41144698	simple	41396	Tectona grandis	NEC3							no					CHINESE ACADEMY OF FORESTRY	SRA1856334		public	D9ED652CDF5FB9B0B60F42A80794564E	F09BA7D903261C34BDFC630E87E1A0A3	https://www.ncbi.nlm.nih.gov/sra/?term=SRR28857216	https://www.ncbi.nlm.nih.gov/bioproject/PRJNA1106626	https://www.ncbi.nlm.nih.gov/biosample/SAMN41144698	https://www.ncbi.nlm.nih.gov/sra/?term=SRX24417299	https://sra-downloadb.be-md.ncbi.nlm.nih.gov/sos6/sra-pub-zq-40/SRR028/28857/SRR28857216/SRR28857216.lite.1	778	
1019	SRR28857217	2024-05-01 00:32:19	2024-04-30 23:21:46	22151930	6645579000	22151930	300	2006		https://sra-downloadb.be-md.ncbi.nlm.nih.gov/sos6/sra-pub-zq-40/SRR028/28857/SRR28857217/SRR28857217.lite.1	SRX24417298	A20071722a-2	RNA-Seq	Oligo-dT	TRANSCRIPTOMIC SINGLE CELL	PAIRED	0	0	ILLUMINA	Illumina NovaSeq 6000	SRP505077	PRJNA1106626		1106626	SRS21172833	SAMN41144697	simple	41396	Tectona grandis	NEC2							no					CHINESE ACADEMY OF FORESTRY	SRA1856334		public	23E07B847C0D7B8817F4C0572CBA358B	C24DFDE62BB7D3277B1471C5946C9F33	https://www.ncbi.nlm.nih.gov/sra/?term=SRR28857217	https://www.ncbi.nlm.nih.gov/bioproject/PRJNA1106626	https://www.ncbi.nlm.nih.gov/biosample/SAMN41144697	https://www.ncbi.nlm.nih.gov/sra/?term=SRX24417298	https://sra-downloadb.be-md.ncbi.nlm.nih.gov/sos6/sra-pub-zq-40/SRR028/28857/SRR28857217/SRR28857217.lite.1	779	
1020	SRR28857218	2024-05-01 00:32:19	2024-04-30 23:25:50	26876978	8063093400	26876978	300	2434		https://sra-downloadb.be-md.ncbi.nlm.nih.gov/sos6/sra-pub-zq-40/SRR028/28857/SRR28857218/SRR28857218.lite.1	SRX24417297	A20071722a-1	RNA-Seq	Oligo-dT	TRANSCRIPTOMIC SINGLE CELL	PAIRED	0	0	ILLUMINA	Illumina NovaSeq 6000	SRP505077	PRJNA1106626		1106626	SRS21172832	SAMN41144696	simple	41396	Tectona grandis	NEC1							no					CHINESE ACADEMY OF FORESTRY	SRA1856334		public	C4CA3167085E0724099AC0FD50A6874A	8BA9B2354B7EC4D00EBD9491695CF95D	https://www.ncbi.nlm.nih.gov/sra/?term=SRR28857218	https://www.ncbi.nlm.nih.gov/bioproject/PRJNA1106626	https://www.ncbi.nlm.nih.gov/biosample/SAMN41144696	https://www.ncbi.nlm.nih.gov/sra/?term=SRX24417297	https://sra-downloadb.be-md.ncbi.nlm.nih.gov/sos6/sra-pub-zq-40/SRR028/28857/SRR28857218/SRR28857218.lite.1	780	
1021	SRR9640374	2021-07-17 07:54:42	2019-07-03 09:37:51	25396135	2565009635	0	101	1605		https://sra-downloadb.be-md.ncbi.nlm.nih.gov/sos4/sra-pub-zq-1/SRR009/9640/SRR9640374/SRR9640374.lite.1	SRX6402326		RNA-Seq	cDNA	TRANSCRIPTOMIC	SINGLE	0	0	ILLUMINA	Illumina HiSeq 2000	SRP212874	PRJNA552475	3	552475	SRS5060521	SAMN12210942	simple	29760	Vitis vinifera	GSM3926923							no					GEO	SRA916530		public	065395612ECF07B4232BF689AFB7B27E	D1D2CC1BC1EFF1CA4B3BC7E50B3234A5	https://www.ncbi.nlm.nih.gov/sra/?term=SRR9640374	https://www.ncbi.nlm.nih.gov/bioproject/PRJNA552475	https://www.ncbi.nlm.nih.gov/biosample/SAMN12210942	https://www.ncbi.nlm.nih.gov/sra/?term=SRX6402326	https://sra-downloadb.be-md.ncbi.nlm.nih.gov/sos4/sra-pub-zq-1/SRR009/9640/SRR9640374/SRR9640374.lite.1	1121	
1022	SRR9640375	2021-07-17 07:54:42	2019-07-03 09:38:39	32322962	3264619162	0	101	2057		https://sra-downloadb.be-md.ncbi.nlm.nih.gov/sos4/sra-pub-zq-1/SRR009/9640/SRR9640375/SRR9640375.lite.1	SRX6402327		RNA-Seq	cDNA	TRANSCRIPTOMIC	SINGLE	0	0	ILLUMINA	Illumina HiSeq 2000	SRP212874	PRJNA552475	3	552475	SRS5060523	SAMN12210941	simple	29760	Vitis vinifera	GSM3926924							no					GEO	SRA916530		public	7617095CE8BD9BC73339AFCACDB12345	83E43C86180D5DE587E0641971F79097	https://www.ncbi.nlm.nih.gov/sra/?term=SRR9640375	https://www.ncbi.nlm.nih.gov/bioproject/PRJNA552475	https://www.ncbi.nlm.nih.gov/biosample/SAMN12210941	https://www.ncbi.nlm.nih.gov/sra/?term=SRX6402327	https://sra-downloadb.be-md.ncbi.nlm.nih.gov/sos4/sra-pub-zq-1/SRR009/9640/SRR9640375/SRR9640375.lite.1	1122	
1023	SRR9640376	2021-07-17 07:54:42	2019-07-03 09:38:48	37967028	3834669828	0	101	2407		https://sra-downloadb.be-md.ncbi.nlm.nih.gov/sos4/sra-pub-zq-1/SRR009/9640/SRR9640376/SRR9640376.lite.1	SRX6402328		RNA-Seq	cDNA	TRANSCRIPTOMIC	SINGLE	0	0	ILLUMINA	Illumina HiSeq 2000	SRP212874	PRJNA552475	3	552475	SRS5060522	SAMN12210940	simple	29760	Vitis vinifera	GSM3926925							no					GEO	SRA916530		public	505A9DCFACADEB27DD084C329431113F	7EDD8472B77AA939E9FE710F54C6D635	https://www.ncbi.nlm.nih.gov/sra/?term=SRR9640376	https://www.ncbi.nlm.nih.gov/bioproject/PRJNA552475	https://www.ncbi.nlm.nih.gov/biosample/SAMN12210940	https://www.ncbi.nlm.nih.gov/sra/?term=SRX6402328	https://sra-downloadb.be-md.ncbi.nlm.nih.gov/sos4/sra-pub-zq-1/SRR009/9640/SRR9640376/SRR9640376.lite.1	1123	
1024	SRR9640377	2021-07-17 07:54:42	2019-07-03 09:37:29	29290854	2958376254	0	101	1859		https://sra-downloadb.be-md.ncbi.nlm.nih.gov/sos4/sra-pub-zq-1/SRR009/9640/SRR9640377/SRR9640377.lite.1	SRX6402329		RNA-Seq	cDNA	TRANSCRIPTOMIC	SINGLE	0	0	ILLUMINA	Illumina HiSeq 2000	SRP212874	PRJNA552475	3	552475	SRS5060524	SAMN12210939	simple	29760	Vitis vinifera	GSM3926926							no					GEO	SRA916530		public	7B58F21F1938E8C373279CC2572DBA53	C812F7B81B4F64AC2886CD4A5FE0E2AC	https://www.ncbi.nlm.nih.gov/sra/?term=SRR9640377	https://www.ncbi.nlm.nih.gov/bioproject/PRJNA552475	https://www.ncbi.nlm.nih.gov/biosample/SAMN12210939	https://www.ncbi.nlm.nih.gov/sra/?term=SRX6402329	https://sra-downloadb.be-md.ncbi.nlm.nih.gov/sos4/sra-pub-zq-1/SRR009/9640/SRR9640377/SRR9640377.lite.1	1124	
1025	SRR9640378	2021-07-17 07:54:42	2019-07-03 09:38:06	30769924	3107762324	0	101	1939		https://sra-downloadb.be-md.ncbi.nlm.nih.gov/sos4/sra-pub-zq-1/SRR009/9640/SRR9640378/SRR9640378.lite.1	SRX6402330		RNA-Seq	cDNA	TRANSCRIPTOMIC	SINGLE	0	0	ILLUMINA	Illumina HiSeq 2000	SRP212874	PRJNA552475	3	552475	SRS5060525	SAMN12210938	simple	29760	Vitis vinifera	GSM3926927							no					GEO	SRA916530		public	2DB63F07774063A519755633BC499635	D53E78C797F74D878A6B014C43F20E7F	https://www.ncbi.nlm.nih.gov/sra/?term=SRR9640378	https://www.ncbi.nlm.nih.gov/bioproject/PRJNA552475	https://www.ncbi.nlm.nih.gov/biosample/SAMN12210938	https://www.ncbi.nlm.nih.gov/sra/?term=SRX6402330	https://sra-downloadb.be-md.ncbi.nlm.nih.gov/sos4/sra-pub-zq-1/SRR009/9640/SRR9640378/SRR9640378.lite.1	1125	
1026	SRR9640379	2021-07-17 07:54:42	2019-07-03 09:38:40	31125159	3143641059	0	101	1976		https://sra-downloadb.be-md.ncbi.nlm.nih.gov/sos4/sra-pub-zq-1/SRR009/9640/SRR9640379/SRR9640379.lite.1	SRX6402331		RNA-Seq	cDNA	TRANSCRIPTOMIC	SINGLE	0	0	ILLUMINA	Illumina HiSeq 2000	SRP212874	PRJNA552475	3	552475	SRS5060526	SAMN12210937	simple	29760	Vitis vinifera	GSM3926928							no					GEO	SRA916530		public	CD7DBE73DE8C450DFC6F7CD2AC04F3DF	1724877DB977158597BA016FF7A90579	https://www.ncbi.nlm.nih.gov/sra/?term=SRR9640379	https://www.ncbi.nlm.nih.gov/bioproject/PRJNA552475	https://www.ncbi.nlm.nih.gov/biosample/SAMN12210937	https://www.ncbi.nlm.nih.gov/sra/?term=SRX6402331	https://sra-downloadb.be-md.ncbi.nlm.nih.gov/sos4/sra-pub-zq-1/SRR009/9640/SRR9640379/SRR9640379.lite.1	1126	
1027	SRR9640380	2021-07-17 07:54:42	2019-07-03 09:38:05	23934092	2417343292	0	101	1534		https://sra-downloadb.be-md.ncbi.nlm.nih.gov/sos4/sra-pub-zq-1/SRR009/9640/SRR9640380/SRR9640380.lite.1	SRX6402332		RNA-Seq	cDNA	TRANSCRIPTOMIC	SINGLE	0	0	ILLUMINA	Illumina HiSeq 2000	SRP212874	PRJNA552475	3	552475	SRS5060527	SAMN12210936	simple	29760	Vitis vinifera	GSM3926929							no					GEO	SRA916530		public	F4007AC0883F7B5A9749AB8FC096E985	D9C61B370D598E7DE4694005CD272D56	https://www.ncbi.nlm.nih.gov/sra/?term=SRR9640380	https://www.ncbi.nlm.nih.gov/bioproject/PRJNA552475	https://www.ncbi.nlm.nih.gov/biosample/SAMN12210936	https://www.ncbi.nlm.nih.gov/sra/?term=SRX6402332	https://sra-downloadb.be-md.ncbi.nlm.nih.gov/sos4/sra-pub-zq-1/SRR009/9640/SRR9640380/SRR9640380.lite.1	1127	
1028	SRR9640381	2021-07-17 07:54:42	2019-07-03 09:38:05	31206860	3151892860	0	101	1975		https://sra-downloadb.be-md.ncbi.nlm.nih.gov/sos4/sra-pub-zq-1/SRR009/9640/SRR9640381/SRR9640381.lite.1	SRX6402333		RNA-Seq	cDNA	TRANSCRIPTOMIC	SINGLE	0	0	ILLUMINA	Illumina HiSeq 2000	SRP212874	PRJNA552475	3	552475	SRS5060528	SAMN12210935	simple	29760	Vitis vinifera	GSM3926930							no					GEO	SRA916530		public	76B2CD3D4C54A64592965C195037240A	14D289E222395C5AB893A74C4CB641F4	https://www.ncbi.nlm.nih.gov/sra/?term=SRR9640381	https://www.ncbi.nlm.nih.gov/bioproject/PRJNA552475	https://www.ncbi.nlm.nih.gov/biosample/SAMN12210935	https://www.ncbi.nlm.nih.gov/sra/?term=SRX6402333	https://sra-downloadb.be-md.ncbi.nlm.nih.gov/sos4/sra-pub-zq-1/SRR009/9640/SRR9640381/SRR9640381.lite.1	1129	
1029	SRR9640382	2021-07-17 07:54:42	2019-07-03 09:39:06	29459416	2975401016	0	101	1865		https://sra-downloadb.be-md.ncbi.nlm.nih.gov/sos4/sra-pub-zq-1/SRR009/9640/SRR9640382/SRR9640382.lite.1	SRX6402334		RNA-Seq	cDNA	TRANSCRIPTOMIC	SINGLE	0	0	ILLUMINA	Illumina HiSeq 2000	SRP212874	PRJNA552475	3	552475	SRS5060529	SAMN12210934	simple	29760	Vitis vinifera	GSM3926931							no					GEO	SRA916530		public	34D3D6F4B19CE384E045D2EFFBB44E8F	BC73DC7E2461EB2CB89DCC5AFA6ED03E	https://www.ncbi.nlm.nih.gov/sra/?term=SRR9640382	https://www.ncbi.nlm.nih.gov/bioproject/PRJNA552475	https://www.ncbi.nlm.nih.gov/biosample/SAMN12210934	https://www.ncbi.nlm.nih.gov/sra/?term=SRX6402334	https://sra-downloadb.be-md.ncbi.nlm.nih.gov/sos4/sra-pub-zq-1/SRR009/9640/SRR9640382/SRR9640382.lite.1	1130	
1030	SRR9640383	2021-07-17 07:54:42	2019-07-03 09:38:24	29206263	2949832563	0	101	1848		https://sra-downloadb.be-md.ncbi.nlm.nih.gov/sos4/sra-pub-zq-1/SRR009/9640/SRR9640383/SRR9640383.lite.1	SRX6402335		RNA-Seq	cDNA	TRANSCRIPTOMIC	SINGLE	0	0	ILLUMINA	Illumina HiSeq 2000	SRP212874	PRJNA552475	3	552475	SRS5060530	SAMN12210933	simple	29760	Vitis vinifera	GSM3926932							no					GEO	SRA916530		public	6CE235F0D44F6D556CAB435F00D1CBDC	159C744C7F89EA70ED8828F4B33B346A	https://www.ncbi.nlm.nih.gov/sra/?term=SRR9640383	https://www.ncbi.nlm.nih.gov/bioproject/PRJNA552475	https://www.ncbi.nlm.nih.gov/biosample/SAMN12210933	https://www.ncbi.nlm.nih.gov/sra/?term=SRX6402335	https://sra-downloadb.be-md.ncbi.nlm.nih.gov/sos4/sra-pub-zq-1/SRR009/9640/SRR9640383/SRR9640383.lite.1	1131	
1031	SRR9640384	2021-07-17 07:54:42	2019-07-03 09:38:52	35123611	3547484711	0	101	2231		https://sra-downloadb.be-md.ncbi.nlm.nih.gov/sos4/sra-pub-zq-1/SRR009/9640/SRR9640384/SRR9640384.lite.1	SRX6402336		RNA-Seq	cDNA	TRANSCRIPTOMIC	SINGLE	0	0	ILLUMINA	Illumina HiSeq 2000	SRP212874	PRJNA552475	3	552475	SRS5060531	SAMN12210932	simple	29760	Vitis vinifera	GSM3926933							no					GEO	SRA916530		public	F9EBA9C163168E9741970037B80C5214	BF8D89AEA300AD5E109F4F641ADC8FC1	https://www.ncbi.nlm.nih.gov/sra/?term=SRR9640384	https://www.ncbi.nlm.nih.gov/bioproject/PRJNA552475	https://www.ncbi.nlm.nih.gov/biosample/SAMN12210932	https://www.ncbi.nlm.nih.gov/sra/?term=SRX6402336	https://sra-downloadb.be-md.ncbi.nlm.nih.gov/sos4/sra-pub-zq-1/SRR009/9640/SRR9640384/SRR9640384.lite.1	1132	
1032	SRR9640385	2021-07-17 07:54:42	2019-07-03 09:38:14	28956358	2924592158	0	101	1835		https://sra-downloadb.be-md.ncbi.nlm.nih.gov/sos4/sra-pub-zq-1/SRR009/9640/SRR9640385/SRR9640385.lite.1	SRX6402337		RNA-Seq	cDNA	TRANSCRIPTOMIC	SINGLE	0	0	ILLUMINA	Illumina HiSeq 2000	SRP212874	PRJNA552475	3	552475	SRS5060532	SAMN12210931	simple	29760	Vitis vinifera	GSM3926934							no					GEO	SRA916530		public	178CABBD466E797B8CD360B2ADFBA8E3	4E07DD2944C2794B4BFB2248A15506AC	https://www.ncbi.nlm.nih.gov/sra/?term=SRR9640385	https://www.ncbi.nlm.nih.gov/bioproject/PRJNA552475	https://www.ncbi.nlm.nih.gov/biosample/SAMN12210931	https://www.ncbi.nlm.nih.gov/sra/?term=SRX6402337	https://sra-downloadb.be-md.ncbi.nlm.nih.gov/sos4/sra-pub-zq-1/SRR009/9640/SRR9640385/SRR9640385.lite.1	1133	
1033	SRR9640386	2021-07-17 07:54:42	2019-07-03 09:39:34	34940060	3528946060	0	101	2211		https://sra-downloadb.be-md.ncbi.nlm.nih.gov/sos4/sra-pub-zq-1/SRR009/9640/SRR9640386/SRR9640386.lite.1	SRX6402338		RNA-Seq	cDNA	TRANSCRIPTOMIC	SINGLE	0	0	ILLUMINA	Illumina HiSeq 2000	SRP212874	PRJNA552475	3	552475	SRS5060533	SAMN12210930	simple	29760	Vitis vinifera	GSM3926935							no					GEO	SRA916530		public	79B8061E7CC6F053DBEBBBA92BDE5441	F50B10878BE236B4AF5589604A03BD5C	https://www.ncbi.nlm.nih.gov/sra/?term=SRR9640386	https://www.ncbi.nlm.nih.gov/bioproject/PRJNA552475	https://www.ncbi.nlm.nih.gov/biosample/SAMN12210930	https://www.ncbi.nlm.nih.gov/sra/?term=SRX6402338	https://sra-downloadb.be-md.ncbi.nlm.nih.gov/sos4/sra-pub-zq-1/SRR009/9640/SRR9640386/SRR9640386.lite.1	1134	
1034	SRR9640387	2021-07-17 07:54:42	2019-07-03 09:35:01	30420619	3072482519	0	101	1928		https://sra-downloadb.be-md.ncbi.nlm.nih.gov/sos4/sra-pub-zq-1/SRR009/9640/SRR9640387/SRR9640387.lite.1	SRX6402339		RNA-Seq	cDNA	TRANSCRIPTOMIC	SINGLE	0	0	ILLUMINA	Illumina HiSeq 2000	SRP212874	PRJNA552475	3	552475	SRS5060534	SAMN12210929	simple	29760	Vitis vinifera	GSM3926936							no					GEO	SRA916530		public	172E23747CE66C64831D194B4B380DBE	C9277EA779AE0CD2E9892FA3392F2BBD	https://www.ncbi.nlm.nih.gov/sra/?term=SRR9640387	https://www.ncbi.nlm.nih.gov/bioproject/PRJNA552475	https://www.ncbi.nlm.nih.gov/biosample/SAMN12210929	https://www.ncbi.nlm.nih.gov/sra/?term=SRX6402339	https://sra-downloadb.be-md.ncbi.nlm.nih.gov/sos4/sra-pub-zq-1/SRR009/9640/SRR9640387/SRR9640387.lite.1	1135	
1035	SRR9640388	2021-07-17 07:54:42	2019-07-03 09:38:01	32272163	3259488463	0	101	2052		https://sra-downloadb.be-md.ncbi.nlm.nih.gov/sos4/sra-pub-zq-1/SRR009/9640/SRR9640388/SRR9640388.lite.1	SRX6402340		RNA-Seq	cDNA	TRANSCRIPTOMIC	SINGLE	0	0	ILLUMINA	Illumina HiSeq 2000	SRP212874	PRJNA552475	3	552475	SRS5060535	SAMN12210928	simple	29760	Vitis vinifera	GSM3926937							no					GEO	SRA916530		public	AD54F32F5871C3274800F59B667E216F	F7B6B6E5B528711ADF3478CF9560A472	https://www.ncbi.nlm.nih.gov/sra/?term=SRR9640388	https://www.ncbi.nlm.nih.gov/bioproject/PRJNA552475	https://www.ncbi.nlm.nih.gov/biosample/SAMN12210928	https://www.ncbi.nlm.nih.gov/sra/?term=SRX6402340	https://sra-downloadb.be-md.ncbi.nlm.nih.gov/sos4/sra-pub-zq-1/SRR009/9640/SRR9640388/SRR9640388.lite.1	1136	
1036	SRR9640389	2021-07-17 07:54:42	2019-07-03 09:37:45	35312365	3566548865	0	101	2270		https://sra-downloadb.be-md.ncbi.nlm.nih.gov/sos4/sra-pub-zq-1/SRR009/9640/SRR9640389/SRR9640389.lite.1	SRX6402341		RNA-Seq	cDNA	TRANSCRIPTOMIC	SINGLE	0	0	ILLUMINA	Illumina HiSeq 2000	SRP212874	PRJNA552475	3	552475	SRS5060536	SAMN12210927	simple	29760	Vitis vinifera	GSM3926938							no					GEO	SRA916530		public	60C76E5221939F09DDD0CB77D990974D	B2F0FF87FF8F60F3E0B60C2A58B0E65E	https://www.ncbi.nlm.nih.gov/sra/?term=SRR9640389	https://www.ncbi.nlm.nih.gov/bioproject/PRJNA552475	https://www.ncbi.nlm.nih.gov/biosample/SAMN12210927	https://www.ncbi.nlm.nih.gov/sra/?term=SRX6402341	https://sra-downloadb.be-md.ncbi.nlm.nih.gov/sos4/sra-pub-zq-1/SRR009/9640/SRR9640389/SRR9640389.lite.1	1137	
1037	SRR9640390	2021-07-17 07:54:42	2019-07-03 09:38:23	31137598	3144897398	0	101	1986		https://sra-downloadb.be-md.ncbi.nlm.nih.gov/sos4/sra-pub-zq-1/SRR009/9640/SRR9640390/SRR9640390.lite.1	SRX6402342		RNA-Seq	cDNA	TRANSCRIPTOMIC	SINGLE	0	0	ILLUMINA	Illumina HiSeq 2000	SRP212874	PRJNA552475	3	552475	SRS5060537	SAMN12210926	simple	29760	Vitis vinifera	GSM3926939							no					GEO	SRA916530		public	0A8B2E20511E585125A5649897360505	52E2B464E8F59F18273ABDEDDC32BB71	https://www.ncbi.nlm.nih.gov/sra/?term=SRR9640390	https://www.ncbi.nlm.nih.gov/bioproject/PRJNA552475	https://www.ncbi.nlm.nih.gov/biosample/SAMN12210926	https://www.ncbi.nlm.nih.gov/sra/?term=SRX6402342	https://sra-downloadb.be-md.ncbi.nlm.nih.gov/sos4/sra-pub-zq-1/SRR009/9640/SRR9640390/SRR9640390.lite.1	1138	
1038	SRR9640391	2021-07-17 07:54:42	2019-07-03 09:38:25	31897771	3221674871	0	101	2020		https://sra-downloadb.be-md.ncbi.nlm.nih.gov/sos4/sra-pub-zq-1/SRR009/9640/SRR9640391/SRR9640391.lite.1	SRX6402343		RNA-Seq	cDNA	TRANSCRIPTOMIC	SINGLE	0	0	ILLUMINA	Illumina HiSeq 2000	SRP212874	PRJNA552475	3	552475	SRS5060538	SAMN12210925	simple	29760	Vitis vinifera	GSM3926940							no					GEO	SRA916530		public	FC9B9E3F5DC65F09875739069C35326E	7EAE6BFA7C5C381A1FA66A18C07904D4	https://www.ncbi.nlm.nih.gov/sra/?term=SRR9640391	https://www.ncbi.nlm.nih.gov/bioproject/PRJNA552475	https://www.ncbi.nlm.nih.gov/biosample/SAMN12210925	https://www.ncbi.nlm.nih.gov/sra/?term=SRX6402343	https://sra-downloadb.be-md.ncbi.nlm.nih.gov/sos4/sra-pub-zq-1/SRR009/9640/SRR9640391/SRR9640391.lite.1	1140	
1039	SRR9640392	2021-07-17 07:54:42	2019-07-03 09:38:59	31948939	3226842839	0	101	2041		https://sra-downloadb.be-md.ncbi.nlm.nih.gov/sos4/sra-pub-zq-1/SRR009/9640/SRR9640392/SRR9640392.lite.1	SRX6402344		RNA-Seq	cDNA	TRANSCRIPTOMIC	SINGLE	0	0	ILLUMINA	Illumina HiSeq 2000	SRP212874	PRJNA552475	3	552475	SRS5060539	SAMN12210924	simple	29760	Vitis vinifera	GSM3926941							no					GEO	SRA916530		public	1A24221938466B1299C769E8507C8EFF	4C1BB37C9AE4B08E5C06EE5AD5010819	https://www.ncbi.nlm.nih.gov/sra/?term=SRR9640392	https://www.ncbi.nlm.nih.gov/bioproject/PRJNA552475	https://www.ncbi.nlm.nih.gov/biosample/SAMN12210924	https://www.ncbi.nlm.nih.gov/sra/?term=SRX6402344	https://sra-downloadb.be-md.ncbi.nlm.nih.gov/sos4/sra-pub-zq-1/SRR009/9640/SRR9640392/SRR9640392.lite.1	1141	
1040	SRR9640393	2021-07-17 07:54:42	2019-07-03 09:40:45	35063641	3541427741	0	101	2230		https://sra-downloadb.be-md.ncbi.nlm.nih.gov/sos4/sra-pub-zq-1/SRR009/9640/SRR9640393/SRR9640393.lite.1	SRX6402345		RNA-Seq	cDNA	TRANSCRIPTOMIC	SINGLE	0	0	ILLUMINA	Illumina HiSeq 2000	SRP212874	PRJNA552475	3	552475	SRS5060540	SAMN12210923	simple	29760	Vitis vinifera	GSM3926942							no					GEO	SRA916530		public	7F23EACED916085A3CA0847BC1FF30C1	849A5BE1972376B236E72C6CF9D0B30E	https://www.ncbi.nlm.nih.gov/sra/?term=SRR9640393	https://www.ncbi.nlm.nih.gov/bioproject/PRJNA552475	https://www.ncbi.nlm.nih.gov/biosample/SAMN12210923	https://www.ncbi.nlm.nih.gov/sra/?term=SRX6402345	https://sra-downloadb.be-md.ncbi.nlm.nih.gov/sos4/sra-pub-zq-1/SRR009/9640/SRR9640393/SRR9640393.lite.1	1142	
1041	SRR9640394	2021-07-17 07:54:42	2019-07-03 09:37:18	31899370	3221836370	0	101	2005		https://sra-downloadb.be-md.ncbi.nlm.nih.gov/sos4/sra-pub-zq-1/SRR009/9640/SRR9640394/SRR9640394.lite.1	SRX6402346		RNA-Seq	cDNA	TRANSCRIPTOMIC	SINGLE	0	0	ILLUMINA	Illumina HiSeq 2000	SRP212874	PRJNA552475	3	552475	SRS5060541	SAMN12210922	simple	29760	Vitis vinifera	GSM3926943							no					GEO	SRA916530		public	4111E727757A0B108C019E04EC7E411D	C973F727953E54E50158B4BB8BA2BF0C	https://www.ncbi.nlm.nih.gov/sra/?term=SRR9640394	https://www.ncbi.nlm.nih.gov/bioproject/PRJNA552475	https://www.ncbi.nlm.nih.gov/biosample/SAMN12210922	https://www.ncbi.nlm.nih.gov/sra/?term=SRX6402346	https://sra-downloadb.be-md.ncbi.nlm.nih.gov/sos4/sra-pub-zq-1/SRR009/9640/SRR9640394/SRR9640394.lite.1	1143	
1042	SRR9640395	2021-07-17 07:54:42	2019-07-03 09:40:53	30989534	3129942934	0	101	1950		https://sra-downloadb.be-md.ncbi.nlm.nih.gov/sos4/sra-pub-zq-1/SRR009/9640/SRR9640395/SRR9640395.lite.1	SRX6402347		RNA-Seq	cDNA	TRANSCRIPTOMIC	SINGLE	0	0	ILLUMINA	Illumina HiSeq 2000	SRP212874	PRJNA552475	3	552475	SRS5060542	SAMN12210921	simple	29760	Vitis vinifera	GSM3926944							no					GEO	SRA916530		public	CCB60B38B902C559353944653BDFA5AB	9C7F55A8EB40C1B574C72609894C13D8	https://www.ncbi.nlm.nih.gov/sra/?term=SRR9640395	https://www.ncbi.nlm.nih.gov/bioproject/PRJNA552475	https://www.ncbi.nlm.nih.gov/biosample/SAMN12210921	https://www.ncbi.nlm.nih.gov/sra/?term=SRX6402347	https://sra-downloadb.be-md.ncbi.nlm.nih.gov/sos4/sra-pub-zq-1/SRR009/9640/SRR9640395/SRR9640395.lite.1	1144	
1043	SRR9640396	2021-07-17 07:54:42	2019-07-03 09:36:56	23866047	2410470747	0	101	1497		https://sra-downloadb.be-md.ncbi.nlm.nih.gov/sos4/sra-pub-zq-1/SRR009/9640/SRR9640396/SRR9640396.lite.1	SRX6402348		RNA-Seq	cDNA	TRANSCRIPTOMIC	SINGLE	0	0	ILLUMINA	Illumina HiSeq 2000	SRP212874	PRJNA552475	3	552475	SRS5060543	SAMN12210920	simple	29760	Vitis vinifera	GSM3926945							no					GEO	SRA916530		public	0F2182D7318BB9AB9D008A35AA0CE5DE	B96DEE6BF95628524E49760C3D433F50	https://www.ncbi.nlm.nih.gov/sra/?term=SRR9640396	https://www.ncbi.nlm.nih.gov/bioproject/PRJNA552475	https://www.ncbi.nlm.nih.gov/biosample/SAMN12210920	https://www.ncbi.nlm.nih.gov/sra/?term=SRX6402348	https://sra-downloadb.be-md.ncbi.nlm.nih.gov/sos4/sra-pub-zq-1/SRR009/9640/SRR9640396/SRR9640396.lite.1	1145	
1044	SRR9640397	2021-07-17 07:54:42	2019-07-03 09:37:22	29992739	3029266639	0	101	1883		https://sra-downloadb.be-md.ncbi.nlm.nih.gov/sos4/sra-pub-zq-1/SRR009/9640/SRR9640397/SRR9640397.lite.1	SRX6402349		RNA-Seq	cDNA	TRANSCRIPTOMIC	SINGLE	0	0	ILLUMINA	Illumina HiSeq 2000	SRP212874	PRJNA552475	3	552475	SRS5060544	SAMN12210943	simple	29760	Vitis vinifera	GSM3926946							no					GEO	SRA916530		public	A54A6AEE34F87948F98CB2AFE5B8AB7F	C72A470CA26E896465ED4EFB3C576844	https://www.ncbi.nlm.nih.gov/sra/?term=SRR9640397	https://www.ncbi.nlm.nih.gov/bioproject/PRJNA552475	https://www.ncbi.nlm.nih.gov/biosample/SAMN12210943	https://www.ncbi.nlm.nih.gov/sra/?term=SRX6402349	https://sra-downloadb.be-md.ncbi.nlm.nih.gov/sos4/sra-pub-zq-1/SRR009/9640/SRR9640397/SRR9640397.lite.1	1146	
1045	SRR11814495	2024-04-23 16:59:10	2020-05-19 18:46:28	34260393	1747280043	0	51	1012		https://sra-downloadb.be-md.ncbi.nlm.nih.gov/sos5/sra-pub-zq-16/SRR011/11814/SRR11814495/SRR11814495.lite.1	SRX8365533		ncRNA-Seq	size fractionation	TRANSCRIPTOMIC	SINGLE	0	0	ILLUMINA	Illumina HiSeq 2500	SRP262363	PRJNA633909	3	633909	SRS6681392	SAMN14974970	simple	29760	Vitis vinifera	GSM4560121							no					GEO	SRA1077193		public	A477B7A6DFB281EE7466F0B3807671BC	EB44C2F98CE80C1EF2E9CAA624091F35	https://www.ncbi.nlm.nih.gov/sra/?term=SRR11814495	https://www.ncbi.nlm.nih.gov/bioproject/PRJNA633909	https://www.ncbi.nlm.nih.gov/biosample/SAMN14974970	https://www.ncbi.nlm.nih.gov/sra/?term=SRX8365533	https://sra-downloadb.be-md.ncbi.nlm.nih.gov/sos5/sra-pub-zq-16/SRR011/11814/SRR11814495/SRR11814495.lite.1	13	
1046	SRR11814496	2024-04-23 16:59:10	2020-05-19 18:41:05	1222123	61106150	0	50	37		https://sra-downloadb.be-md.ncbi.nlm.nih.gov/sos5/sra-pub-zq-16/SRR011/11814/SRR11814496/SRR11814496.lite.1	SRX8365534		ncRNA-Seq	size fractionation	TRANSCRIPTOMIC	SINGLE	0	0	ILLUMINA	Illumina HiSeq 2500	SRP262363	PRJNA633909	3	633909	SRS6681393	SAMN14974968	simple	29760	Vitis vinifera	GSM4560122							no					GEO	SRA1077193		public	5C31484C4E5E933D07BADC12CB8450B9	02729C3813C362E597E5923B0F1C4DB9	https://www.ncbi.nlm.nih.gov/sra/?term=SRR11814496	https://www.ncbi.nlm.nih.gov/bioproject/PRJNA633909	https://www.ncbi.nlm.nih.gov/biosample/SAMN14974968	https://www.ncbi.nlm.nih.gov/sra/?term=SRX8365534	https://sra-downloadb.be-md.ncbi.nlm.nih.gov/sos5/sra-pub-zq-16/SRR011/11814/SRR11814496/SRR11814496.lite.1	14	
1047	SRR12002894	2021-12-28 19:42:14	2020-06-12 09:12:54	10277212	513860600	0	50	142		https://sra-downloadb.be-md.ncbi.nlm.nih.gov/sos1/sra-pub-zq-38/SRR012/12002/SRR12002894/SRR12002894.lite.1	SRX8536132		ncRNA-Seq	size fractionation	TRANSCRIPTOMIC	SINGLE	0	0	ILLUMINA	Illumina HiSeq 2500	SRP267037	PRJNA639050	3	639050	SRS6831094	SAMN15222130	simple	29760	Vitis vinifera	GSM4613147							no					GEO	SRA1086254		public	41394C87A8FF16C48534E970BC98E98E	EB15000FA2003B6E3F5674856CDD1E1E	https://www.ncbi.nlm.nih.gov/sra/?term=SRR12002894	https://www.ncbi.nlm.nih.gov/bioproject/PRJNA639050	https://www.ncbi.nlm.nih.gov/biosample/SAMN15222130	https://www.ncbi.nlm.nih.gov/sra/?term=SRX8536132	https://sra-downloadb.be-md.ncbi.nlm.nih.gov/sos1/sra-pub-zq-38/SRR012/12002/SRR12002894/SRR12002894.lite.1	16	
1048	SRR12002895	2021-12-28 19:42:14	2020-06-12 09:12:39	8433511	421675550	0	50	116		https://sra-downloadb.be-md.ncbi.nlm.nih.gov/sos9/sra-pub-zq-922/SRR012/12002/SRR12002895/SRR12002895.lite.1	SRX8536133		ncRNA-Seq	size fractionation	TRANSCRIPTOMIC	SINGLE	0	0	ILLUMINA	Illumina HiSeq 2500	SRP267037	PRJNA639050	3	639050	SRS6831095	SAMN15222129	simple	29760	Vitis vinifera	GSM4613148							no					GEO	SRA1086254		public	D73B033A979EADDBF4102A00F5148E88	415ECB88C20A8640C21A0E9D9EB232A3	https://www.ncbi.nlm.nih.gov/sra/?term=SRR12002895	https://www.ncbi.nlm.nih.gov/bioproject/PRJNA639050	https://www.ncbi.nlm.nih.gov/biosample/SAMN15222129	https://www.ncbi.nlm.nih.gov/sra/?term=SRX8536133	https://sra-downloadb.be-md.ncbi.nlm.nih.gov/sos9/sra-pub-zq-922/SRR012/12002/SRR12002895/SRR12002895.lite.1	17	
1049	SRR12002896	2021-12-28 19:42:14	2020-06-12 09:13:16	9942927	497146350	0	50	144		https://sra-downloadb.be-md.ncbi.nlm.nih.gov/sos9/sra-pub-zq-924/SRR012/12002/SRR12002896/SRR12002896.lite.1	SRX8536134		ncRNA-Seq	size fractionation	TRANSCRIPTOMIC	SINGLE	0	0	ILLUMINA	Illumina HiSeq 2500	SRP267037	PRJNA639050	3	639050	SRS6831096	SAMN15222128	simple	29760	Vitis vinifera	GSM4613149							no					GEO	SRA1086254		public	0F8ADD1C5E2A74CC163A6BC6D80B489F	DBD1695F74E438C5067543424E7E0FB1	https://www.ncbi.nlm.nih.gov/sra/?term=SRR12002896	https://www.ncbi.nlm.nih.gov/bioproject/PRJNA639050	https://www.ncbi.nlm.nih.gov/biosample/SAMN15222128	https://www.ncbi.nlm.nih.gov/sra/?term=SRX8536134	https://sra-downloadb.be-md.ncbi.nlm.nih.gov/sos9/sra-pub-zq-924/SRR012/12002/SRR12002896/SRR12002896.lite.1	18	
1050	SRR12002897	2021-12-28 19:42:14	2020-06-12 09:15:39	20442363	1022118150	0	50	318		https://sra-downloadb.be-md.ncbi.nlm.nih.gov/sos4/sra-pub-zq-1/SRR012/12002/SRR12002897/SRR12002897.lite.1	SRX8536135		ncRNA-Seq	size fractionation	TRANSCRIPTOMIC	SINGLE	0	0	ILLUMINA	Illumina HiSeq 2500	SRP267037	PRJNA639050	3	639050	SRS6831097	SAMN15222127	simple	29760	Vitis vinifera	GSM4613150							no					GEO	SRA1086254		public	D2E71BDC851D8DDF1FA0F5BEF550B59B	AF6048631A2CE02B072A20CF196F41E1	https://www.ncbi.nlm.nih.gov/sra/?term=SRR12002897	https://www.ncbi.nlm.nih.gov/bioproject/PRJNA639050	https://www.ncbi.nlm.nih.gov/biosample/SAMN15222127	https://www.ncbi.nlm.nih.gov/sra/?term=SRX8536135	https://sra-downloadb.be-md.ncbi.nlm.nih.gov/sos4/sra-pub-zq-1/SRR012/12002/SRR12002897/SRR12002897.lite.1	19	
1051	SRR12002898	2021-12-28 19:42:14	2020-06-12 09:13:31	14122939	706146950	0	50	221		https://sra-downloadb.be-md.ncbi.nlm.nih.gov/sos4/sra-pub-zq-1/SRR012/12002/SRR12002898/SRR12002898.lite.1	SRX8536136		ncRNA-Seq	size fractionation	TRANSCRIPTOMIC	SINGLE	0	0	ILLUMINA	Illumina HiSeq 2500	SRP267037	PRJNA639050	3	639050	SRS6831098	SAMN15222126	simple	29760	Vitis vinifera	GSM4613151							no					GEO	SRA1086254		public	CE1A143699B8AF131C1D4198A04C14CC	9B2597913323B3CEFAD29EC9FD2D421A	https://www.ncbi.nlm.nih.gov/sra/?term=SRR12002898	https://www.ncbi.nlm.nih.gov/bioproject/PRJNA639050	https://www.ncbi.nlm.nih.gov/biosample/SAMN15222126	https://www.ncbi.nlm.nih.gov/sra/?term=SRX8536136	https://sra-downloadb.be-md.ncbi.nlm.nih.gov/sos4/sra-pub-zq-1/SRR012/12002/SRR12002898/SRR12002898.lite.1	20	
1052	SRR12002899	2021-12-28 19:42:14	2020-06-12 09:13:47	12932282	646614100	0	50	196		https://sra-downloadb.be-md.ncbi.nlm.nih.gov/sos9/sra-pub-zq-924/SRR012/12002/SRR12002899/SRR12002899.lite.1	SRX8536137		ncRNA-Seq	size fractionation	TRANSCRIPTOMIC	SINGLE	0	0	ILLUMINA	Illumina HiSeq 2500	SRP267037	PRJNA639050	3	639050	SRS6831099	SAMN15222125	simple	29760	Vitis vinifera	GSM4613152							no					GEO	SRA1086254		public	F1AEB15D0658B9368593FB72D08D88A1	640678D4B53B851598AA83FA3D3C5C8D	https://www.ncbi.nlm.nih.gov/sra/?term=SRR12002899	https://www.ncbi.nlm.nih.gov/bioproject/PRJNA639050	https://www.ncbi.nlm.nih.gov/biosample/SAMN15222125	https://www.ncbi.nlm.nih.gov/sra/?term=SRX8536137	https://sra-downloadb.be-md.ncbi.nlm.nih.gov/sos9/sra-pub-zq-924/SRR012/12002/SRR12002899/SRR12002899.lite.1	21	
1053	SRR12002900	2021-12-28 19:42:14	2020-06-12 09:13:20	11470328	573516400	0	50	158		https://sra-downloadb.be-md.ncbi.nlm.nih.gov/sos4/sra-pub-zq-1/SRR012/12002/SRR12002900/SRR12002900.lite.1	SRX8536138		ncRNA-Seq	size fractionation	TRANSCRIPTOMIC	SINGLE	0	0	ILLUMINA	Illumina HiSeq 2500	SRP267037	PRJNA639050	3	639050	SRS6831100	SAMN15222124	simple	29760	Vitis vinifera	GSM4613153							no					GEO	SRA1086254		public	54C13175531118708500FA4876319169	AB3C12CBB29FFA5EB445D7A8061D5896	https://www.ncbi.nlm.nih.gov/sra/?term=SRR12002900	https://www.ncbi.nlm.nih.gov/bioproject/PRJNA639050	https://www.ncbi.nlm.nih.gov/biosample/SAMN15222124	https://www.ncbi.nlm.nih.gov/sra/?term=SRX8536138	https://sra-downloadb.be-md.ncbi.nlm.nih.gov/sos4/sra-pub-zq-1/SRR012/12002/SRR12002900/SRR12002900.lite.1	22	
1054	SRR12002901	2021-12-28 19:42:14	2020-06-12 09:15:14	21179322	1058966100	0	50	298		https://sra-downloadb.be-md.ncbi.nlm.nih.gov/sos9/sra-pub-zq-924/SRR012/12002/SRR12002901/SRR12002901.lite.1	SRX8536139		ncRNA-Seq	size fractionation	TRANSCRIPTOMIC	SINGLE	0	0	ILLUMINA	Illumina HiSeq 2500	SRP267037	PRJNA639050	3	639050	SRS6831101	SAMN15222123	simple	29760	Vitis vinifera	GSM4613154							no					GEO	SRA1086254		public	D8F37AD85EF447310E8E5E8FDBD857B2	CF4BAA0F5325D1821CE13A6CF7A20F50	https://www.ncbi.nlm.nih.gov/sra/?term=SRR12002901	https://www.ncbi.nlm.nih.gov/bioproject/PRJNA639050	https://www.ncbi.nlm.nih.gov/biosample/SAMN15222123	https://www.ncbi.nlm.nih.gov/sra/?term=SRX8536139	https://sra-downloadb.be-md.ncbi.nlm.nih.gov/sos9/sra-pub-zq-924/SRR012/12002/SRR12002901/SRR12002901.lite.1	23	
1055	SRR12002902	2021-12-28 19:42:14	2020-06-12 09:13:50	13192074	659603700	0	50	182		https://sra-downloadb.be-md.ncbi.nlm.nih.gov/sos4/sra-pub-zq-1/SRR012/12002/SRR12002902/SRR12002902.lite.1	SRX8536140		ncRNA-Seq	size fractionation	TRANSCRIPTOMIC	SINGLE	0	0	ILLUMINA	Illumina HiSeq 2500	SRP267037	PRJNA639050	3	639050	SRS6831102	SAMN15222122	simple	29760	Vitis vinifera	GSM4613155							no					GEO	SRA1086254		public	4BEE8B012953EF795A06B3A665A78056	B9F2E0BE3A835AB61D1407DAB0088AD3	https://www.ncbi.nlm.nih.gov/sra/?term=SRR12002902	https://www.ncbi.nlm.nih.gov/bioproject/PRJNA639050	https://www.ncbi.nlm.nih.gov/biosample/SAMN15222122	https://www.ncbi.nlm.nih.gov/sra/?term=SRX8536140	https://sra-downloadb.be-md.ncbi.nlm.nih.gov/sos4/sra-pub-zq-1/SRR012/12002/SRR12002902/SRR12002902.lite.1	25	
1056	SRR12002903	2021-12-28 19:42:14	2020-06-12 09:14:31	17866089	893304450	0	50	272		https://sra-downloadb.be-md.ncbi.nlm.nih.gov/sos4/sra-pub-zq-1/SRR012/12002/SRR12002903/SRR12002903.lite.1	SRX8536141		ncRNA-Seq	size fractionation	TRANSCRIPTOMIC	SINGLE	0	0	ILLUMINA	Illumina HiSeq 2500	SRP267037	PRJNA639050	3	639050	SRS6831103	SAMN15222121	simple	29760	Vitis vinifera	GSM4613156							no					GEO	SRA1086254		public	F570D5CBADB153C9EE713D2F8F0FE2B2	41D4B72BBF06FFC913D6EF121927EFB7	https://www.ncbi.nlm.nih.gov/sra/?term=SRR12002903	https://www.ncbi.nlm.nih.gov/bioproject/PRJNA639050	https://www.ncbi.nlm.nih.gov/biosample/SAMN15222121	https://www.ncbi.nlm.nih.gov/sra/?term=SRX8536141	https://sra-downloadb.be-md.ncbi.nlm.nih.gov/sos4/sra-pub-zq-1/SRR012/12002/SRR12002903/SRR12002903.lite.1	26	
1057	SRR12002904	2021-12-28 19:42:14	2020-06-12 09:15:08	24228769	1211438450	0	50	333		https://sra-downloadb.be-md.ncbi.nlm.nih.gov/sos1/sra-pub-zq-38/SRR012/12002/SRR12002904/SRR12002904.lite.1	SRX8536142		ncRNA-Seq	size fractionation	TRANSCRIPTOMIC	SINGLE	0	0	ILLUMINA	Illumina HiSeq 2500	SRP267037	PRJNA639050	3	639050	SRS6831104	SAMN15222120	simple	29760	Vitis vinifera	GSM4613157							no					GEO	SRA1086254		public	187749B3CDDDD024338E59AC5174205C	AA4496063C62438C1488A6AF7866AB72	https://www.ncbi.nlm.nih.gov/sra/?term=SRR12002904	https://www.ncbi.nlm.nih.gov/bioproject/PRJNA639050	https://www.ncbi.nlm.nih.gov/biosample/SAMN15222120	https://www.ncbi.nlm.nih.gov/sra/?term=SRX8536142	https://sra-downloadb.be-md.ncbi.nlm.nih.gov/sos1/sra-pub-zq-38/SRR012/12002/SRR12002904/SRR12002904.lite.1	27	
1058	SRR12002905	2021-12-28 19:42:14	2020-06-12 09:13:10	13517103	675855150	0	50	211		https://sra-downloadb.be-md.ncbi.nlm.nih.gov/sos1/sra-pub-zq-38/SRR012/12002/SRR12002905/SRR12002905.lite.1	SRX8536143		ncRNA-Seq	size fractionation	TRANSCRIPTOMIC	SINGLE	0	0	ILLUMINA	Illumina HiSeq 2500	SRP267037	PRJNA639050	3	639050	SRS6831105	SAMN15222119	simple	29760	Vitis vinifera	GSM4613158							no					GEO	SRA1086254		public	408D50F9477B707AAF456989C8C73F3C	3822CD8ED691F0634C43DED9A7F4F23A	https://www.ncbi.nlm.nih.gov/sra/?term=SRR12002905	https://www.ncbi.nlm.nih.gov/bioproject/PRJNA639050	https://www.ncbi.nlm.nih.gov/biosample/SAMN15222119	https://www.ncbi.nlm.nih.gov/sra/?term=SRX8536143	https://sra-downloadb.be-md.ncbi.nlm.nih.gov/sos1/sra-pub-zq-38/SRR012/12002/SRR12002905/SRR12002905.lite.1	28	
1059	SRR12002906	2021-12-28 19:42:14	2020-06-12 09:13:53	18030897	901544850	0	50	281		https://sra-downloadb.be-md.ncbi.nlm.nih.gov/sos4/sra-pub-zq-1/SRR012/12002/SRR12002906/SRR12002906.lite.1	SRX8536144		ncRNA-Seq	size fractionation	TRANSCRIPTOMIC	SINGLE	0	0	ILLUMINA	Illumina HiSeq 2500	SRP267037	PRJNA639050	3	639050	SRS6831106	SAMN15222118	simple	29760	Vitis vinifera	GSM4613159							no					GEO	SRA1086254		public	7BE998D2FD8ECA742995156D9CE3532B	74251442D86501A577F11FFC5CAA64E7	https://www.ncbi.nlm.nih.gov/sra/?term=SRR12002906	https://www.ncbi.nlm.nih.gov/bioproject/PRJNA639050	https://www.ncbi.nlm.nih.gov/biosample/SAMN15222118	https://www.ncbi.nlm.nih.gov/sra/?term=SRX8536144	https://sra-downloadb.be-md.ncbi.nlm.nih.gov/sos4/sra-pub-zq-1/SRR012/12002/SRR12002906/SRR12002906.lite.1	29	
1060	SRR12002907	2021-12-28 19:42:14	2020-06-12 09:15:02	18239532	911976600	0	50	280		https://sra-downloadb.be-md.ncbi.nlm.nih.gov/sos4/sra-pub-zq-1/SRR012/12002/SRR12002907/SRR12002907.lite.1	SRX8536145		ncRNA-Seq	size fractionation	TRANSCRIPTOMIC	SINGLE	0	0	ILLUMINA	Illumina HiSeq 2500	SRP267037	PRJNA639050	3	639050	SRS6831107	SAMN15222117	simple	29760	Vitis vinifera	GSM4613160							no					GEO	SRA1086254		public	F280C5D0AF0AF9B8DFA265923FA5D565	435ED813B9289D621A36226EB8DEE625	https://www.ncbi.nlm.nih.gov/sra/?term=SRR12002907	https://www.ncbi.nlm.nih.gov/bioproject/PRJNA639050	https://www.ncbi.nlm.nih.gov/biosample/SAMN15222117	https://www.ncbi.nlm.nih.gov/sra/?term=SRX8536145	https://sra-downloadb.be-md.ncbi.nlm.nih.gov/sos4/sra-pub-zq-1/SRR012/12002/SRR12002907/SRR12002907.lite.1	30	
1061	SRR12002908	2021-12-28 19:42:14	2020-06-12 09:14:25	15921949	796097450	0	50	242		https://sra-downloadb.be-md.ncbi.nlm.nih.gov/sos9/sra-pub-zq-924/SRR012/12002/SRR12002908/SRR12002908.lite.1	SRX8536146		ncRNA-Seq	size fractionation	TRANSCRIPTOMIC	SINGLE	0	0	ILLUMINA	Illumina HiSeq 2500	SRP267037	PRJNA639050	3	639050	SRS6831108	SAMN15222116	simple	29760	Vitis vinifera	GSM4613161							no					GEO	SRA1086254		public	0EBAB664D908E3E67A01F1D34A96E8B4	1D1E8A85DD46F1F2BA5DDE05FC759893	https://www.ncbi.nlm.nih.gov/sra/?term=SRR12002908	https://www.ncbi.nlm.nih.gov/bioproject/PRJNA639050	https://www.ncbi.nlm.nih.gov/biosample/SAMN15222116	https://www.ncbi.nlm.nih.gov/sra/?term=SRX8536146	https://sra-downloadb.be-md.ncbi.nlm.nih.gov/sos9/sra-pub-zq-924/SRR012/12002/SRR12002908/SRR12002908.lite.1	31	
1062	SRR12002909	2021-12-28 19:42:14	2020-06-12 09:13:01	11514490	575724500	0	50	158		https://sra-downloadb.be-md.ncbi.nlm.nih.gov/sos9/sra-pub-zq-922/SRR012/12002/SRR12002909/SRR12002909.lite.1	SRX8536147		ncRNA-Seq	size fractionation	TRANSCRIPTOMIC	SINGLE	0	0	ILLUMINA	Illumina HiSeq 2500	SRP267037	PRJNA639050	3	639050	SRS6831109	SAMN15222115	simple	29760	Vitis vinifera	GSM4613162							no					GEO	SRA1086254		public	9C2ED09C1A69020AED9854021DFF4E24	E08EECF863FDC853B339469D1590D8B0	https://www.ncbi.nlm.nih.gov/sra/?term=SRR12002909	https://www.ncbi.nlm.nih.gov/bioproject/PRJNA639050	https://www.ncbi.nlm.nih.gov/biosample/SAMN15222115	https://www.ncbi.nlm.nih.gov/sra/?term=SRX8536147	https://sra-downloadb.be-md.ncbi.nlm.nih.gov/sos9/sra-pub-zq-922/SRR012/12002/SRR12002909/SRR12002909.lite.1	32	
1063	SRR12002910	2021-12-28 19:42:14	2020-06-12 09:12:43	9854524	492726200	0	50	136		https://sra-downloadb.be-md.ncbi.nlm.nih.gov/sos9/sra-pub-zq-924/SRR012/12002/SRR12002910/SRR12002910.lite.1	SRX8536148		ncRNA-Seq	size fractionation	TRANSCRIPTOMIC	SINGLE	0	0	ILLUMINA	Illumina HiSeq 2500	SRP267037	PRJNA639050	3	639050	SRS6831110	SAMN15222114	simple	29760	Vitis vinifera	GSM4613163							no					GEO	SRA1086254		public	ED5FEF46E4F874F334CC342D30BBE7FD	1F5147DB9791F499EF736243DFFD4DE8	https://www.ncbi.nlm.nih.gov/sra/?term=SRR12002910	https://www.ncbi.nlm.nih.gov/bioproject/PRJNA639050	https://www.ncbi.nlm.nih.gov/biosample/SAMN15222114	https://www.ncbi.nlm.nih.gov/sra/?term=SRX8536148	https://sra-downloadb.be-md.ncbi.nlm.nih.gov/sos9/sra-pub-zq-924/SRR012/12002/SRR12002910/SRR12002910.lite.1	33	
1064	SRR12002911	2021-12-28 19:42:14	2020-06-12 09:13:31	11513708	575685400	0	50	157		https://sra-downloadb.be-md.ncbi.nlm.nih.gov/sos9/sra-pub-zq-924/SRR012/12002/SRR12002911/SRR12002911.lite.1	SRX8536149		ncRNA-Seq	size fractionation	TRANSCRIPTOMIC	SINGLE	0	0	ILLUMINA	Illumina HiSeq 2500	SRP267037	PRJNA639050	3	639050	SRS6831111	SAMN15222113	simple	29760	Vitis vinifera	GSM4613164							no					GEO	SRA1086254		public	91905B4F751D4D0E252AA672CB1D7FF2	FC8A892254A5FA1596C436A0833026FD	https://www.ncbi.nlm.nih.gov/sra/?term=SRR12002911	https://www.ncbi.nlm.nih.gov/bioproject/PRJNA639050	https://www.ncbi.nlm.nih.gov/biosample/SAMN15222113	https://www.ncbi.nlm.nih.gov/sra/?term=SRX8536149	https://sra-downloadb.be-md.ncbi.nlm.nih.gov/sos9/sra-pub-zq-924/SRR012/12002/SRR12002911/SRR12002911.lite.1	35	
1065	SRR12858438	2021-01-01 12:26:17	2020-10-21 12:37:38	45228481	2306652531	0	51	766		https://sra-downloadb.be-md.ncbi.nlm.nih.gov/sos9/sra-pub-zq-922/SRR012/12858/SRR12858438/SRR12858438.lite.1	SRX9325358		ncRNA-Seq	size fractionation	TRANSCRIPTOMIC	SINGLE	0	0	ILLUMINA	Illumina HiSeq 2000	SRP287987	PRJNA670430	3	670430	SRS7549664	SAMN16495753	simple	29760	Vitis vinifera	GSM4844063							no					GEO	SRA1145981		public	8577ED1F1C49526FF36E31C7EAD16A6B	0D9CFB078F8B97C6E017BF00188090B1	https://www.ncbi.nlm.nih.gov/sra/?term=SRR12858438	https://www.ncbi.nlm.nih.gov/bioproject/PRJNA670430	https://www.ncbi.nlm.nih.gov/biosample/SAMN16495753	https://www.ncbi.nlm.nih.gov/sra/?term=SRX9325358	https://sra-downloadb.be-md.ncbi.nlm.nih.gov/sos9/sra-pub-zq-922/SRR012/12858/SRR12858438/SRR12858438.lite.1	82	
1066	SRR12858439	2021-01-01 12:26:17	2020-10-21 12:39:07	47044156	2399251956	0	51	736		https://sra-downloadb.be-md.ncbi.nlm.nih.gov/sos9/sra-pub-zq-922/SRR012/12858/SRR12858439/SRR12858439.lite.1	SRX9325359		ncRNA-Seq	size fractionation	TRANSCRIPTOMIC	SINGLE	0	0	ILLUMINA	Illumina HiSeq 2000	SRP287987	PRJNA670430	3	670430	SRS7549663	SAMN16495752	simple	29760	Vitis vinifera	GSM4844064							no					GEO	SRA1145981		public	F8A9A9BD743D27EEDEB35E66CF3D0555	4B7E648ECECF619E9C05D61E2BE10CDB	https://www.ncbi.nlm.nih.gov/sra/?term=SRR12858439	https://www.ncbi.nlm.nih.gov/bioproject/PRJNA670430	https://www.ncbi.nlm.nih.gov/biosample/SAMN16495752	https://www.ncbi.nlm.nih.gov/sra/?term=SRX9325359	https://sra-downloadb.be-md.ncbi.nlm.nih.gov/sos9/sra-pub-zq-922/SRR012/12858/SRR12858439/SRR12858439.lite.1	83	
1067	SRR12858440	2021-01-01 12:26:17	2020-10-21 12:35:34	36035331	1837801881	0	51	611		https://sra-downloadb.be-md.ncbi.nlm.nih.gov/sos9/sra-pub-zq-922/SRR012/12858/SRR12858440/SRR12858440.lite.1	SRX9325360		ncRNA-Seq	size fractionation	TRANSCRIPTOMIC	SINGLE	0	0	ILLUMINA	Illumina HiSeq 2000	SRP287987	PRJNA670430	3	670430	SRS7549665	SAMN16495751	simple	29760	Vitis vinifera	GSM4844065							no					GEO	SRA1145981		public	4358A3BA1448BF1B5BE1C4E9A10182AA	A89AE303395E434E04F1207736979FAC	https://www.ncbi.nlm.nih.gov/sra/?term=SRR12858440	https://www.ncbi.nlm.nih.gov/bioproject/PRJNA670430	https://www.ncbi.nlm.nih.gov/biosample/SAMN16495751	https://www.ncbi.nlm.nih.gov/sra/?term=SRX9325360	https://sra-downloadb.be-md.ncbi.nlm.nih.gov/sos9/sra-pub-zq-922/SRR012/12858/SRR12858440/SRR12858440.lite.1	84	
1068	SRR12858441	2021-01-01 12:26:17	2020-10-21 12:34:01	36569496	1865044296	0	51	571		https://sra-downloadb.be-md.ncbi.nlm.nih.gov/sos9/sra-pub-zq-924/SRR012/12858/SRR12858441/SRR12858441.lite.1	SRX9325361		ncRNA-Seq	size fractionation	TRANSCRIPTOMIC	SINGLE	0	0	ILLUMINA	Illumina HiSeq 2000	SRP287987	PRJNA670430	3	670430	SRS7549666	SAMN16495748	simple	29760	Vitis vinifera	GSM4844066							no					GEO	SRA1145981		public	8E4DF081F0BE7848A7B87CC614C19781	9B91CA3EE710F60E5B3CAFE086E2A229	https://www.ncbi.nlm.nih.gov/sra/?term=SRR12858441	https://www.ncbi.nlm.nih.gov/bioproject/PRJNA670430	https://www.ncbi.nlm.nih.gov/biosample/SAMN16495748	https://www.ncbi.nlm.nih.gov/sra/?term=SRX9325361	https://sra-downloadb.be-md.ncbi.nlm.nih.gov/sos9/sra-pub-zq-924/SRR012/12858/SRR12858441/SRR12858441.lite.1	85	
1069	SRR12858442	2021-01-01 12:26:17	2020-10-21 12:37:57	46151792	2353741392	0	51	733		https://sra-downloadb.be-md.ncbi.nlm.nih.gov/sos9/sra-pub-zq-922/SRR012/12858/SRR12858442/SRR12858442.lite.1	SRX9325362		ncRNA-Seq	size fractionation	TRANSCRIPTOMIC	SINGLE	0	0	ILLUMINA	Illumina HiSeq 2000	SRP287987	PRJNA670430	3	670430	SRS7549667	SAMN16495747	simple	29760	Vitis vinifera	GSM4844067							no					GEO	SRA1145981		public	5B58556153614E4A4562DB43E3F6CC21	C7DC0F641BADF6E7FBCE643C907DAC28	https://www.ncbi.nlm.nih.gov/sra/?term=SRR12858442	https://www.ncbi.nlm.nih.gov/bioproject/PRJNA670430	https://www.ncbi.nlm.nih.gov/biosample/SAMN16495747	https://www.ncbi.nlm.nih.gov/sra/?term=SRX9325362	https://sra-downloadb.be-md.ncbi.nlm.nih.gov/sos9/sra-pub-zq-922/SRR012/12858/SRR12858442/SRR12858442.lite.1	86	
1070	SRR12858443	2021-01-01 12:26:17	2020-10-21 12:36:33	42907749	2188295199	0	51	652		https://sra-downloadb.be-md.ncbi.nlm.nih.gov/sos9/sra-pub-zq-924/SRR012/12858/SRR12858443/SRR12858443.lite.1	SRX9325363		ncRNA-Seq	size fractionation	TRANSCRIPTOMIC	SINGLE	0	0	ILLUMINA	Illumina HiSeq 2000	SRP287987	PRJNA670430	3	670430	SRS7549668	SAMN16495746	simple	29760	Vitis vinifera	GSM4844068							no					GEO	SRA1145981		public	F6CA5C8345E1D521D156DE18EBB1C94C	8C4A576EDF3F697852DD6F4814893E1B	https://www.ncbi.nlm.nih.gov/sra/?term=SRR12858443	https://www.ncbi.nlm.nih.gov/bioproject/PRJNA670430	https://www.ncbi.nlm.nih.gov/biosample/SAMN16495746	https://www.ncbi.nlm.nih.gov/sra/?term=SRX9325363	https://sra-downloadb.be-md.ncbi.nlm.nih.gov/sos9/sra-pub-zq-924/SRR012/12858/SRR12858443/SRR12858443.lite.1	87	
1071	SRR12858444	2021-01-01 12:26:17	2020-10-21 12:35:00	31402279	1601516229	0	51	528		https://sra-downloadb.be-md.ncbi.nlm.nih.gov/sos9/sra-pub-zq-924/SRR012/12858/SRR12858444/SRR12858444.lite.1	SRX9325364		ncRNA-Seq	size fractionation	TRANSCRIPTOMIC	SINGLE	0	0	ILLUMINA	Illumina HiSeq 2000	SRP287987	PRJNA670430	3	670430	SRS7549669	SAMN16495745	simple	29760	Vitis vinifera	GSM4844069							no					GEO	SRA1145981		public	AFE8209AC8FBA83EFDB6B6B6B47DECAA	F10F26B4EA7FCA3541851A8575796726	https://www.ncbi.nlm.nih.gov/sra/?term=SRR12858444	https://www.ncbi.nlm.nih.gov/bioproject/PRJNA670430	https://www.ncbi.nlm.nih.gov/biosample/SAMN16495745	https://www.ncbi.nlm.nih.gov/sra/?term=SRX9325364	https://sra-downloadb.be-md.ncbi.nlm.nih.gov/sos9/sra-pub-zq-924/SRR012/12858/SRR12858444/SRR12858444.lite.1	88	
1072	SRR12858445	2021-01-01 12:26:17	2020-10-21 12:34:14	37340660	1904373660	0	51	546		https://sra-downloadb.be-md.ncbi.nlm.nih.gov/sos9/sra-pub-zq-922/SRR012/12858/SRR12858445/SRR12858445.lite.1	SRX9325365		ncRNA-Seq	size fractionation	TRANSCRIPTOMIC	SINGLE	0	0	ILLUMINA	Illumina HiSeq 2000	SRP287987	PRJNA670430	3	670430	SRS7549670	SAMN16495744	simple	29760	Vitis vinifera	GSM4844070							no					GEO	SRA1145981		public	16820DFA0AAC26A90B7EE44EE02FD461	EBF94781E205D7D847DC6D0C65140624	https://www.ncbi.nlm.nih.gov/sra/?term=SRR12858445	https://www.ncbi.nlm.nih.gov/bioproject/PRJNA670430	https://www.ncbi.nlm.nih.gov/biosample/SAMN16495744	https://www.ncbi.nlm.nih.gov/sra/?term=SRX9325365	https://sra-downloadb.be-md.ncbi.nlm.nih.gov/sos9/sra-pub-zq-922/SRR012/12858/SRR12858445/SRR12858445.lite.1	89	
1073	SRR12858446	2021-01-01 12:26:17	2020-10-21 12:34:48	38514451	1964237001	0	51	602		https://sra-downloadb.be-md.ncbi.nlm.nih.gov/sos9/sra-pub-zq-922/SRR012/12858/SRR12858446/SRR12858446.lite.1	SRX9325366		ncRNA-Seq	size fractionation	TRANSCRIPTOMIC	SINGLE	0	0	ILLUMINA	Illumina HiSeq 2000	SRP287987	PRJNA670430	3	670430	SRS7549671	SAMN16495743	simple	29760	Vitis vinifera	GSM4844071							no					GEO	SRA1145981		public	156632E00B5E86E78B84E3934EA82D72	3CEEC116194786CEB07E302B2C45E85D	https://www.ncbi.nlm.nih.gov/sra/?term=SRR12858446	https://www.ncbi.nlm.nih.gov/bioproject/PRJNA670430	https://www.ncbi.nlm.nih.gov/biosample/SAMN16495743	https://www.ncbi.nlm.nih.gov/sra/?term=SRX9325366	https://sra-downloadb.be-md.ncbi.nlm.nih.gov/sos9/sra-pub-zq-922/SRR012/12858/SRR12858446/SRR12858446.lite.1	90	
1074	SRR12858447	2021-01-01 12:26:17	2020-10-21 12:33:56	34344319	1751560269	0	51	550		https://sra-downloadb.be-md.ncbi.nlm.nih.gov/sos9/sra-pub-zq-922/SRR012/12858/SRR12858447/SRR12858447.lite.1	SRX9325367		ncRNA-Seq	size fractionation	TRANSCRIPTOMIC	SINGLE	0	0	ILLUMINA	Illumina HiSeq 2000	SRP287987	PRJNA670430	3	670430	SRS7549672	SAMN16495742	simple	29760	Vitis vinifera	GSM4844072							no					GEO	SRA1145981		public	DDC0A350DA1597203C545522D9C82920	3B71E2CA09FB4182BD8E04ED257FC8E6	https://www.ncbi.nlm.nih.gov/sra/?term=SRR12858447	https://www.ncbi.nlm.nih.gov/bioproject/PRJNA670430	https://www.ncbi.nlm.nih.gov/biosample/SAMN16495742	https://www.ncbi.nlm.nih.gov/sra/?term=SRX9325367	https://sra-downloadb.be-md.ncbi.nlm.nih.gov/sos9/sra-pub-zq-922/SRR012/12858/SRR12858447/SRR12858447.lite.1	91	
1075	SRR7900247	2019-10-21 16:20:04	2018-09-25 12:35:35	10478608	226409693	0	21	101		https://sra-downloadb.be-md.ncbi.nlm.nih.gov/sos5/sra-pub-zq-16/SRR007/900/SRR7900247.sralite.1	SRX4737377		ncRNA-Seq	size fractionation	TRANSCRIPTOMIC	SINGLE	0	0	ILLUMINA	Illumina HiSeq 2000	SRP162548	PRJNA493072	3	493072	SRS3819442	SAMN10127632	simple	4577	Zea mays	GSM3400757							no					GEO	SRA783200		public	1C766038D39CD9C7DB044B9B9D6255D0	F13BDFF7778C7022A67BEB337343F91E	https://www.ncbi.nlm.nih.gov/sra/?term=SRR7900247	https://www.ncbi.nlm.nih.gov/bioproject/PRJNA493072	https://www.ncbi.nlm.nih.gov/biosample/SAMN10127632	https://www.ncbi.nlm.nih.gov/sra/?term=SRX4737377	https://sra-downloadb.be-md.ncbi.nlm.nih.gov/sos5/sra-pub-zq-16/SRR007/900/SRR7900247.sralite.1	1091	
1076	SRR7900248	2019-10-21 16:20:04	2018-09-25 12:37:06	20097202	448944393	0	22	195		https://sra-downloadb.be-md.ncbi.nlm.nih.gov/sos9/sra-pub-zq-922/SRR007/900/SRR7900248.sralite.1	SRX4737378		ncRNA-Seq	size fractionation	TRANSCRIPTOMIC	SINGLE	0	0	ILLUMINA	Illumina HiSeq 2000	SRP162548	PRJNA493072	3	493072	SRS3819443	SAMN10127630	simple	4577	Zea mays	GSM3400758							no					GEO	SRA783200		public	B6E4B4D9B7EBE6DA7394E877FA72A751	CA0AA5C2C437BE0A777A396A97FC6483	https://www.ncbi.nlm.nih.gov/sra/?term=SRR7900248	https://www.ncbi.nlm.nih.gov/bioproject/PRJNA493072	https://www.ncbi.nlm.nih.gov/biosample/SAMN10127630	https://www.ncbi.nlm.nih.gov/sra/?term=SRX4737378	https://sra-downloadb.be-md.ncbi.nlm.nih.gov/sos9/sra-pub-zq-922/SRR007/900/SRR7900248.sralite.1	1092	
1077	SRR7900249	2019-10-21 16:20:04	2018-09-25 12:36:57	16557933	390928476	0	23	162		https://sra-downloadb.be-md.ncbi.nlm.nih.gov/sos9/sra-pub-zq-922/SRR007/900/SRR7900249.sralite.1	SRX4737379		ncRNA-Seq	size fractionation	TRANSCRIPTOMIC	SINGLE	0	0	ILLUMINA	Illumina HiSeq 2000	SRP162548	PRJNA493072	3	493072	SRS3819444	SAMN10127629	simple	4577	Zea mays	GSM3400759							no					GEO	SRA783200		public	BB0A4D425DB4CBAE9E191132949154DA	CD8C81997C6FB7A43A447A55536D8D99	https://www.ncbi.nlm.nih.gov/sra/?term=SRR7900249	https://www.ncbi.nlm.nih.gov/bioproject/PRJNA493072	https://www.ncbi.nlm.nih.gov/biosample/SAMN10127629	https://www.ncbi.nlm.nih.gov/sra/?term=SRX4737379	https://sra-downloadb.be-md.ncbi.nlm.nih.gov/sos9/sra-pub-zq-922/SRR007/900/SRR7900249.sralite.1	1093	
1078	SRR7900250	2019-10-21 16:20:04	2018-09-25 12:39:25	27993925	674424186	0	24	283		https://sra-downloadb.be-md.ncbi.nlm.nih.gov/sos5/sra-pub-zq-16/SRR007/900/SRR7900250.sralite.1	SRX4737380		ncRNA-Seq	size fractionation	TRANSCRIPTOMIC	SINGLE	0	0	ILLUMINA	Illumina HiSeq 2000	SRP162548	PRJNA493072	3	493072	SRS3819445	SAMN10127628	simple	4577	Zea mays	GSM3400760							no					GEO	SRA783200		public	89F73308648705F2B29FF8804D3D92D6	7D254C295D814432BE29CDE1C04E090E	https://www.ncbi.nlm.nih.gov/sra/?term=SRR7900250	https://www.ncbi.nlm.nih.gov/bioproject/PRJNA493072	https://www.ncbi.nlm.nih.gov/biosample/SAMN10127628	https://www.ncbi.nlm.nih.gov/sra/?term=SRX4737380	https://sra-downloadb.be-md.ncbi.nlm.nih.gov/sos5/sra-pub-zq-16/SRR007/900/SRR7900250.sralite.1	1094	
1079	SRR7900251	2019-10-21 16:20:04	2018-09-25 12:36:55	17107709	396633409	0	23	164		https://sra-downloadb.be-md.ncbi.nlm.nih.gov/sos5/sra-pub-zq-16/SRR007/900/SRR7900251.sralite.1	SRX4737381		ncRNA-Seq	size fractionation	TRANSCRIPTOMIC	SINGLE	0	0	ILLUMINA	Illumina HiSeq 2000	SRP162548	PRJNA493072	3	493072	SRS3819446	SAMN10127627	simple	4577	Zea mays	GSM3400761							no					GEO	SRA783200		public	0A2CC50765ABB3C0716EE5249C797D65	10D22EF9C043B2EB8C6EA11B0120FEF3	https://www.ncbi.nlm.nih.gov/sra/?term=SRR7900251	https://www.ncbi.nlm.nih.gov/bioproject/PRJNA493072	https://www.ncbi.nlm.nih.gov/biosample/SAMN10127627	https://www.ncbi.nlm.nih.gov/sra/?term=SRX4737381	https://sra-downloadb.be-md.ncbi.nlm.nih.gov/sos5/sra-pub-zq-16/SRR007/900/SRR7900251.sralite.1	1095	
1080	SRR7900252	2019-10-21 16:20:04	2018-09-25 12:38:01	18213585	421260758	0	23	170		https://sra-downloadb.be-md.ncbi.nlm.nih.gov/sos9/sra-pub-zq-922/SRR007/900/SRR7900252.sralite.1	SRX4737382		ncRNA-Seq	size fractionation	TRANSCRIPTOMIC	SINGLE	0	0	ILLUMINA	Illumina HiSeq 2000	SRP162548	PRJNA493072	3	493072	SRS3819447	SAMN10127626	simple	4577	Zea mays	GSM3400762							no					GEO	SRA783200		public	4EF049027206590B4616B04F691340ED	5C7C13306E19E428DAE8C21B5B2CA5CD	https://www.ncbi.nlm.nih.gov/sra/?term=SRR7900252	https://www.ncbi.nlm.nih.gov/bioproject/PRJNA493072	https://www.ncbi.nlm.nih.gov/biosample/SAMN10127626	https://www.ncbi.nlm.nih.gov/sra/?term=SRX4737382	https://sra-downloadb.be-md.ncbi.nlm.nih.gov/sos9/sra-pub-zq-922/SRR007/900/SRR7900252.sralite.1	1097	
1081	SRR7900253	2019-10-21 16:20:04	2018-09-25 12:36:25	13306985	293096093	0	22	130		https://sra-downloadb.be-md.ncbi.nlm.nih.gov/sos9/sra-pub-zq-922/SRR007/900/SRR7900253.sralite.1	SRX4737383		ncRNA-Seq	size fractionation	TRANSCRIPTOMIC	SINGLE	0	0	ILLUMINA	Illumina HiSeq 2000	SRP162548	PRJNA493072	3	493072	SRS3819448	SAMN10127625	simple	4577	Zea mays	GSM3400763							no					GEO	SRA783200		public	A687084A7A6E30B9F5CE7AD9B852FE6F	2AFC1993E9426D72AC3B01AF64BB5CA6	https://www.ncbi.nlm.nih.gov/sra/?term=SRR7900253	https://www.ncbi.nlm.nih.gov/bioproject/PRJNA493072	https://www.ncbi.nlm.nih.gov/biosample/SAMN10127625	https://www.ncbi.nlm.nih.gov/sra/?term=SRX4737383	https://sra-downloadb.be-md.ncbi.nlm.nih.gov/sos9/sra-pub-zq-922/SRR007/900/SRR7900253.sralite.1	1098	
1082	SRR7900254	2019-10-21 16:20:04	2018-09-25 12:36:51	15870253	353497867	0	22	157		https://sra-downloadb.be-md.ncbi.nlm.nih.gov/sos5/sra-pub-zq-16/SRR007/900/SRR7900254.sralite.1	SRX4737384		ncRNA-Seq	size fractionation	TRANSCRIPTOMIC	SINGLE	0	0	ILLUMINA	Illumina HiSeq 2000	SRP162548	PRJNA493072	3	493072	SRS3819449	SAMN10127631	simple	4577	Zea mays	GSM3400764							no					GEO	SRA783200		public	0C2146EE1C30A6193DB0045F715EC456	4803D5ABDE33CE1C5E45A27B46C23583	https://www.ncbi.nlm.nih.gov/sra/?term=SRR7900254	https://www.ncbi.nlm.nih.gov/bioproject/PRJNA493072	https://www.ncbi.nlm.nih.gov/biosample/SAMN10127631	https://www.ncbi.nlm.nih.gov/sra/?term=SRX4737384	https://sra-downloadb.be-md.ncbi.nlm.nih.gov/sos5/sra-pub-zq-16/SRR007/900/SRR7900254.sralite.1	1099	
1083	SRR7900255	2019-10-21 16:20:04	2018-09-25 12:36:35	15110591	294019363	0	19	136		https://sra-downloadb.be-md.ncbi.nlm.nih.gov/sos9/sra-pub-zq-922/SRR007/900/SRR7900255.sralite.1	SRX4737385		ncRNA-Seq	size fractionation	TRANSCRIPTOMIC	SINGLE	0	0	ILLUMINA	Illumina HiSeq 2000	SRP162548	PRJNA493072	3	493072	SRS3819450	SAMN10127624	simple	4577	Zea mays	GSM3400765							no					GEO	SRA783200		public	B6131806D3E6DA0783545907C2DFBE25	EF0A27A1127F8EB13E41CA8851016A71	https://www.ncbi.nlm.nih.gov/sra/?term=SRR7900255	https://www.ncbi.nlm.nih.gov/bioproject/PRJNA493072	https://www.ncbi.nlm.nih.gov/biosample/SAMN10127624	https://www.ncbi.nlm.nih.gov/sra/?term=SRX4737385	https://sra-downloadb.be-md.ncbi.nlm.nih.gov/sos9/sra-pub-zq-922/SRR007/900/SRR7900255.sralite.1	1100	
1084	SRR7900256	2019-10-21 16:20:04	2018-09-25 12:36:21	13849373	296344554	0	21	132		https://sra-downloadb.be-md.ncbi.nlm.nih.gov/sos5/sra-pub-zq-16/SRR007/900/SRR7900256.sralite.1	SRX4737386		ncRNA-Seq	size fractionation	TRANSCRIPTOMIC	SINGLE	0	0	ILLUMINA	Illumina HiSeq 2000	SRP162548	PRJNA493072	3	493072	SRS3819451	SAMN10127623	simple	4577	Zea mays	GSM3400766							no					GEO	SRA783200		public	84B1B40D1BDD6D9AD5F9A2F33593F211	7F1667FB402E2827C92B5F061EDFCF3B	https://www.ncbi.nlm.nih.gov/sra/?term=SRR7900256	https://www.ncbi.nlm.nih.gov/bioproject/PRJNA493072	https://www.ncbi.nlm.nih.gov/biosample/SAMN10127623	https://www.ncbi.nlm.nih.gov/sra/?term=SRX4737386	https://sra-downloadb.be-md.ncbi.nlm.nih.gov/sos5/sra-pub-zq-16/SRR007/900/SRR7900256.sralite.1	1101	
1085	SRR7900257	2019-10-21 16:20:04	2018-09-25 12:36:01	13791078	296562168	0	21	134		https://sra-downloadb.be-md.ncbi.nlm.nih.gov/sos5/sra-pub-zq-14/SRR007/900/SRR7900257.sralite.1	SRX4737387		ncRNA-Seq	size fractionation	TRANSCRIPTOMIC	SINGLE	0	0	ILLUMINA	Illumina HiSeq 2000	SRP162548	PRJNA493072	3	493072	SRS3819452	SAMN10127622	simple	4577	Zea mays	GSM3400767							no					GEO	SRA783200		public	8ADD2E413710E35C1129344F7B7DB70B	F42B2A3ACD8817C1E5C88A8E4C2B64BA	https://www.ncbi.nlm.nih.gov/sra/?term=SRR7900257	https://www.ncbi.nlm.nih.gov/bioproject/PRJNA493072	https://www.ncbi.nlm.nih.gov/biosample/SAMN10127622	https://www.ncbi.nlm.nih.gov/sra/?term=SRX4737387	https://sra-downloadb.be-md.ncbi.nlm.nih.gov/sos5/sra-pub-zq-14/SRR007/900/SRR7900257.sralite.1	1102	
1086	SRR7900258	2019-10-21 16:20:04	2018-09-25 12:35:56	11058615	236504692	0	21	108		https://sra-downloadb.be-md.ncbi.nlm.nih.gov/sos5/sra-pub-zq-14/SRR007/900/SRR7900258.sralite.1	SRX4737388		ncRNA-Seq	size fractionation	TRANSCRIPTOMIC	SINGLE	0	0	ILLUMINA	Illumina HiSeq 2000	SRP162548	PRJNA493072	3	493072	SRS3819454	SAMN10127621	simple	4577	Zea mays	GSM3400768							no					GEO	SRA783200		public	FA444795AE860A9FD1C5F30ACADD820E	ED8E2BAD754EC3228E725E31BF79329F	https://www.ncbi.nlm.nih.gov/sra/?term=SRR7900258	https://www.ncbi.nlm.nih.gov/bioproject/PRJNA493072	https://www.ncbi.nlm.nih.gov/biosample/SAMN10127621	https://www.ncbi.nlm.nih.gov/sra/?term=SRX4737388	https://sra-downloadb.be-md.ncbi.nlm.nih.gov/sos5/sra-pub-zq-14/SRR007/900/SRR7900258.sralite.1	1103	
1087	SRR7900235	2019-10-21 16:19:05	2018-09-25 12:39:27	16319121	3296462442	16319121	202	1634		https://sra-downloadb.be-md.ncbi.nlm.nih.gov/sos5/sra-pub-zq-16/SRR007/900/SRR7900235.sralite.1	SRX4737365		RNA-Seq	cDNA	TRANSCRIPTOMIC	PAIRED	0	0	ILLUMINA	Illumina HiSeq 2000	SRP162547	PRJNA493073	3	493073	SRS3819430	SAMN10127615	simple	4577	Zea mays	GSM3400745							no					GEO	SRA783199		public	E044FF237B531533722095F244EE2391	E62CD6B3198A0799241CA84B8B1B1B1A	https://www.ncbi.nlm.nih.gov/sra/?term=SRR7900235	https://www.ncbi.nlm.nih.gov/bioproject/PRJNA493073	https://www.ncbi.nlm.nih.gov/biosample/SAMN10127615	https://www.ncbi.nlm.nih.gov/sra/?term=SRX4737365	https://sra-downloadb.be-md.ncbi.nlm.nih.gov/sos5/sra-pub-zq-16/SRR007/900/SRR7900235.sralite.1	1078	
1088	SRR7900236	2019-10-21 16:19:05	2018-09-25 12:40:02	15073640	3044875280	15073640	202	1516		https://sra-downloadb.be-md.ncbi.nlm.nih.gov/sos9/sra-pub-zq-922/SRR007/900/SRR7900236.sralite.1	SRX4737366		RNA-Seq	cDNA	TRANSCRIPTOMIC	PAIRED	0	0	ILLUMINA	Illumina HiSeq 2000	SRP162547	PRJNA493073	3	493073	SRS3819431	SAMN10127614	simple	4577	Zea mays	GSM3400746							no					GEO	SRA783199		public	845C57380DB1F4C910A9D633B9DBCA39	A1BD54AE26EC1D6A4334D24392C21F7E	https://www.ncbi.nlm.nih.gov/sra/?term=SRR7900236	https://www.ncbi.nlm.nih.gov/bioproject/PRJNA493073	https://www.ncbi.nlm.nih.gov/biosample/SAMN10127614	https://www.ncbi.nlm.nih.gov/sra/?term=SRX4737366	https://sra-downloadb.be-md.ncbi.nlm.nih.gov/sos9/sra-pub-zq-922/SRR007/900/SRR7900236.sralite.1	1079	
1089	SRR7900237	2019-10-21 16:19:05	2018-09-25 12:39:57	16298415	3292279830	16298415	202	1643		https://sra-downloadb.be-md.ncbi.nlm.nih.gov/sos9/sra-pub-zq-922/SRR007/900/SRR7900237.sralite.1	SRX4737367		RNA-Seq	cDNA	TRANSCRIPTOMIC	PAIRED	0	0	ILLUMINA	Illumina HiSeq 2000	SRP162547	PRJNA493073	3	493073	SRS3819432	SAMN10127613	simple	4577	Zea mays	GSM3400747							no					GEO	SRA783199		public	1B9B0EA095E94E6A878508BBA94EB44C	57961364A7466AD578CF0AB1AA8FB619	https://www.ncbi.nlm.nih.gov/sra/?term=SRR7900237	https://www.ncbi.nlm.nih.gov/bioproject/PRJNA493073	https://www.ncbi.nlm.nih.gov/biosample/SAMN10127613	https://www.ncbi.nlm.nih.gov/sra/?term=SRX4737367	https://sra-downloadb.be-md.ncbi.nlm.nih.gov/sos9/sra-pub-zq-922/SRR007/900/SRR7900237.sralite.1	1080	
1090	SRR7900238	2019-10-21 16:19:05	2018-09-25 12:42:19	18594132	3756014664	18594132	202	1872		https://sra-downloadb.be-md.ncbi.nlm.nih.gov/sos5/sra-pub-zq-14/SRR007/900/SRR7900238.sralite.1	SRX4737368		RNA-Seq	cDNA	TRANSCRIPTOMIC	PAIRED	0	0	ILLUMINA	Illumina HiSeq 2000	SRP162547	PRJNA493073	3	493073	SRS3819433	SAMN10127612	simple	4577	Zea mays	GSM3400748							no					GEO	SRA783199		public	18FF97ACF4809ECE8135723331C82555	B35D2242E7FCB310835AC1D59613BB49	https://www.ncbi.nlm.nih.gov/sra/?term=SRR7900238	https://www.ncbi.nlm.nih.gov/bioproject/PRJNA493073	https://www.ncbi.nlm.nih.gov/biosample/SAMN10127612	https://www.ncbi.nlm.nih.gov/sra/?term=SRX4737368	https://sra-downloadb.be-md.ncbi.nlm.nih.gov/sos5/sra-pub-zq-14/SRR007/900/SRR7900238.sralite.1	1081	
1091	SRR7900239	2019-10-21 16:19:05	2018-09-25 12:37:50	13437022	2714278444	13437022	202	1367		https://sra-downloadb.be-md.ncbi.nlm.nih.gov/sos9/sra-pub-zq-922/SRR007/900/SRR7900239.sralite.1	SRX4737369		RNA-Seq	cDNA	TRANSCRIPTOMIC	PAIRED	0	0	ILLUMINA	Illumina HiSeq 2000	SRP162547	PRJNA493073	3	493073	SRS3819434	SAMN10127611	simple	4577	Zea mays	GSM3400749							no					GEO	SRA783199		public	79581D1A694F4376222D57D2A6245974	BDAF8B00D26810781B1CD803B3527820	https://www.ncbi.nlm.nih.gov/sra/?term=SRR7900239	https://www.ncbi.nlm.nih.gov/bioproject/PRJNA493073	https://www.ncbi.nlm.nih.gov/biosample/SAMN10127611	https://www.ncbi.nlm.nih.gov/sra/?term=SRX4737369	https://sra-downloadb.be-md.ncbi.nlm.nih.gov/sos9/sra-pub-zq-922/SRR007/900/SRR7900239.sralite.1	1082	
1092	SRR7900240	2019-10-21 16:19:05	2018-09-25 12:42:51	21470926	4337127052	21470926	202	2176		https://sra-downloadb.be-md.ncbi.nlm.nih.gov/sos5/sra-pub-zq-16/SRR007/900/SRR7900240.sralite.1	SRX4737370		RNA-Seq	cDNA	TRANSCRIPTOMIC	PAIRED	0	0	ILLUMINA	Illumina HiSeq 2000	SRP162547	PRJNA493073	3	493073	SRS3819435	SAMN10127610	simple	4577	Zea mays	GSM3400750							no					GEO	SRA783199		public	DE48F783B54A3E7E73620E7D93F57115	2E18FB0BD9FC9F5B4293496E824DA91F	https://www.ncbi.nlm.nih.gov/sra/?term=SRR7900240	https://www.ncbi.nlm.nih.gov/bioproject/PRJNA493073	https://www.ncbi.nlm.nih.gov/biosample/SAMN10127610	https://www.ncbi.nlm.nih.gov/sra/?term=SRX4737370	https://sra-downloadb.be-md.ncbi.nlm.nih.gov/sos5/sra-pub-zq-16/SRR007/900/SRR7900240.sralite.1	1083	
1093	SRR7900241	2019-10-21 16:19:05	2018-09-25 12:38:23	14523839	2933815478	14523839	202	1459		https://sra-downloadb.be-md.ncbi.nlm.nih.gov/sos5/sra-pub-zq-14/SRR007/900/SRR7900241.sralite.1	SRX4737371		RNA-Seq	cDNA	TRANSCRIPTOMIC	PAIRED	0	0	ILLUMINA	Illumina HiSeq 2000	SRP162547	PRJNA493073	3	493073	SRS3819436	SAMN10127609	simple	4577	Zea mays	GSM3400751							no					GEO	SRA783199		public	9EC59F9340F592A4120221A222B7084A	7914A053D368562590E64F7274B9D5D5	https://www.ncbi.nlm.nih.gov/sra/?term=SRR7900241	https://www.ncbi.nlm.nih.gov/bioproject/PRJNA493073	https://www.ncbi.nlm.nih.gov/biosample/SAMN10127609	https://www.ncbi.nlm.nih.gov/sra/?term=SRX4737371	https://sra-downloadb.be-md.ncbi.nlm.nih.gov/sos5/sra-pub-zq-14/SRR007/900/SRR7900241.sralite.1	1084	
1094	SRR7900242	2019-10-21 16:19:05	2018-09-25 12:40:00	16066265	3245385530	16066265	202	1626		https://sra-downloadb.be-md.ncbi.nlm.nih.gov/sos5/sra-pub-zq-16/SRR007/900/SRR7900242.sralite.1	SRX4737372		RNA-Seq	cDNA	TRANSCRIPTOMIC	PAIRED	0	0	ILLUMINA	Illumina HiSeq 2000	SRP162547	PRJNA493073	3	493073	SRS3819437	SAMN10127608	simple	4577	Zea mays	GSM3400752							no					GEO	SRA783199		public	7870E0F98E7E2797836021C812029606	F75327F24D49449B9D67B85EA6B2928B	https://www.ncbi.nlm.nih.gov/sra/?term=SRR7900242	https://www.ncbi.nlm.nih.gov/bioproject/PRJNA493073	https://www.ncbi.nlm.nih.gov/biosample/SAMN10127608	https://www.ncbi.nlm.nih.gov/sra/?term=SRX4737372	https://sra-downloadb.be-md.ncbi.nlm.nih.gov/sos5/sra-pub-zq-16/SRR007/900/SRR7900242.sralite.1	1085	
1095	SRR7900243	2019-10-21 16:19:05	2018-09-25 12:38:12	14604659	2950141118	14604659	202	1483		https://sra-downloadb.be-md.ncbi.nlm.nih.gov/sos9/sra-pub-zq-922/SRR007/900/SRR7900243.sralite.1	SRX4737373		RNA-Seq	cDNA	TRANSCRIPTOMIC	PAIRED	0	0	ILLUMINA	Illumina HiSeq 2000	SRP162547	PRJNA493073	3	493073	SRS3819438	SAMN10127607	simple	4577	Zea mays	GSM3400753							no					GEO	SRA783199		public	3F4CEA439B07D379221079BD4BAF5EFB	3B35A164D40F7DBF3B672BE58C7A8385	https://www.ncbi.nlm.nih.gov/sra/?term=SRR7900243	https://www.ncbi.nlm.nih.gov/bioproject/PRJNA493073	https://www.ncbi.nlm.nih.gov/biosample/SAMN10127607	https://www.ncbi.nlm.nih.gov/sra/?term=SRX4737373	https://sra-downloadb.be-md.ncbi.nlm.nih.gov/sos9/sra-pub-zq-922/SRR007/900/SRR7900243.sralite.1	1087	
1096	SRR7900244	2019-10-21 16:19:05	2018-09-25 12:40:15	13008937	2627805274	13008937	202	1324		https://sra-downloadb.be-md.ncbi.nlm.nih.gov/sos5/sra-pub-zq-16/SRR007/900/SRR7900244.sralite.1	SRX4737374		RNA-Seq	cDNA	TRANSCRIPTOMIC	PAIRED	0	0	ILLUMINA	Illumina HiSeq 2000	SRP162547	PRJNA493073	3	493073	SRS3819439	SAMN10127606	simple	4577	Zea mays	GSM3400754							no					GEO	SRA783199		public	5EB4F1661C92381DC24EE244D1E516FF	AEDD1B786605F5FCD80F16DE38C937E8	https://www.ncbi.nlm.nih.gov/sra/?term=SRR7900244	https://www.ncbi.nlm.nih.gov/bioproject/PRJNA493073	https://www.ncbi.nlm.nih.gov/biosample/SAMN10127606	https://www.ncbi.nlm.nih.gov/sra/?term=SRX4737374	https://sra-downloadb.be-md.ncbi.nlm.nih.gov/sos5/sra-pub-zq-16/SRR007/900/SRR7900244.sralite.1	1088	
1097	SRR7900245	2019-10-21 16:19:05	2018-09-25 12:37:38	9711879	1961799558	9711879	202	990		https://sra-downloadb.be-md.ncbi.nlm.nih.gov/sos9/sra-pub-zq-922/SRR007/900/SRR7900245.sralite.1	SRX4737375		RNA-Seq	cDNA	TRANSCRIPTOMIC	PAIRED	0	0	ILLUMINA	Illumina HiSeq 2000	SRP162547	PRJNA493073	3	493073	SRS3819440	SAMN10127605	simple	4577	Zea mays	GSM3400755							no					GEO	SRA783199		public	31326BC61A7FAB524E2EE72427321058	847505A4EF646810F7FF64E12E7F7416	https://www.ncbi.nlm.nih.gov/sra/?term=SRR7900245	https://www.ncbi.nlm.nih.gov/bioproject/PRJNA493073	https://www.ncbi.nlm.nih.gov/biosample/SAMN10127605	https://www.ncbi.nlm.nih.gov/sra/?term=SRX4737375	https://sra-downloadb.be-md.ncbi.nlm.nih.gov/sos9/sra-pub-zq-922/SRR007/900/SRR7900245.sralite.1	1089	
1098	SRR7900246	2019-10-21 16:19:05	2018-09-25 12:37:13	11333096	2289285392	11333096	202	1139		https://sra-downloadb.be-md.ncbi.nlm.nih.gov/sos9/sra-pub-zq-922/SRR007/900/SRR7900246.sralite.1	SRX4737376		RNA-Seq	cDNA	TRANSCRIPTOMIC	PAIRED	0	0	ILLUMINA	Illumina HiSeq 2000	SRP162547	PRJNA493073	3	493073	SRS3819441	SAMN10127604	simple	4577	Zea mays	GSM3400756							no					GEO	SRA783199		public	4FFBD17C96F25FB39B5F8EB95CA5D27B	F3A8C4BE965AFDB2056C06CAF09D18E4	https://www.ncbi.nlm.nih.gov/sra/?term=SRR7900246	https://www.ncbi.nlm.nih.gov/bioproject/PRJNA493073	https://www.ncbi.nlm.nih.gov/biosample/SAMN10127604	https://www.ncbi.nlm.nih.gov/sra/?term=SRX4737376	https://sra-downloadb.be-md.ncbi.nlm.nih.gov/sos9/sra-pub-zq-922/SRR007/900/SRR7900246.sralite.1	1090	
1099	SRR12201890	2022-07-01 00:25:05	2020-07-12 01:16:53	11727606	598012529	0	50	400		https://sra-downloadb.be-md.ncbi.nlm.nih.gov/sos4/sra-pub-zq-1/SRR012/12201/SRR12201890/SRR12201890.lite.1	SRX8712763	E05	RNA-Seq	PCR	TRANSCRIPTOMIC	SINGLE	0	0	ILLUMINA	Illumina HiSeq 2500	SRP271425	PRJNA645628		645628	SRS6988588	SAMN15511429	simple	4577	Zea mays	EC							no					JILIN UNIVERSITY	SRA1097864		public	7BEE588217AE17188D07B54DD24F1154	1B2609D80E6C5DEC569A4990826447F9	https://www.ncbi.nlm.nih.gov/sra/?term=SRR12201890	https://www.ncbi.nlm.nih.gov/bioproject/PRJNA645628	https://www.ncbi.nlm.nih.gov/biosample/SAMN15511429	https://www.ncbi.nlm.nih.gov/sra/?term=SRX8712763	https://sra-downloadb.be-md.ncbi.nlm.nih.gov/sos4/sra-pub-zq-1/SRR012/12201/SRR12201890/SRR12201890.lite.1	48	
1100	SRR12201891	2022-07-01 00:25:05	2020-07-12 01:17:27	12944676	660073308	0	50	441		https://sra-downloadb.be-md.ncbi.nlm.nih.gov/sos4/sra-pub-zq-1/SRR012/12201/SRR12201891/SRR12201891.lite.1	SRX8712762	E04	RNA-Seq	PCR	TRANSCRIPTOMIC	SINGLE	0	0	ILLUMINA	Illumina HiSeq 2500	SRP271425	PRJNA645628		645628	SRS6988588	SAMN15511429	simple	4577	Zea mays	EC							no					JILIN UNIVERSITY	SRA1097864		public	07D14D9B74C0B9C9656368D7A1A624B3	D8DF6878794AFCA610DE9F75C7AF1B28	https://www.ncbi.nlm.nih.gov/sra/?term=SRR12201891	https://www.ncbi.nlm.nih.gov/bioproject/PRJNA645628	https://www.ncbi.nlm.nih.gov/biosample/SAMN15511429	https://www.ncbi.nlm.nih.gov/sra/?term=SRX8712762	https://sra-downloadb.be-md.ncbi.nlm.nih.gov/sos4/sra-pub-zq-1/SRR012/12201/SRR12201891/SRR12201891.lite.1	49	
1101	SRR12201892	2022-07-01 00:25:05	2020-07-12 01:17:15	11760781	599699167	0	50	402		https://sra-downloadb.be-md.ncbi.nlm.nih.gov/sos4/sra-pub-zq-1/SRR012/12201/SRR12201892/SRR12201892.lite.1	SRX8712761	E03	RNA-Seq	PCR	TRANSCRIPTOMIC	SINGLE	0	0	ILLUMINA	Illumina HiSeq 2500	SRP271425	PRJNA645628		645628	SRS6988590	SAMN15511428	simple	4577	Zea mays	IE							no					JILIN UNIVERSITY	SRA1097864		public	FD893EF0162EA5BD73D575465DAA162A	BC688613A2BD8A2C1B743B2501D07F11	https://www.ncbi.nlm.nih.gov/sra/?term=SRR12201892	https://www.ncbi.nlm.nih.gov/bioproject/PRJNA645628	https://www.ncbi.nlm.nih.gov/biosample/SAMN15511428	https://www.ncbi.nlm.nih.gov/sra/?term=SRX8712761	https://sra-downloadb.be-md.ncbi.nlm.nih.gov/sos4/sra-pub-zq-1/SRR012/12201/SRR12201892/SRR12201892.lite.1	50	
1102	SRR12201893	2022-07-01 00:25:05	2020-07-12 01:18:16	13436810	685163439	0	50	458		https://sra-downloadb.be-md.ncbi.nlm.nih.gov/sos4/sra-pub-zq-1/SRR012/12201/SRR12201893/SRR12201893.lite.1	SRX8712760	E02	RNA-Seq	PCR	TRANSCRIPTOMIC	SINGLE	0	0	ILLUMINA	Illumina HiSeq 2500	SRP271425	PRJNA645628		645628	SRS6988590	SAMN15511428	simple	4577	Zea mays	IE							no					JILIN UNIVERSITY	SRA1097864		public	3604020D936E2A218772859F3041742B	0CF5D8AFEFC76DA2D5F3F0E238BFB0B7	https://www.ncbi.nlm.nih.gov/sra/?term=SRR12201893	https://www.ncbi.nlm.nih.gov/bioproject/PRJNA645628	https://www.ncbi.nlm.nih.gov/biosample/SAMN15511428	https://www.ncbi.nlm.nih.gov/sra/?term=SRX8712760	https://sra-downloadb.be-md.ncbi.nlm.nih.gov/sos4/sra-pub-zq-1/SRR012/12201/SRR12201893/SRR12201893.lite.1	52	
1103	SRR12201894	2022-07-01 00:25:05	2020-07-12 01:18:05	12907233	658157108	0	50	439		https://sra-downloadb.be-md.ncbi.nlm.nih.gov/sos4/sra-pub-zq-1/SRR012/12201/SRR12201894/SRR12201894.lite.1	SRX8712759	E01	RNA-Seq	PCR	TRANSCRIPTOMIC	SINGLE	0	0	ILLUMINA	Illumina HiSeq 2500	SRP271425	PRJNA645628		645628	SRS6988590	SAMN15511428	simple	4577	Zea mays	IE							no					JILIN UNIVERSITY	SRA1097864		public	C67DD0BCA8885D5FFEA285F8B6D93171	427A02DFD2EEF345AF0F46221E3FD14E	https://www.ncbi.nlm.nih.gov/sra/?term=SRR12201894	https://www.ncbi.nlm.nih.gov/bioproject/PRJNA645628	https://www.ncbi.nlm.nih.gov/biosample/SAMN15511428	https://www.ncbi.nlm.nih.gov/sra/?term=SRX8712759	https://sra-downloadb.be-md.ncbi.nlm.nih.gov/sos4/sra-pub-zq-1/SRR012/12201/SRR12201894/SRR12201894.lite.1	53	
1104	SRR12201895	2022-07-01 00:25:05	2020-07-12 01:18:44	14540386	741436979	0	50	495		https://sra-downloadb.be-md.ncbi.nlm.nih.gov/sos1/sra-pub-zq-38/SRR012/12201/SRR12201895/SRR12201895.lite.1	SRX8712758	E09	RNA-Seq	PCR	TRANSCRIPTOMIC	SINGLE	0	0	ILLUMINA	Illumina HiSeq 2500	SRP271425	PRJNA645628		645628	SRS6988589	SAMN15511430	simple	4577	Zea mays	SE							no					JILIN UNIVERSITY	SRA1097864		public	ABEE66F7DF01B2F7814D82EE0D97C93A	1981A3538E4590F5945EBA5E5AE30DD4	https://www.ncbi.nlm.nih.gov/sra/?term=SRR12201895	https://www.ncbi.nlm.nih.gov/bioproject/PRJNA645628	https://www.ncbi.nlm.nih.gov/biosample/SAMN15511430	https://www.ncbi.nlm.nih.gov/sra/?term=SRX8712758	https://sra-downloadb.be-md.ncbi.nlm.nih.gov/sos1/sra-pub-zq-38/SRR012/12201/SRR12201895/SRR12201895.lite.1	54	
1105	SRR12201896	2022-07-01 00:25:05	2020-07-12 01:17:47	11901002	606853072	0	50	404		https://sra-downloadb.be-md.ncbi.nlm.nih.gov/sos4/sra-pub-zq-1/SRR012/12201/SRR12201896/SRR12201896.lite.1	SRX8712757	E08	RNA-Seq	PCR	TRANSCRIPTOMIC	SINGLE	0	0	ILLUMINA	Illumina HiSeq 2500	SRP271425	PRJNA645628		645628	SRS6988589	SAMN15511430	simple	4577	Zea mays	SE							no					JILIN UNIVERSITY	SRA1097864		public	773EDC65C31E7C76949B26210036B624	CDEF339AD455B4F6D1D10F04792DA525	https://www.ncbi.nlm.nih.gov/sra/?term=SRR12201896	https://www.ncbi.nlm.nih.gov/bioproject/PRJNA645628	https://www.ncbi.nlm.nih.gov/biosample/SAMN15511430	https://www.ncbi.nlm.nih.gov/sra/?term=SRX8712757	https://sra-downloadb.be-md.ncbi.nlm.nih.gov/sos4/sra-pub-zq-1/SRR012/12201/SRR12201896/SRR12201896.lite.1	55	
1106	SRR12201897	2022-07-01 00:25:05	2020-07-12 01:17:57	13179667	672055419	0	50	448		https://sra-downloadb.be-md.ncbi.nlm.nih.gov/sos4/sra-pub-zq-1/SRR012/12201/SRR12201897/SRR12201897.lite.1	SRX8712756	E07	RNA-Seq	PCR	TRANSCRIPTOMIC	SINGLE	0	0	ILLUMINA	Illumina HiSeq 2500	SRP271425	PRJNA645628		645628	SRS6988589	SAMN15511430	simple	4577	Zea mays	SE							no					JILIN UNIVERSITY	SRA1097864		public	F09CE6978BC6309E2F65D9386234D03F	DCA45E6D727745710DBF2562AA7CD08B	https://www.ncbi.nlm.nih.gov/sra/?term=SRR12201897	https://www.ncbi.nlm.nih.gov/bioproject/PRJNA645628	https://www.ncbi.nlm.nih.gov/biosample/SAMN15511430	https://www.ncbi.nlm.nih.gov/sra/?term=SRX8712756	https://sra-downloadb.be-md.ncbi.nlm.nih.gov/sos4/sra-pub-zq-1/SRR012/12201/SRR12201897/SRR12201897.lite.1	56	
1107	SRR12201898	2022-07-01 00:25:05	2020-07-12 01:19:14	13527680	689801559	0	50	460		https://sra-downloadb.be-md.ncbi.nlm.nih.gov/sos1/sra-pub-zq-38/SRR012/12201/SRR12201898/SRR12201898.lite.1	SRX8712755	E06	RNA-Seq	PCR	TRANSCRIPTOMIC	SINGLE	0	0	ILLUMINA	Illumina HiSeq 2500	SRP271425	PRJNA645628		645628	SRS6988588	SAMN15511429	simple	4577	Zea mays	EC							no					JILIN UNIVERSITY	SRA1097864		public	034652E1EDE99CAD472502F775DCFEDA	542368E9F8E4BC716FE26D6433EA6987	https://www.ncbi.nlm.nih.gov/sra/?term=SRR12201898	https://www.ncbi.nlm.nih.gov/bioproject/PRJNA645628	https://www.ncbi.nlm.nih.gov/biosample/SAMN15511429	https://www.ncbi.nlm.nih.gov/sra/?term=SRX8712755	https://sra-downloadb.be-md.ncbi.nlm.nih.gov/sos1/sra-pub-zq-38/SRR012/12201/SRR12201898/SRR12201898.lite.1	57	
1108	SRR24571214	2026-01-01 01:13:20	2023-05-15 18:54:53	19592997	5862936288	19592997	299	1741		https://sra-downloadb.be-md.ncbi.nlm.nih.gov/sos7/sra-pub-zq-41/SRR024/24571/SRR24571214/SRR24571214.lite.1	SRX20354822	ZH_GATA8_SE somatic embryo-3	RNA-Seq	cDNA	TRANSCRIPTOMIC	PAIRED	0	0	ILLUMINA	Illumina HiSeq 2500	SRP437756	PRJNA972435		972435	SRS17672429	SAMN35074882	simple	1297885	plant metagenome	ZH_GATA8_seeding-3							no					FUJIAN AGRICULTURE AND FORESTRY UNIVERSITY	SRA1638336		public	01F235AB0DAF9D94758FC5D9BE8A3C6F	02F62C651FB24081FDD16798FF2A5AD2	https://www.ncbi.nlm.nih.gov/sra/?term=SRR24571214	https://www.ncbi.nlm.nih.gov/bioproject/PRJNA972435	https://www.ncbi.nlm.nih.gov/biosample/SAMN35074882	https://www.ncbi.nlm.nih.gov/sra/?term=SRX20354822	https://sra-downloadb.be-md.ncbi.nlm.nih.gov/sos7/sra-pub-zq-41/SRR024/24571/SRR24571214/SRR24571214.lite.1	664	
1109	SRR24571215	2026-01-01 00:58:32	2023-05-15 18:55:54	20296710	6073806442	20296710	299	1802		https://sra-downloadb.be-md.ncbi.nlm.nih.gov/sos7/sra-pub-zq-41/SRR024/24571/SRR24571215/SRR24571215.lite.1	SRX20354821	ZH_GATA8_SE somatic embryo-2	RNA-Seq	cDNA	TRANSCRIPTOMIC	PAIRED	0	0	ILLUMINA	Illumina HiSeq 2500	SRP437756	PRJNA972435		972435	SRS17672431	SAMN35074881	simple	1297885	plant metagenome	ZH_GATA8_seeding-2							no					FUJIAN AGRICULTURE AND FORESTRY UNIVERSITY	SRA1638336		public	1F403A3D9B68F8A76EDAD516F3FDD316	3B3E4F1E548C3008537DBFB7D364945A	https://www.ncbi.nlm.nih.gov/sra/?term=SRR24571215	https://www.ncbi.nlm.nih.gov/bioproject/PRJNA972435	https://www.ncbi.nlm.nih.gov/biosample/SAMN35074881	https://www.ncbi.nlm.nih.gov/sra/?term=SRX20354821	https://sra-downloadb.be-md.ncbi.nlm.nih.gov/sos7/sra-pub-zq-41/SRR024/24571/SRR24571215/SRR24571215.lite.1	665	
1110	SRR24571216	2026-01-01 01:13:20	2023-05-15 18:54:30	19949226	5966245594	19949226	299	1755		https://sra-downloadb.be-md.ncbi.nlm.nih.gov/sos7/sra-pub-zq-41/SRR024/24571/SRR24571216/SRR24571216.lite.1	SRX20354820	ZH_GATA8_SE somatic embryo-1	RNA-Seq	cDNA	TRANSCRIPTOMIC	PAIRED	0	0	ILLUMINA	Illumina HiSeq 2500	SRP437756	PRJNA972435		972435	SRS17672430	SAMN35074880	simple	1297885	plant metagenome	ZH_GATA8_seeding-1							no					FUJIAN AGRICULTURE AND FORESTRY UNIVERSITY	SRA1638336		public	13D56115D266D70EAF1274B6E0F270FB	11EBBC40C9CF650C35D5EA5AA7748D5A	https://www.ncbi.nlm.nih.gov/sra/?term=SRR24571216	https://www.ncbi.nlm.nih.gov/bioproject/PRJNA972435	https://www.ncbi.nlm.nih.gov/biosample/SAMN35074880	https://www.ncbi.nlm.nih.gov/sra/?term=SRX20354820	https://sra-downloadb.be-md.ncbi.nlm.nih.gov/sos7/sra-pub-zq-41/SRR024/24571/SRR24571216/SRR24571216.lite.1	666	
